exception_id,control_id,transaction_id,period,reason_code,detail,identified_date,status,age_days,sla_days,owner,target_closure_date,actual_closure_date,sla_breached,remediation_priority
9000001,TC-01,100099,2025-09,ALLOC_LATE,Allocated 152 min after execution (limit 30 min),2025-09-02,Closed,368,20,"J. Farrow, Trading Ops",2025-09-22,2025-10-06,True,Medium
9000002,TC-01,100115,2025-09,ALLOC_LATE,Allocated 61 min after execution (limit 30 min),2025-09-02,Closed,368,20,"J. Farrow, Trading Ops",2025-09-22,2025-09-13,False,Medium
9000003,TC-01,100343,2025-09,ALLOC_LATE,Allocated 50 min after execution (limit 30 min),2025-09-09,Closed,361,20,"J. Farrow, Trading Ops",2025-09-29,2025-09-30,True,Medium
9000004,TC-01,100344,2025-09,ALLOC_LATE,Allocated 120 min after execution (limit 30 min),2025-09-09,Closed,361,20,"J. Farrow, Trading Ops",2025-09-29,2025-09-25,False,Medium
9000005,TC-01,100348,2025-09,ALLOC_LATE,Allocated 164 min after execution (limit 30 min),2025-09-09,Closed,361,20,"J. Farrow, Trading Ops",2025-09-29,2025-10-02,True,Medium
9000006,TC-01,100439,2025-09,ALLOC_LATE,Allocated 47 min after execution (limit 30 min),2025-09-10,Closed,360,20,"J. Farrow, Trading Ops",2025-09-30,2025-10-02,True,Medium
9000007,TC-01,100496,2025-09,ALLOC_LATE,Allocated 111 min after execution (limit 30 min),2025-09-11,Open,359,20,"J. Farrow, Trading Ops",2025-10-01,,True,Medium
9000008,TC-01,100500,2025-09,ALLOC_LATE,Allocated 210 min after execution (limit 30 min),2025-09-11,Closed,359,20,"J. Farrow, Trading Ops",2025-10-01,2025-10-05,True,Medium
9000009,TC-01,100519,2025-09,ALLOC_LATE,Allocated 114 min after execution (limit 30 min),2025-09-12,Closed,358,20,"J. Farrow, Trading Ops",2025-10-02,2025-10-01,False,Medium
9000010,TC-01,100707,2025-09,ALLOC_LATE,Allocated 101 min after execution (limit 30 min),2025-09-17,Closed,353,20,"J. Farrow, Trading Ops",2025-10-07,2025-10-15,True,Medium
9000011,TC-01,100752,2025-09,ALLOC_LATE,Allocated 225 min after execution (limit 30 min),2025-09-18,Closed,352,20,"J. Farrow, Trading Ops",2025-10-08,2025-10-05,False,Medium
9000012,TC-01,100802,2025-09,ALLOC_LATE,Allocated 202 min after execution (limit 30 min),2025-09-19,Closed,351,20,"J. Farrow, Trading Ops",2025-10-09,2025-10-05,False,Medium
9000013,TC-01,100868,2025-09,ALLOC_LATE,Allocated 169 min after execution (limit 30 min),2025-09-22,Closed,348,20,"J. Farrow, Trading Ops",2025-10-12,2025-10-29,True,Medium
9000014,TC-01,101170,2025-09,ALLOC_LATE,Allocated 48 min after execution (limit 30 min),2025-09-30,Closed,340,20,"J. Farrow, Trading Ops",2025-10-20,2025-10-12,False,Medium
9000015,TC-01,101217,2025-09,ALLOC_LATE,Allocated 198 min after execution (limit 30 min),2025-09-30,Closed,340,20,"J. Farrow, Trading Ops",2025-10-20,2025-10-15,False,Medium
9000016,TC-01,101359,2025-10,ALLOC_LATE,Allocated 106 min after execution (limit 30 min),2025-10-03,Closed,337,20,"J. Farrow, Trading Ops",2025-10-23,2025-10-22,False,Medium
9000017,TC-01,101415,2025-10,ALLOC_LATE,Allocated 202 min after execution (limit 30 min),2025-10-06,Closed,334,20,"J. Farrow, Trading Ops",2025-10-26,2025-10-17,False,Medium
9000018,TC-01,101524,2025-10,ALLOC_LATE,Allocated 123 min after execution (limit 30 min),2025-10-08,Closed,332,20,"J. Farrow, Trading Ops",2025-10-28,2025-10-10,False,Medium
9000019,TC-01,101609,2025-10,ALLOC_LATE,Allocated 85 min after execution (limit 30 min),2025-10-10,Closed,330,20,"J. Farrow, Trading Ops",2025-10-30,2025-11-06,True,Medium
9000020,TC-01,101622,2025-10,ALLOC_LATE,Allocated 107 min after execution (limit 30 min),2025-10-10,Closed,330,20,"J. Farrow, Trading Ops",2025-10-30,2025-10-23,False,Medium
9000021,TC-01,101650,2025-10,ALLOC_LATE,Allocated 174 min after execution (limit 30 min),2025-10-10,Closed,330,20,"J. Farrow, Trading Ops",2025-10-30,2025-10-25,False,Medium
9000022,TC-01,101679,2025-10,ALLOC_LATE,Allocated 72 min after execution (limit 30 min),2025-10-13,Closed,327,20,"J. Farrow, Trading Ops",2025-11-02,2025-10-29,False,Medium
9000023,TC-01,101818,2025-10,ALLOC_LATE,Allocated 113 min after execution (limit 30 min),2025-10-15,Closed,325,20,"J. Farrow, Trading Ops",2025-11-04,2025-10-26,False,Medium
9000024,TC-01,101845,2025-10,ALLOC_LATE,Allocated 63 min after execution (limit 30 min),2025-10-15,Open,325,20,"J. Farrow, Trading Ops",2025-11-04,,True,Medium
9000025,TC-01,101948,2025-10,ALLOC_LATE,Allocated 64 min after execution (limit 30 min),2025-10-17,Open,323,20,"J. Farrow, Trading Ops",2025-11-06,,True,Medium
9000026,TC-01,102045,2025-10,ALLOC_LATE,Allocated 226 min after execution (limit 30 min),2025-10-20,Closed,320,20,"J. Farrow, Trading Ops",2025-11-09,2025-11-27,True,Medium
9000027,TC-01,102334,2025-10,ALLOC_LATE,Allocated 190 min after execution (limit 30 min),2025-10-28,Closed,312,20,"J. Farrow, Trading Ops",2025-11-17,2025-11-22,True,Medium
9000028,TC-01,102366,2025-10,ALLOC_LATE,Allocated 221 min after execution (limit 30 min),2025-10-29,Closed,311,20,"J. Farrow, Trading Ops",2025-11-18,2025-11-23,True,Medium
9000029,TC-01,102439,2025-10,ALLOC_LATE,Allocated 175 min after execution (limit 30 min),2025-10-30,Closed,310,20,"J. Farrow, Trading Ops",2025-11-19,2025-11-06,False,Medium
9000030,TC-01,102487,2025-10,ALLOC_LATE,Allocated 46 min after execution (limit 30 min),2025-10-31,Open,309,20,"J. Farrow, Trading Ops",2025-11-20,,True,Medium
9000031,TC-01,102538,2025-11,ALLOC_LATE,Allocated 130 min after execution (limit 30 min),2025-11-03,Closed,306,20,"J. Farrow, Trading Ops",2025-11-23,2025-11-13,False,Medium
9000032,TC-01,102540,2025-11,ALLOC_LATE,Allocated 194 min after execution (limit 30 min),2025-11-03,Closed,306,20,"J. Farrow, Trading Ops",2025-11-23,2025-11-28,True,Medium
9000033,TC-01,102967,2025-11,ALLOC_LATE,Allocated 173 min after execution (limit 30 min),2025-11-13,Open,296,20,"J. Farrow, Trading Ops",2025-12-03,,True,Medium
9000034,TC-01,102972,2025-11,ALLOC_LATE,Allocated 157 min after execution (limit 30 min),2025-11-13,Closed,296,20,"J. Farrow, Trading Ops",2025-12-03,2025-12-02,False,Medium
9000035,TC-01,103095,2025-11,ALLOC_LATE,Allocated 165 min after execution (limit 30 min),2025-11-17,Closed,292,20,"J. Farrow, Trading Ops",2025-12-07,2025-12-05,False,Medium
9000036,TC-01,103135,2025-11,ALLOC_LATE,Allocated 183 min after execution (limit 30 min),2025-11-18,Closed,291,20,"J. Farrow, Trading Ops",2025-12-08,2025-12-02,False,Medium
9000037,TC-01,103240,2025-11,ALLOC_LATE,Allocated 173 min after execution (limit 30 min),2025-11-20,Closed,289,20,"J. Farrow, Trading Ops",2025-12-10,2025-11-27,False,Medium
9000038,TC-01,103346,2025-11,ALLOC_LATE,Allocated 161 min after execution (limit 30 min),2025-11-24,Open,285,20,"J. Farrow, Trading Ops",2025-12-14,,True,Medium
9000039,TC-01,103437,2025-11,ALLOC_LATE,Allocated 151 min after execution (limit 30 min),2025-11-26,Closed,283,20,"J. Farrow, Trading Ops",2025-12-16,2025-12-04,False,Medium
9000040,TC-01,103534,2025-11,ALLOC_LATE,Allocated 118 min after execution (limit 30 min),2025-11-27,Closed,282,20,"J. Farrow, Trading Ops",2025-12-17,2025-12-07,False,Medium
9000041,TC-01,103555,2025-11,ALLOC_LATE,Allocated 134 min after execution (limit 30 min),2025-11-28,Closed,281,20,"J. Farrow, Trading Ops",2025-12-18,2025-12-15,False,Medium
9000042,TC-01,103687,2025-12,ALLOC_LATE,Allocated 66 min after execution (limit 30 min),2025-12-02,Closed,277,20,"J. Farrow, Trading Ops",2025-12-22,2025-12-15,False,Medium
9000043,TC-01,103807,2025-12,ALLOC_LATE,Allocated 169 min after execution (limit 30 min),2025-12-05,Closed,274,20,"J. Farrow, Trading Ops",2025-12-25,2025-12-26,True,Medium
9000044,TC-01,103860,2025-12,ALLOC_LATE,Allocated 76 min after execution (limit 30 min),2025-12-05,Closed,274,20,"J. Farrow, Trading Ops",2025-12-25,2026-01-01,True,Medium
9000045,TC-01,104052,2025-12,ALLOC_LATE,Allocated 74 min after execution (limit 30 min),2025-12-11,Closed,268,20,"J. Farrow, Trading Ops",2025-12-31,2026-01-01,True,Medium
9000046,TC-01,104129,2025-12,ALLOC_LATE,Allocated 108 min after execution (limit 30 min),2025-12-12,Closed,267,20,"J. Farrow, Trading Ops",2026-01-01,2026-01-02,True,Medium
9000047,TC-01,104194,2025-12,ALLOC_LATE,Allocated 226 min after execution (limit 30 min),2025-12-16,Closed,263,20,"J. Farrow, Trading Ops",2026-01-05,2026-01-04,False,Medium
9000048,TC-01,104291,2025-12,ALLOC_LATE,Allocated 169 min after execution (limit 30 min),2025-12-17,Closed,262,20,"J. Farrow, Trading Ops",2026-01-06,2026-01-12,True,Medium
9000049,TC-01,104470,2025-12,ALLOC_LATE,Allocated 95 min after execution (limit 30 min),2025-12-22,Closed,257,20,"J. Farrow, Trading Ops",2026-01-11,2025-12-26,False,Medium
9000050,TC-01,104539,2025-12,ALLOC_LATE,Allocated 151 min after execution (limit 30 min),2025-12-23,Closed,256,20,"J. Farrow, Trading Ops",2026-01-12,2026-01-14,True,Medium
9000051,TC-01,104647,2025-12,ALLOC_LATE,Allocated 59 min after execution (limit 30 min),2025-12-25,Closed,254,20,"J. Farrow, Trading Ops",2026-01-14,2026-01-06,False,Medium
9000052,TC-01,104673,2025-12,ALLOC_LATE,Allocated 134 min after execution (limit 30 min),2025-12-26,Closed,253,20,"J. Farrow, Trading Ops",2026-01-15,2026-01-04,False,Medium
9000053,TC-01,104735,2025-12,ALLOC_LATE,Allocated 171 min after execution (limit 30 min),2025-12-29,Open,250,20,"J. Farrow, Trading Ops",2026-01-18,,True,Medium
9000054,TC-01,104970,2026-01,ALLOC_LATE,Allocated 63 min after execution (limit 30 min),2026-01-02,Closed,246,20,"J. Farrow, Trading Ops",2026-01-22,2026-01-18,False,Medium
9000055,TC-01,105204,2026-01,ALLOC_LATE,Allocated 67 min after execution (limit 30 min),2026-01-08,Closed,240,20,"J. Farrow, Trading Ops",2026-01-28,2026-02-01,True,Medium
9000056,TC-01,105340,2026-01,ALLOC_LATE,Allocated 197 min after execution (limit 30 min),2026-01-13,Closed,235,20,"J. Farrow, Trading Ops",2026-02-02,2026-02-10,True,Medium
9000057,TC-01,105367,2026-01,ALLOC_LATE,Allocated 64 min after execution (limit 30 min),2026-01-13,Closed,235,20,"J. Farrow, Trading Ops",2026-02-02,2026-01-14,False,Medium
9000058,TC-01,105539,2026-01,ALLOC_LATE,Allocated 218 min after execution (limit 30 min),2026-01-16,Closed,232,20,"J. Farrow, Trading Ops",2026-02-05,2026-02-03,False,Medium
9000059,TC-01,105600,2026-01,ALLOC_LATE,Allocated 63 min after execution (limit 30 min),2026-01-19,Closed,229,20,"J. Farrow, Trading Ops",2026-02-08,2026-02-23,True,Medium
9000060,TC-01,105610,2026-01,ALLOC_LATE,Allocated 184 min after execution (limit 30 min),2026-01-20,Closed,228,20,"J. Farrow, Trading Ops",2026-02-09,2026-02-15,True,Medium
9000061,TC-01,105732,2026-01,ALLOC_LATE,Allocated 76 min after execution (limit 30 min),2026-01-22,Open,226,20,"J. Farrow, Trading Ops",2026-02-11,,True,Medium
9000062,TC-01,105939,2026-01,ALLOC_LATE,Allocated 198 min after execution (limit 30 min),2026-01-27,Closed,221,20,"J. Farrow, Trading Ops",2026-02-16,2026-02-16,False,Medium
9000063,TC-01,106021,2026-01,ALLOC_LATE,Allocated 135 min after execution (limit 30 min),2026-01-29,Closed,219,20,"J. Farrow, Trading Ops",2026-02-18,2026-02-06,False,Medium
9000064,TC-01,106147,2026-02,ALLOC_LATE,Allocated 55 min after execution (limit 30 min),2026-02-03,Closed,214,20,"J. Farrow, Trading Ops",2026-02-23,2026-02-13,False,Medium
9000065,TC-01,106217,2026-02,ALLOC_LATE,Allocated 61 min after execution (limit 30 min),2026-02-04,Closed,213,20,"J. Farrow, Trading Ops",2026-02-24,2026-03-01,True,Medium
9000066,TC-01,106221,2026-02,ALLOC_LATE,Allocated 236 min after execution (limit 30 min),2026-02-04,Closed,213,20,"J. Farrow, Trading Ops",2026-02-24,2026-03-03,True,Medium
9000067,TC-01,106355,2026-02,ALLOC_LATE,Allocated 205 min after execution (limit 30 min),2026-02-06,Closed,211,20,"J. Farrow, Trading Ops",2026-02-26,2026-02-19,False,Medium
9000068,TC-01,106372,2026-02,ALLOC_LATE,Allocated 225 min after execution (limit 30 min),2026-02-09,Closed,208,20,"J. Farrow, Trading Ops",2026-03-01,2026-02-26,False,Medium
9000069,TC-01,106650,2026-02,ALLOC_LATE,Allocated 121 min after execution (limit 30 min),2026-02-13,Closed,204,20,"J. Farrow, Trading Ops",2026-03-05,2026-03-06,True,Medium
9000070,TC-01,106765,2026-02,ALLOC_LATE,Allocated 203 min after execution (limit 30 min),2026-02-17,Closed,200,20,"J. Farrow, Trading Ops",2026-03-09,2026-02-22,False,Medium
9000071,TC-01,106769,2026-02,ALLOC_LATE,Allocated 144 min after execution (limit 30 min),2026-02-17,Closed,200,20,"J. Farrow, Trading Ops",2026-03-09,2026-03-05,False,Medium
9000072,TC-01,106835,2026-02,ALLOC_LATE,Allocated 128 min after execution (limit 30 min),2026-02-19,Closed,198,20,"J. Farrow, Trading Ops",2026-03-11,2026-03-23,True,Medium
9000073,TC-01,106856,2026-02,ALLOC_LATE,Allocated 194 min after execution (limit 30 min),2026-02-19,Closed,198,20,"J. Farrow, Trading Ops",2026-03-11,2026-03-28,True,Medium
9000074,TC-01,107064,2026-02,ALLOC_LATE,Allocated 174 min after execution (limit 30 min),2026-02-25,Closed,192,20,"J. Farrow, Trading Ops",2026-03-17,2026-03-15,False,Medium
9000075,TC-01,107416,2026-03,ALLOC_LATE,Allocated 115 min after execution (limit 30 min),2026-03-05,Closed,184,20,"J. Farrow, Trading Ops",2026-03-25,2026-04-08,True,Medium
9000076,TC-01,107456,2026-03,ALLOC_LATE,Allocated 176 min after execution (limit 30 min),2026-03-06,Closed,183,20,"J. Farrow, Trading Ops",2026-03-26,2026-03-21,False,Medium
9000077,TC-01,107589,2026-03,ALLOC_LATE,Allocated 170 min after execution (limit 30 min),2026-03-11,Closed,178,20,"J. Farrow, Trading Ops",2026-03-31,2026-03-24,False,Medium
9000078,TC-01,107659,2026-03,ALLOC_LATE,Allocated 150 min after execution (limit 30 min),2026-03-12,Closed,177,20,"J. Farrow, Trading Ops",2026-04-01,2026-03-13,False,Medium
9000079,TC-01,107685,2026-03,ALLOC_LATE,Allocated 90 min after execution (limit 30 min),2026-03-12,Closed,177,20,"J. Farrow, Trading Ops",2026-04-01,2026-04-08,True,Medium
9000080,TC-01,107784,2026-03,ALLOC_LATE,Allocated 194 min after execution (limit 30 min),2026-03-16,Closed,173,20,"J. Farrow, Trading Ops",2026-04-05,2026-04-01,False,Medium
9000081,TC-01,108007,2026-03,ALLOC_LATE,Allocated 184 min after execution (limit 30 min),2026-03-20,Closed,169,20,"J. Farrow, Trading Ops",2026-04-09,2026-04-27,True,Medium
9000082,TC-01,108080,2026-03,ALLOC_LATE,Allocated 141 min after execution (limit 30 min),2026-03-24,Closed,165,20,"J. Farrow, Trading Ops",2026-04-13,2026-04-15,True,Medium
9000083,TC-01,108102,2026-03,ALLOC_LATE,Allocated 129 min after execution (limit 30 min),2026-03-24,Closed,165,20,"J. Farrow, Trading Ops",2026-04-13,2026-04-14,True,Medium
9000084,TC-01,108109,2026-03,ALLOC_LATE,Allocated 102 min after execution (limit 30 min),2026-03-24,Closed,165,20,"J. Farrow, Trading Ops",2026-04-13,2026-03-29,False,Medium
9000085,TC-01,108311,2026-03,ALLOC_LATE,Allocated 227 min after execution (limit 30 min),2026-03-30,Closed,159,20,"J. Farrow, Trading Ops",2026-04-19,2026-04-30,True,Medium
9000086,TC-01,108364,2026-03,ALLOC_LATE,Allocated 239 min after execution (limit 30 min),2026-03-31,Closed,158,20,"J. Farrow, Trading Ops",2026-04-20,2026-04-16,False,Medium
9000087,TC-01,108419,2026-04,ALLOC_LATE,Allocated 116 min after execution (limit 30 min),2026-04-01,Closed,157,20,"J. Farrow, Trading Ops",2026-04-21,2026-04-19,False,Medium
9000088,TC-01,108429,2026-04,ALLOC_LATE,Allocated 46 min after execution (limit 30 min),2026-04-01,Closed,157,20,"J. Farrow, Trading Ops",2026-04-21,2026-04-02,False,Medium
9000089,TC-01,108673,2026-04,ALLOC_LATE,Allocated 78 min after execution (limit 30 min),2026-04-08,Closed,150,20,"J. Farrow, Trading Ops",2026-04-28,2026-05-04,True,Medium
9000090,TC-01,108739,2026-04,ALLOC_LATE,Allocated 46 min after execution (limit 30 min),2026-04-09,Closed,149,20,"J. Farrow, Trading Ops",2026-04-29,2026-05-06,True,Medium
9000091,TC-01,108939,2026-04,ALLOC_LATE,Allocated 80 min after execution (limit 30 min),2026-04-15,Open,143,20,"J. Farrow, Trading Ops",2026-05-05,,True,Medium
9000092,TC-01,108966,2026-04,ALLOC_LATE,Allocated 71 min after execution (limit 30 min),2026-04-15,Closed,143,20,"J. Farrow, Trading Ops",2026-05-05,2026-05-05,False,Medium
9000093,TC-01,109114,2026-04,ALLOC_LATE,Allocated 192 min after execution (limit 30 min),2026-04-20,Closed,138,20,"J. Farrow, Trading Ops",2026-05-10,2026-05-12,True,Medium
9000094,TC-01,109221,2026-04,ALLOC_LATE,Allocated 83 min after execution (limit 30 min),2026-04-22,Closed,136,20,"J. Farrow, Trading Ops",2026-05-12,2026-05-19,True,Medium
9000095,TC-01,109312,2026-04,ALLOC_LATE,Allocated 184 min after execution (limit 30 min),2026-04-24,Closed,134,20,"J. Farrow, Trading Ops",2026-05-14,2026-05-14,False,Medium
9000096,TC-01,109320,2026-04,ALLOC_LATE,Allocated 46 min after execution (limit 30 min),2026-04-24,Closed,134,20,"J. Farrow, Trading Ops",2026-05-14,2026-05-27,True,Medium
9000097,TC-01,109488,2026-04,ALLOC_LATE,Allocated 192 min after execution (limit 30 min),2026-04-29,Open,129,20,"J. Farrow, Trading Ops",2026-05-19,,True,Medium
9000098,TC-01,109498,2026-04,ALLOC_LATE,Allocated 117 min after execution (limit 30 min),2026-04-29,Open,129,20,"J. Farrow, Trading Ops",2026-05-19,,True,Medium
9000099,TC-01,109564,2026-05,ALLOC_LATE,Allocated 67 min after execution (limit 30 min),2026-05-01,Open,127,20,"J. Farrow, Trading Ops",2026-05-21,,True,Medium
9000100,TC-01,109597,2026-05,ALLOC_LATE,Allocated 204 min after execution (limit 30 min),2026-05-01,Closed,127,20,"J. Farrow, Trading Ops",2026-05-21,2026-05-02,False,Medium
9000101,TC-01,109655,2026-05,ALLOC_LATE,Allocated 113 min after execution (limit 30 min),2026-05-04,Closed,124,20,"J. Farrow, Trading Ops",2026-05-24,2026-05-17,False,Medium
9000102,TC-01,109671,2026-05,ALLOC_LATE,Allocated 156 min after execution (limit 30 min),2026-05-05,Closed,123,20,"J. Farrow, Trading Ops",2026-05-25,2026-06-01,True,Medium
9000103,TC-01,109732,2026-05,ALLOC_LATE,Allocated 220 min after execution (limit 30 min),2026-05-06,Closed,122,20,"J. Farrow, Trading Ops",2026-05-26,2026-05-27,True,Medium
9000104,TC-01,109735,2026-05,ALLOC_LATE,Allocated 184 min after execution (limit 30 min),2026-05-06,Closed,122,20,"J. Farrow, Trading Ops",2026-05-26,2026-05-19,False,Medium
9000105,TC-01,109740,2026-05,ALLOC_LATE,Allocated 147 min after execution (limit 30 min),2026-05-06,Closed,122,20,"J. Farrow, Trading Ops",2026-05-26,2026-05-28,True,Medium
9000106,TC-01,109751,2026-05,ALLOC_LATE,Allocated 185 min after execution (limit 30 min),2026-05-06,Closed,122,20,"J. Farrow, Trading Ops",2026-05-26,2026-05-09,False,Medium
9000107,TC-01,109763,2026-05,ALLOC_LATE,Allocated 69 min after execution (limit 30 min),2026-05-06,Closed,122,20,"J. Farrow, Trading Ops",2026-05-26,2026-05-23,False,Medium
9000108,TC-01,109775,2026-05,ALLOC_LATE,Allocated 82 min after execution (limit 30 min),2026-05-07,Closed,121,20,"J. Farrow, Trading Ops",2026-05-27,2026-05-30,True,Medium
9000109,TC-01,109778,2026-05,ALLOC_LATE,Allocated 49 min after execution (limit 30 min),2026-05-07,Closed,121,20,"J. Farrow, Trading Ops",2026-05-27,2026-06-01,True,Medium
9000110,TC-01,109782,2026-05,ALLOC_LATE,Allocated 98 min after execution (limit 30 min),2026-05-07,Closed,121,20,"J. Farrow, Trading Ops",2026-05-27,2026-05-20,False,Medium
9000111,TC-01,109787,2026-05,ALLOC_LATE,Allocated 169 min after execution (limit 30 min),2026-05-07,Closed,121,20,"J. Farrow, Trading Ops",2026-05-27,2026-06-02,True,Medium
9000112,TC-01,109833,2026-05,ALLOC_LATE,Allocated 212 min after execution (limit 30 min),2026-05-08,Closed,120,20,"J. Farrow, Trading Ops",2026-05-28,2026-06-11,True,Medium
9000113,TC-01,109843,2026-05,ALLOC_LATE,Allocated 210 min after execution (limit 30 min),2026-05-08,Closed,120,20,"J. Farrow, Trading Ops",2026-05-28,2026-05-24,False,Medium
9000114,TC-01,109844,2026-05,ALLOC_LATE,Allocated 139 min after execution (limit 30 min),2026-05-08,Closed,120,20,"J. Farrow, Trading Ops",2026-05-28,2026-06-02,True,Medium
9000115,TC-01,109854,2026-05,ALLOC_LATE,Allocated 160 min after execution (limit 30 min),2026-05-08,Open,120,20,"J. Farrow, Trading Ops",2026-05-28,,True,Medium
9000116,TC-01,109869,2026-05,ALLOC_LATE,Allocated 100 min after execution (limit 30 min),2026-05-11,Closed,117,20,"J. Farrow, Trading Ops",2026-05-31,2026-05-14,False,Medium
9000117,TC-01,109898,2026-05,ALLOC_LATE,Allocated 55 min after execution (limit 30 min),2026-05-11,Closed,117,20,"J. Farrow, Trading Ops",2026-05-31,2026-06-04,True,Medium
9000118,TC-01,109917,2026-05,ALLOC_LATE,Allocated 88 min after execution (limit 30 min),2026-05-12,Closed,116,20,"J. Farrow, Trading Ops",2026-06-01,2026-05-31,False,Medium
9000119,TC-01,109993,2026-05,ALLOC_LATE,Allocated 207 min after execution (limit 30 min),2026-05-13,Open,115,20,"J. Farrow, Trading Ops",2026-06-02,,True,Medium
9000120,TC-01,110012,2026-05,ALLOC_LATE,Allocated 208 min after execution (limit 30 min),2026-05-13,Closed,115,20,"J. Farrow, Trading Ops",2026-06-02,2026-05-27,False,Medium
9000121,TC-01,110023,2026-05,ALLOC_LATE,Allocated 111 min after execution (limit 30 min),2026-05-13,Open,115,20,"J. Farrow, Trading Ops",2026-06-02,,True,Medium
9000122,TC-01,110092,2026-05,ALLOC_LATE,Allocated 153 min after execution (limit 30 min),2026-05-15,Closed,113,20,"J. Farrow, Trading Ops",2026-06-04,2026-06-10,True,Medium
9000123,TC-01,110096,2026-05,ALLOC_LATE,Allocated 62 min after execution (limit 30 min),2026-05-15,Closed,113,20,"J. Farrow, Trading Ops",2026-06-04,2026-06-17,True,Medium
9000124,TC-01,110101,2026-05,ALLOC_LATE,Allocated 144 min after execution (limit 30 min),2026-05-15,Closed,113,20,"J. Farrow, Trading Ops",2026-06-04,2026-06-01,False,Medium
9000125,TC-01,110124,2026-05,ALLOC_LATE,Allocated 117 min after execution (limit 30 min),2026-05-15,Closed,113,20,"J. Farrow, Trading Ops",2026-06-04,2026-05-21,False,Medium
9000126,TC-01,110136,2026-05,ALLOC_LATE,Allocated 78 min after execution (limit 30 min),2026-05-15,Closed,113,20,"J. Farrow, Trading Ops",2026-06-04,2026-06-13,True,Medium
9000127,TC-01,110172,2026-05,ALLOC_LATE,Allocated 138 min after execution (limit 30 min),2026-05-18,Closed,110,20,"J. Farrow, Trading Ops",2026-06-07,2026-06-11,True,Medium
9000128,TC-01,110186,2026-05,ALLOC_LATE,Allocated 147 min after execution (limit 30 min),2026-05-18,Closed,110,20,"J. Farrow, Trading Ops",2026-06-07,2026-06-12,True,Medium
9000129,TC-01,110231,2026-05,ALLOC_LATE,Allocated 207 min after execution (limit 30 min),2026-05-19,Closed,109,20,"J. Farrow, Trading Ops",2026-06-08,2026-06-09,True,Medium
9000130,TC-01,110265,2026-05,ALLOC_LATE,Allocated 108 min after execution (limit 30 min),2026-05-20,Closed,108,20,"J. Farrow, Trading Ops",2026-06-09,2026-06-27,True,Medium
9000131,TC-01,110277,2026-05,ALLOC_LATE,Allocated 63 min after execution (limit 30 min),2026-05-20,Closed,108,20,"J. Farrow, Trading Ops",2026-06-09,2026-06-09,False,Medium
9000132,TC-01,110300,2026-05,ALLOC_LATE,Allocated 49 min after execution (limit 30 min),2026-05-20,Closed,108,20,"J. Farrow, Trading Ops",2026-06-09,2026-06-12,True,Medium
9000133,TC-01,110303,2026-05,ALLOC_LATE,Allocated 196 min after execution (limit 30 min),2026-05-20,Closed,108,20,"J. Farrow, Trading Ops",2026-06-09,2026-05-24,False,Medium
9000134,TC-01,110306,2026-05,ALLOC_LATE,Allocated 109 min after execution (limit 30 min),2026-05-20,Closed,108,20,"J. Farrow, Trading Ops",2026-06-09,2026-06-03,False,Medium
9000135,TC-01,110348,2026-05,ALLOC_LATE,Allocated 130 min after execution (limit 30 min),2026-05-21,Closed,107,20,"J. Farrow, Trading Ops",2026-06-10,2026-06-04,False,Medium
9000136,TC-01,110401,2026-05,ALLOC_LATE,Allocated 49 min after execution (limit 30 min),2026-05-22,Closed,106,20,"J. Farrow, Trading Ops",2026-06-11,2026-06-10,False,Medium
9000137,TC-01,110403,2026-05,ALLOC_LATE,Allocated 53 min after execution (limit 30 min),2026-05-22,Closed,106,20,"J. Farrow, Trading Ops",2026-06-11,2026-06-13,True,Medium
9000138,TC-01,110455,2026-05,ALLOC_LATE,Allocated 157 min after execution (limit 30 min),2026-05-25,Closed,103,20,"J. Farrow, Trading Ops",2026-06-14,2026-06-07,False,Medium
9000139,TC-01,110467,2026-05,ALLOC_LATE,Allocated 92 min after execution (limit 30 min),2026-05-26,Closed,102,20,"J. Farrow, Trading Ops",2026-06-15,2026-06-28,True,Medium
9000140,TC-01,110483,2026-05,ALLOC_LATE,Allocated 155 min after execution (limit 30 min),2026-05-26,Closed,102,20,"J. Farrow, Trading Ops",2026-06-15,2026-06-06,False,Medium
9000141,TC-01,110526,2026-05,ALLOC_LATE,Allocated 139 min after execution (limit 30 min),2026-05-27,Closed,101,20,"J. Farrow, Trading Ops",2026-06-16,2026-06-11,False,Medium
9000142,TC-01,110539,2026-05,ALLOC_LATE,Allocated 191 min after execution (limit 30 min),2026-05-27,Closed,101,20,"J. Farrow, Trading Ops",2026-06-16,2026-06-17,True,Medium
9000143,TC-01,110570,2026-05,ALLOC_LATE,Allocated 147 min after execution (limit 30 min),2026-05-28,Closed,100,20,"J. Farrow, Trading Ops",2026-06-17,2026-06-06,False,Medium
9000144,TC-01,110572,2026-05,ALLOC_LATE,Allocated 75 min after execution (limit 30 min),2026-05-28,Closed,100,20,"J. Farrow, Trading Ops",2026-06-17,2026-06-21,True,Medium
9000145,TC-01,110575,2026-05,ALLOC_LATE,Allocated 63 min after execution (limit 30 min),2026-05-28,Closed,100,20,"J. Farrow, Trading Ops",2026-06-17,2026-06-21,True,Medium
9000146,TC-01,110616,2026-05,ALLOC_LATE,Allocated 116 min after execution (limit 30 min),2026-05-28,Closed,100,20,"J. Farrow, Trading Ops",2026-06-17,2026-06-14,False,Medium
9000147,TC-01,110617,2026-05,ALLOC_LATE,Allocated 178 min after execution (limit 30 min),2026-05-28,Closed,100,20,"J. Farrow, Trading Ops",2026-06-17,2026-07-01,True,Medium
9000148,TC-01,110635,2026-05,ALLOC_LATE,Allocated 147 min after execution (limit 30 min),2026-05-29,Closed,99,20,"J. Farrow, Trading Ops",2026-06-18,2026-06-18,False,Medium
9000149,TC-01,110658,2026-05,ALLOC_LATE,Allocated 135 min after execution (limit 30 min),2026-05-29,Closed,99,20,"J. Farrow, Trading Ops",2026-06-18,2026-06-19,True,Medium
9000150,TC-01,110674,2026-05,ALLOC_LATE,Allocated 146 min after execution (limit 30 min),2026-05-29,Closed,99,20,"J. Farrow, Trading Ops",2026-06-18,2026-06-09,False,Medium
9000151,TC-01,110682,2026-06,ALLOC_LATE,Allocated 56 min after execution (limit 30 min),2026-06-01,Closed,96,20,"J. Farrow, Trading Ops",2026-06-21,2026-06-07,False,Medium
9000152,TC-01,110683,2026-06,ALLOC_LATE,Allocated 148 min after execution (limit 30 min),2026-06-01,Closed,96,20,"J. Farrow, Trading Ops",2026-06-21,2026-06-15,False,Medium
9000153,TC-01,110685,2026-06,ALLOC_LATE,Allocated 58 min after execution (limit 30 min),2026-06-01,Closed,96,20,"J. Farrow, Trading Ops",2026-06-21,2026-06-18,False,Medium
9000154,TC-01,110710,2026-06,ALLOC_LATE,Allocated 145 min after execution (limit 30 min),2026-06-01,Closed,96,20,"J. Farrow, Trading Ops",2026-06-21,2026-06-16,False,Medium
9000155,TC-01,110728,2026-06,ALLOC_LATE,Allocated 227 min after execution (limit 30 min),2026-06-02,Closed,95,20,"J. Farrow, Trading Ops",2026-06-22,2026-06-27,True,Medium
9000156,TC-01,110783,2026-06,ALLOC_LATE,Allocated 100 min after execution (limit 30 min),2026-06-03,Closed,94,20,"J. Farrow, Trading Ops",2026-06-23,2026-06-04,False,Medium
9000157,TC-01,110822,2026-06,ALLOC_LATE,Allocated 91 min after execution (limit 30 min),2026-06-03,Closed,94,20,"J. Farrow, Trading Ops",2026-06-23,2026-06-13,False,Medium
9000158,TC-01,110826,2026-06,ALLOC_LATE,Allocated 121 min after execution (limit 30 min),2026-06-03,Closed,94,20,"J. Farrow, Trading Ops",2026-06-23,2026-06-07,False,Medium
9000159,TC-01,110827,2026-06,ALLOC_LATE,Allocated 108 min after execution (limit 30 min),2026-06-03,Closed,94,20,"J. Farrow, Trading Ops",2026-06-23,2026-07-03,True,Medium
9000160,TC-01,110845,2026-06,ALLOC_LATE,Allocated 84 min after execution (limit 30 min),2026-06-04,Open,93,20,"J. Farrow, Trading Ops",2026-06-24,,True,Medium
9000161,TC-01,110851,2026-06,ALLOC_LATE,Allocated 88 min after execution (limit 30 min),2026-06-04,Closed,93,20,"J. Farrow, Trading Ops",2026-06-24,2026-06-19,False,Medium
9000162,TC-01,110912,2026-06,ALLOC_LATE,Allocated 87 min after execution (limit 30 min),2026-06-05,Closed,92,20,"J. Farrow, Trading Ops",2026-06-25,2026-06-15,False,Medium
9000163,TC-01,110917,2026-06,ALLOC_LATE,Allocated 197 min after execution (limit 30 min),2026-06-05,Closed,92,20,"J. Farrow, Trading Ops",2026-06-25,2026-07-01,True,Medium
9000164,TC-01,110941,2026-06,ALLOC_LATE,Allocated 142 min after execution (limit 30 min),2026-06-08,Closed,89,20,"J. Farrow, Trading Ops",2026-06-28,2026-06-24,False,Medium
9000165,TC-01,110971,2026-06,ALLOC_LATE,Allocated 48 min after execution (limit 30 min),2026-06-09,Closed,88,20,"J. Farrow, Trading Ops",2026-06-29,2026-06-30,True,Medium
9000166,TC-01,110981,2026-06,ALLOC_LATE,Allocated 48 min after execution (limit 30 min),2026-06-09,Closed,88,20,"J. Farrow, Trading Ops",2026-06-29,2026-06-12,False,Medium
9000167,TC-01,110983,2026-06,ALLOC_LATE,Allocated 207 min after execution (limit 30 min),2026-06-09,Closed,88,20,"J. Farrow, Trading Ops",2026-06-29,2026-07-07,True,Medium
9000168,TC-01,110994,2026-06,ALLOC_LATE,Allocated 69 min after execution (limit 30 min),2026-06-09,Closed,88,20,"J. Farrow, Trading Ops",2026-06-29,2026-07-01,True,Medium
9000169,TC-01,111014,2026-06,ALLOC_LATE,Allocated 69 min after execution (limit 30 min),2026-06-09,Closed,88,20,"J. Farrow, Trading Ops",2026-06-29,2026-07-03,True,Medium
9000170,TC-01,111023,2026-06,ALLOC_LATE,Allocated 150 min after execution (limit 30 min),2026-06-09,Closed,88,20,"J. Farrow, Trading Ops",2026-06-29,2026-07-08,True,Medium
9000171,TC-01,111038,2026-06,ALLOC_LATE,Allocated 159 min after execution (limit 30 min),2026-06-10,Closed,87,20,"J. Farrow, Trading Ops",2026-06-30,2026-06-28,False,Medium
9000172,TC-01,111050,2026-06,ALLOC_LATE,Allocated 227 min after execution (limit 30 min),2026-06-10,Closed,87,20,"J. Farrow, Trading Ops",2026-06-30,2026-06-28,False,Medium
9000173,TC-01,111053,2026-06,ALLOC_LATE,Allocated 218 min after execution (limit 30 min),2026-06-10,Closed,87,20,"J. Farrow, Trading Ops",2026-06-30,2026-07-05,True,Medium
9000174,TC-01,111057,2026-06,ALLOC_LATE,Allocated 204 min after execution (limit 30 min),2026-06-10,Closed,87,20,"J. Farrow, Trading Ops",2026-06-30,2026-07-03,True,Medium
9000175,TC-01,111064,2026-06,ALLOC_LATE,Allocated 100 min after execution (limit 30 min),2026-06-10,Closed,87,20,"J. Farrow, Trading Ops",2026-06-30,2026-06-27,False,Medium
9000176,TC-01,111065,2026-06,ALLOC_LATE,Allocated 206 min after execution (limit 30 min),2026-06-10,Closed,87,20,"J. Farrow, Trading Ops",2026-06-30,2026-06-29,False,Medium
9000177,TC-01,111077,2026-06,ALLOC_LATE,Allocated 69 min after execution (limit 30 min),2026-06-10,Closed,87,20,"J. Farrow, Trading Ops",2026-06-30,2026-06-25,False,Medium
9000178,TC-01,111083,2026-06,ALLOC_LATE,Allocated 102 min after execution (limit 30 min),2026-06-11,Closed,86,20,"J. Farrow, Trading Ops",2026-07-01,2026-07-06,True,Medium
9000179,TC-01,111102,2026-06,ALLOC_LATE,Allocated 155 min after execution (limit 30 min),2026-06-11,Closed,86,20,"J. Farrow, Trading Ops",2026-07-01,2026-07-08,True,Medium
9000180,TC-01,111127,2026-06,ALLOC_LATE,Allocated 83 min after execution (limit 30 min),2026-06-11,Closed,86,20,"J. Farrow, Trading Ops",2026-07-01,2026-06-30,False,Medium
9000181,TC-01,111146,2026-06,ALLOC_LATE,Allocated 155 min after execution (limit 30 min),2026-06-12,Closed,85,20,"J. Farrow, Trading Ops",2026-07-02,2026-07-16,True,Medium
9000182,TC-01,111148,2026-06,ALLOC_LATE,Allocated 200 min after execution (limit 30 min),2026-06-12,Closed,85,20,"J. Farrow, Trading Ops",2026-07-02,2026-06-19,False,Medium
9000183,TC-01,111150,2026-06,ALLOC_LATE,Allocated 152 min after execution (limit 30 min),2026-06-12,Closed,85,20,"J. Farrow, Trading Ops",2026-07-02,2026-06-29,False,Medium
9000184,TC-01,111178,2026-06,ALLOC_LATE,Allocated 91 min after execution (limit 30 min),2026-06-12,Closed,85,20,"J. Farrow, Trading Ops",2026-07-02,2026-07-15,True,Medium
9000185,TC-01,111206,2026-06,ALLOC_LATE,Allocated 90 min after execution (limit 30 min),2026-06-15,Closed,82,20,"J. Farrow, Trading Ops",2026-07-05,2026-07-01,False,Medium
9000186,TC-01,111308,2026-06,ALLOC_LATE,Allocated 141 min after execution (limit 30 min),2026-06-17,Open,80,20,"J. Farrow, Trading Ops",2026-07-07,,True,Medium
9000187,TC-01,111332,2026-06,ALLOC_LATE,Allocated 154 min after execution (limit 30 min),2026-06-17,Open,80,20,"J. Farrow, Trading Ops",2026-07-07,,True,Medium
9000188,TC-01,111345,2026-06,ALLOC_LATE,Allocated 54 min after execution (limit 30 min),2026-06-17,Open,80,20,"J. Farrow, Trading Ops",2026-07-07,,True,Medium
9000189,TC-01,111346,2026-06,ALLOC_LATE,Allocated 86 min after execution (limit 30 min),2026-06-17,Closed,80,20,"J. Farrow, Trading Ops",2026-07-07,2026-06-27,False,Medium
9000190,TC-01,111348,2026-06,ALLOC_LATE,Allocated 188 min after execution (limit 30 min),2026-06-17,Closed,80,20,"J. Farrow, Trading Ops",2026-07-07,2026-07-12,True,Medium
9000191,TC-01,111351,2026-06,ALLOC_LATE,Allocated 139 min after execution (limit 30 min),2026-06-17,Closed,80,20,"J. Farrow, Trading Ops",2026-07-07,2026-06-28,False,Medium
9000192,TC-01,111361,2026-06,ALLOC_LATE,Allocated 138 min after execution (limit 30 min),2026-06-17,Closed,80,20,"J. Farrow, Trading Ops",2026-07-07,2026-06-25,False,Medium
9000193,TC-01,111364,2026-06,ALLOC_LATE,Allocated 55 min after execution (limit 30 min),2026-06-17,Open,80,20,"J. Farrow, Trading Ops",2026-07-07,,True,Medium
9000194,TC-01,111371,2026-06,ALLOC_LATE,Allocated 197 min after execution (limit 30 min),2026-06-17,Closed,80,20,"J. Farrow, Trading Ops",2026-07-07,2026-07-02,False,Medium
9000195,TC-01,111381,2026-06,ALLOC_LATE,Allocated 112 min after execution (limit 30 min),2026-06-18,Closed,79,20,"J. Farrow, Trading Ops",2026-07-08,2026-06-28,False,Medium
9000196,TC-01,111387,2026-06,ALLOC_LATE,Allocated 210 min after execution (limit 30 min),2026-06-18,Closed,79,20,"J. Farrow, Trading Ops",2026-07-08,2026-07-04,False,Medium
9000197,TC-01,111438,2026-06,ALLOC_LATE,Allocated 122 min after execution (limit 30 min),2026-06-18,Open,79,20,"J. Farrow, Trading Ops",2026-07-08,,True,Medium
9000198,TC-01,111462,2026-06,ALLOC_LATE,Allocated 59 min after execution (limit 30 min),2026-06-19,Closed,78,20,"J. Farrow, Trading Ops",2026-07-09,2026-07-09,False,Medium
9000199,TC-01,111466,2026-06,ALLOC_LATE,Allocated 188 min after execution (limit 30 min),2026-06-19,Closed,78,20,"J. Farrow, Trading Ops",2026-07-09,2026-07-08,False,Medium
9000200,TC-01,111469,2026-06,ALLOC_LATE,Allocated 220 min after execution (limit 30 min),2026-06-19,Closed,78,20,"J. Farrow, Trading Ops",2026-07-09,2026-07-14,True,Medium
9000201,TC-01,111478,2026-06,ALLOC_LATE,Allocated 178 min after execution (limit 30 min),2026-06-19,Closed,78,20,"J. Farrow, Trading Ops",2026-07-09,2026-07-04,False,Medium
9000202,TC-01,111481,2026-06,ALLOC_LATE,Allocated 209 min after execution (limit 30 min),2026-06-19,Closed,78,20,"J. Farrow, Trading Ops",2026-07-09,2026-06-27,False,Medium
9000203,TC-01,111485,2026-06,ALLOC_LATE,Allocated 131 min after execution (limit 30 min),2026-06-19,Closed,78,20,"J. Farrow, Trading Ops",2026-07-09,2026-06-28,False,Medium
9000204,TC-01,111490,2026-06,ALLOC_LATE,Allocated 148 min after execution (limit 30 min),2026-06-19,Closed,78,20,"J. Farrow, Trading Ops",2026-07-09,2026-07-06,False,Medium
9000205,TC-01,111493,2026-06,ALLOC_LATE,Allocated 175 min after execution (limit 30 min),2026-06-19,Closed,78,20,"J. Farrow, Trading Ops",2026-07-09,2026-07-20,True,Medium
9000206,TC-01,111500,2026-06,ALLOC_LATE,Allocated 196 min after execution (limit 30 min),2026-06-19,Open,78,20,"J. Farrow, Trading Ops",2026-07-09,,True,Medium
9000207,TC-01,111507,2026-06,ALLOC_LATE,Allocated 94 min after execution (limit 30 min),2026-06-22,Closed,75,20,"J. Farrow, Trading Ops",2026-07-12,2026-07-06,False,Medium
9000208,TC-01,111533,2026-06,ALLOC_LATE,Allocated 177 min after execution (limit 30 min),2026-06-22,Closed,75,20,"J. Farrow, Trading Ops",2026-07-12,2026-07-19,True,Medium
9000209,TC-01,111575,2026-06,ALLOC_LATE,Allocated 146 min after execution (limit 30 min),2026-06-23,Closed,74,20,"J. Farrow, Trading Ops",2026-07-13,2026-07-03,False,Medium
9000210,TC-01,111591,2026-06,ALLOC_LATE,Allocated 53 min after execution (limit 30 min),2026-06-23,Open,74,20,"J. Farrow, Trading Ops",2026-07-13,,True,Medium
9000211,TC-01,111630,2026-06,ALLOC_LATE,Allocated 55 min after execution (limit 30 min),2026-06-24,Closed,73,20,"J. Farrow, Trading Ops",2026-07-14,2026-07-10,False,Medium
9000212,TC-01,111664,2026-06,ALLOC_LATE,Allocated 177 min after execution (limit 30 min),2026-06-24,Closed,73,20,"J. Farrow, Trading Ops",2026-07-14,2026-07-19,True,Medium
9000213,TC-01,111669,2026-06,ALLOC_LATE,Allocated 218 min after execution (limit 30 min),2026-06-25,Closed,72,20,"J. Farrow, Trading Ops",2026-07-15,2026-07-19,True,Medium
9000214,TC-01,111670,2026-06,ALLOC_LATE,Allocated 183 min after execution (limit 30 min),2026-06-25,Closed,72,20,"J. Farrow, Trading Ops",2026-07-15,2026-07-12,False,Medium
9000215,TC-01,111671,2026-06,ALLOC_LATE,Allocated 158 min after execution (limit 30 min),2026-06-25,Closed,72,20,"J. Farrow, Trading Ops",2026-07-15,2026-07-17,True,Medium
9000216,TC-01,111674,2026-06,ALLOC_LATE,Allocated 162 min after execution (limit 30 min),2026-06-25,Closed,72,20,"J. Farrow, Trading Ops",2026-07-15,2026-07-06,False,Medium
9000217,TC-01,111682,2026-06,ALLOC_LATE,Allocated 177 min after execution (limit 30 min),2026-06-25,Closed,72,20,"J. Farrow, Trading Ops",2026-07-15,2026-07-14,False,Medium
9000218,TC-01,111692,2026-06,ALLOC_LATE,Allocated 135 min after execution (limit 30 min),2026-06-25,Closed,72,20,"J. Farrow, Trading Ops",2026-07-15,2026-07-23,True,Medium
9000219,TC-01,111693,2026-06,ALLOC_LATE,Allocated 65 min after execution (limit 30 min),2026-06-25,Closed,72,20,"J. Farrow, Trading Ops",2026-07-15,2026-08-16,True,Medium
9000220,TC-01,111696,2026-06,ALLOC_LATE,Allocated 98 min after execution (limit 30 min),2026-06-25,Closed,72,20,"J. Farrow, Trading Ops",2026-07-15,2026-07-20,True,Medium
9000221,TC-01,111702,2026-06,ALLOC_LATE,Allocated 158 min after execution (limit 30 min),2026-06-25,Closed,72,20,"J. Farrow, Trading Ops",2026-07-15,2026-07-15,False,Medium
9000222,TC-01,111704,2026-06,ALLOC_LATE,Allocated 228 min after execution (limit 30 min),2026-06-25,Closed,72,20,"J. Farrow, Trading Ops",2026-07-15,2026-07-06,False,Medium
9000223,TC-01,111711,2026-06,ALLOC_LATE,Allocated 130 min after execution (limit 30 min),2026-06-25,Closed,72,20,"J. Farrow, Trading Ops",2026-07-15,2026-07-23,True,Medium
9000224,TC-01,111726,2026-06,ALLOC_LATE,Allocated 137 min after execution (limit 30 min),2026-06-26,Closed,71,20,"J. Farrow, Trading Ops",2026-07-16,2026-07-02,False,Medium
9000225,TC-01,111746,2026-06,ALLOC_LATE,Allocated 139 min after execution (limit 30 min),2026-06-26,Closed,71,20,"J. Farrow, Trading Ops",2026-07-16,2026-07-09,False,Medium
9000226,TC-01,111750,2026-06,ALLOC_LATE,Allocated 160 min after execution (limit 30 min),2026-06-26,Closed,71,20,"J. Farrow, Trading Ops",2026-07-16,2026-07-18,True,Medium
9000227,TC-01,111761,2026-06,ALLOC_LATE,Allocated 201 min after execution (limit 30 min),2026-06-26,Closed,71,20,"J. Farrow, Trading Ops",2026-07-16,2026-07-05,False,Medium
9000228,TC-01,111765,2026-06,ALLOC_LATE,Allocated 83 min after execution (limit 30 min),2026-06-26,Closed,71,20,"J. Farrow, Trading Ops",2026-07-16,2026-07-27,True,Medium
9000229,TC-01,111775,2026-06,ALLOC_LATE,Allocated 128 min after execution (limit 30 min),2026-06-29,Closed,68,20,"J. Farrow, Trading Ops",2026-07-19,2026-07-27,True,Medium
9000230,TC-01,111776,2026-06,ALLOC_LATE,Allocated 199 min after execution (limit 30 min),2026-06-29,Closed,68,20,"J. Farrow, Trading Ops",2026-07-19,2026-07-14,False,Medium
9000231,TC-01,111777,2026-06,ALLOC_LATE,Allocated 158 min after execution (limit 30 min),2026-06-29,Closed,68,20,"J. Farrow, Trading Ops",2026-07-19,2026-07-14,False,Medium
9000232,TC-01,111785,2026-06,ALLOC_LATE,Allocated 68 min after execution (limit 30 min),2026-06-29,Closed,68,20,"J. Farrow, Trading Ops",2026-07-19,2026-07-08,False,Medium
9000233,TC-01,111791,2026-06,ALLOC_LATE,Allocated 91 min after execution (limit 30 min),2026-06-29,Closed,68,20,"J. Farrow, Trading Ops",2026-07-19,2026-07-07,False,Medium
9000234,TC-01,111795,2026-06,ALLOC_LATE,Allocated 79 min after execution (limit 30 min),2026-06-29,Closed,68,20,"J. Farrow, Trading Ops",2026-07-19,2026-07-22,True,Medium
9000235,TC-01,111802,2026-06,ALLOC_LATE,Allocated 221 min after execution (limit 30 min),2026-06-29,Closed,68,20,"J. Farrow, Trading Ops",2026-07-19,2026-07-23,True,Medium
9000236,TC-01,111817,2026-06,ALLOC_LATE,Allocated 163 min after execution (limit 30 min),2026-06-29,Open,68,20,"J. Farrow, Trading Ops",2026-07-19,,True,Medium
9000237,TC-01,111832,2026-06,ALLOC_LATE,Allocated 180 min after execution (limit 30 min),2026-06-30,Closed,67,20,"J. Farrow, Trading Ops",2026-07-20,2026-07-21,True,Medium
9000238,TC-01,111847,2026-06,ALLOC_LATE,Allocated 92 min after execution (limit 30 min),2026-06-30,Closed,67,20,"J. Farrow, Trading Ops",2026-07-20,2026-07-15,False,Medium
9000239,TC-01,111856,2026-06,ALLOC_LATE,Allocated 151 min after execution (limit 30 min),2026-06-30,Closed,67,20,"J. Farrow, Trading Ops",2026-07-20,2026-07-22,True,Medium
9000240,TC-01,111864,2026-06,ALLOC_LATE,Allocated 98 min after execution (limit 30 min),2026-06-30,Closed,67,20,"J. Farrow, Trading Ops",2026-07-20,2026-07-07,False,Medium
9000241,TC-01,111866,2026-06,ALLOC_LATE,Allocated 122 min after execution (limit 30 min),2026-06-30,Closed,67,20,"J. Farrow, Trading Ops",2026-07-20,2026-07-19,False,Medium
9000242,TC-01,111867,2026-06,ALLOC_LATE,Allocated 122 min after execution (limit 30 min),2026-06-30,Closed,67,20,"J. Farrow, Trading Ops",2026-07-20,2026-07-31,True,Medium
9000243,TC-01,111869,2026-06,ALLOC_LATE,Allocated 202 min after execution (limit 30 min),2026-06-30,Closed,67,20,"J. Farrow, Trading Ops",2026-07-20,2026-07-30,True,Medium
9000244,TC-01,111883,2026-07,ALLOC_LATE,Allocated 222 min after execution (limit 30 min),2026-07-01,Closed,66,20,"J. Farrow, Trading Ops",2026-07-21,2026-07-16,False,Medium
9000245,TC-01,111893,2026-07,ALLOC_LATE,Allocated 230 min after execution (limit 30 min),2026-07-01,Closed,66,20,"J. Farrow, Trading Ops",2026-07-21,2026-07-17,False,Medium
9000246,TC-01,111897,2026-07,ALLOC_LATE,Allocated 121 min after execution (limit 30 min),2026-07-01,Closed,66,20,"J. Farrow, Trading Ops",2026-07-21,2026-07-31,True,Medium
9000247,TC-01,111900,2026-07,ALLOC_LATE,Allocated 86 min after execution (limit 30 min),2026-07-01,Closed,66,20,"J. Farrow, Trading Ops",2026-07-21,2026-08-03,True,Medium
9000248,TC-01,111915,2026-07,ALLOC_LATE,Allocated 221 min after execution (limit 30 min),2026-07-01,Closed,66,20,"J. Farrow, Trading Ops",2026-07-21,2026-07-08,False,Medium
9000249,TC-01,111918,2026-07,ALLOC_LATE,Allocated 224 min after execution (limit 30 min),2026-07-01,Closed,66,20,"J. Farrow, Trading Ops",2026-07-21,2026-07-17,False,Medium
9000250,TC-01,111919,2026-07,ALLOC_LATE,Allocated 46 min after execution (limit 30 min),2026-07-01,Closed,66,20,"J. Farrow, Trading Ops",2026-07-21,2026-07-22,True,Medium
9000251,TC-01,111928,2026-07,ALLOC_LATE,Allocated 181 min after execution (limit 30 min),2026-07-01,Closed,66,20,"J. Farrow, Trading Ops",2026-07-21,2026-07-30,True,Medium
9000252,TC-01,111942,2026-07,ALLOC_LATE,Allocated 102 min after execution (limit 30 min),2026-07-02,Closed,65,20,"J. Farrow, Trading Ops",2026-07-22,2026-07-14,False,Medium
9000253,TC-01,111948,2026-07,ALLOC_LATE,Allocated 51 min after execution (limit 30 min),2026-07-02,Closed,65,20,"J. Farrow, Trading Ops",2026-07-22,2026-07-26,True,Medium
9000254,TC-01,111949,2026-07,ALLOC_LATE,Allocated 157 min after execution (limit 30 min),2026-07-02,Open,65,20,"J. Farrow, Trading Ops",2026-07-22,,True,Medium
9000255,TC-01,111950,2026-07,ALLOC_LATE,Allocated 214 min after execution (limit 30 min),2026-07-02,Closed,65,20,"J. Farrow, Trading Ops",2026-07-22,2026-08-09,True,Medium
9000256,TC-01,111961,2026-07,ALLOC_LATE,Allocated 64 min after execution (limit 30 min),2026-07-02,Closed,65,20,"J. Farrow, Trading Ops",2026-07-22,2026-07-25,True,Medium
9000257,TC-01,111979,2026-07,ALLOC_LATE,Allocated 138 min after execution (limit 30 min),2026-07-02,Closed,65,20,"J. Farrow, Trading Ops",2026-07-22,2026-07-20,False,Medium
9000258,TC-01,111983,2026-07,ALLOC_LATE,Allocated 123 min after execution (limit 30 min),2026-07-03,Closed,64,20,"J. Farrow, Trading Ops",2026-07-23,2026-07-19,False,Medium
9000259,TC-01,111987,2026-07,ALLOC_LATE,Allocated 55 min after execution (limit 30 min),2026-07-03,Closed,64,20,"J. Farrow, Trading Ops",2026-07-23,2026-07-31,True,Medium
9000260,TC-01,111988,2026-07,ALLOC_LATE,Allocated 180 min after execution (limit 30 min),2026-07-03,Closed,64,20,"J. Farrow, Trading Ops",2026-07-23,2026-07-28,True,Medium
9000261,TC-01,112016,2026-07,ALLOC_LATE,Allocated 91 min after execution (limit 30 min),2026-07-03,Closed,64,20,"J. Farrow, Trading Ops",2026-07-23,2026-07-13,False,Medium
9000262,TC-01,112018,2026-07,ALLOC_LATE,Allocated 132 min after execution (limit 30 min),2026-07-03,Closed,64,20,"J. Farrow, Trading Ops",2026-07-23,2026-07-24,True,Medium
9000263,TC-01,112032,2026-07,ALLOC_LATE,Allocated 237 min after execution (limit 30 min),2026-07-03,Closed,64,20,"J. Farrow, Trading Ops",2026-07-23,2026-07-11,False,Medium
9000264,TC-01,112053,2026-07,ALLOC_LATE,Allocated 235 min after execution (limit 30 min),2026-07-06,Closed,61,20,"J. Farrow, Trading Ops",2026-07-26,2026-07-19,False,Medium
9000265,TC-01,112065,2026-07,ALLOC_LATE,Allocated 142 min after execution (limit 30 min),2026-07-06,Closed,61,20,"J. Farrow, Trading Ops",2026-07-26,2026-07-15,False,Medium
9000266,TC-01,112069,2026-07,ALLOC_LATE,Allocated 160 min after execution (limit 30 min),2026-07-06,Closed,61,20,"J. Farrow, Trading Ops",2026-07-26,2026-07-14,False,Medium
9000267,TC-01,112073,2026-07,ALLOC_LATE,Allocated 74 min after execution (limit 30 min),2026-07-06,Closed,61,20,"J. Farrow, Trading Ops",2026-07-26,2026-07-20,False,Medium
9000268,TC-01,112077,2026-07,ALLOC_LATE,Allocated 233 min after execution (limit 30 min),2026-07-06,Closed,61,20,"J. Farrow, Trading Ops",2026-07-26,2026-07-17,False,Medium
9000269,TC-01,112080,2026-07,ALLOC_LATE,Allocated 178 min after execution (limit 30 min),2026-07-06,Closed,61,20,"J. Farrow, Trading Ops",2026-07-26,2026-07-29,True,Medium
9000270,TC-01,112087,2026-07,ALLOC_LATE,Allocated 171 min after execution (limit 30 min),2026-07-07,Closed,60,20,"J. Farrow, Trading Ops",2026-07-27,2026-08-02,True,Medium
9000271,TC-01,112102,2026-07,ALLOC_LATE,Allocated 165 min after execution (limit 30 min),2026-07-07,Closed,60,20,"J. Farrow, Trading Ops",2026-07-27,2026-07-24,False,Medium
9000272,TC-01,112118,2026-07,ALLOC_LATE,Allocated 149 min after execution (limit 30 min),2026-07-07,Closed,60,20,"J. Farrow, Trading Ops",2026-07-27,2026-07-17,False,Medium
9000273,TC-01,112121,2026-07,ALLOC_LATE,Allocated 157 min after execution (limit 30 min),2026-07-07,Closed,60,20,"J. Farrow, Trading Ops",2026-07-27,2026-08-02,True,Medium
9000274,TC-01,112157,2026-07,ALLOC_LATE,Allocated 198 min after execution (limit 30 min),2026-07-08,Closed,59,20,"J. Farrow, Trading Ops",2026-07-28,2026-07-11,False,Medium
9000275,TC-01,112168,2026-07,ALLOC_LATE,Allocated 210 min after execution (limit 30 min),2026-07-08,Closed,59,20,"J. Farrow, Trading Ops",2026-07-28,2026-07-12,False,Medium
9000276,TC-01,112183,2026-07,ALLOC_LATE,Allocated 148 min after execution (limit 30 min),2026-07-08,Closed,59,20,"J. Farrow, Trading Ops",2026-07-28,2026-08-02,True,Medium
9000277,TC-01,112192,2026-07,ALLOC_LATE,Allocated 93 min after execution (limit 30 min),2026-07-08,Closed,59,20,"J. Farrow, Trading Ops",2026-07-28,2026-08-01,True,Medium
9000278,TC-01,112200,2026-07,ALLOC_LATE,Allocated 234 min after execution (limit 30 min),2026-07-09,Closed,58,20,"J. Farrow, Trading Ops",2026-07-29,2026-08-05,True,Medium
9000279,TC-01,112202,2026-07,ALLOC_LATE,Allocated 150 min after execution (limit 30 min),2026-07-09,Closed,58,20,"J. Farrow, Trading Ops",2026-07-29,2026-07-26,False,Medium
9000280,TC-01,112213,2026-07,ALLOC_LATE,Allocated 137 min after execution (limit 30 min),2026-07-09,Closed,58,20,"J. Farrow, Trading Ops",2026-07-29,2026-07-18,False,Medium
9000281,TC-01,112219,2026-07,ALLOC_LATE,Allocated 57 min after execution (limit 30 min),2026-07-09,Closed,58,20,"J. Farrow, Trading Ops",2026-07-29,2026-07-24,False,Medium
9000282,TC-01,112227,2026-07,ALLOC_LATE,Allocated 234 min after execution (limit 30 min),2026-07-09,Closed,58,20,"J. Farrow, Trading Ops",2026-07-29,2026-08-02,True,Medium
9000283,TC-01,112229,2026-07,ALLOC_LATE,Allocated 207 min after execution (limit 30 min),2026-07-09,Closed,58,20,"J. Farrow, Trading Ops",2026-07-29,2026-07-22,False,Medium
9000284,TC-01,112233,2026-07,ALLOC_LATE,Allocated 96 min after execution (limit 30 min),2026-07-09,Closed,58,20,"J. Farrow, Trading Ops",2026-07-29,2026-07-23,False,Medium
9000285,TC-01,112282,2026-07,ALLOC_LATE,Allocated 109 min after execution (limit 30 min),2026-07-10,Closed,57,20,"J. Farrow, Trading Ops",2026-07-30,2026-07-18,False,Medium
9000286,TC-01,112287,2026-07,ALLOC_LATE,Allocated 171 min after execution (limit 30 min),2026-07-10,Closed,57,20,"J. Farrow, Trading Ops",2026-07-30,2026-07-20,False,Medium
9000287,TC-01,112288,2026-07,ALLOC_LATE,Allocated 134 min after execution (limit 30 min),2026-07-10,Closed,57,20,"J. Farrow, Trading Ops",2026-07-30,2026-08-05,True,Medium
9000288,TC-01,112299,2026-07,ALLOC_LATE,Allocated 47 min after execution (limit 30 min),2026-07-10,Closed,57,20,"J. Farrow, Trading Ops",2026-07-30,2026-08-02,True,Medium
9000289,TC-01,112309,2026-07,ALLOC_LATE,Allocated 156 min after execution (limit 30 min),2026-07-13,Closed,54,20,"J. Farrow, Trading Ops",2026-08-02,2026-07-23,False,Medium
9000290,TC-01,112311,2026-07,ALLOC_LATE,Allocated 228 min after execution (limit 30 min),2026-07-13,Closed,54,20,"J. Farrow, Trading Ops",2026-08-02,2026-07-23,False,Medium
9000291,TC-01,112323,2026-07,ALLOC_LATE,Allocated 75 min after execution (limit 30 min),2026-07-13,Closed,54,20,"J. Farrow, Trading Ops",2026-08-02,2026-07-28,False,Medium
9000292,TC-01,112347,2026-07,ALLOC_LATE,Allocated 130 min after execution (limit 30 min),2026-07-13,Closed,54,20,"J. Farrow, Trading Ops",2026-08-02,2026-08-06,True,Medium
9000293,TC-01,112355,2026-07,ALLOC_LATE,Allocated 204 min after execution (limit 30 min),2026-07-14,Closed,53,20,"J. Farrow, Trading Ops",2026-08-03,2026-07-24,False,Medium
9000294,TC-01,112400,2026-07,ALLOC_LATE,Allocated 162 min after execution (limit 30 min),2026-07-15,Closed,52,20,"J. Farrow, Trading Ops",2026-08-04,2026-08-02,False,Medium
9000295,TC-01,112413,2026-07,ALLOC_LATE,Allocated 202 min after execution (limit 30 min),2026-07-15,Closed,52,20,"J. Farrow, Trading Ops",2026-08-04,2026-07-17,False,Medium
9000296,TC-01,112437,2026-07,ALLOC_LATE,Allocated 69 min after execution (limit 30 min),2026-07-16,Closed,51,20,"J. Farrow, Trading Ops",2026-08-05,2026-07-25,False,Medium
9000297,TC-01,112452,2026-07,ALLOC_LATE,Allocated 150 min after execution (limit 30 min),2026-07-16,Closed,51,20,"J. Farrow, Trading Ops",2026-08-05,2026-08-08,True,Medium
9000298,TC-01,112482,2026-07,ALLOC_LATE,Allocated 45 min after execution (limit 30 min),2026-07-16,Closed,51,20,"J. Farrow, Trading Ops",2026-08-05,2026-08-11,True,Medium
9000299,TC-01,112486,2026-07,ALLOC_LATE,Allocated 118 min after execution (limit 30 min),2026-07-16,Closed,51,20,"J. Farrow, Trading Ops",2026-08-05,2026-07-26,False,Medium
9000300,TC-01,112488,2026-07,ALLOC_LATE,Allocated 105 min after execution (limit 30 min),2026-07-16,Closed,51,20,"J. Farrow, Trading Ops",2026-08-05,2026-07-29,False,Medium
9000301,TC-01,112489,2026-07,ALLOC_LATE,Allocated 103 min after execution (limit 30 min),2026-07-17,Closed,50,20,"J. Farrow, Trading Ops",2026-08-06,2026-08-12,True,Medium
9000302,TC-01,112503,2026-07,ALLOC_LATE,Allocated 126 min after execution (limit 30 min),2026-07-17,Closed,50,20,"J. Farrow, Trading Ops",2026-08-06,2026-08-02,False,Medium
9000303,TC-01,112509,2026-07,ALLOC_LATE,Allocated 190 min after execution (limit 30 min),2026-07-17,Closed,50,20,"J. Farrow, Trading Ops",2026-08-06,2026-08-01,False,Medium
9000304,TC-01,112528,2026-07,ALLOC_LATE,Allocated 123 min after execution (limit 30 min),2026-07-17,Open,50,20,"J. Farrow, Trading Ops",2026-08-06,,True,Medium
9000305,TC-01,112551,2026-07,ALLOC_LATE,Allocated 152 min after execution (limit 30 min),2026-07-20,Closed,47,20,"J. Farrow, Trading Ops",2026-08-09,2026-08-10,True,Medium
9000306,TC-01,112552,2026-07,ALLOC_LATE,Allocated 225 min after execution (limit 30 min),2026-07-20,Closed,47,20,"J. Farrow, Trading Ops",2026-08-09,2026-08-17,True,Medium
9000307,TC-01,112556,2026-07,ALLOC_LATE,Allocated 74 min after execution (limit 30 min),2026-07-20,Closed,47,20,"J. Farrow, Trading Ops",2026-08-09,2026-08-15,True,Medium
9000308,TC-01,112559,2026-07,ALLOC_LATE,Allocated 207 min after execution (limit 30 min),2026-07-20,Closed,47,20,"J. Farrow, Trading Ops",2026-08-09,2026-08-04,False,Medium
9000309,TC-01,112603,2026-07,ALLOC_LATE,Allocated 105 min after execution (limit 30 min),2026-07-21,Open,46,20,"J. Farrow, Trading Ops",2026-08-10,,True,Medium
9000310,TC-01,112633,2026-07,ALLOC_LATE,Allocated 220 min after execution (limit 30 min),2026-07-22,Closed,45,20,"J. Farrow, Trading Ops",2026-08-11,2026-08-10,False,Medium
9000311,TC-01,112636,2026-07,ALLOC_LATE,Allocated 161 min after execution (limit 30 min),2026-07-22,Closed,45,20,"J. Farrow, Trading Ops",2026-08-11,2026-07-30,False,Medium
9000312,TC-01,112637,2026-07,ALLOC_LATE,Allocated 219 min after execution (limit 30 min),2026-07-22,Closed,45,20,"J. Farrow, Trading Ops",2026-08-11,2026-08-02,False,Medium
9000313,TC-01,112638,2026-07,ALLOC_LATE,Allocated 91 min after execution (limit 30 min),2026-07-22,Closed,45,20,"J. Farrow, Trading Ops",2026-08-11,2026-08-18,True,Medium
9000314,TC-01,112666,2026-07,ALLOC_LATE,Allocated 142 min after execution (limit 30 min),2026-07-22,Closed,45,20,"J. Farrow, Trading Ops",2026-08-11,2026-07-28,False,Medium
9000315,TC-01,112671,2026-07,ALLOC_LATE,Allocated 86 min after execution (limit 30 min),2026-07-22,Closed,45,20,"J. Farrow, Trading Ops",2026-08-11,2026-08-18,True,Medium
9000316,TC-01,112686,2026-07,ALLOC_LATE,Allocated 192 min after execution (limit 30 min),2026-07-23,Closed,44,20,"J. Farrow, Trading Ops",2026-08-12,2026-08-13,True,Medium
9000317,TC-01,112691,2026-07,ALLOC_LATE,Allocated 153 min after execution (limit 30 min),2026-07-23,Closed,44,20,"J. Farrow, Trading Ops",2026-08-12,2026-08-10,False,Medium
9000318,TC-01,112702,2026-07,ALLOC_LATE,Allocated 130 min after execution (limit 30 min),2026-07-23,Closed,44,20,"J. Farrow, Trading Ops",2026-08-12,2026-08-15,True,Medium
9000319,TC-01,112708,2026-07,ALLOC_LATE,Allocated 78 min after execution (limit 30 min),2026-07-23,Closed,44,20,"J. Farrow, Trading Ops",2026-08-12,2026-08-15,True,Medium
9000320,TC-01,112744,2026-07,ALLOC_LATE,Allocated 129 min after execution (limit 30 min),2026-07-24,Closed,43,20,"J. Farrow, Trading Ops",2026-08-13,2026-08-22,True,Medium
9000321,TC-01,112745,2026-07,ALLOC_LATE,Allocated 118 min after execution (limit 30 min),2026-07-24,Closed,43,20,"J. Farrow, Trading Ops",2026-08-13,2026-08-09,False,Medium
9000322,TC-01,112752,2026-07,ALLOC_LATE,Allocated 228 min after execution (limit 30 min),2026-07-24,Closed,43,20,"J. Farrow, Trading Ops",2026-08-13,2026-08-10,False,Medium
9000323,TC-01,112757,2026-07,ALLOC_LATE,Allocated 141 min after execution (limit 30 min),2026-07-24,Closed,43,20,"J. Farrow, Trading Ops",2026-08-13,2026-08-10,False,Medium
9000324,TC-01,112762,2026-07,ALLOC_LATE,Allocated 190 min after execution (limit 30 min),2026-07-24,Closed,43,20,"J. Farrow, Trading Ops",2026-08-13,2026-08-27,True,Medium
9000325,TC-01,112763,2026-07,ALLOC_LATE,Allocated 62 min after execution (limit 30 min),2026-07-24,Closed,43,20,"J. Farrow, Trading Ops",2026-08-13,2026-08-20,True,Medium
9000326,TC-01,112770,2026-07,ALLOC_LATE,Allocated 155 min after execution (limit 30 min),2026-07-24,Closed,43,20,"J. Farrow, Trading Ops",2026-08-13,2026-08-05,False,Medium
9000327,TC-01,112775,2026-07,ALLOC_LATE,Allocated 147 min after execution (limit 30 min),2026-07-24,Closed,43,20,"J. Farrow, Trading Ops",2026-08-13,2026-08-09,False,Medium
9000328,TC-01,112777,2026-07,ALLOC_LATE,Allocated 73 min after execution (limit 30 min),2026-07-27,Closed,40,20,"J. Farrow, Trading Ops",2026-08-16,2026-08-09,False,Medium
9000329,TC-01,112778,2026-07,ALLOC_LATE,Allocated 75 min after execution (limit 30 min),2026-07-27,Closed,40,20,"J. Farrow, Trading Ops",2026-08-16,2026-08-15,False,Medium
9000330,TC-01,112785,2026-07,ALLOC_LATE,Allocated 73 min after execution (limit 30 min),2026-07-27,Closed,40,20,"J. Farrow, Trading Ops",2026-08-16,2026-08-17,True,Medium
9000331,TC-01,112789,2026-07,ALLOC_LATE,Allocated 166 min after execution (limit 30 min),2026-07-27,Closed,40,20,"J. Farrow, Trading Ops",2026-08-16,2026-09-03,True,Medium
9000332,TC-01,112793,2026-07,ALLOC_LATE,Allocated 211 min after execution (limit 30 min),2026-07-27,Closed,40,20,"J. Farrow, Trading Ops",2026-08-16,2026-08-01,False,Medium
9000333,TC-01,112797,2026-07,ALLOC_LATE,Allocated 133 min after execution (limit 30 min),2026-07-27,Closed,40,20,"J. Farrow, Trading Ops",2026-08-16,2026-08-23,True,Medium
9000334,TC-01,112824,2026-07,ALLOC_LATE,Allocated 160 min after execution (limit 30 min),2026-07-27,Closed,40,20,"J. Farrow, Trading Ops",2026-08-16,2026-08-19,True,Medium
9000335,TC-01,112830,2026-07,ALLOC_LATE,Allocated 110 min after execution (limit 30 min),2026-07-28,Closed,39,20,"J. Farrow, Trading Ops",2026-08-17,2026-08-11,False,Medium
9000336,TC-01,112848,2026-07,ALLOC_LATE,Allocated 108 min after execution (limit 30 min),2026-07-28,Closed,39,20,"J. Farrow, Trading Ops",2026-08-17,2026-08-15,False,Medium
9000337,TC-01,112851,2026-07,ALLOC_LATE,Allocated 205 min after execution (limit 30 min),2026-07-28,Closed,39,20,"J. Farrow, Trading Ops",2026-08-17,2026-08-12,False,Medium
9000338,TC-01,112874,2026-07,ALLOC_LATE,Allocated 228 min after execution (limit 30 min),2026-07-28,Closed,39,20,"J. Farrow, Trading Ops",2026-08-17,2026-08-17,False,Medium
9000339,TC-01,112895,2026-07,ALLOC_LATE,Allocated 152 min after execution (limit 30 min),2026-07-29,Closed,38,20,"J. Farrow, Trading Ops",2026-08-18,2026-08-25,True,Medium
9000340,TC-01,112896,2026-07,ALLOC_LATE,Allocated 79 min after execution (limit 30 min),2026-07-29,Open,38,20,"J. Farrow, Trading Ops",2026-08-18,,True,Medium
9000341,TC-01,112898,2026-07,ALLOC_LATE,Allocated 205 min after execution (limit 30 min),2026-07-29,Closed,38,20,"J. Farrow, Trading Ops",2026-08-18,2026-08-28,True,Medium
9000342,TC-01,112899,2026-07,ALLOC_LATE,Allocated 70 min after execution (limit 30 min),2026-07-29,Closed,38,20,"J. Farrow, Trading Ops",2026-08-18,2026-08-14,False,Medium
9000343,TC-01,112901,2026-07,ALLOC_LATE,Allocated 218 min after execution (limit 30 min),2026-07-29,Closed,38,20,"J. Farrow, Trading Ops",2026-08-18,2026-08-29,True,Medium
9000344,TC-01,112902,2026-07,ALLOC_LATE,Allocated 238 min after execution (limit 30 min),2026-07-29,Closed,38,20,"J. Farrow, Trading Ops",2026-08-18,2026-08-20,True,Medium
9000345,TC-01,112916,2026-07,ALLOC_LATE,Allocated 215 min after execution (limit 30 min),2026-07-29,Open,38,20,"J. Farrow, Trading Ops",2026-08-18,,True,Medium
9000346,TC-01,112935,2026-07,ALLOC_LATE,Allocated 238 min after execution (limit 30 min),2026-07-29,Closed,38,20,"J. Farrow, Trading Ops",2026-08-18,2026-08-22,True,Medium
9000347,TC-01,112939,2026-07,ALLOC_LATE,Allocated 204 min after execution (limit 30 min),2026-07-29,Closed,38,20,"J. Farrow, Trading Ops",2026-08-18,2026-08-26,True,Medium
9000348,TC-01,112942,2026-07,ALLOC_LATE,Allocated 236 min after execution (limit 30 min),2026-07-29,Closed,38,20,"J. Farrow, Trading Ops",2026-08-18,2026-08-18,False,Medium
9000349,TC-01,112955,2026-07,ALLOC_LATE,Allocated 51 min after execution (limit 30 min),2026-07-29,Closed,38,20,"J. Farrow, Trading Ops",2026-08-18,2026-08-11,False,Medium
9000350,TC-01,112964,2026-07,ALLOC_LATE,Allocated 75 min after execution (limit 30 min),2026-07-30,Closed,37,20,"J. Farrow, Trading Ops",2026-08-19,2026-08-24,True,Medium
9000351,TC-01,112976,2026-07,ALLOC_LATE,Allocated 108 min after execution (limit 30 min),2026-07-30,Closed,37,20,"J. Farrow, Trading Ops",2026-08-19,2026-08-24,True,Medium
9000352,TC-01,112983,2026-07,ALLOC_LATE,Allocated 194 min after execution (limit 30 min),2026-07-30,Closed,37,20,"J. Farrow, Trading Ops",2026-08-19,2026-09-04,True,Medium
9000353,TC-01,112992,2026-07,ALLOC_LATE,Allocated 184 min after execution (limit 30 min),2026-07-30,Open,37,20,"J. Farrow, Trading Ops",2026-08-19,,True,Medium
9000354,TC-01,112998,2026-07,ALLOC_LATE,Allocated 116 min after execution (limit 30 min),2026-07-30,Closed,37,20,"J. Farrow, Trading Ops",2026-08-19,2026-08-17,False,Medium
9000355,TC-01,113010,2026-07,ALLOC_LATE,Allocated 114 min after execution (limit 30 min),2026-07-30,Closed,37,20,"J. Farrow, Trading Ops",2026-08-19,2026-08-27,True,Medium
9000356,TC-01,113011,2026-07,ALLOC_LATE,Allocated 205 min after execution (limit 30 min),2026-07-30,Closed,37,20,"J. Farrow, Trading Ops",2026-08-19,2026-08-08,False,Medium
9000357,TC-01,113012,2026-07,ALLOC_LATE,Allocated 202 min after execution (limit 30 min),2026-07-30,Closed,37,20,"J. Farrow, Trading Ops",2026-08-19,2026-08-16,False,Medium
9000358,TC-01,113042,2026-07,ALLOC_LATE,Allocated 229 min after execution (limit 30 min),2026-07-31,Closed,36,20,"J. Farrow, Trading Ops",2026-08-20,2026-09-05,True,Medium
9000359,TC-01,113048,2026-07,ALLOC_LATE,Allocated 63 min after execution (limit 30 min),2026-07-31,Closed,36,20,"J. Farrow, Trading Ops",2026-08-20,2026-08-31,True,Medium
9000360,TC-01,113075,2026-07,ALLOC_LATE,Allocated 75 min after execution (limit 30 min),2026-07-31,Closed,36,20,"J. Farrow, Trading Ops",2026-08-20,2026-08-12,False,Medium
9000361,TC-01,113079,2026-08,ALLOC_LATE,Allocated 55 min after execution (limit 30 min),2026-08-03,Closed,33,20,"J. Farrow, Trading Ops",2026-08-23,2026-09-03,True,Medium
9000362,TC-01,113082,2026-08,ALLOC_LATE,Allocated 214 min after execution (limit 30 min),2026-08-03,Closed,33,20,"J. Farrow, Trading Ops",2026-08-23,2026-09-01,True,Medium
9000363,TC-01,113084,2026-08,ALLOC_LATE,Allocated 99 min after execution (limit 30 min),2026-08-03,Closed,33,20,"J. Farrow, Trading Ops",2026-08-23,2026-08-28,True,Medium
9000364,TC-01,113095,2026-08,ALLOC_LATE,Allocated 59 min after execution (limit 30 min),2026-08-03,Closed,33,20,"J. Farrow, Trading Ops",2026-08-23,2026-08-25,True,Medium
9000365,TC-01,113097,2026-08,ALLOC_LATE,Allocated 193 min after execution (limit 30 min),2026-08-03,Closed,33,20,"J. Farrow, Trading Ops",2026-08-23,2026-08-24,True,Medium
9000366,TC-01,113104,2026-08,ALLOC_LATE,Allocated 94 min after execution (limit 30 min),2026-08-03,Closed,33,20,"J. Farrow, Trading Ops",2026-08-23,2026-08-15,False,Medium
9000367,TC-01,113106,2026-08,ALLOC_LATE,Allocated 239 min after execution (limit 30 min),2026-08-03,Open,33,20,"J. Farrow, Trading Ops",2026-08-23,,True,Medium
9000368,TC-01,113122,2026-08,ALLOC_LATE,Allocated 145 min after execution (limit 30 min),2026-08-03,Closed,33,20,"J. Farrow, Trading Ops",2026-08-23,2026-08-28,True,Medium
9000369,TC-01,113123,2026-08,ALLOC_LATE,Allocated 236 min after execution (limit 30 min),2026-08-03,Open,33,20,"J. Farrow, Trading Ops",2026-08-23,,True,Medium
9000370,TC-01,113130,2026-08,ALLOC_LATE,Allocated 206 min after execution (limit 30 min),2026-08-04,Closed,32,20,"J. Farrow, Trading Ops",2026-08-24,2026-09-05,True,Medium
9000371,TC-01,113142,2026-08,ALLOC_LATE,Allocated 76 min after execution (limit 30 min),2026-08-04,Closed,32,20,"J. Farrow, Trading Ops",2026-08-24,2026-08-21,False,Medium
9000372,TC-01,113146,2026-08,ALLOC_LATE,Allocated 140 min after execution (limit 30 min),2026-08-04,Closed,32,20,"J. Farrow, Trading Ops",2026-08-24,2026-08-05,False,Medium
9000373,TC-01,113162,2026-08,ALLOC_LATE,Allocated 222 min after execution (limit 30 min),2026-08-04,Closed,32,20,"J. Farrow, Trading Ops",2026-08-24,2026-08-21,False,Medium
9000374,TC-01,113168,2026-08,ALLOC_LATE,Allocated 198 min after execution (limit 30 min),2026-08-04,Closed,32,20,"J. Farrow, Trading Ops",2026-08-24,2026-08-25,True,Medium
9000375,TC-01,113170,2026-08,ALLOC_LATE,Allocated 96 min after execution (limit 30 min),2026-08-04,Closed,32,20,"J. Farrow, Trading Ops",2026-08-24,2026-08-26,True,Medium
9000376,TC-01,113173,2026-08,ALLOC_LATE,Allocated 56 min after execution (limit 30 min),2026-08-04,Closed,32,20,"J. Farrow, Trading Ops",2026-08-24,2026-08-24,False,Medium
9000377,TC-01,113180,2026-08,ALLOC_LATE,Allocated 228 min after execution (limit 30 min),2026-08-05,Closed,31,20,"J. Farrow, Trading Ops",2026-08-25,2026-08-18,False,Medium
9000378,TC-01,113184,2026-08,ALLOC_LATE,Allocated 204 min after execution (limit 30 min),2026-08-05,Closed,31,20,"J. Farrow, Trading Ops",2026-08-25,2026-09-05,True,Medium
9000379,TC-01,113193,2026-08,ALLOC_LATE,Allocated 64 min after execution (limit 30 min),2026-08-05,Closed,31,20,"J. Farrow, Trading Ops",2026-08-25,2026-08-19,False,Medium
9000380,TC-01,113194,2026-08,ALLOC_LATE,Allocated 191 min after execution (limit 30 min),2026-08-05,Closed,31,20,"J. Farrow, Trading Ops",2026-08-25,2026-08-30,True,Medium
9000381,TC-01,113199,2026-08,ALLOC_LATE,Allocated 105 min after execution (limit 30 min),2026-08-05,Open,31,20,"J. Farrow, Trading Ops",2026-08-25,,True,Medium
9000382,TC-01,113202,2026-08,ALLOC_LATE,Allocated 181 min after execution (limit 30 min),2026-08-05,Closed,31,20,"J. Farrow, Trading Ops",2026-08-25,2026-08-15,False,Medium
9000383,TC-01,113208,2026-08,ALLOC_LATE,Allocated 170 min after execution (limit 30 min),2026-08-05,Closed,31,20,"J. Farrow, Trading Ops",2026-08-25,2026-09-05,True,Medium
9000384,TC-01,113211,2026-08,ALLOC_LATE,Allocated 171 min after execution (limit 30 min),2026-08-05,Closed,31,20,"J. Farrow, Trading Ops",2026-08-25,2026-08-06,False,Medium
9000385,TC-01,113213,2026-08,ALLOC_LATE,Allocated 175 min after execution (limit 30 min),2026-08-05,Closed,31,20,"J. Farrow, Trading Ops",2026-08-25,2026-08-17,False,Medium
9000386,TC-01,113218,2026-08,ALLOC_LATE,Allocated 182 min after execution (limit 30 min),2026-08-05,Closed,31,20,"J. Farrow, Trading Ops",2026-08-25,2026-08-28,True,Medium
9000387,TC-01,113225,2026-08,ALLOC_LATE,Allocated 109 min after execution (limit 30 min),2026-08-05,Closed,31,20,"J. Farrow, Trading Ops",2026-08-25,2026-08-21,False,Medium
9000388,TC-01,113238,2026-08,ALLOC_LATE,Allocated 95 min after execution (limit 30 min),2026-08-06,Closed,30,20,"J. Farrow, Trading Ops",2026-08-26,2026-08-31,True,Medium
9000389,TC-01,113239,2026-08,ALLOC_LATE,Allocated 176 min after execution (limit 30 min),2026-08-06,Open,30,20,"J. Farrow, Trading Ops",2026-08-26,,True,Medium
9000390,TC-01,113241,2026-08,ALLOC_LATE,Allocated 163 min after execution (limit 30 min),2026-08-06,Closed,30,20,"J. Farrow, Trading Ops",2026-08-26,2026-08-22,False,Medium
9000391,TC-01,113249,2026-08,ALLOC_LATE,Allocated 94 min after execution (limit 30 min),2026-08-06,Closed,30,20,"J. Farrow, Trading Ops",2026-08-26,2026-09-05,True,Medium
9000392,TC-01,113259,2026-08,ALLOC_LATE,Allocated 230 min after execution (limit 30 min),2026-08-06,Closed,30,20,"J. Farrow, Trading Ops",2026-08-26,2026-08-24,False,Medium
9000393,TC-01,113261,2026-08,ALLOC_LATE,Allocated 130 min after execution (limit 30 min),2026-08-06,Open,30,20,"J. Farrow, Trading Ops",2026-08-26,,True,Medium
9000394,TC-01,113262,2026-08,ALLOC_LATE,Allocated 84 min after execution (limit 30 min),2026-08-06,Closed,30,20,"J. Farrow, Trading Ops",2026-08-26,2026-08-17,False,Medium
9000395,TC-01,113270,2026-08,ALLOC_LATE,Allocated 222 min after execution (limit 30 min),2026-08-06,Closed,30,20,"J. Farrow, Trading Ops",2026-08-26,2026-08-19,False,Medium
9000396,TC-01,113271,2026-08,ALLOC_LATE,Allocated 238 min after execution (limit 30 min),2026-08-06,Closed,30,20,"J. Farrow, Trading Ops",2026-08-26,2026-08-31,True,Medium
9000397,TC-01,113279,2026-08,ALLOC_LATE,Allocated 95 min after execution (limit 30 min),2026-08-06,Open,30,20,"J. Farrow, Trading Ops",2026-08-26,,True,Medium
9000398,TC-01,113286,2026-08,ALLOC_LATE,Allocated 176 min after execution (limit 30 min),2026-08-06,Closed,30,20,"J. Farrow, Trading Ops",2026-08-26,2026-08-25,False,Medium
9000399,TC-01,113310,2026-08,ALLOC_LATE,Allocated 195 min after execution (limit 30 min),2026-08-07,Closed,29,20,"J. Farrow, Trading Ops",2026-08-27,2026-08-21,False,Medium
9000400,TC-01,113314,2026-08,ALLOC_LATE,Allocated 87 min after execution (limit 30 min),2026-08-07,Closed,29,20,"J. Farrow, Trading Ops",2026-08-27,2026-09-01,True,Medium
9000401,TC-01,113322,2026-08,ALLOC_LATE,Allocated 186 min after execution (limit 30 min),2026-08-07,Closed,29,20,"J. Farrow, Trading Ops",2026-08-27,2026-08-13,False,Medium
9000402,TC-01,113335,2026-08,ALLOC_LATE,Allocated 218 min after execution (limit 30 min),2026-08-10,Closed,26,20,"J. Farrow, Trading Ops",2026-08-30,2026-08-27,False,Medium
9000403,TC-01,113344,2026-08,ALLOC_LATE,Allocated 217 min after execution (limit 30 min),2026-08-10,Open,26,20,"J. Farrow, Trading Ops",2026-08-30,,True,Medium
9000404,TC-01,113349,2026-08,ALLOC_LATE,Allocated 192 min after execution (limit 30 min),2026-08-10,Closed,26,20,"J. Farrow, Trading Ops",2026-08-30,2026-08-23,False,Medium
9000405,TC-01,113355,2026-08,ALLOC_LATE,Allocated 149 min after execution (limit 30 min),2026-08-10,Closed,26,20,"J. Farrow, Trading Ops",2026-08-30,2026-08-31,True,Medium
9000406,TC-01,113363,2026-08,ALLOC_LATE,Allocated 184 min after execution (limit 30 min),2026-08-10,Open,26,20,"J. Farrow, Trading Ops",2026-08-30,,True,Medium
9000407,TC-01,113364,2026-08,ALLOC_LATE,Allocated 54 min after execution (limit 30 min),2026-08-10,Open,26,20,"J. Farrow, Trading Ops",2026-08-30,,True,Medium
9000408,TC-01,113368,2026-08,ALLOC_LATE,Allocated 54 min after execution (limit 30 min),2026-08-10,Open,26,20,"J. Farrow, Trading Ops",2026-08-30,,True,Medium
9000409,TC-01,113372,2026-08,ALLOC_LATE,Allocated 237 min after execution (limit 30 min),2026-08-10,Closed,26,20,"J. Farrow, Trading Ops",2026-08-30,2026-09-04,True,Medium
9000410,TC-01,113374,2026-08,ALLOC_LATE,Allocated 118 min after execution (limit 30 min),2026-08-10,Closed,26,20,"J. Farrow, Trading Ops",2026-08-30,2026-09-05,True,Medium
9000411,TC-01,113375,2026-08,ALLOC_LATE,Allocated 83 min after execution (limit 30 min),2026-08-10,Closed,26,20,"J. Farrow, Trading Ops",2026-08-30,2026-08-30,False,Medium
9000412,TC-01,113381,2026-08,ALLOC_LATE,Allocated 142 min after execution (limit 30 min),2026-08-11,Closed,25,20,"J. Farrow, Trading Ops",2026-08-31,2026-09-05,True,Medium
9000413,TC-01,113387,2026-08,ALLOC_LATE,Allocated 197 min after execution (limit 30 min),2026-08-11,Open,25,20,"J. Farrow, Trading Ops",2026-08-31,,True,Medium
9000414,TC-01,113404,2026-08,ALLOC_LATE,Allocated 131 min after execution (limit 30 min),2026-08-11,Open,25,20,"J. Farrow, Trading Ops",2026-08-31,,True,Medium
9000415,TC-01,113409,2026-08,ALLOC_LATE,Allocated 94 min after execution (limit 30 min),2026-08-11,Open,25,20,"J. Farrow, Trading Ops",2026-08-31,,True,Medium
9000416,TC-01,113413,2026-08,ALLOC_LATE,Allocated 176 min after execution (limit 30 min),2026-08-11,Closed,25,20,"J. Farrow, Trading Ops",2026-08-31,2026-08-29,False,Medium
9000417,TC-01,113416,2026-08,ALLOC_LATE,Allocated 108 min after execution (limit 30 min),2026-08-11,Closed,25,20,"J. Farrow, Trading Ops",2026-08-31,2026-09-01,True,Medium
9000418,TC-01,113426,2026-08,ALLOC_LATE,Allocated 151 min after execution (limit 30 min),2026-08-11,Closed,25,20,"J. Farrow, Trading Ops",2026-08-31,2026-08-30,False,Medium
9000419,TC-01,113450,2026-08,ALLOC_LATE,Allocated 167 min after execution (limit 30 min),2026-08-12,Closed,24,20,"J. Farrow, Trading Ops",2026-09-01,2026-08-13,False,Medium
9000420,TC-01,113451,2026-08,ALLOC_LATE,Allocated 128 min after execution (limit 30 min),2026-08-12,Closed,24,20,"J. Farrow, Trading Ops",2026-09-01,2026-08-20,False,Medium
9000421,TC-01,113456,2026-08,ALLOC_LATE,Allocated 150 min after execution (limit 30 min),2026-08-12,Closed,24,20,"J. Farrow, Trading Ops",2026-09-01,2026-09-01,False,Medium
9000422,TC-01,113457,2026-08,ALLOC_LATE,Allocated 53 min after execution (limit 30 min),2026-08-12,Closed,24,20,"J. Farrow, Trading Ops",2026-09-01,2026-09-05,True,Medium
9000423,TC-01,113460,2026-08,ALLOC_LATE,Allocated 72 min after execution (limit 30 min),2026-08-12,Closed,24,20,"J. Farrow, Trading Ops",2026-09-01,2026-08-27,False,Medium
9000424,TC-01,113462,2026-08,ALLOC_LATE,Allocated 137 min after execution (limit 30 min),2026-08-12,Closed,24,20,"J. Farrow, Trading Ops",2026-09-01,2026-09-05,True,Medium
9000425,TC-01,113471,2026-08,ALLOC_LATE,Allocated 182 min after execution (limit 30 min),2026-08-12,Open,24,20,"J. Farrow, Trading Ops",2026-09-01,,True,Medium
9000426,TC-01,113477,2026-08,ALLOC_LATE,Allocated 98 min after execution (limit 30 min),2026-08-12,Closed,24,20,"J. Farrow, Trading Ops",2026-09-01,2026-08-28,False,Medium
9000427,TC-01,113500,2026-08,ALLOC_LATE,Allocated 86 min after execution (limit 30 min),2026-08-13,Closed,23,20,"J. Farrow, Trading Ops",2026-09-02,2026-09-05,True,Medium
9000428,TC-01,113527,2026-08,ALLOC_LATE,Allocated 108 min after execution (limit 30 min),2026-08-13,Open,23,20,"J. Farrow, Trading Ops",2026-09-02,,True,Medium
9000429,TC-01,113529,2026-08,ALLOC_LATE,Allocated 88 min after execution (limit 30 min),2026-08-13,Open,23,20,"J. Farrow, Trading Ops",2026-09-02,,True,Medium
9000430,TC-01,113545,2026-08,ALLOC_LATE,Allocated 159 min after execution (limit 30 min),2026-08-13,Open,23,20,"J. Farrow, Trading Ops",2026-09-02,,True,Medium
9000431,TC-01,113581,2026-08,ALLOC_LATE,Allocated 144 min after execution (limit 30 min),2026-08-14,Open,22,20,"J. Farrow, Trading Ops",2026-09-03,,True,Medium
9000432,TC-01,113585,2026-08,ALLOC_LATE,Allocated 79 min after execution (limit 30 min),2026-08-14,Open,22,20,"J. Farrow, Trading Ops",2026-09-03,,True,Medium
9000433,TC-01,113601,2026-08,ALLOC_LATE,Allocated 198 min after execution (limit 30 min),2026-08-14,Closed,22,20,"J. Farrow, Trading Ops",2026-09-03,2026-08-30,False,Medium
9000434,TC-01,113606,2026-08,ALLOC_LATE,Allocated 129 min after execution (limit 30 min),2026-08-14,Open,22,20,"J. Farrow, Trading Ops",2026-09-03,,True,Medium
9000435,TC-01,113609,2026-08,ALLOC_LATE,Allocated 160 min after execution (limit 30 min),2026-08-14,Closed,22,20,"J. Farrow, Trading Ops",2026-09-03,2026-08-29,False,Medium
9000436,TC-01,113612,2026-08,ALLOC_LATE,Allocated 171 min after execution (limit 30 min),2026-08-17,Open,19,20,"J. Farrow, Trading Ops",2026-09-06,,False,Medium
9000437,TC-01,113614,2026-08,ALLOC_LATE,Allocated 176 min after execution (limit 30 min),2026-08-17,Open,19,20,"J. Farrow, Trading Ops",2026-09-06,,False,Medium
9000438,TC-01,113615,2026-08,ALLOC_LATE,Allocated 88 min after execution (limit 30 min),2026-08-17,Closed,19,20,"J. Farrow, Trading Ops",2026-09-06,2026-09-05,False,Medium
9000439,TC-01,113616,2026-08,ALLOC_LATE,Allocated 147 min after execution (limit 30 min),2026-08-17,Open,19,20,"J. Farrow, Trading Ops",2026-09-06,,False,Medium
9000440,TC-01,113617,2026-08,ALLOC_LATE,Allocated 198 min after execution (limit 30 min),2026-08-17,Closed,19,20,"J. Farrow, Trading Ops",2026-09-06,2026-08-30,False,Medium
9000441,TC-01,113622,2026-08,ALLOC_LATE,Allocated 177 min after execution (limit 30 min),2026-08-17,Closed,19,20,"J. Farrow, Trading Ops",2026-09-06,2026-09-04,False,Medium
9000442,TC-01,113629,2026-08,ALLOC_LATE,Allocated 120 min after execution (limit 30 min),2026-08-17,Open,19,20,"J. Farrow, Trading Ops",2026-09-06,,False,Medium
9000443,TC-01,113630,2026-08,ALLOC_LATE,Allocated 85 min after execution (limit 30 min),2026-08-17,Open,19,20,"J. Farrow, Trading Ops",2026-09-06,,False,Medium
9000444,TC-01,113642,2026-08,ALLOC_LATE,Allocated 224 min after execution (limit 30 min),2026-08-17,Closed,19,20,"J. Farrow, Trading Ops",2026-09-06,2026-09-05,False,Medium
9000445,TC-01,113649,2026-08,ALLOC_LATE,Allocated 203 min after execution (limit 30 min),2026-08-17,Closed,19,20,"J. Farrow, Trading Ops",2026-09-06,2026-09-04,False,Medium
9000446,TC-01,113658,2026-08,ALLOC_LATE,Allocated 101 min after execution (limit 30 min),2026-08-17,Open,19,20,"J. Farrow, Trading Ops",2026-09-06,,False,Medium
9000447,TC-01,113660,2026-08,ALLOC_LATE,Allocated 92 min after execution (limit 30 min),2026-08-17,Open,19,20,"J. Farrow, Trading Ops",2026-09-06,,False,Medium
9000448,TC-01,113666,2026-08,ALLOC_LATE,Allocated 167 min after execution (limit 30 min),2026-08-17,Closed,19,20,"J. Farrow, Trading Ops",2026-09-06,2026-09-05,False,Medium
9000449,TC-01,113674,2026-08,ALLOC_LATE,Allocated 162 min after execution (limit 30 min),2026-08-17,Open,19,20,"J. Farrow, Trading Ops",2026-09-06,,False,Medium
9000450,TC-01,113680,2026-08,ALLOC_LATE,Allocated 183 min after execution (limit 30 min),2026-08-18,Open,18,20,"J. Farrow, Trading Ops",2026-09-07,,False,Medium
9000451,TC-01,113691,2026-08,ALLOC_LATE,Allocated 143 min after execution (limit 30 min),2026-08-18,Open,18,20,"J. Farrow, Trading Ops",2026-09-07,,False,Medium
9000452,TC-01,113692,2026-08,ALLOC_LATE,Allocated 46 min after execution (limit 30 min),2026-08-18,Open,18,20,"J. Farrow, Trading Ops",2026-09-07,,False,Medium
9000453,TC-01,113697,2026-08,ALLOC_LATE,Allocated 115 min after execution (limit 30 min),2026-08-18,Open,18,20,"J. Farrow, Trading Ops",2026-09-07,,False,Medium
9000454,TC-01,113700,2026-08,ALLOC_LATE,Allocated 81 min after execution (limit 30 min),2026-08-18,Open,18,20,"J. Farrow, Trading Ops",2026-09-07,,False,Medium
9000455,TC-01,113714,2026-08,ALLOC_LATE,Allocated 208 min after execution (limit 30 min),2026-08-18,Open,18,20,"J. Farrow, Trading Ops",2026-09-07,,False,Medium
9000456,TC-01,113720,2026-08,ALLOC_LATE,Allocated 68 min after execution (limit 30 min),2026-08-18,Open,18,20,"J. Farrow, Trading Ops",2026-09-07,,False,Medium
9000457,TC-01,113726,2026-08,ALLOC_LATE,Allocated 200 min after execution (limit 30 min),2026-08-18,Closed,18,20,"J. Farrow, Trading Ops",2026-09-07,2026-09-05,False,Medium
9000458,TC-01,113745,2026-08,ALLOC_LATE,Allocated 187 min after execution (limit 30 min),2026-08-19,Open,17,20,"J. Farrow, Trading Ops",2026-09-08,,False,Medium
9000459,TC-01,113760,2026-08,ALLOC_LATE,Allocated 197 min after execution (limit 30 min),2026-08-19,Open,17,20,"J. Farrow, Trading Ops",2026-09-08,,False,Medium
9000460,TC-01,113766,2026-08,ALLOC_LATE,Allocated 222 min after execution (limit 30 min),2026-08-19,Closed,17,20,"J. Farrow, Trading Ops",2026-09-08,2026-09-01,False,Medium
9000461,TC-01,113771,2026-08,ALLOC_LATE,Allocated 196 min after execution (limit 30 min),2026-08-19,Open,17,20,"J. Farrow, Trading Ops",2026-09-08,,False,Medium
9000462,TC-01,113778,2026-08,ALLOC_LATE,Allocated 138 min after execution (limit 30 min),2026-08-19,Open,17,20,"J. Farrow, Trading Ops",2026-09-08,,False,Medium
9000463,TC-01,113788,2026-08,ALLOC_LATE,Allocated 145 min after execution (limit 30 min),2026-08-20,Open,16,20,"J. Farrow, Trading Ops",2026-09-09,,False,Medium
9000464,TC-01,113799,2026-08,ALLOC_LATE,Allocated 227 min after execution (limit 30 min),2026-08-20,Closed,16,20,"J. Farrow, Trading Ops",2026-09-09,2026-09-05,False,Medium
9000465,TC-01,113803,2026-08,ALLOC_LATE,Allocated 190 min after execution (limit 30 min),2026-08-20,Open,16,20,"J. Farrow, Trading Ops",2026-09-09,,False,Medium
9000466,TC-01,113804,2026-08,ALLOC_LATE,Allocated 166 min after execution (limit 30 min),2026-08-20,Open,16,20,"J. Farrow, Trading Ops",2026-09-09,,False,Medium
9000467,TC-01,113808,2026-08,ALLOC_LATE,Allocated 58 min after execution (limit 30 min),2026-08-20,Closed,16,20,"J. Farrow, Trading Ops",2026-09-09,2026-09-05,False,Medium
9000468,TC-01,113810,2026-08,ALLOC_LATE,Allocated 129 min after execution (limit 30 min),2026-08-20,Open,16,20,"J. Farrow, Trading Ops",2026-09-09,,False,Medium
9000469,TC-01,113822,2026-08,ALLOC_LATE,Allocated 141 min after execution (limit 30 min),2026-08-20,Closed,16,20,"J. Farrow, Trading Ops",2026-09-09,2026-09-05,False,Medium
9000470,TC-01,113833,2026-08,ALLOC_LATE,Allocated 154 min after execution (limit 30 min),2026-08-21,Closed,15,20,"J. Farrow, Trading Ops",2026-09-10,2026-09-05,False,Medium
9000471,TC-01,113844,2026-08,ALLOC_LATE,Allocated 131 min after execution (limit 30 min),2026-08-21,Open,15,20,"J. Farrow, Trading Ops",2026-09-10,,False,Medium
9000472,TC-01,113862,2026-08,ALLOC_LATE,Allocated 97 min after execution (limit 30 min),2026-08-21,Closed,15,20,"J. Farrow, Trading Ops",2026-09-10,2026-08-24,False,Medium
9000473,TC-01,113871,2026-08,ALLOC_LATE,Allocated 139 min after execution (limit 30 min),2026-08-21,Open,15,20,"J. Farrow, Trading Ops",2026-09-10,,False,Medium
9000474,TC-01,113873,2026-08,ALLOC_LATE,Allocated 45 min after execution (limit 30 min),2026-08-21,Closed,15,20,"J. Farrow, Trading Ops",2026-09-10,2026-09-05,False,Medium
9000475,TC-01,113878,2026-08,ALLOC_LATE,Allocated 48 min after execution (limit 30 min),2026-08-21,Open,15,20,"J. Farrow, Trading Ops",2026-09-10,,False,Medium
9000476,TC-01,113880,2026-08,ALLOC_LATE,Allocated 108 min after execution (limit 30 min),2026-08-21,Open,15,20,"J. Farrow, Trading Ops",2026-09-10,,False,Medium
9000477,TC-01,113901,2026-08,ALLOC_LATE,Allocated 229 min after execution (limit 30 min),2026-08-24,Closed,12,20,"J. Farrow, Trading Ops",2026-09-13,2026-09-05,False,Medium
9000478,TC-01,113908,2026-08,ALLOC_LATE,Allocated 140 min after execution (limit 30 min),2026-08-24,Closed,12,20,"J. Farrow, Trading Ops",2026-09-13,2026-09-05,False,Medium
9000479,TC-01,113909,2026-08,ALLOC_LATE,Allocated 173 min after execution (limit 30 min),2026-08-24,Closed,12,20,"J. Farrow, Trading Ops",2026-09-13,2026-09-05,False,Medium
9000480,TC-01,113919,2026-08,ALLOC_LATE,Allocated 124 min after execution (limit 30 min),2026-08-24,Open,12,20,"J. Farrow, Trading Ops",2026-09-13,,False,Medium
9000481,TC-01,113921,2026-08,ALLOC_LATE,Allocated 203 min after execution (limit 30 min),2026-08-24,Closed,12,20,"J. Farrow, Trading Ops",2026-09-13,2026-09-05,False,Medium
9000482,TC-01,113922,2026-08,ALLOC_LATE,Allocated 173 min after execution (limit 30 min),2026-08-24,Open,12,20,"J. Farrow, Trading Ops",2026-09-13,,False,Medium
9000483,TC-01,113927,2026-08,ALLOC_LATE,Allocated 129 min after execution (limit 30 min),2026-08-24,Closed,12,20,"J. Farrow, Trading Ops",2026-09-13,2026-09-05,False,Medium
9000484,TC-01,113941,2026-08,ALLOC_LATE,Allocated 184 min after execution (limit 30 min),2026-08-24,Closed,12,20,"J. Farrow, Trading Ops",2026-09-13,2026-09-05,False,Medium
9000485,TC-01,113945,2026-08,ALLOC_LATE,Allocated 192 min after execution (limit 30 min),2026-08-24,Closed,12,20,"J. Farrow, Trading Ops",2026-09-13,2026-09-05,False,Medium
9000486,TC-01,113950,2026-08,ALLOC_LATE,Allocated 55 min after execution (limit 30 min),2026-08-24,Open,12,20,"J. Farrow, Trading Ops",2026-09-13,,False,Medium
9000487,TC-01,113952,2026-08,ALLOC_LATE,Allocated 47 min after execution (limit 30 min),2026-08-24,Closed,12,20,"J. Farrow, Trading Ops",2026-09-13,2026-09-05,False,Medium
9000488,TC-01,113953,2026-08,ALLOC_LATE,Allocated 135 min after execution (limit 30 min),2026-08-24,Open,12,20,"J. Farrow, Trading Ops",2026-09-13,,False,Medium
9000489,TC-01,113974,2026-08,ALLOC_LATE,Allocated 130 min after execution (limit 30 min),2026-08-25,Open,11,20,"J. Farrow, Trading Ops",2026-09-14,,False,Medium
9000490,TC-01,113976,2026-08,ALLOC_LATE,Allocated 187 min after execution (limit 30 min),2026-08-25,Closed,11,20,"J. Farrow, Trading Ops",2026-09-14,2026-09-05,False,Medium
9000491,TC-01,113982,2026-08,ALLOC_LATE,Allocated 181 min after execution (limit 30 min),2026-08-25,Closed,11,20,"J. Farrow, Trading Ops",2026-09-14,2026-09-05,False,Medium
9000492,TC-01,113992,2026-08,ALLOC_LATE,Allocated 77 min after execution (limit 30 min),2026-08-25,Open,11,20,"J. Farrow, Trading Ops",2026-09-14,,False,Medium
9000493,TC-01,114001,2026-08,ALLOC_LATE,Allocated 118 min after execution (limit 30 min),2026-08-25,Open,11,20,"J. Farrow, Trading Ops",2026-09-14,,False,Medium
9000494,TC-01,114002,2026-08,ALLOC_LATE,Allocated 224 min after execution (limit 30 min),2026-08-25,Open,11,20,"J. Farrow, Trading Ops",2026-09-14,,False,Medium
9000495,TC-01,114003,2026-08,ALLOC_LATE,Allocated 158 min after execution (limit 30 min),2026-08-25,Open,11,20,"J. Farrow, Trading Ops",2026-09-14,,False,Medium
9000496,TC-01,114014,2026-08,ALLOC_LATE,Allocated 157 min after execution (limit 30 min),2026-08-25,Open,11,20,"J. Farrow, Trading Ops",2026-09-14,,False,Medium
9000497,TC-01,114021,2026-08,ALLOC_LATE,Allocated 138 min after execution (limit 30 min),2026-08-26,Open,10,20,"J. Farrow, Trading Ops",2026-09-15,,False,Medium
9000498,TC-01,114026,2026-08,ALLOC_LATE,Allocated 174 min after execution (limit 30 min),2026-08-26,Open,10,20,"J. Farrow, Trading Ops",2026-09-15,,False,Medium
9000499,TC-01,114029,2026-08,ALLOC_LATE,Allocated 61 min after execution (limit 30 min),2026-08-26,Open,10,20,"J. Farrow, Trading Ops",2026-09-15,,False,Medium
9000500,TC-01,114042,2026-08,ALLOC_LATE,Allocated 116 min after execution (limit 30 min),2026-08-26,Open,10,20,"J. Farrow, Trading Ops",2026-09-15,,False,Medium
9000501,TC-01,114063,2026-08,ALLOC_LATE,Allocated 187 min after execution (limit 30 min),2026-08-26,Open,10,20,"J. Farrow, Trading Ops",2026-09-15,,False,Medium
9000502,TC-01,114065,2026-08,ALLOC_LATE,Allocated 161 min after execution (limit 30 min),2026-08-26,Open,10,20,"J. Farrow, Trading Ops",2026-09-15,,False,Medium
9000503,TC-01,114070,2026-08,ALLOC_LATE,Allocated 175 min after execution (limit 30 min),2026-08-27,Open,9,20,"J. Farrow, Trading Ops",2026-09-16,,False,Medium
9000504,TC-01,114071,2026-08,ALLOC_LATE,Allocated 161 min after execution (limit 30 min),2026-08-27,Open,9,20,"J. Farrow, Trading Ops",2026-09-16,,False,Medium
9000505,TC-01,114094,2026-08,ALLOC_LATE,Allocated 50 min after execution (limit 30 min),2026-08-27,Open,9,20,"J. Farrow, Trading Ops",2026-09-16,,False,Medium
9000506,TC-01,114095,2026-08,ALLOC_LATE,Allocated 232 min after execution (limit 30 min),2026-08-27,Closed,9,20,"J. Farrow, Trading Ops",2026-09-16,2026-09-05,False,Medium
9000507,TC-01,114104,2026-08,ALLOC_LATE,Allocated 100 min after execution (limit 30 min),2026-08-27,Open,9,20,"J. Farrow, Trading Ops",2026-09-16,,False,Medium
9000508,TC-01,114112,2026-08,ALLOC_LATE,Allocated 87 min after execution (limit 30 min),2026-08-27,Open,9,20,"J. Farrow, Trading Ops",2026-09-16,,False,Medium
9000509,TC-01,114118,2026-08,ALLOC_LATE,Allocated 211 min after execution (limit 30 min),2026-08-27,Open,9,20,"J. Farrow, Trading Ops",2026-09-16,,False,Medium
9000510,TC-01,114127,2026-08,ALLOC_LATE,Allocated 106 min after execution (limit 30 min),2026-08-28,Open,8,20,"J. Farrow, Trading Ops",2026-09-17,,False,Medium
9000511,TC-01,114139,2026-08,ALLOC_LATE,Allocated 120 min after execution (limit 30 min),2026-08-28,Open,8,20,"J. Farrow, Trading Ops",2026-09-17,,False,Medium
9000512,TC-01,114140,2026-08,ALLOC_LATE,Allocated 157 min after execution (limit 30 min),2026-08-28,Open,8,20,"J. Farrow, Trading Ops",2026-09-17,,False,Medium
9000513,TC-01,114155,2026-08,ALLOC_LATE,Allocated 99 min after execution (limit 30 min),2026-08-28,Open,8,20,"J. Farrow, Trading Ops",2026-09-17,,False,Medium
9000514,TC-01,114158,2026-08,ALLOC_LATE,Allocated 223 min after execution (limit 30 min),2026-08-28,Open,8,20,"J. Farrow, Trading Ops",2026-09-17,,False,Medium
9000515,TC-01,114162,2026-08,ALLOC_LATE,Allocated 144 min after execution (limit 30 min),2026-08-28,Open,8,20,"J. Farrow, Trading Ops",2026-09-17,,False,Medium
9000516,TC-01,114169,2026-08,ALLOC_LATE,Allocated 147 min after execution (limit 30 min),2026-08-28,Open,8,20,"J. Farrow, Trading Ops",2026-09-17,,False,Medium
9000517,TC-01,114171,2026-08,ALLOC_LATE,Allocated 214 min after execution (limit 30 min),2026-08-28,Open,8,20,"J. Farrow, Trading Ops",2026-09-17,,False,Medium
9000518,TC-01,114202,2026-08,ALLOC_LATE,Allocated 150 min after execution (limit 30 min),2026-08-31,Open,5,20,"J. Farrow, Trading Ops",2026-09-20,,False,Medium
9000519,TC-01,114203,2026-08,ALLOC_LATE,Allocated 112 min after execution (limit 30 min),2026-08-31,Closed,5,20,"J. Farrow, Trading Ops",2026-09-20,2026-09-05,False,Medium
9000520,TC-01,114207,2026-08,ALLOC_LATE,Allocated 171 min after execution (limit 30 min),2026-08-31,Closed,5,20,"J. Farrow, Trading Ops",2026-09-20,2026-09-05,False,Medium
9000521,TC-01,114210,2026-08,ALLOC_LATE,Allocated 184 min after execution (limit 30 min),2026-08-31,Open,5,20,"J. Farrow, Trading Ops",2026-09-20,,False,Medium
9000522,TC-01,114212,2026-08,ALLOC_LATE,Allocated 90 min after execution (limit 30 min),2026-08-31,Open,5,20,"J. Farrow, Trading Ops",2026-09-20,,False,Medium
9000523,TC-01,114213,2026-08,ALLOC_LATE,Allocated 189 min after execution (limit 30 min),2026-08-31,Open,5,20,"J. Farrow, Trading Ops",2026-09-20,,False,Medium
9000524,TC-02,100074,2025-09,PRICE_OUTLIER,Execution price deviated -60.7 bps from benchmark (limit 15bps),2025-09-02,Closed,368,15,"J. Farrow, Trading Ops",2025-09-17,2025-09-16,False,Medium
9000525,TC-02,100077,2025-09,PRICE_OUTLIER,Execution price deviated 88.3 bps from benchmark (limit 15bps),2025-09-02,Closed,368,15,"J. Farrow, Trading Ops",2025-09-17,2025-09-27,True,Medium
9000526,TC-02,100161,2025-09,PRICE_OUTLIER,Execution price deviated -65.7 bps from benchmark (limit 15bps),2025-09-03,Closed,367,15,"J. Farrow, Trading Ops",2025-09-18,2025-09-16,False,Medium
9000527,TC-02,100237,2025-09,PRICE_OUTLIER,Execution price deviated -23.8 bps from benchmark (limit 15bps),2025-09-05,Closed,365,15,"J. Farrow, Trading Ops",2025-09-20,2025-09-06,False,Medium
9000528,TC-02,100238,2025-09,PRICE_OUTLIER,Execution price deviated -67.6 bps from benchmark (limit 15bps),2025-09-05,Closed,365,15,"J. Farrow, Trading Ops",2025-09-20,2025-09-25,True,Medium
9000529,TC-02,100257,2025-09,PRICE_OUTLIER,Execution price deviated -55.6 bps from benchmark (limit 15bps),2025-09-05,Closed,365,15,"J. Farrow, Trading Ops",2025-09-20,2025-09-17,False,Medium
9000530,TC-02,100319,2025-09,PRICE_OUTLIER,Execution price deviated -25.0 bps from benchmark (limit 15bps),2025-09-08,Closed,362,15,"J. Farrow, Trading Ops",2025-09-23,2025-09-21,False,Medium
9000531,TC-02,100320,2025-09,PRICE_OUTLIER,Execution price deviated 42.4 bps from benchmark (limit 15bps),2025-09-08,Closed,362,15,"J. Farrow, Trading Ops",2025-09-23,2025-10-02,True,Medium
9000532,TC-02,100428,2025-09,PRICE_OUTLIER,Execution price deviated -30.0 bps from benchmark (limit 15bps),2025-09-10,Closed,360,15,"J. Farrow, Trading Ops",2025-09-25,2025-09-23,False,Medium
9000533,TC-02,100481,2025-09,PRICE_OUTLIER,Execution price deviated 29.8 bps from benchmark (limit 15bps),2025-09-11,Closed,359,15,"J. Farrow, Trading Ops",2025-09-26,2025-10-02,True,Medium
9000534,TC-02,100527,2025-09,PRICE_OUTLIER,Execution price deviated -70.6 bps from benchmark (limit 15bps),2025-09-12,Closed,358,15,"J. Farrow, Trading Ops",2025-09-27,2025-09-26,False,Medium
9000535,TC-02,100609,2025-09,PRICE_OUTLIER,Execution price deviated -62.8 bps from benchmark (limit 15bps),2025-09-15,Closed,355,15,"J. Farrow, Trading Ops",2025-09-30,2025-09-25,False,Medium
9000536,TC-02,100658,2025-09,PRICE_OUTLIER,Execution price deviated 54.2 bps from benchmark (limit 15bps),2025-09-16,Closed,354,15,"J. Farrow, Trading Ops",2025-10-01,2025-10-04,True,Medium
9000537,TC-02,100670,2025-09,PRICE_OUTLIER,Execution price deviated -27.6 bps from benchmark (limit 15bps),2025-09-16,Closed,354,15,"J. Farrow, Trading Ops",2025-10-01,2025-09-27,False,Medium
9000538,TC-02,100824,2025-09,PRICE_OUTLIER,Execution price deviated 75.1 bps from benchmark (limit 15bps),2025-09-19,Closed,351,15,"J. Farrow, Trading Ops",2025-10-04,2025-10-11,True,Medium
9000539,TC-02,100890,2025-09,PRICE_OUTLIER,Execution price deviated 69.5 bps from benchmark (limit 15bps),2025-09-22,Closed,348,15,"J. Farrow, Trading Ops",2025-10-07,2025-10-12,True,Medium
9000540,TC-02,100975,2025-09,PRICE_OUTLIER,Execution price deviated -52.0 bps from benchmark (limit 15bps),2025-09-24,Closed,346,15,"J. Farrow, Trading Ops",2025-10-09,2025-10-09,False,Medium
9000541,TC-02,101007,2025-09,PRICE_OUTLIER,Execution price deviated -86.0 bps from benchmark (limit 15bps),2025-09-25,Closed,345,15,"J. Farrow, Trading Ops",2025-10-10,2025-10-13,True,Medium
9000542,TC-02,101014,2025-09,PRICE_OUTLIER,Execution price deviated 53.4 bps from benchmark (limit 15bps),2025-09-25,Closed,345,15,"J. Farrow, Trading Ops",2025-10-10,2025-10-13,True,Medium
9000543,TC-02,101017,2025-09,PRICE_OUTLIER,Execution price deviated -38.8 bps from benchmark (limit 15bps),2025-09-25,Closed,345,15,"J. Farrow, Trading Ops",2025-10-10,2025-10-08,False,Medium
9000544,TC-02,101123,2025-09,PRICE_OUTLIER,Execution price deviated 38.2 bps from benchmark (limit 15bps),2025-09-29,Closed,341,15,"J. Farrow, Trading Ops",2025-10-14,2025-10-19,True,Medium
9000545,TC-02,101138,2025-09,PRICE_OUTLIER,Execution price deviated -59.4 bps from benchmark (limit 15bps),2025-09-29,Closed,341,15,"J. Farrow, Trading Ops",2025-10-14,2025-10-12,False,Medium
9000546,TC-02,101233,2025-10,PRICE_OUTLIER,Execution price deviated 71.0 bps from benchmark (limit 15bps),2025-10-01,Closed,339,15,"J. Farrow, Trading Ops",2025-10-16,2025-10-19,True,Medium
9000547,TC-02,101294,2025-10,PRICE_OUTLIER,Execution price deviated -48.1 bps from benchmark (limit 15bps),2025-10-02,Closed,338,15,"J. Farrow, Trading Ops",2025-10-17,2025-10-11,False,Medium
9000548,TC-02,101320,2025-10,PRICE_OUTLIER,Execution price deviated 40.5 bps from benchmark (limit 15bps),2025-10-03,Closed,337,15,"J. Farrow, Trading Ops",2025-10-18,2025-10-18,False,Medium
9000549,TC-02,101373,2025-10,PRICE_OUTLIER,Execution price deviated 38.5 bps from benchmark (limit 15bps),2025-10-06,Closed,334,15,"J. Farrow, Trading Ops",2025-10-21,2025-10-23,True,Medium
9000550,TC-02,101522,2025-10,PRICE_OUTLIER,Execution price deviated -65.3 bps from benchmark (limit 15bps),2025-10-08,Closed,332,15,"J. Farrow, Trading Ops",2025-10-23,2025-10-18,False,Medium
9000551,TC-02,101531,2025-10,PRICE_OUTLIER,Execution price deviated -60.7 bps from benchmark (limit 15bps),2025-10-08,Closed,332,15,"J. Farrow, Trading Ops",2025-10-23,2025-10-20,False,Medium
9000552,TC-02,101567,2025-10,PRICE_OUTLIER,Execution price deviated -100.0 bps from benchmark (limit 15bps),2025-10-09,Closed,331,15,"J. Farrow, Trading Ops",2025-10-24,2025-10-20,False,Medium
9000553,TC-02,101583,2025-10,PRICE_OUTLIER,Execution price deviated -42.6 bps from benchmark (limit 15bps),2025-10-09,Closed,331,15,"J. Farrow, Trading Ops",2025-10-24,2025-10-28,True,Medium
9000554,TC-02,101590,2025-10,PRICE_OUTLIER,Execution price deviated 75.2 bps from benchmark (limit 15bps),2025-10-09,Closed,331,15,"J. Farrow, Trading Ops",2025-10-24,2025-10-19,False,Medium
9000555,TC-02,101597,2025-10,PRICE_OUTLIER,Execution price deviated 71.8 bps from benchmark (limit 15bps),2025-10-09,Closed,331,15,"J. Farrow, Trading Ops",2025-10-24,2025-10-26,True,Medium
9000556,TC-02,101609,2025-10,PRICE_OUTLIER,Execution price deviated 79.0 bps from benchmark (limit 15bps),2025-10-10,Closed,330,15,"J. Farrow, Trading Ops",2025-10-25,2025-11-03,True,Medium
9000557,TC-02,101690,2025-10,PRICE_OUTLIER,Execution price deviated 93.0 bps from benchmark (limit 15bps),2025-10-13,Closed,327,15,"J. Farrow, Trading Ops",2025-10-28,2025-10-30,True,Medium
9000558,TC-02,101739,2025-10,PRICE_OUTLIER,Execution price deviated 50.0 bps from benchmark (limit 15bps),2025-10-14,Open,326,15,"J. Farrow, Trading Ops",2025-10-29,,True,Medium
9000559,TC-02,101743,2025-10,PRICE_OUTLIER,Execution price deviated 71.3 bps from benchmark (limit 15bps),2025-10-14,Closed,326,15,"J. Farrow, Trading Ops",2025-10-29,2025-10-29,False,Medium
9000560,TC-02,101756,2025-10,PRICE_OUTLIER,Execution price deviated -21.6 bps from benchmark (limit 15bps),2025-10-14,Closed,326,15,"J. Farrow, Trading Ops",2025-10-29,2025-11-04,True,Medium
9000561,TC-02,101793,2025-10,PRICE_OUTLIER,Execution price deviated 89.3 bps from benchmark (limit 15bps),2025-10-14,Closed,326,15,"J. Farrow, Trading Ops",2025-10-29,2025-10-27,False,Medium
9000562,TC-02,101800,2025-10,PRICE_OUTLIER,Execution price deviated -34.5 bps from benchmark (limit 15bps),2025-10-14,Open,326,15,"J. Farrow, Trading Ops",2025-10-29,,True,Medium
9000563,TC-02,101848,2025-10,PRICE_OUTLIER,Execution price deviated 66.9 bps from benchmark (limit 15bps),2025-10-15,Open,325,15,"J. Farrow, Trading Ops",2025-10-30,,True,Medium
9000564,TC-02,101864,2025-10,PRICE_OUTLIER,Execution price deviated -45.5 bps from benchmark (limit 15bps),2025-10-16,Open,324,15,"J. Farrow, Trading Ops",2025-10-31,,True,Medium
9000565,TC-02,101999,2025-10,PRICE_OUTLIER,Execution price deviated 24.4 bps from benchmark (limit 15bps),2025-10-20,Closed,320,15,"J. Farrow, Trading Ops",2025-11-04,2025-11-02,False,Medium
9000566,TC-02,102025,2025-10,PRICE_OUTLIER,Execution price deviated 97.8 bps from benchmark (limit 15bps),2025-10-20,Closed,320,15,"J. Farrow, Trading Ops",2025-11-04,2025-10-31,False,Medium
9000567,TC-02,102077,2025-10,PRICE_OUTLIER,Execution price deviated -66.0 bps from benchmark (limit 15bps),2025-10-21,Closed,319,15,"J. Farrow, Trading Ops",2025-11-05,2025-11-03,False,Medium
9000568,TC-02,102105,2025-10,PRICE_OUTLIER,Execution price deviated 83.1 bps from benchmark (limit 15bps),2025-10-21,Closed,319,15,"J. Farrow, Trading Ops",2025-11-05,2025-11-05,False,Medium
9000569,TC-02,102178,2025-10,PRICE_OUTLIER,Execution price deviated -64.4 bps from benchmark (limit 15bps),2025-10-23,Closed,317,15,"J. Farrow, Trading Ops",2025-11-07,2025-11-10,True,Medium
9000570,TC-02,102229,2025-10,PRICE_OUTLIER,Execution price deviated 58.3 bps from benchmark (limit 15bps),2025-10-24,Closed,316,15,"J. Farrow, Trading Ops",2025-11-08,2025-11-10,True,Medium
9000571,TC-02,102246,2025-10,PRICE_OUTLIER,Execution price deviated -40.3 bps from benchmark (limit 15bps),2025-10-24,Closed,316,15,"J. Farrow, Trading Ops",2025-11-08,2025-11-06,False,Medium
9000572,TC-02,102261,2025-10,PRICE_OUTLIER,Execution price deviated 60.8 bps from benchmark (limit 15bps),2025-10-24,Closed,316,15,"J. Farrow, Trading Ops",2025-11-08,2025-11-08,False,Medium
9000573,TC-02,102283,2025-10,PRICE_OUTLIER,Execution price deviated 87.8 bps from benchmark (limit 15bps),2025-10-27,Closed,313,15,"J. Farrow, Trading Ops",2025-11-11,2025-11-13,True,Medium
9000574,TC-02,102325,2025-10,PRICE_OUTLIER,Execution price deviated 74.1 bps from benchmark (limit 15bps),2025-10-28,Closed,312,15,"J. Farrow, Trading Ops",2025-11-12,2025-11-02,False,Medium
9000575,TC-02,102333,2025-10,PRICE_OUTLIER,Execution price deviated -50.8 bps from benchmark (limit 15bps),2025-10-28,Closed,312,15,"J. Farrow, Trading Ops",2025-11-12,2025-11-07,False,Medium
9000576,TC-02,102474,2025-10,PRICE_OUTLIER,Execution price deviated 24.1 bps from benchmark (limit 15bps),2025-10-31,Open,309,15,"J. Farrow, Trading Ops",2025-11-15,,True,Medium
9000577,TC-02,102491,2025-10,PRICE_OUTLIER,Execution price deviated -55.4 bps from benchmark (limit 15bps),2025-10-31,Closed,309,15,"J. Farrow, Trading Ops",2025-11-15,2025-11-13,False,Medium
9000578,TC-02,102581,2025-11,PRICE_OUTLIER,Execution price deviated -75.5 bps from benchmark (limit 15bps),2025-11-04,Open,305,15,"J. Farrow, Trading Ops",2025-11-19,,True,Medium
9000579,TC-02,102628,2025-11,PRICE_OUTLIER,Execution price deviated 73.3 bps from benchmark (limit 15bps),2025-11-05,Closed,304,15,"J. Farrow, Trading Ops",2025-11-20,2025-11-18,False,Medium
9000580,TC-02,102678,2025-11,PRICE_OUTLIER,Execution price deviated 56.9 bps from benchmark (limit 15bps),2025-11-05,Closed,304,15,"J. Farrow, Trading Ops",2025-11-20,2025-11-14,False,Medium
9000581,TC-02,102925,2025-11,PRICE_OUTLIER,Execution price deviated 55.9 bps from benchmark (limit 15bps),2025-11-12,Closed,297,15,"J. Farrow, Trading Ops",2025-11-27,2025-12-01,True,Medium
9000582,TC-02,102949,2025-11,PRICE_OUTLIER,Execution price deviated -22.6 bps from benchmark (limit 15bps),2025-11-12,Closed,297,15,"J. Farrow, Trading Ops",2025-11-27,2025-11-28,True,Medium
9000583,TC-02,102977,2025-11,PRICE_OUTLIER,Execution price deviated 57.8 bps from benchmark (limit 15bps),2025-11-13,Closed,296,15,"J. Farrow, Trading Ops",2025-11-28,2025-11-18,False,Medium
9000584,TC-02,103058,2025-11,PRICE_OUTLIER,Execution price deviated 42.0 bps from benchmark (limit 15bps),2025-11-14,Closed,295,15,"J. Farrow, Trading Ops",2025-11-29,2025-11-29,False,Medium
9000585,TC-02,103151,2025-11,PRICE_OUTLIER,Execution price deviated -69.8 bps from benchmark (limit 15bps),2025-11-18,Open,291,15,"J. Farrow, Trading Ops",2025-12-03,,True,Medium
9000586,TC-02,103163,2025-11,PRICE_OUTLIER,Execution price deviated -31.4 bps from benchmark (limit 15bps),2025-11-18,Closed,291,15,"J. Farrow, Trading Ops",2025-12-03,2025-12-13,True,Medium
9000587,TC-02,103282,2025-11,PRICE_OUTLIER,Execution price deviated 78.0 bps from benchmark (limit 15bps),2025-11-21,Closed,288,15,"J. Farrow, Trading Ops",2025-12-06,2025-12-03,False,Medium
9000588,TC-02,103304,2025-11,PRICE_OUTLIER,Execution price deviated -62.2 bps from benchmark (limit 15bps),2025-11-21,Closed,288,15,"J. Farrow, Trading Ops",2025-12-06,2025-12-03,False,Medium
9000589,TC-02,103317,2025-11,PRICE_OUTLIER,Execution price deviated -77.3 bps from benchmark (limit 15bps),2025-11-21,Closed,288,15,"J. Farrow, Trading Ops",2025-12-06,2025-12-06,False,Medium
9000590,TC-02,103446,2025-11,PRICE_OUTLIER,Execution price deviated 48.4 bps from benchmark (limit 15bps),2025-11-26,Closed,283,15,"J. Farrow, Trading Ops",2025-12-11,2025-12-09,False,Medium
9000591,TC-02,103566,2025-11,PRICE_OUTLIER,Execution price deviated -52.5 bps from benchmark (limit 15bps),2025-11-28,Closed,281,15,"J. Farrow, Trading Ops",2025-12-13,2025-12-12,False,Medium
9000592,TC-02,103630,2025-12,PRICE_OUTLIER,Execution price deviated -55.7 bps from benchmark (limit 15bps),2025-12-01,Closed,278,15,"J. Farrow, Trading Ops",2025-12-16,2025-12-25,True,Medium
9000593,TC-02,103668,2025-12,PRICE_OUTLIER,Execution price deviated 57.1 bps from benchmark (limit 15bps),2025-12-02,Closed,277,15,"J. Farrow, Trading Ops",2025-12-17,2025-12-18,True,Medium
9000594,TC-02,103726,2025-12,PRICE_OUTLIER,Execution price deviated -61.4 bps from benchmark (limit 15bps),2025-12-03,Closed,276,15,"J. Farrow, Trading Ops",2025-12-18,2025-12-23,True,Medium
9000595,TC-02,103835,2025-12,PRICE_OUTLIER,Execution price deviated -32.5 bps from benchmark (limit 15bps),2025-12-05,Closed,274,15,"J. Farrow, Trading Ops",2025-12-20,2025-12-26,True,Medium
9000596,TC-02,103877,2025-12,PRICE_OUTLIER,Execution price deviated 21.4 bps from benchmark (limit 15bps),2025-12-08,Closed,271,15,"J. Farrow, Trading Ops",2025-12-23,2025-12-17,False,Medium
9000597,TC-02,103948,2025-12,PRICE_OUTLIER,Execution price deviated -90.6 bps from benchmark (limit 15bps),2025-12-09,Open,270,15,"J. Farrow, Trading Ops",2025-12-24,,True,Medium
9000598,TC-02,103952,2025-12,PRICE_OUTLIER,Execution price deviated 30.8 bps from benchmark (limit 15bps),2025-12-09,Closed,270,15,"J. Farrow, Trading Ops",2025-12-24,2025-12-28,True,Medium
9000599,TC-02,104078,2025-12,PRICE_OUTLIER,Execution price deviated 28.1 bps from benchmark (limit 15bps),2025-12-11,Closed,268,15,"J. Farrow, Trading Ops",2025-12-26,2025-12-31,True,Medium
9000600,TC-02,104098,2025-12,PRICE_OUTLIER,Execution price deviated 80.4 bps from benchmark (limit 15bps),2025-12-12,Closed,267,15,"J. Farrow, Trading Ops",2025-12-27,2025-12-21,False,Medium
9000601,TC-02,104137,2025-12,PRICE_OUTLIER,Execution price deviated 61.4 bps from benchmark (limit 15bps),2025-12-15,Closed,264,15,"J. Farrow, Trading Ops",2025-12-30,2026-01-04,True,Medium
9000602,TC-02,104522,2025-12,PRICE_OUTLIER,Execution price deviated -57.6 bps from benchmark (limit 15bps),2025-12-23,Closed,256,15,"J. Farrow, Trading Ops",2026-01-07,2026-01-09,True,Medium
9000603,TC-02,104541,2025-12,PRICE_OUTLIER,Execution price deviated 51.9 bps from benchmark (limit 15bps),2025-12-24,Closed,255,15,"J. Farrow, Trading Ops",2026-01-08,2026-01-04,False,Medium
9000604,TC-02,104624,2025-12,PRICE_OUTLIER,Execution price deviated 51.9 bps from benchmark (limit 15bps),2025-12-25,Closed,254,15,"J. Farrow, Trading Ops",2026-01-09,2026-01-22,True,Medium
9000605,TC-02,104659,2025-12,PRICE_OUTLIER,Execution price deviated 29.9 bps from benchmark (limit 15bps),2025-12-25,Closed,254,15,"J. Farrow, Trading Ops",2026-01-09,2026-01-12,True,Medium
9000606,TC-02,104723,2025-12,PRICE_OUTLIER,Execution price deviated -33.5 bps from benchmark (limit 15bps),2025-12-26,Closed,253,15,"J. Farrow, Trading Ops",2026-01-10,2026-01-08,False,Medium
9000607,TC-02,104740,2025-12,PRICE_OUTLIER,Execution price deviated -75.4 bps from benchmark (limit 15bps),2025-12-29,Closed,250,15,"J. Farrow, Trading Ops",2026-01-13,2026-01-14,True,Medium
9000608,TC-02,104764,2025-12,PRICE_OUTLIER,Execution price deviated 88.0 bps from benchmark (limit 15bps),2025-12-29,Closed,250,15,"J. Farrow, Trading Ops",2026-01-13,2026-01-18,True,Medium
9000609,TC-02,104863,2025-12,PRICE_OUTLIER,Execution price deviated -42.9 bps from benchmark (limit 15bps),2025-12-31,Closed,248,15,"J. Farrow, Trading Ops",2026-01-15,2026-01-21,True,Medium
9000610,TC-02,104868,2025-12,PRICE_OUTLIER,Execution price deviated -74.6 bps from benchmark (limit 15bps),2025-12-31,Closed,248,15,"J. Farrow, Trading Ops",2026-01-15,2026-01-18,True,Medium
9000611,TC-02,105151,2026-01,PRICE_OUTLIER,Execution price deviated -41.9 bps from benchmark (limit 15bps),2026-01-07,Closed,241,15,"J. Farrow, Trading Ops",2026-01-22,2026-01-29,True,Medium
9000612,TC-02,105152,2026-01,PRICE_OUTLIER,Execution price deviated -56.3 bps from benchmark (limit 15bps),2026-01-07,Closed,241,15,"J. Farrow, Trading Ops",2026-01-22,2026-01-30,True,Medium
9000613,TC-02,105353,2026-01,PRICE_OUTLIER,Execution price deviated 69.2 bps from benchmark (limit 15bps),2026-01-13,Closed,235,15,"J. Farrow, Trading Ops",2026-01-28,2026-01-20,False,Medium
9000614,TC-02,105387,2026-01,PRICE_OUTLIER,Execution price deviated 53.3 bps from benchmark (limit 15bps),2026-01-14,Closed,234,15,"J. Farrow, Trading Ops",2026-01-29,2026-01-26,False,Medium
9000615,TC-02,105523,2026-01,PRICE_OUTLIER,Execution price deviated -32.3 bps from benchmark (limit 15bps),2026-01-16,Open,232,15,"J. Farrow, Trading Ops",2026-01-31,,True,Medium
9000616,TC-02,105539,2026-01,PRICE_OUTLIER,Execution price deviated 70.2 bps from benchmark (limit 15bps),2026-01-16,Closed,232,15,"J. Farrow, Trading Ops",2026-01-31,2026-01-31,False,Medium
9000617,TC-02,105564,2026-01,PRICE_OUTLIER,Execution price deviated -77.2 bps from benchmark (limit 15bps),2026-01-19,Closed,229,15,"J. Farrow, Trading Ops",2026-02-03,2026-02-11,True,Medium
9000618,TC-02,105845,2026-01,PRICE_OUTLIER,Execution price deviated 72.0 bps from benchmark (limit 15bps),2026-01-26,Closed,222,15,"J. Farrow, Trading Ops",2026-02-10,2026-02-14,True,Medium
9000619,TC-02,105929,2026-01,PRICE_OUTLIER,Execution price deviated -55.0 bps from benchmark (limit 15bps),2026-01-27,Closed,221,15,"J. Farrow, Trading Ops",2026-02-11,2026-02-04,False,Medium
9000620,TC-02,105940,2026-01,PRICE_OUTLIER,Execution price deviated 48.7 bps from benchmark (limit 15bps),2026-01-27,Closed,221,15,"J. Farrow, Trading Ops",2026-02-11,2026-02-09,False,Medium
9000621,TC-02,106047,2026-01,PRICE_OUTLIER,Execution price deviated -82.3 bps from benchmark (limit 15bps),2026-01-29,Closed,219,15,"J. Farrow, Trading Ops",2026-02-13,2026-02-19,True,Medium
9000622,TC-02,106174,2026-02,PRICE_OUTLIER,Execution price deviated 22.1 bps from benchmark (limit 15bps),2026-02-03,Closed,214,15,"J. Farrow, Trading Ops",2026-02-18,2026-02-14,False,Medium
9000623,TC-02,106355,2026-02,PRICE_OUTLIER,Execution price deviated 28.0 bps from benchmark (limit 15bps),2026-02-06,Closed,211,15,"J. Farrow, Trading Ops",2026-02-21,2026-02-20,False,Medium
9000624,TC-02,106573,2026-02,PRICE_OUTLIER,Execution price deviated -47.1 bps from benchmark (limit 15bps),2026-02-12,Closed,205,15,"J. Farrow, Trading Ops",2026-02-27,2026-02-28,True,Medium
9000625,TC-02,106632,2026-02,PRICE_OUTLIER,Execution price deviated -89.2 bps from benchmark (limit 15bps),2026-02-13,Closed,204,15,"J. Farrow, Trading Ops",2026-02-28,2026-02-17,False,Medium
9000626,TC-02,106650,2026-02,PRICE_OUTLIER,Execution price deviated -89.1 bps from benchmark (limit 15bps),2026-02-13,Closed,204,15,"J. Farrow, Trading Ops",2026-02-28,2026-03-04,True,Medium
9000627,TC-02,106705,2026-02,PRICE_OUTLIER,Execution price deviated 84.2 bps from benchmark (limit 15bps),2026-02-16,Closed,201,15,"J. Farrow, Trading Ops",2026-03-03,2026-03-05,True,Medium
9000628,TC-02,106822,2026-02,PRICE_OUTLIER,Execution price deviated -74.5 bps from benchmark (limit 15bps),2026-02-18,Closed,199,15,"J. Farrow, Trading Ops",2026-03-05,2026-03-08,True,Medium
9000629,TC-02,106894,2026-02,PRICE_OUTLIER,Execution price deviated 74.7 bps from benchmark (limit 15bps),2026-02-20,Closed,197,15,"J. Farrow, Trading Ops",2026-03-07,2026-03-01,False,Medium
9000630,TC-02,106904,2026-02,PRICE_OUTLIER,Execution price deviated 56.3 bps from benchmark (limit 15bps),2026-02-20,Open,197,15,"J. Farrow, Trading Ops",2026-03-07,,True,Medium
9000631,TC-02,106968,2026-02,PRICE_OUTLIER,Execution price deviated -76.7 bps from benchmark (limit 15bps),2026-02-23,Open,194,15,"J. Farrow, Trading Ops",2026-03-10,,True,Medium
9000632,TC-02,107213,2026-03,PRICE_OUTLIER,Execution price deviated -65.2 bps from benchmark (limit 15bps),2026-03-02,Closed,187,15,"J. Farrow, Trading Ops",2026-03-17,2026-03-18,True,Medium
9000633,TC-02,107301,2026-03,PRICE_OUTLIER,Execution price deviated -64.7 bps from benchmark (limit 15bps),2026-03-03,Closed,186,15,"J. Farrow, Trading Ops",2026-03-18,2026-03-18,False,Medium
9000634,TC-02,107399,2026-03,PRICE_OUTLIER,Execution price deviated 47.9 bps from benchmark (limit 15bps),2026-03-05,Closed,184,15,"J. Farrow, Trading Ops",2026-03-20,2026-03-20,False,Medium
9000635,TC-02,107420,2026-03,PRICE_OUTLIER,Execution price deviated -36.5 bps from benchmark (limit 15bps),2026-03-05,Closed,184,15,"J. Farrow, Trading Ops",2026-03-20,2026-03-30,True,Medium
9000636,TC-02,107630,2026-03,PRICE_OUTLIER,Execution price deviated -73.0 bps from benchmark (limit 15bps),2026-03-11,Closed,178,15,"J. Farrow, Trading Ops",2026-03-26,2026-04-02,True,Medium
9000637,TC-02,107743,2026-03,PRICE_OUTLIER,Execution price deviated 24.6 bps from benchmark (limit 15bps),2026-03-13,Closed,176,15,"J. Farrow, Trading Ops",2026-03-28,2026-03-23,False,Medium
9000638,TC-02,107749,2026-03,PRICE_OUTLIER,Execution price deviated 78.8 bps from benchmark (limit 15bps),2026-03-16,Closed,173,15,"J. Farrow, Trading Ops",2026-03-31,2026-03-27,False,Medium
9000639,TC-02,107761,2026-03,PRICE_OUTLIER,Execution price deviated 41.5 bps from benchmark (limit 15bps),2026-03-16,Closed,173,15,"J. Farrow, Trading Ops",2026-03-31,2026-04-10,True,Medium
9000640,TC-02,107815,2026-03,PRICE_OUTLIER,Execution price deviated 30.5 bps from benchmark (limit 15bps),2026-03-17,Closed,172,15,"J. Farrow, Trading Ops",2026-04-01,2026-03-30,False,Medium
9000641,TC-02,107877,2026-03,PRICE_OUTLIER,Execution price deviated -26.4 bps from benchmark (limit 15bps),2026-03-18,Closed,171,15,"J. Farrow, Trading Ops",2026-04-02,2026-04-10,True,Medium
9000642,TC-02,108091,2026-03,PRICE_OUTLIER,Execution price deviated -57.8 bps from benchmark (limit 15bps),2026-03-24,Closed,165,15,"J. Farrow, Trading Ops",2026-04-08,2026-04-17,True,Medium
9000643,TC-02,108155,2026-03,PRICE_OUTLIER,Execution price deviated 54.1 bps from benchmark (limit 15bps),2026-03-25,Closed,164,15,"J. Farrow, Trading Ops",2026-04-09,2026-04-05,False,Medium
9000644,TC-02,108156,2026-03,PRICE_OUTLIER,Execution price deviated 48.1 bps from benchmark (limit 15bps),2026-03-25,Closed,164,15,"J. Farrow, Trading Ops",2026-04-09,2026-04-07,False,Medium
9000645,TC-02,108355,2026-03,PRICE_OUTLIER,Execution price deviated 59.7 bps from benchmark (limit 15bps),2026-03-31,Closed,158,15,"J. Farrow, Trading Ops",2026-04-15,2026-04-15,False,Medium
9000646,TC-02,108384,2026-03,PRICE_OUTLIER,Execution price deviated -69.5 bps from benchmark (limit 15bps),2026-03-31,Closed,158,15,"J. Farrow, Trading Ops",2026-04-15,2026-04-09,False,Medium
9000647,TC-02,108441,2026-04,PRICE_OUTLIER,Execution price deviated 86.6 bps from benchmark (limit 15bps),2026-04-01,Closed,157,15,"J. Farrow, Trading Ops",2026-04-16,2026-04-10,False,Medium
9000648,TC-02,108478,2026-04,PRICE_OUTLIER,Execution price deviated -54.3 bps from benchmark (limit 15bps),2026-04-02,Closed,156,15,"J. Farrow, Trading Ops",2026-04-17,2026-04-14,False,Medium
9000649,TC-02,108489,2026-04,PRICE_OUTLIER,Execution price deviated -35.7 bps from benchmark (limit 15bps),2026-04-02,Open,156,15,"J. Farrow, Trading Ops",2026-04-17,,True,Medium
9000650,TC-02,108553,2026-04,PRICE_OUTLIER,Execution price deviated -84.0 bps from benchmark (limit 15bps),2026-04-06,Open,152,15,"J. Farrow, Trading Ops",2026-04-21,,True,Medium
9000651,TC-02,108645,2026-04,PRICE_OUTLIER,Execution price deviated -84.1 bps from benchmark (limit 15bps),2026-04-07,Closed,151,15,"J. Farrow, Trading Ops",2026-04-22,2026-04-20,False,Medium
9000652,TC-02,108657,2026-04,PRICE_OUTLIER,Execution price deviated -86.2 bps from benchmark (limit 15bps),2026-04-08,Closed,150,15,"J. Farrow, Trading Ops",2026-04-23,2026-04-20,False,Medium
9000653,TC-02,108670,2026-04,PRICE_OUTLIER,Execution price deviated -25.2 bps from benchmark (limit 15bps),2026-04-08,Closed,150,15,"J. Farrow, Trading Ops",2026-04-23,2026-04-14,False,Medium
9000654,TC-02,108685,2026-04,PRICE_OUTLIER,Execution price deviated -86.5 bps from benchmark (limit 15bps),2026-04-08,Closed,150,15,"J. Farrow, Trading Ops",2026-04-23,2026-05-02,True,Medium
9000655,TC-02,108721,2026-04,PRICE_OUTLIER,Execution price deviated -24.7 bps from benchmark (limit 15bps),2026-04-09,Closed,149,15,"J. Farrow, Trading Ops",2026-04-24,2026-04-10,False,Medium
9000656,TC-02,108722,2026-04,PRICE_OUTLIER,Execution price deviated -25.2 bps from benchmark (limit 15bps),2026-04-09,Closed,149,15,"J. Farrow, Trading Ops",2026-04-24,2026-04-20,False,Medium
9000657,TC-02,108736,2026-04,PRICE_OUTLIER,Execution price deviated -62.2 bps from benchmark (limit 15bps),2026-04-09,Closed,149,15,"J. Farrow, Trading Ops",2026-04-24,2026-04-27,True,Medium
9000658,TC-02,108766,2026-04,PRICE_OUTLIER,Execution price deviated -88.9 bps from benchmark (limit 15bps),2026-04-10,Closed,148,15,"J. Farrow, Trading Ops",2026-04-25,2026-04-16,False,Medium
9000659,TC-02,108851,2026-04,PRICE_OUTLIER,Execution price deviated 71.0 bps from benchmark (limit 15bps),2026-04-13,Closed,145,15,"J. Farrow, Trading Ops",2026-04-28,2026-05-01,True,Medium
9000660,TC-02,108965,2026-04,PRICE_OUTLIER,Execution price deviated 60.5 bps from benchmark (limit 15bps),2026-04-15,Closed,143,15,"J. Farrow, Trading Ops",2026-04-30,2026-05-07,True,Medium
9000661,TC-02,109249,2026-04,PRICE_OUTLIER,Execution price deviated 23.8 bps from benchmark (limit 15bps),2026-04-23,Closed,135,15,"J. Farrow, Trading Ops",2026-05-08,2026-05-02,False,Medium
9000662,TC-02,109367,2026-04,PRICE_OUTLIER,Execution price deviated 89.8 bps from benchmark (limit 15bps),2026-04-27,Closed,131,15,"J. Farrow, Trading Ops",2026-05-12,2026-05-13,True,Medium
9000663,TC-02,109386,2026-04,PRICE_OUTLIER,Execution price deviated -57.6 bps from benchmark (limit 15bps),2026-04-27,Closed,131,15,"J. Farrow, Trading Ops",2026-05-12,2026-05-05,False,Medium
9000664,TC-02,109707,2026-05,PRICE_OUTLIER,Execution price deviated -64.5 bps from benchmark (limit 15bps),2026-05-05,Closed,123,15,"J. Farrow, Trading Ops",2026-05-20,2026-05-23,True,Medium
9000665,TC-02,109742,2026-05,PRICE_OUTLIER,Execution price deviated 20.4 bps from benchmark (limit 15bps),2026-05-06,Closed,122,15,"J. Farrow, Trading Ops",2026-05-21,2026-05-21,False,Medium
9000666,TC-02,109854,2026-05,PRICE_OUTLIER,Execution price deviated 99.8 bps from benchmark (limit 15bps),2026-05-08,Closed,120,15,"J. Farrow, Trading Ops",2026-05-23,2026-05-24,True,Medium
9000667,TC-02,109922,2026-05,PRICE_OUTLIER,Execution price deviated 46.0 bps from benchmark (limit 15bps),2026-05-12,Closed,116,15,"J. Farrow, Trading Ops",2026-05-27,2026-06-04,True,Medium
9000668,TC-02,109932,2026-05,PRICE_OUTLIER,Execution price deviated 85.6 bps from benchmark (limit 15bps),2026-05-12,Closed,116,15,"J. Farrow, Trading Ops",2026-05-27,2026-05-29,True,Medium
9000669,TC-02,109971,2026-05,PRICE_OUTLIER,Execution price deviated 84.8 bps from benchmark (limit 15bps),2026-05-12,Closed,116,15,"J. Farrow, Trading Ops",2026-05-27,2026-06-04,True,Medium
9000670,TC-02,110017,2026-05,PRICE_OUTLIER,Execution price deviated -96.7 bps from benchmark (limit 15bps),2026-05-13,Closed,115,15,"J. Farrow, Trading Ops",2026-05-28,2026-05-31,True,Medium
9000671,TC-02,110022,2026-05,PRICE_OUTLIER,Execution price deviated -78.9 bps from benchmark (limit 15bps),2026-05-13,Closed,115,15,"J. Farrow, Trading Ops",2026-05-28,2026-05-20,False,Medium
9000672,TC-02,110130,2026-05,PRICE_OUTLIER,Execution price deviated -58.4 bps from benchmark (limit 15bps),2026-05-15,Closed,113,15,"J. Farrow, Trading Ops",2026-05-30,2026-05-31,True,Medium
9000673,TC-02,110178,2026-05,PRICE_OUTLIER,Execution price deviated 75.9 bps from benchmark (limit 15bps),2026-05-18,Closed,110,15,"J. Farrow, Trading Ops",2026-06-02,2026-06-05,True,Medium
9000674,TC-02,110211,2026-05,PRICE_OUTLIER,Execution price deviated 68.6 bps from benchmark (limit 15bps),2026-05-19,Closed,109,15,"J. Farrow, Trading Ops",2026-06-03,2026-05-25,False,Medium
9000675,TC-02,110213,2026-05,PRICE_OUTLIER,Execution price deviated 42.6 bps from benchmark (limit 15bps),2026-05-19,Closed,109,15,"J. Farrow, Trading Ops",2026-06-03,2026-06-11,True,Medium
9000676,TC-02,110242,2026-05,PRICE_OUTLIER,Execution price deviated 56.7 bps from benchmark (limit 15bps),2026-05-19,Closed,109,15,"J. Farrow, Trading Ops",2026-06-03,2026-06-03,False,Medium
9000677,TC-02,110453,2026-05,PRICE_OUTLIER,Execution price deviated 33.3 bps from benchmark (limit 15bps),2026-05-25,Closed,103,15,"J. Farrow, Trading Ops",2026-06-09,2026-06-11,True,Medium
9000678,TC-02,110490,2026-05,PRICE_OUTLIER,Execution price deviated -66.4 bps from benchmark (limit 15bps),2026-05-26,Closed,102,15,"J. Farrow, Trading Ops",2026-06-10,2026-06-04,False,Medium
9000679,TC-02,110563,2026-05,PRICE_OUTLIER,Execution price deviated 25.7 bps from benchmark (limit 15bps),2026-05-27,Open,101,15,"J. Farrow, Trading Ops",2026-06-11,,True,Medium
9000680,TC-02,110579,2026-05,PRICE_OUTLIER,Execution price deviated 88.4 bps from benchmark (limit 15bps),2026-05-28,Closed,100,15,"J. Farrow, Trading Ops",2026-06-12,2026-06-13,True,Medium
9000681,TC-02,110666,2026-05,PRICE_OUTLIER,Execution price deviated 53.8 bps from benchmark (limit 15bps),2026-05-29,Open,99,15,"J. Farrow, Trading Ops",2026-06-13,,True,Medium
9000682,TC-02,110749,2026-06,PRICE_OUTLIER,Execution price deviated -60.8 bps from benchmark (limit 15bps),2026-06-02,Closed,95,15,"J. Farrow, Trading Ops",2026-06-17,2026-06-17,False,Medium
9000683,TC-02,110840,2026-06,PRICE_OUTLIER,Execution price deviated -28.0 bps from benchmark (limit 15bps),2026-06-04,Closed,93,15,"J. Farrow, Trading Ops",2026-06-19,2026-06-06,False,Medium
9000684,TC-02,110962,2026-06,PRICE_OUTLIER,Execution price deviated 74.2 bps from benchmark (limit 15bps),2026-06-08,Closed,89,15,"J. Farrow, Trading Ops",2026-06-23,2026-07-01,True,Medium
9000685,TC-02,110965,2026-06,PRICE_OUTLIER,Execution price deviated -77.2 bps from benchmark (limit 15bps),2026-06-08,Closed,89,15,"J. Farrow, Trading Ops",2026-06-23,2026-06-16,False,Medium
9000686,TC-02,111021,2026-06,PRICE_OUTLIER,Execution price deviated 62.6 bps from benchmark (limit 15bps),2026-06-09,Open,88,15,"J. Farrow, Trading Ops",2026-06-24,,True,Medium
9000687,TC-02,111080,2026-06,PRICE_OUTLIER,Execution price deviated 25.8 bps from benchmark (limit 15bps),2026-06-11,Closed,86,15,"J. Farrow, Trading Ops",2026-06-26,2026-06-20,False,Medium
9000688,TC-02,111158,2026-06,PRICE_OUTLIER,Execution price deviated 72.8 bps from benchmark (limit 15bps),2026-06-12,Open,85,15,"J. Farrow, Trading Ops",2026-06-27,,True,Medium
9000689,TC-02,111258,2026-06,PRICE_OUTLIER,Execution price deviated -84.5 bps from benchmark (limit 15bps),2026-06-16,Closed,81,15,"J. Farrow, Trading Ops",2026-07-01,2026-07-04,True,Medium
9000690,TC-02,111342,2026-06,PRICE_OUTLIER,Execution price deviated 62.5 bps from benchmark (limit 15bps),2026-06-17,Closed,80,15,"J. Farrow, Trading Ops",2026-07-02,2026-06-26,False,Medium
9000691,TC-02,111376,2026-06,PRICE_OUTLIER,Execution price deviated 80.1 bps from benchmark (limit 15bps),2026-06-18,Closed,79,15,"J. Farrow, Trading Ops",2026-07-03,2026-07-04,True,Medium
9000692,TC-02,111382,2026-06,PRICE_OUTLIER,Execution price deviated 32.2 bps from benchmark (limit 15bps),2026-06-18,Open,79,15,"J. Farrow, Trading Ops",2026-07-03,,True,Medium
9000693,TC-02,111467,2026-06,PRICE_OUTLIER,Execution price deviated 70.5 bps from benchmark (limit 15bps),2026-06-19,Closed,78,15,"J. Farrow, Trading Ops",2026-07-04,2026-07-17,True,Medium
9000694,TC-02,111480,2026-06,PRICE_OUTLIER,Execution price deviated -31.6 bps from benchmark (limit 15bps),2026-06-19,Closed,78,15,"J. Farrow, Trading Ops",2026-07-04,2026-07-07,True,Medium
9000695,TC-02,111668,2026-06,PRICE_OUTLIER,Execution price deviated 48.1 bps from benchmark (limit 15bps),2026-06-25,Closed,72,15,"J. Farrow, Trading Ops",2026-07-10,2026-07-21,True,Medium
9000696,TC-02,111724,2026-06,PRICE_OUTLIER,Execution price deviated -67.2 bps from benchmark (limit 15bps),2026-06-26,Closed,71,15,"J. Farrow, Trading Ops",2026-07-11,2026-07-05,False,Medium
9000697,TC-02,111743,2026-06,PRICE_OUTLIER,Execution price deviated 74.5 bps from benchmark (limit 15bps),2026-06-26,Closed,71,15,"J. Farrow, Trading Ops",2026-07-11,2026-07-15,True,Medium
9000698,TC-02,111778,2026-06,PRICE_OUTLIER,Execution price deviated 26.1 bps from benchmark (limit 15bps),2026-06-29,Closed,68,15,"J. Farrow, Trading Ops",2026-07-14,2026-07-08,False,Medium
9000699,TC-02,111808,2026-06,PRICE_OUTLIER,Execution price deviated -36.7 bps from benchmark (limit 15bps),2026-06-29,Closed,68,15,"J. Farrow, Trading Ops",2026-07-14,2026-07-17,True,Medium
9000700,TC-02,111837,2026-06,PRICE_OUTLIER,Execution price deviated 40.8 bps from benchmark (limit 15bps),2026-06-30,Closed,67,15,"J. Farrow, Trading Ops",2026-07-15,2026-07-19,True,Medium
9000701,TC-02,111859,2026-06,PRICE_OUTLIER,Execution price deviated 94.5 bps from benchmark (limit 15bps),2026-06-30,Closed,67,15,"J. Farrow, Trading Ops",2026-07-15,2026-07-05,False,Medium
9000702,TC-02,111983,2026-07,PRICE_OUTLIER,Execution price deviated -99.6 bps from benchmark (limit 15bps),2026-07-03,Closed,64,15,"J. Farrow, Trading Ops",2026-07-18,2026-07-11,False,Medium
9000703,TC-02,111993,2026-07,PRICE_OUTLIER,Execution price deviated -43.8 bps from benchmark (limit 15bps),2026-07-03,Closed,64,15,"J. Farrow, Trading Ops",2026-07-18,2026-07-11,False,Medium
9000704,TC-02,111997,2026-07,PRICE_OUTLIER,Execution price deviated 50.4 bps from benchmark (limit 15bps),2026-07-03,Closed,64,15,"J. Farrow, Trading Ops",2026-07-18,2026-07-09,False,Medium
9000705,TC-02,112121,2026-07,PRICE_OUTLIER,Execution price deviated -56.8 bps from benchmark (limit 15bps),2026-07-07,Closed,60,15,"J. Farrow, Trading Ops",2026-07-22,2026-07-17,False,Medium
9000706,TC-02,112137,2026-07,PRICE_OUTLIER,Execution price deviated -86.6 bps from benchmark (limit 15bps),2026-07-07,Closed,60,15,"J. Farrow, Trading Ops",2026-07-22,2026-07-16,False,Medium
9000707,TC-02,112242,2026-07,PRICE_OUTLIER,Execution price deviated 51.0 bps from benchmark (limit 15bps),2026-07-09,Closed,58,15,"J. Farrow, Trading Ops",2026-07-24,2026-07-15,False,Medium
9000708,TC-02,112277,2026-07,PRICE_OUTLIER,Execution price deviated 33.3 bps from benchmark (limit 15bps),2026-07-10,Closed,57,15,"J. Farrow, Trading Ops",2026-07-25,2026-07-25,False,Medium
9000709,TC-02,112298,2026-07,PRICE_OUTLIER,Execution price deviated 73.9 bps from benchmark (limit 15bps),2026-07-10,Closed,57,15,"J. Farrow, Trading Ops",2026-07-25,2026-07-28,True,Medium
9000710,TC-02,112315,2026-07,PRICE_OUTLIER,Execution price deviated -99.7 bps from benchmark (limit 15bps),2026-07-13,Closed,54,15,"J. Farrow, Trading Ops",2026-07-28,2026-07-20,False,Medium
9000711,TC-02,112419,2026-07,PRICE_OUTLIER,Execution price deviated -77.1 bps from benchmark (limit 15bps),2026-07-15,Closed,52,15,"J. Farrow, Trading Ops",2026-07-30,2026-07-26,False,Medium
9000712,TC-02,112467,2026-07,PRICE_OUTLIER,Execution price deviated 56.1 bps from benchmark (limit 15bps),2026-07-16,Closed,51,15,"J. Farrow, Trading Ops",2026-07-31,2026-07-31,False,Medium
9000713,TC-02,112528,2026-07,PRICE_OUTLIER,Execution price deviated 37.1 bps from benchmark (limit 15bps),2026-07-17,Closed,50,15,"J. Farrow, Trading Ops",2026-08-01,2026-07-30,False,Medium
9000714,TC-02,112739,2026-07,PRICE_OUTLIER,Execution price deviated 84.5 bps from benchmark (limit 15bps),2026-07-24,Closed,43,15,"J. Farrow, Trading Ops",2026-08-08,2026-08-03,False,Medium
9000715,TC-02,113019,2026-07,PRICE_OUTLIER,Execution price deviated 95.3 bps from benchmark (limit 15bps),2026-07-31,Closed,36,15,"J. Farrow, Trading Ops",2026-08-15,2026-08-19,True,Medium
9000716,TC-02,113050,2026-07,PRICE_OUTLIER,Execution price deviated -72.4 bps from benchmark (limit 15bps),2026-07-31,Closed,36,15,"J. Farrow, Trading Ops",2026-08-15,2026-08-20,True,Medium
9000717,TC-02,113157,2026-08,PRICE_OUTLIER,Execution price deviated -58.7 bps from benchmark (limit 15bps),2026-08-04,Closed,32,15,"J. Farrow, Trading Ops",2026-08-19,2026-08-23,True,Medium
9000718,TC-02,113365,2026-08,PRICE_OUTLIER,Execution price deviated 96.5 bps from benchmark (limit 15bps),2026-08-10,Closed,26,15,"J. Farrow, Trading Ops",2026-08-25,2026-08-23,False,Medium
9000719,TC-02,113371,2026-08,PRICE_OUTLIER,Execution price deviated 92.2 bps from benchmark (limit 15bps),2026-08-10,Closed,26,15,"J. Farrow, Trading Ops",2026-08-25,2026-09-05,True,Medium
9000720,TC-02,113454,2026-08,PRICE_OUTLIER,Execution price deviated -23.1 bps from benchmark (limit 15bps),2026-08-12,Closed,24,15,"J. Farrow, Trading Ops",2026-08-27,2026-09-05,True,Medium
9000721,TC-02,113496,2026-08,PRICE_OUTLIER,Execution price deviated 69.9 bps from benchmark (limit 15bps),2026-08-12,Closed,24,15,"J. Farrow, Trading Ops",2026-08-27,2026-08-24,False,Medium
9000722,TC-02,113562,2026-08,PRICE_OUTLIER,Execution price deviated -55.2 bps from benchmark (limit 15bps),2026-08-14,Closed,22,15,"J. Farrow, Trading Ops",2026-08-29,2026-08-28,False,Medium
9000723,TC-02,113617,2026-08,PRICE_OUTLIER,Execution price deviated -70.4 bps from benchmark (limit 15bps),2026-08-17,Closed,19,15,"J. Farrow, Trading Ops",2026-09-01,2026-09-05,True,Medium
9000724,TC-02,113625,2026-08,PRICE_OUTLIER,Execution price deviated 79.7 bps from benchmark (limit 15bps),2026-08-17,Closed,19,15,"J. Farrow, Trading Ops",2026-09-01,2026-08-27,False,Medium
9000725,TC-02,113644,2026-08,PRICE_OUTLIER,Execution price deviated -57.9 bps from benchmark (limit 15bps),2026-08-17,Closed,19,15,"J. Farrow, Trading Ops",2026-09-01,2026-09-03,True,Medium
9000726,TC-02,113647,2026-08,PRICE_OUTLIER,Execution price deviated -75.4 bps from benchmark (limit 15bps),2026-08-17,Closed,19,15,"J. Farrow, Trading Ops",2026-09-01,2026-09-01,False,Medium
9000727,TC-02,113715,2026-08,PRICE_OUTLIER,Execution price deviated -22.6 bps from benchmark (limit 15bps),2026-08-18,Closed,18,15,"J. Farrow, Trading Ops",2026-09-02,2026-08-28,False,Medium
9000728,TC-02,113724,2026-08,PRICE_OUTLIER,Execution price deviated 55.1 bps from benchmark (limit 15bps),2026-08-18,Closed,18,15,"J. Farrow, Trading Ops",2026-09-02,2026-08-31,False,Medium
9000729,TC-02,113725,2026-08,PRICE_OUTLIER,Execution price deviated -90.5 bps from benchmark (limit 15bps),2026-08-18,Open,18,15,"J. Farrow, Trading Ops",2026-09-02,,True,Medium
9000730,TC-02,113728,2026-08,PRICE_OUTLIER,Execution price deviated 89.2 bps from benchmark (limit 15bps),2026-08-18,Closed,18,15,"J. Farrow, Trading Ops",2026-09-02,2026-08-29,False,Medium
9000731,TC-02,113738,2026-08,PRICE_OUTLIER,Execution price deviated -80.0 bps from benchmark (limit 15bps),2026-08-19,Open,17,15,"J. Farrow, Trading Ops",2026-09-03,,True,Medium
9000732,TC-02,113827,2026-08,PRICE_OUTLIER,Execution price deviated -23.3 bps from benchmark (limit 15bps),2026-08-20,Open,16,15,"J. Farrow, Trading Ops",2026-09-04,,True,Medium
9000733,TC-02,113876,2026-08,PRICE_OUTLIER,Execution price deviated -25.5 bps from benchmark (limit 15bps),2026-08-21,Open,15,15,"J. Farrow, Trading Ops",2026-09-05,,False,Medium
9000734,TC-02,114025,2026-08,PRICE_OUTLIER,Execution price deviated 41.0 bps from benchmark (limit 15bps),2026-08-26,Open,10,15,"J. Farrow, Trading Ops",2026-09-10,,False,Medium
9000735,TC-02,114158,2026-08,PRICE_OUTLIER,Execution price deviated -65.1 bps from benchmark (limit 15bps),2026-08-28,Closed,8,15,"J. Farrow, Trading Ops",2026-09-12,2026-09-05,False,Medium
9000736,TC-02,114163,2026-08,PRICE_OUTLIER,Execution price deviated 40.0 bps from benchmark (limit 15bps),2026-08-28,Open,8,15,"J. Farrow, Trading Ops",2026-09-12,,False,Medium
9000737,TC-02,114182,2026-08,PRICE_OUTLIER,Execution price deviated 29.7 bps from benchmark (limit 15bps),2026-08-31,Open,5,15,"J. Farrow, Trading Ops",2026-09-15,,False,Medium
9000738,TC-03,100022,2025-09,ALLOC_UNFAIR,Allocation deviated 5.34 pts from pro-rata entitlement (limit 2pts),2025-09-01,Closed,369,20,"J. Farrow, Trading Ops",2025-09-21,2025-09-29,True,Medium
9000739,TC-03,100037,2025-09,ALLOC_UNFAIR,Allocation deviated 6.48 pts from pro-rata entitlement (limit 2pts),2025-09-01,Closed,369,20,"J. Farrow, Trading Ops",2025-09-21,2025-09-28,True,Medium
9000740,TC-03,100051,2025-09,ALLOC_UNFAIR,Allocation deviated 3.59 pts from pro-rata entitlement (limit 2pts),2025-09-01,Closed,369,20,"J. Farrow, Trading Ops",2025-09-21,2025-09-13,False,Medium
9000741,TC-03,100101,2025-09,ALLOC_UNFAIR,Allocation deviated 4.96 pts from pro-rata entitlement (limit 2pts),2025-09-02,Closed,368,20,"J. Farrow, Trading Ops",2025-09-22,2025-09-25,True,Medium
9000742,TC-03,100158,2025-09,ALLOC_UNFAIR,Allocation deviated 4889.52 pts from pro-rata entitlement (limit 2pts),2025-09-03,Closed,367,20,"J. Farrow, Trading Ops",2025-09-23,2025-09-18,False,Medium
9000743,TC-03,100159,2025-09,ALLOC_UNFAIR,Allocation deviated 6809.98 pts from pro-rata entitlement (limit 2pts),2025-09-03,Closed,367,20,"J. Farrow, Trading Ops",2025-09-23,2025-09-13,False,Medium
9000744,TC-03,100160,2025-09,ALLOC_UNFAIR,Allocation deviated 1921.96 pts from pro-rata entitlement (limit 2pts),2025-09-03,Closed,367,20,"J. Farrow, Trading Ops",2025-09-23,2025-09-13,False,Medium
9000745,TC-03,100216,2025-09,ALLOC_UNFAIR,Allocation deviated 19.68 pts from pro-rata entitlement (limit 2pts),2025-09-04,Closed,366,20,"J. Farrow, Trading Ops",2025-09-24,2025-09-27,True,Medium
9000746,TC-03,100217,2025-09,ALLOC_UNFAIR,Allocation deviated 17.08 pts from pro-rata entitlement (limit 2pts),2025-09-04,Closed,366,20,"J. Farrow, Trading Ops",2025-09-24,2025-10-02,True,Medium
9000747,TC-03,100229,2025-09,ALLOC_UNFAIR,Allocation deviated 2.39 pts from pro-rata entitlement (limit 2pts),2025-09-04,Open,366,20,"J. Farrow, Trading Ops",2025-09-24,,True,Medium
9000748,TC-03,100250,2025-09,ALLOC_UNFAIR,Allocation deviated 3.88 pts from pro-rata entitlement (limit 2pts),2025-09-05,Open,365,20,"J. Farrow, Trading Ops",2025-09-25,,True,Medium
9000749,TC-03,100260,2025-09,ALLOC_UNFAIR,Allocation deviated 8.69 pts from pro-rata entitlement (limit 2pts),2025-09-05,Closed,365,20,"J. Farrow, Trading Ops",2025-09-25,2025-10-06,True,Medium
9000750,TC-03,100266,2025-09,ALLOC_UNFAIR,Allocation deviated 4.2 pts from pro-rata entitlement (limit 2pts),2025-09-05,Closed,365,20,"J. Farrow, Trading Ops",2025-09-25,2025-09-21,False,Medium
9000751,TC-03,100270,2025-09,ALLOC_UNFAIR,Allocation deviated 4.86 pts from pro-rata entitlement (limit 2pts),2025-09-05,Closed,365,20,"J. Farrow, Trading Ops",2025-09-25,2025-09-21,False,Medium
9000752,TC-03,100276,2025-09,ALLOC_UNFAIR,Allocation deviated 7.65 pts from pro-rata entitlement (limit 2pts),2025-09-05,Closed,365,20,"J. Farrow, Trading Ops",2025-09-25,2025-09-24,False,Medium
9000753,TC-03,100307,2025-09,ALLOC_UNFAIR,Allocation deviated 4.36 pts from pro-rata entitlement (limit 2pts),2025-09-08,Closed,362,20,"J. Farrow, Trading Ops",2025-09-28,2025-10-05,True,Medium
9000754,TC-03,100309,2025-09,ALLOC_UNFAIR,Allocation deviated 7.16 pts from pro-rata entitlement (limit 2pts),2025-09-08,Closed,362,20,"J. Farrow, Trading Ops",2025-09-28,2025-09-24,False,Medium
9000755,TC-03,100318,2025-09,ALLOC_UNFAIR,Allocation deviated 3.64 pts from pro-rata entitlement (limit 2pts),2025-09-08,Closed,362,20,"J. Farrow, Trading Ops",2025-09-28,2025-09-19,False,Medium
9000756,TC-03,100322,2025-09,ALLOC_UNFAIR,Allocation deviated 5.78 pts from pro-rata entitlement (limit 2pts),2025-09-08,Closed,362,20,"J. Farrow, Trading Ops",2025-09-28,2025-09-30,True,Medium
9000757,TC-03,100329,2025-09,ALLOC_UNFAIR,Allocation deviated 7.0 pts from pro-rata entitlement (limit 2pts),2025-09-08,Open,362,20,"J. Farrow, Trading Ops",2025-09-28,,True,Medium
9000758,TC-03,100333,2025-09,ALLOC_UNFAIR,Allocation deviated 5.34 pts from pro-rata entitlement (limit 2pts),2025-09-08,Closed,362,20,"J. Farrow, Trading Ops",2025-09-28,2025-09-29,True,Medium
9000759,TC-03,100350,2025-09,ALLOC_UNFAIR,Allocation deviated 34.0 pts from pro-rata entitlement (limit 2pts),2025-09-09,Closed,361,20,"J. Farrow, Trading Ops",2025-09-29,2025-10-08,True,Medium
9000760,TC-03,100351,2025-09,ALLOC_UNFAIR,Allocation deviated 30.19 pts from pro-rata entitlement (limit 2pts),2025-09-09,Closed,361,20,"J. Farrow, Trading Ops",2025-09-29,2025-10-01,True,Medium
9000761,TC-03,100402,2025-09,ALLOC_UNFAIR,Allocation deviated 7.8 pts from pro-rata entitlement (limit 2pts),2025-09-10,Closed,360,20,"J. Farrow, Trading Ops",2025-09-30,2025-10-06,True,Medium
9000762,TC-03,100420,2025-09,ALLOC_UNFAIR,Allocation deviated 7.32 pts from pro-rata entitlement (limit 2pts),2025-09-10,Closed,360,20,"J. Farrow, Trading Ops",2025-09-30,2025-10-03,True,Medium
9000763,TC-03,100443,2025-09,ALLOC_UNFAIR,Allocation deviated 5.78 pts from pro-rata entitlement (limit 2pts),2025-09-10,Closed,360,20,"J. Farrow, Trading Ops",2025-09-30,2025-10-05,True,Medium
9000764,TC-03,100534,2025-09,ALLOC_UNFAIR,Allocation deviated 13.21 pts from pro-rata entitlement (limit 2pts),2025-09-12,Open,358,20,"J. Farrow, Trading Ops",2025-10-02,,True,Medium
9000765,TC-03,100535,2025-09,ALLOC_UNFAIR,Allocation deviated 20.98 pts from pro-rata entitlement (limit 2pts),2025-09-12,Closed,358,20,"J. Farrow, Trading Ops",2025-10-02,2025-09-25,False,Medium
9000766,TC-03,100536,2025-09,ALLOC_UNFAIR,Allocation deviated 8.91 pts from pro-rata entitlement (limit 2pts),2025-09-12,Closed,358,20,"J. Farrow, Trading Ops",2025-10-02,2025-09-30,False,Medium
9000767,TC-03,100584,2025-09,ALLOC_UNFAIR,Allocation deviated 4.54 pts from pro-rata entitlement (limit 2pts),2025-09-15,Closed,355,20,"J. Farrow, Trading Ops",2025-10-05,2025-10-04,False,Medium
9000768,TC-03,100586,2025-09,ALLOC_UNFAIR,Allocation deviated 7.08 pts from pro-rata entitlement (limit 2pts),2025-09-15,Closed,355,20,"J. Farrow, Trading Ops",2025-10-05,2025-10-15,True,Medium
9000769,TC-03,100603,2025-09,ALLOC_UNFAIR,Allocation deviated 4.74 pts from pro-rata entitlement (limit 2pts),2025-09-15,Closed,355,20,"J. Farrow, Trading Ops",2025-10-05,2025-10-18,True,Medium
9000770,TC-03,100631,2025-09,ALLOC_UNFAIR,Allocation deviated 3.25 pts from pro-rata entitlement (limit 2pts),2025-09-15,Closed,355,20,"J. Farrow, Trading Ops",2025-10-05,2025-10-08,True,Medium
9000771,TC-03,100634,2025-09,ALLOC_UNFAIR,Allocation deviated 4.17 pts from pro-rata entitlement (limit 2pts),2025-09-15,Closed,355,20,"J. Farrow, Trading Ops",2025-10-05,2025-09-28,False,Medium
9000772,TC-03,100639,2025-09,ALLOC_UNFAIR,Allocation deviated 14.3 pts from pro-rata entitlement (limit 2pts),2025-09-15,Closed,355,20,"J. Farrow, Trading Ops",2025-10-05,2025-09-29,False,Medium
9000773,TC-03,100640,2025-09,ALLOC_UNFAIR,Allocation deviated 26.52 pts from pro-rata entitlement (limit 2pts),2025-09-15,Closed,355,20,"J. Farrow, Trading Ops",2025-10-05,2025-10-03,False,Medium
9000774,TC-03,100642,2025-09,ALLOC_UNFAIR,Allocation deviated 2.17 pts from pro-rata entitlement (limit 2pts),2025-09-15,Closed,355,20,"J. Farrow, Trading Ops",2025-10-05,2025-10-16,True,Medium
9000775,TC-03,100665,2025-09,ALLOC_UNFAIR,Allocation deviated 26.0 pts from pro-rata entitlement (limit 2pts),2025-09-16,Closed,354,20,"J. Farrow, Trading Ops",2025-10-06,2025-10-08,True,Medium
9000776,TC-03,100666,2025-09,ALLOC_UNFAIR,Allocation deviated 10.85 pts from pro-rata entitlement (limit 2pts),2025-09-16,Closed,354,20,"J. Farrow, Trading Ops",2025-10-06,2025-10-05,False,Medium
9000777,TC-03,100695,2025-09,ALLOC_UNFAIR,Allocation deviated 275.19 pts from pro-rata entitlement (limit 2pts),2025-09-16,Closed,354,20,"J. Farrow, Trading Ops",2025-10-06,2025-09-29,False,Medium
9000778,TC-03,100696,2025-09,ALLOC_UNFAIR,Allocation deviated 215.63 pts from pro-rata entitlement (limit 2pts),2025-09-16,Closed,354,20,"J. Farrow, Trading Ops",2025-10-06,2025-10-13,True,Medium
9000779,TC-03,100697,2025-09,ALLOC_UNFAIR,Allocation deviated 59.88 pts from pro-rata entitlement (limit 2pts),2025-09-16,Closed,354,20,"J. Farrow, Trading Ops",2025-10-06,2025-10-08,True,Medium
9000780,TC-03,100713,2025-09,ALLOC_UNFAIR,Allocation deviated 24.69 pts from pro-rata entitlement (limit 2pts),2025-09-17,Open,353,20,"J. Farrow, Trading Ops",2025-10-07,,True,Medium
9000781,TC-03,100715,2025-09,ALLOC_UNFAIR,Allocation deviated 26.8 pts from pro-rata entitlement (limit 2pts),2025-09-17,Closed,353,20,"J. Farrow, Trading Ops",2025-10-07,2025-10-07,False,Medium
9000782,TC-03,100720,2025-09,ALLOC_UNFAIR,Allocation deviated 7.88 pts from pro-rata entitlement (limit 2pts),2025-09-17,Closed,353,20,"J. Farrow, Trading Ops",2025-10-07,2025-10-20,True,Medium
9000783,TC-03,100752,2025-09,ALLOC_UNFAIR,Allocation deviated 18.97 pts from pro-rata entitlement (limit 2pts),2025-09-18,Closed,352,20,"J. Farrow, Trading Ops",2025-10-08,2025-10-06,False,Medium
9000784,TC-03,100753,2025-09,ALLOC_UNFAIR,Allocation deviated 6.18 pts from pro-rata entitlement (limit 2pts),2025-09-18,Closed,352,20,"J. Farrow, Trading Ops",2025-10-08,2025-10-21,True,Medium
9000785,TC-03,100779,2025-09,ALLOC_UNFAIR,Allocation deviated 7.73 pts from pro-rata entitlement (limit 2pts),2025-09-18,Closed,352,20,"J. Farrow, Trading Ops",2025-10-08,2025-10-17,True,Medium
9000786,TC-03,100811,2025-09,ALLOC_UNFAIR,Allocation deviated 3.8 pts from pro-rata entitlement (limit 2pts),2025-09-19,Closed,351,20,"J. Farrow, Trading Ops",2025-10-09,2025-10-09,False,Medium
9000787,TC-03,100817,2025-09,ALLOC_UNFAIR,Allocation deviated 8.95 pts from pro-rata entitlement (limit 2pts),2025-09-19,Closed,351,20,"J. Farrow, Trading Ops",2025-10-09,2025-10-16,True,Medium
9000788,TC-03,100818,2025-09,ALLOC_UNFAIR,Allocation deviated 7.98 pts from pro-rata entitlement (limit 2pts),2025-09-19,Closed,351,20,"J. Farrow, Trading Ops",2025-10-09,2025-10-08,False,Medium
9000789,TC-03,100827,2025-09,ALLOC_UNFAIR,Allocation deviated 3.13 pts from pro-rata entitlement (limit 2pts),2025-09-19,Closed,351,20,"J. Farrow, Trading Ops",2025-10-09,2025-10-02,False,Medium
9000790,TC-03,100840,2025-09,ALLOC_UNFAIR,Allocation deviated 8.25 pts from pro-rata entitlement (limit 2pts),2025-09-19,Closed,351,20,"J. Farrow, Trading Ops",2025-10-09,2025-10-06,False,Medium
9000791,TC-03,100854,2025-09,ALLOC_UNFAIR,Allocation deviated 3.64 pts from pro-rata entitlement (limit 2pts),2025-09-22,Open,348,20,"J. Farrow, Trading Ops",2025-10-12,,True,Medium
9000792,TC-03,100865,2025-09,ALLOC_UNFAIR,Allocation deviated 6.3 pts from pro-rata entitlement (limit 2pts),2025-09-22,Open,348,20,"J. Farrow, Trading Ops",2025-10-12,,True,Medium
9000793,TC-03,100887,2025-09,ALLOC_UNFAIR,Allocation deviated 10.42 pts from pro-rata entitlement (limit 2pts),2025-09-22,Closed,348,20,"J. Farrow, Trading Ops",2025-10-12,2025-10-12,False,Medium
9000794,TC-03,100888,2025-09,ALLOC_UNFAIR,Allocation deviated 34.53 pts from pro-rata entitlement (limit 2pts),2025-09-22,Closed,348,20,"J. Farrow, Trading Ops",2025-10-12,2025-10-16,True,Medium
9000795,TC-03,100917,2025-09,ALLOC_UNFAIR,Allocation deviated 4.95 pts from pro-rata entitlement (limit 2pts),2025-09-23,Closed,347,20,"J. Farrow, Trading Ops",2025-10-13,2025-10-19,True,Medium
9000796,TC-03,100937,2025-09,ALLOC_UNFAIR,Allocation deviated 8.0 pts from pro-rata entitlement (limit 2pts),2025-09-23,Closed,347,20,"J. Farrow, Trading Ops",2025-10-13,2025-09-24,False,Medium
9000797,TC-03,101005,2025-09,ALLOC_UNFAIR,Allocation deviated 4.93 pts from pro-rata entitlement (limit 2pts),2025-09-25,Closed,345,20,"J. Farrow, Trading Ops",2025-10-15,2025-10-17,True,Medium
9000798,TC-03,101072,2025-09,ALLOC_UNFAIR,Allocation deviated 7.86 pts from pro-rata entitlement (limit 2pts),2025-09-26,Closed,344,20,"J. Farrow, Trading Ops",2025-10-16,2025-10-01,False,Medium
9000799,TC-03,101074,2025-09,ALLOC_UNFAIR,Allocation deviated 6.44 pts from pro-rata entitlement (limit 2pts),2025-09-26,Open,344,20,"J. Farrow, Trading Ops",2025-10-16,,True,Medium
9000800,TC-03,101083,2025-09,ALLOC_UNFAIR,Allocation deviated 6.51 pts from pro-rata entitlement (limit 2pts),2025-09-26,Closed,344,20,"J. Farrow, Trading Ops",2025-10-16,2025-10-08,False,Medium
9000801,TC-03,101095,2025-09,ALLOC_UNFAIR,Allocation deviated 5.48 pts from pro-rata entitlement (limit 2pts),2025-09-26,Closed,344,20,"J. Farrow, Trading Ops",2025-10-16,2025-10-16,False,Medium
9000802,TC-03,101137,2025-09,ALLOC_UNFAIR,Allocation deviated 8.62 pts from pro-rata entitlement (limit 2pts),2025-09-29,Closed,341,20,"J. Farrow, Trading Ops",2025-10-19,2025-10-29,True,Medium
9000803,TC-03,101164,2025-09,ALLOC_UNFAIR,Allocation deviated 4.88 pts from pro-rata entitlement (limit 2pts),2025-09-30,Closed,340,20,"J. Farrow, Trading Ops",2025-10-20,2025-10-06,False,Medium
9000804,TC-03,101173,2025-09,ALLOC_UNFAIR,Allocation deviated 16.78 pts from pro-rata entitlement (limit 2pts),2025-09-30,Closed,340,20,"J. Farrow, Trading Ops",2025-10-20,2025-10-21,True,Medium
9000805,TC-03,101174,2025-09,ALLOC_UNFAIR,Allocation deviated 11.91 pts from pro-rata entitlement (limit 2pts),2025-09-30,Closed,340,20,"J. Farrow, Trading Ops",2025-10-20,2025-10-19,False,Medium
9000806,TC-03,101176,2025-09,ALLOC_UNFAIR,Allocation deviated 7.83 pts from pro-rata entitlement (limit 2pts),2025-09-30,Closed,340,20,"J. Farrow, Trading Ops",2025-10-20,2025-10-04,False,Medium
9000807,TC-03,101181,2025-09,ALLOC_UNFAIR,Allocation deviated 48.81 pts from pro-rata entitlement (limit 2pts),2025-09-30,Closed,340,20,"J. Farrow, Trading Ops",2025-10-20,2025-10-25,True,Medium
9000808,TC-03,101182,2025-09,ALLOC_UNFAIR,Allocation deviated 10.39 pts from pro-rata entitlement (limit 2pts),2025-09-30,Closed,340,20,"J. Farrow, Trading Ops",2025-10-20,2025-10-20,False,Medium
9000809,TC-03,101211,2025-09,ALLOC_UNFAIR,Allocation deviated 5.45 pts from pro-rata entitlement (limit 2pts),2025-09-30,Closed,340,20,"J. Farrow, Trading Ops",2025-10-20,2025-10-15,False,Medium
9000810,TC-03,101213,2025-09,ALLOC_UNFAIR,Allocation deviated 39.77 pts from pro-rata entitlement (limit 2pts),2025-09-30,Closed,340,20,"J. Farrow, Trading Ops",2025-10-20,2025-10-14,False,Medium
9000811,TC-03,101225,2025-10,ALLOC_UNFAIR,Allocation deviated 4.88 pts from pro-rata entitlement (limit 2pts),2025-10-01,Closed,339,20,"J. Farrow, Trading Ops",2025-10-21,2025-11-15,True,Medium
9000812,TC-03,101278,2025-10,ALLOC_UNFAIR,Allocation deviated 5.64 pts from pro-rata entitlement (limit 2pts),2025-10-02,Closed,338,20,"J. Farrow, Trading Ops",2025-10-22,2025-10-18,False,Medium
9000813,TC-03,101285,2025-10,ALLOC_UNFAIR,Allocation deviated 8.03 pts from pro-rata entitlement (limit 2pts),2025-10-02,Closed,338,20,"J. Farrow, Trading Ops",2025-10-22,2025-10-07,False,Medium
9000814,TC-03,101305,2025-10,ALLOC_UNFAIR,Allocation deviated 3.61 pts from pro-rata entitlement (limit 2pts),2025-10-02,Closed,338,20,"J. Farrow, Trading Ops",2025-10-22,2025-10-14,False,Medium
9000815,TC-03,101369,2025-10,ALLOC_UNFAIR,Allocation deviated 7.48 pts from pro-rata entitlement (limit 2pts),2025-10-03,Open,337,20,"J. Farrow, Trading Ops",2025-10-23,,True,Medium
9000816,TC-03,101413,2025-10,ALLOC_UNFAIR,Allocation deviated 40.12 pts from pro-rata entitlement (limit 2pts),2025-10-06,Closed,334,20,"J. Farrow, Trading Ops",2025-10-26,2025-10-22,False,Medium
9000817,TC-03,101414,2025-10,ALLOC_UNFAIR,Allocation deviated 12.63 pts from pro-rata entitlement (limit 2pts),2025-10-06,Closed,334,20,"J. Farrow, Trading Ops",2025-10-26,2025-10-25,False,Medium
9000818,TC-03,101416,2025-10,ALLOC_UNFAIR,Allocation deviated 8.03 pts from pro-rata entitlement (limit 2pts),2025-10-06,Closed,334,20,"J. Farrow, Trading Ops",2025-10-26,2025-10-17,False,Medium
9000819,TC-03,101493,2025-10,ALLOC_UNFAIR,Allocation deviated 6.28 pts from pro-rata entitlement (limit 2pts),2025-10-08,Closed,332,20,"J. Farrow, Trading Ops",2025-10-28,2025-11-01,True,Medium
9000820,TC-03,101502,2025-10,ALLOC_UNFAIR,Allocation deviated 5.28 pts from pro-rata entitlement (limit 2pts),2025-10-08,Closed,332,20,"J. Farrow, Trading Ops",2025-10-28,2025-10-24,False,Medium
9000821,TC-03,101515,2025-10,ALLOC_UNFAIR,Allocation deviated 3.57 pts from pro-rata entitlement (limit 2pts),2025-10-08,Closed,332,20,"J. Farrow, Trading Ops",2025-10-28,2025-10-17,False,Medium
9000822,TC-03,101545,2025-10,ALLOC_UNFAIR,Allocation deviated 8.57 pts from pro-rata entitlement (limit 2pts),2025-10-08,Closed,332,20,"J. Farrow, Trading Ops",2025-10-28,2025-10-21,False,Medium
9000823,TC-03,101546,2025-10,ALLOC_UNFAIR,Allocation deviated 8.55 pts from pro-rata entitlement (limit 2pts),2025-10-08,Closed,332,20,"J. Farrow, Trading Ops",2025-10-28,2025-10-24,False,Medium
9000824,TC-03,101578,2025-10,ALLOC_UNFAIR,Allocation deviated 3.71 pts from pro-rata entitlement (limit 2pts),2025-10-09,Closed,331,20,"J. Farrow, Trading Ops",2025-10-29,2025-11-04,True,Medium
9000825,TC-03,101603,2025-10,ALLOC_UNFAIR,Allocation deviated 7.43 pts from pro-rata entitlement (limit 2pts),2025-10-09,Closed,331,20,"J. Farrow, Trading Ops",2025-10-29,2025-11-01,True,Medium
9000826,TC-03,101607,2025-10,ALLOC_UNFAIR,Allocation deviated 8.5 pts from pro-rata entitlement (limit 2pts),2025-10-09,Closed,331,20,"J. Farrow, Trading Ops",2025-10-29,2025-10-26,False,Medium
9000827,TC-03,101615,2025-10,ALLOC_UNFAIR,Allocation deviated 4.38 pts from pro-rata entitlement (limit 2pts),2025-10-10,Closed,330,20,"J. Farrow, Trading Ops",2025-10-30,2025-10-30,False,Medium
9000828,TC-03,101659,2025-10,ALLOC_UNFAIR,Allocation deviated 5.46 pts from pro-rata entitlement (limit 2pts),2025-10-10,Closed,330,20,"J. Farrow, Trading Ops",2025-10-30,2025-10-31,True,Medium
9000829,TC-03,101662,2025-10,ALLOC_UNFAIR,Allocation deviated 22.46 pts from pro-rata entitlement (limit 2pts),2025-10-10,Closed,330,20,"J. Farrow, Trading Ops",2025-10-30,2025-11-15,True,Medium
9000830,TC-03,101663,2025-10,ALLOC_UNFAIR,Allocation deviated 9.78 pts from pro-rata entitlement (limit 2pts),2025-10-10,Closed,330,20,"J. Farrow, Trading Ops",2025-10-30,2025-10-25,False,Medium
9000831,TC-03,101771,2025-10,ALLOC_UNFAIR,Allocation deviated 7.93 pts from pro-rata entitlement (limit 2pts),2025-10-14,Closed,326,20,"J. Farrow, Trading Ops",2025-11-03,2025-11-06,True,Medium
9000832,TC-03,101797,2025-10,ALLOC_UNFAIR,Allocation deviated 4.48 pts from pro-rata entitlement (limit 2pts),2025-10-14,Closed,326,20,"J. Farrow, Trading Ops",2025-11-03,2025-11-08,True,Medium
9000833,TC-03,101826,2025-10,ALLOC_UNFAIR,Allocation deviated 7.53 pts from pro-rata entitlement (limit 2pts),2025-10-15,Closed,325,20,"J. Farrow, Trading Ops",2025-11-04,2025-10-27,False,Medium
9000834,TC-03,101847,2025-10,ALLOC_UNFAIR,Allocation deviated 7.69 pts from pro-rata entitlement (limit 2pts),2025-10-15,Closed,325,20,"J. Farrow, Trading Ops",2025-11-04,2025-11-05,True,Medium
9000835,TC-03,101850,2025-10,ALLOC_UNFAIR,Allocation deviated 21.33 pts from pro-rata entitlement (limit 2pts),2025-10-15,Closed,325,20,"J. Farrow, Trading Ops",2025-11-04,2025-11-05,True,Medium
9000836,TC-03,101851,2025-10,ALLOC_UNFAIR,Allocation deviated 14.31 pts from pro-rata entitlement (limit 2pts),2025-10-15,Closed,325,20,"J. Farrow, Trading Ops",2025-11-04,2025-10-31,False,Medium
9000837,TC-03,101855,2025-10,ALLOC_UNFAIR,Allocation deviated 7.86 pts from pro-rata entitlement (limit 2pts),2025-10-15,Closed,325,20,"J. Farrow, Trading Ops",2025-11-04,2025-11-08,True,Medium
9000838,TC-03,101866,2025-10,ALLOC_UNFAIR,Allocation deviated 8.11 pts from pro-rata entitlement (limit 2pts),2025-10-16,Closed,324,20,"J. Farrow, Trading Ops",2025-11-05,2025-11-13,True,Medium
9000839,TC-03,101895,2025-10,ALLOC_UNFAIR,Allocation deviated 5.74 pts from pro-rata entitlement (limit 2pts),2025-10-16,Closed,324,20,"J. Farrow, Trading Ops",2025-11-05,2025-11-14,True,Medium
9000840,TC-03,101915,2025-10,ALLOC_UNFAIR,Allocation deviated 8.48 pts from pro-rata entitlement (limit 2pts),2025-10-16,Closed,324,20,"J. Farrow, Trading Ops",2025-11-05,2025-11-03,False,Medium
9000841,TC-03,101934,2025-10,ALLOC_UNFAIR,Allocation deviated 3.31 pts from pro-rata entitlement (limit 2pts),2025-10-17,Open,323,20,"J. Farrow, Trading Ops",2025-11-06,,True,Medium
9000842,TC-03,101936,2025-10,ALLOC_UNFAIR,Allocation deviated 4.84 pts from pro-rata entitlement (limit 2pts),2025-10-17,Closed,323,20,"J. Farrow, Trading Ops",2025-11-06,2025-11-24,True,Medium
9000843,TC-03,101970,2025-10,ALLOC_UNFAIR,Allocation deviated 62.15 pts from pro-rata entitlement (limit 2pts),2025-10-17,Closed,323,20,"J. Farrow, Trading Ops",2025-11-06,2025-10-28,False,Medium
9000844,TC-03,101971,2025-10,ALLOC_UNFAIR,Allocation deviated 6.79 pts from pro-rata entitlement (limit 2pts),2025-10-17,Closed,323,20,"J. Farrow, Trading Ops",2025-11-06,2025-11-07,True,Medium
9000845,TC-03,101972,2025-10,ALLOC_UNFAIR,Allocation deviated 69.66 pts from pro-rata entitlement (limit 2pts),2025-10-17,Closed,323,20,"J. Farrow, Trading Ops",2025-11-06,2025-11-13,True,Medium
9000846,TC-03,101973,2025-10,ALLOC_UNFAIR,Allocation deviated 12.92 pts from pro-rata entitlement (limit 2pts),2025-10-17,Closed,323,20,"J. Farrow, Trading Ops",2025-11-06,2025-11-07,True,Medium
9000847,TC-03,101974,2025-10,ALLOC_UNFAIR,Allocation deviated 22.42 pts from pro-rata entitlement (limit 2pts),2025-10-17,Closed,323,20,"J. Farrow, Trading Ops",2025-11-06,2025-11-11,True,Medium
9000848,TC-03,101983,2025-10,ALLOC_UNFAIR,Allocation deviated 7.81 pts from pro-rata entitlement (limit 2pts),2025-10-17,Closed,323,20,"J. Farrow, Trading Ops",2025-11-06,2025-11-07,True,Medium
9000849,TC-03,101997,2025-10,ALLOC_UNFAIR,Allocation deviated 20.33 pts from pro-rata entitlement (limit 2pts),2025-10-20,Closed,320,20,"J. Farrow, Trading Ops",2025-11-09,2025-11-15,True,Medium
9000850,TC-03,101999,2025-10,ALLOC_UNFAIR,Allocation deviated 17.16 pts from pro-rata entitlement (limit 2pts),2025-10-20,Closed,320,20,"J. Farrow, Trading Ops",2025-11-09,2025-11-19,True,Medium
9000851,TC-03,102024,2025-10,ALLOC_UNFAIR,Allocation deviated 137.66 pts from pro-rata entitlement (limit 2pts),2025-10-20,Closed,320,20,"J. Farrow, Trading Ops",2025-11-09,2025-11-07,False,Medium
9000852,TC-03,102025,2025-10,ALLOC_UNFAIR,Allocation deviated 137.18 pts from pro-rata entitlement (limit 2pts),2025-10-20,Closed,320,20,"J. Farrow, Trading Ops",2025-11-09,2025-11-10,True,Medium
9000853,TC-03,102026,2025-10,ALLOC_UNFAIR,Allocation deviated 2.86 pts from pro-rata entitlement (limit 2pts),2025-10-20,Closed,320,20,"J. Farrow, Trading Ops",2025-11-09,2025-11-08,False,Medium
9000854,TC-03,102041,2025-10,ALLOC_UNFAIR,Allocation deviated 4.03 pts from pro-rata entitlement (limit 2pts),2025-10-20,Closed,320,20,"J. Farrow, Trading Ops",2025-11-09,2025-11-05,False,Medium
9000855,TC-03,102055,2025-10,ALLOC_UNFAIR,Allocation deviated 5.17 pts from pro-rata entitlement (limit 2pts),2025-10-21,Open,319,20,"J. Farrow, Trading Ops",2025-11-10,,True,Medium
9000856,TC-03,102057,2025-10,ALLOC_UNFAIR,Allocation deviated 7.27 pts from pro-rata entitlement (limit 2pts),2025-10-21,Closed,319,20,"J. Farrow, Trading Ops",2025-11-10,2025-10-31,False,Medium
9000857,TC-03,102078,2025-10,ALLOC_UNFAIR,Allocation deviated 7.57 pts from pro-rata entitlement (limit 2pts),2025-10-21,Closed,319,20,"J. Farrow, Trading Ops",2025-11-10,2025-11-15,True,Medium
9000858,TC-03,102097,2025-10,ALLOC_UNFAIR,Allocation deviated 5.64 pts from pro-rata entitlement (limit 2pts),2025-10-21,Closed,319,20,"J. Farrow, Trading Ops",2025-11-10,2025-11-23,True,Medium
9000859,TC-03,102117,2025-10,ALLOC_UNFAIR,Allocation deviated 26.48 pts from pro-rata entitlement (limit 2pts),2025-10-22,Closed,318,20,"J. Farrow, Trading Ops",2025-11-11,2025-11-24,True,Medium
9000860,TC-03,102118,2025-10,ALLOC_UNFAIR,Allocation deviated 3.49 pts from pro-rata entitlement (limit 2pts),2025-10-22,Open,318,20,"J. Farrow, Trading Ops",2025-11-11,,True,Medium
9000861,TC-03,102119,2025-10,ALLOC_UNFAIR,Allocation deviated 22.74 pts from pro-rata entitlement (limit 2pts),2025-10-22,Closed,318,20,"J. Farrow, Trading Ops",2025-11-11,2025-11-03,False,Medium
9000862,TC-03,102128,2025-10,ALLOC_UNFAIR,Allocation deviated 7.21 pts from pro-rata entitlement (limit 2pts),2025-10-22,Closed,318,20,"J. Farrow, Trading Ops",2025-11-11,2025-11-23,True,Medium
9000863,TC-03,102133,2025-10,ALLOC_UNFAIR,Allocation deviated 5.65 pts from pro-rata entitlement (limit 2pts),2025-10-22,Closed,318,20,"J. Farrow, Trading Ops",2025-11-11,2025-11-05,False,Medium
9000864,TC-03,102156,2025-10,ALLOC_UNFAIR,Allocation deviated 30.45 pts from pro-rata entitlement (limit 2pts),2025-10-23,Closed,317,20,"J. Farrow, Trading Ops",2025-11-12,2025-11-11,False,Medium
9000865,TC-03,102157,2025-10,ALLOC_UNFAIR,Allocation deviated 10.65 pts from pro-rata entitlement (limit 2pts),2025-10-23,Closed,317,20,"J. Farrow, Trading Ops",2025-11-12,2025-11-26,True,Medium
9000866,TC-03,102167,2025-10,ALLOC_UNFAIR,Allocation deviated 8.34 pts from pro-rata entitlement (limit 2pts),2025-10-23,Open,317,20,"J. Farrow, Trading Ops",2025-11-12,,True,Medium
9000867,TC-03,102180,2025-10,ALLOC_UNFAIR,Allocation deviated 35.68 pts from pro-rata entitlement (limit 2pts),2025-10-23,Open,317,20,"J. Farrow, Trading Ops",2025-11-12,,True,Medium
9000868,TC-03,102182,2025-10,ALLOC_UNFAIR,Allocation deviated 10.09 pts from pro-rata entitlement (limit 2pts),2025-10-23,Closed,317,20,"J. Farrow, Trading Ops",2025-11-12,2025-11-14,True,Medium
9000869,TC-03,102210,2025-10,ALLOC_UNFAIR,Allocation deviated 7.15 pts from pro-rata entitlement (limit 2pts),2025-10-24,Closed,316,20,"J. Farrow, Trading Ops",2025-11-13,2025-11-11,False,Medium
9000870,TC-03,102226,2025-10,ALLOC_UNFAIR,Allocation deviated 6.05 pts from pro-rata entitlement (limit 2pts),2025-10-24,Closed,316,20,"J. Farrow, Trading Ops",2025-11-13,2025-11-05,False,Medium
9000871,TC-03,102270,2025-10,ALLOC_UNFAIR,Allocation deviated 8.28 pts from pro-rata entitlement (limit 2pts),2025-10-27,Closed,313,20,"J. Farrow, Trading Ops",2025-11-16,2025-11-19,True,Medium
9000872,TC-03,102301,2025-10,ALLOC_UNFAIR,Allocation deviated 5.45 pts from pro-rata entitlement (limit 2pts),2025-10-27,Closed,313,20,"J. Farrow, Trading Ops",2025-11-16,2025-11-12,False,Medium
9000873,TC-03,102315,2025-10,ALLOC_UNFAIR,Allocation deviated 10.31 pts from pro-rata entitlement (limit 2pts),2025-10-28,Open,312,20,"J. Farrow, Trading Ops",2025-11-17,,True,Medium
9000874,TC-03,102316,2025-10,ALLOC_UNFAIR,Allocation deviated 31.44 pts from pro-rata entitlement (limit 2pts),2025-10-28,Closed,312,20,"J. Farrow, Trading Ops",2025-11-17,2025-11-26,True,Medium
9000875,TC-03,102330,2025-10,ALLOC_UNFAIR,Allocation deviated 63.93 pts from pro-rata entitlement (limit 2pts),2025-10-28,Closed,312,20,"J. Farrow, Trading Ops",2025-11-17,2025-11-05,False,Medium
9000876,TC-03,102331,2025-10,ALLOC_UNFAIR,Allocation deviated 14.74 pts from pro-rata entitlement (limit 2pts),2025-10-28,Closed,312,20,"J. Farrow, Trading Ops",2025-11-17,2025-11-12,False,Medium
9000877,TC-03,102332,2025-10,ALLOC_UNFAIR,Allocation deviated 48.85 pts from pro-rata entitlement (limit 2pts),2025-10-28,Closed,312,20,"J. Farrow, Trading Ops",2025-11-17,2025-11-14,False,Medium
9000878,TC-03,102351,2025-10,ALLOC_UNFAIR,Allocation deviated 4.49 pts from pro-rata entitlement (limit 2pts),2025-10-28,Open,312,20,"J. Farrow, Trading Ops",2025-11-17,,True,Medium
9000879,TC-03,102376,2025-10,ALLOC_UNFAIR,Allocation deviated 11.55 pts from pro-rata entitlement (limit 2pts),2025-10-29,Closed,311,20,"J. Farrow, Trading Ops",2025-11-18,2025-11-09,False,Medium
9000880,TC-03,102377,2025-10,ALLOC_UNFAIR,Allocation deviated 15.54 pts from pro-rata entitlement (limit 2pts),2025-10-29,Closed,311,20,"J. Farrow, Trading Ops",2025-11-18,2025-11-18,False,Medium
9000881,TC-03,102439,2025-10,ALLOC_UNFAIR,Allocation deviated 7.83 pts from pro-rata entitlement (limit 2pts),2025-10-30,Closed,310,20,"J. Farrow, Trading Ops",2025-11-19,2025-11-17,False,Medium
9000882,TC-03,102589,2025-11,ALLOC_UNFAIR,Allocation deviated 5.5 pts from pro-rata entitlement (limit 2pts),2025-11-04,Closed,305,20,"J. Farrow, Trading Ops",2025-11-24,2025-11-10,False,Medium
9000883,TC-03,102609,2025-11,ALLOC_UNFAIR,Allocation deviated 6.5 pts from pro-rata entitlement (limit 2pts),2025-11-04,Closed,305,20,"J. Farrow, Trading Ops",2025-11-24,2025-11-19,False,Medium
9000884,TC-03,102610,2025-11,ALLOC_UNFAIR,Allocation deviated 34.18 pts from pro-rata entitlement (limit 2pts),2025-11-04,Closed,305,20,"J. Farrow, Trading Ops",2025-11-24,2025-11-28,True,Medium
9000885,TC-03,102630,2025-11,ALLOC_UNFAIR,Allocation deviated 4.76 pts from pro-rata entitlement (limit 2pts),2025-11-05,Open,304,20,"J. Farrow, Trading Ops",2025-11-25,,True,Medium
9000886,TC-03,102641,2025-11,ALLOC_UNFAIR,Allocation deviated 5.67 pts from pro-rata entitlement (limit 2pts),2025-11-05,Closed,304,20,"J. Farrow, Trading Ops",2025-11-25,2025-11-17,False,Medium
9000887,TC-03,102650,2025-11,ALLOC_UNFAIR,Allocation deviated 7.83 pts from pro-rata entitlement (limit 2pts),2025-11-05,Open,304,20,"J. Farrow, Trading Ops",2025-11-25,,True,Medium
9000888,TC-03,102749,2025-11,ALLOC_UNFAIR,Allocation deviated 5.33 pts from pro-rata entitlement (limit 2pts),2025-11-07,Closed,302,20,"J. Farrow, Trading Ops",2025-11-27,2025-12-07,True,Medium
9000889,TC-03,102790,2025-11,ALLOC_UNFAIR,Allocation deviated 2.58 pts from pro-rata entitlement (limit 2pts),2025-11-07,Closed,302,20,"J. Farrow, Trading Ops",2025-11-27,2025-11-14,False,Medium
9000890,TC-03,102813,2025-11,ALLOC_UNFAIR,Allocation deviated 4.45 pts from pro-rata entitlement (limit 2pts),2025-11-10,Closed,299,20,"J. Farrow, Trading Ops",2025-11-30,2025-11-19,False,Medium
9000891,TC-03,102819,2025-11,ALLOC_UNFAIR,Allocation deviated 3.97 pts from pro-rata entitlement (limit 2pts),2025-11-10,Closed,299,20,"J. Farrow, Trading Ops",2025-11-30,2025-12-03,True,Medium
9000892,TC-03,102822,2025-11,ALLOC_UNFAIR,Allocation deviated 11.72 pts from pro-rata entitlement (limit 2pts),2025-11-10,Closed,299,20,"J. Farrow, Trading Ops",2025-11-30,2025-11-20,False,Medium
9000893,TC-03,102824,2025-11,ALLOC_UNFAIR,Allocation deviated 26.45 pts from pro-rata entitlement (limit 2pts),2025-11-10,Closed,299,20,"J. Farrow, Trading Ops",2025-11-30,2025-11-27,False,Medium
9000894,TC-03,102825,2025-11,ALLOC_UNFAIR,Allocation deviated 8.45 pts from pro-rata entitlement (limit 2pts),2025-11-10,Closed,299,20,"J. Farrow, Trading Ops",2025-11-30,2025-11-26,False,Medium
9000895,TC-03,102885,2025-11,ALLOC_UNFAIR,Allocation deviated 4.32 pts from pro-rata entitlement (limit 2pts),2025-11-11,Closed,298,20,"J. Farrow, Trading Ops",2025-12-01,2025-12-05,True,Medium
9000896,TC-03,102887,2025-11,ALLOC_UNFAIR,Allocation deviated 59.46 pts from pro-rata entitlement (limit 2pts),2025-11-11,Closed,298,20,"J. Farrow, Trading Ops",2025-12-01,2025-11-12,False,Medium
9000897,TC-03,102888,2025-11,ALLOC_UNFAIR,Allocation deviated 67.56 pts from pro-rata entitlement (limit 2pts),2025-11-11,Closed,298,20,"J. Farrow, Trading Ops",2025-12-01,2025-11-13,False,Medium
9000898,TC-03,102889,2025-11,ALLOC_UNFAIR,Allocation deviated 75.15 pts from pro-rata entitlement (limit 2pts),2025-11-11,Open,298,20,"J. Farrow, Trading Ops",2025-12-01,,True,Medium
9000899,TC-03,102890,2025-11,ALLOC_UNFAIR,Allocation deviated 7.84 pts from pro-rata entitlement (limit 2pts),2025-11-11,Closed,298,20,"J. Farrow, Trading Ops",2025-12-01,2025-12-09,True,Medium
9000900,TC-03,102946,2025-11,ALLOC_UNFAIR,Allocation deviated 7.79 pts from pro-rata entitlement (limit 2pts),2025-11-12,Closed,297,20,"J. Farrow, Trading Ops",2025-12-02,2025-11-30,False,Medium
9000901,TC-03,102981,2025-11,ALLOC_UNFAIR,Allocation deviated 4.28 pts from pro-rata entitlement (limit 2pts),2025-11-13,Closed,296,20,"J. Farrow, Trading Ops",2025-12-03,2025-11-19,False,Medium
9000902,TC-03,103005,2025-11,ALLOC_UNFAIR,Allocation deviated 7.34 pts from pro-rata entitlement (limit 2pts),2025-11-13,Closed,296,20,"J. Farrow, Trading Ops",2025-12-03,2025-12-06,True,Medium
9000903,TC-03,103067,2025-11,ALLOC_UNFAIR,Allocation deviated 5.91 pts from pro-rata entitlement (limit 2pts),2025-11-14,Closed,295,20,"J. Farrow, Trading Ops",2025-12-04,2025-12-09,True,Medium
9000904,TC-03,103081,2025-11,ALLOC_UNFAIR,Allocation deviated 7.98 pts from pro-rata entitlement (limit 2pts),2025-11-17,Closed,292,20,"J. Farrow, Trading Ops",2025-12-07,2025-12-05,False,Medium
9000905,TC-03,103082,2025-11,ALLOC_UNFAIR,Allocation deviated 6.51 pts from pro-rata entitlement (limit 2pts),2025-11-17,Closed,292,20,"J. Farrow, Trading Ops",2025-12-07,2025-12-04,False,Medium
9000906,TC-03,103088,2025-11,ALLOC_UNFAIR,Allocation deviated 4.16 pts from pro-rata entitlement (limit 2pts),2025-11-17,Closed,292,20,"J. Farrow, Trading Ops",2025-12-07,2025-12-10,True,Medium
9000907,TC-03,103108,2025-11,ALLOC_UNFAIR,Allocation deviated 2.74 pts from pro-rata entitlement (limit 2pts),2025-11-17,Open,292,20,"J. Farrow, Trading Ops",2025-12-07,,True,Medium
9000908,TC-03,103130,2025-11,ALLOC_UNFAIR,Allocation deviated 8.11 pts from pro-rata entitlement (limit 2pts),2025-11-18,Closed,291,20,"J. Farrow, Trading Ops",2025-12-08,2025-12-09,True,Medium
9000909,TC-03,103132,2025-11,ALLOC_UNFAIR,Allocation deviated 8.82 pts from pro-rata entitlement (limit 2pts),2025-11-18,Closed,291,20,"J. Farrow, Trading Ops",2025-12-08,2025-12-12,True,Medium
9000910,TC-03,103207,2025-11,ALLOC_UNFAIR,Allocation deviated 16.94 pts from pro-rata entitlement (limit 2pts),2025-11-19,Closed,290,20,"J. Farrow, Trading Ops",2025-12-09,2025-12-08,False,Medium
9000911,TC-03,103208,2025-11,ALLOC_UNFAIR,Allocation deviated 7.97 pts from pro-rata entitlement (limit 2pts),2025-11-19,Closed,290,20,"J. Farrow, Trading Ops",2025-12-09,2025-12-05,False,Medium
9000912,TC-03,103209,2025-11,ALLOC_UNFAIR,Allocation deviated 10.26 pts from pro-rata entitlement (limit 2pts),2025-11-19,Closed,290,20,"J. Farrow, Trading Ops",2025-12-09,2025-12-01,False,Medium
9000913,TC-03,103210,2025-11,ALLOC_UNFAIR,Allocation deviated 9.78 pts from pro-rata entitlement (limit 2pts),2025-11-19,Closed,290,20,"J. Farrow, Trading Ops",2025-12-09,2025-12-11,True,Medium
9000914,TC-03,103282,2025-11,ALLOC_UNFAIR,Allocation deviated 8.65 pts from pro-rata entitlement (limit 2pts),2025-11-21,Closed,288,20,"J. Farrow, Trading Ops",2025-12-11,2025-12-08,False,Medium
9000915,TC-03,103286,2025-11,ALLOC_UNFAIR,Allocation deviated 7.81 pts from pro-rata entitlement (limit 2pts),2025-11-21,Closed,288,20,"J. Farrow, Trading Ops",2025-12-11,2025-12-09,False,Medium
9000916,TC-03,103291,2025-11,ALLOC_UNFAIR,Allocation deviated 25.1 pts from pro-rata entitlement (limit 2pts),2025-11-21,Open,288,20,"J. Farrow, Trading Ops",2025-12-11,,True,Medium
9000917,TC-03,103292,2025-11,ALLOC_UNFAIR,Allocation deviated 19.01 pts from pro-rata entitlement (limit 2pts),2025-11-21,Closed,288,20,"J. Farrow, Trading Ops",2025-12-11,2025-12-14,True,Medium
9000918,TC-03,103296,2025-11,ALLOC_UNFAIR,Allocation deviated 6.51 pts from pro-rata entitlement (limit 2pts),2025-11-21,Closed,288,20,"J. Farrow, Trading Ops",2025-12-11,2025-12-17,True,Medium
9000919,TC-03,103344,2025-11,ALLOC_UNFAIR,Allocation deviated 4.12 pts from pro-rata entitlement (limit 2pts),2025-11-24,Closed,285,20,"J. Farrow, Trading Ops",2025-12-14,2025-12-01,False,Medium
9000920,TC-03,103347,2025-11,ALLOC_UNFAIR,Allocation deviated 26.31 pts from pro-rata entitlement (limit 2pts),2025-11-24,Closed,285,20,"J. Farrow, Trading Ops",2025-12-14,2025-12-18,True,Medium
9000921,TC-03,103349,2025-11,ALLOC_UNFAIR,Allocation deviated 37.11 pts from pro-rata entitlement (limit 2pts),2025-11-24,Open,285,20,"J. Farrow, Trading Ops",2025-12-14,,True,Medium
9000922,TC-03,103403,2025-11,ALLOC_UNFAIR,Allocation deviated 3.15 pts from pro-rata entitlement (limit 2pts),2025-11-25,Closed,284,20,"J. Farrow, Trading Ops",2025-12-15,2025-12-08,False,Medium
9000923,TC-03,103424,2025-11,ALLOC_UNFAIR,Allocation deviated 4.24 pts from pro-rata entitlement (limit 2pts),2025-11-25,Closed,284,20,"J. Farrow, Trading Ops",2025-12-15,2025-12-08,False,Medium
9000924,TC-03,103437,2025-11,ALLOC_UNFAIR,Allocation deviated 10.94 pts from pro-rata entitlement (limit 2pts),2025-11-26,Open,283,20,"J. Farrow, Trading Ops",2025-12-16,,True,Medium
9000925,TC-03,103438,2025-11,ALLOC_UNFAIR,Allocation deviated 15.03 pts from pro-rata entitlement (limit 2pts),2025-11-26,Closed,283,20,"J. Farrow, Trading Ops",2025-12-16,2025-12-22,True,Medium
9000926,TC-03,103462,2025-11,ALLOC_UNFAIR,Allocation deviated 41.11 pts from pro-rata entitlement (limit 2pts),2025-11-26,Closed,283,20,"J. Farrow, Trading Ops",2025-12-16,2025-12-10,False,Medium
9000927,TC-03,103464,2025-11,ALLOC_UNFAIR,Allocation deviated 23.29 pts from pro-rata entitlement (limit 2pts),2025-11-26,Closed,283,20,"J. Farrow, Trading Ops",2025-12-16,2025-12-06,False,Medium
9000928,TC-03,103465,2025-11,ALLOC_UNFAIR,Allocation deviated 19.21 pts from pro-rata entitlement (limit 2pts),2025-11-26,Closed,283,20,"J. Farrow, Trading Ops",2025-12-16,2025-12-16,False,Medium
9000929,TC-03,103500,2025-11,ALLOC_UNFAIR,Allocation deviated 7.76 pts from pro-rata entitlement (limit 2pts),2025-11-27,Closed,282,20,"J. Farrow, Trading Ops",2025-12-17,2025-12-13,False,Medium
9000930,TC-03,103527,2025-11,ALLOC_UNFAIR,Allocation deviated 15.59 pts from pro-rata entitlement (limit 2pts),2025-11-27,Closed,282,20,"J. Farrow, Trading Ops",2025-12-17,2025-12-30,True,Medium
9000931,TC-03,103528,2025-11,ALLOC_UNFAIR,Allocation deviated 7.32 pts from pro-rata entitlement (limit 2pts),2025-11-27,Closed,282,20,"J. Farrow, Trading Ops",2025-12-17,2025-12-05,False,Medium
9000932,TC-03,103532,2025-11,ALLOC_UNFAIR,Allocation deviated 5.49 pts from pro-rata entitlement (limit 2pts),2025-11-27,Closed,282,20,"J. Farrow, Trading Ops",2025-12-17,2025-12-02,False,Medium
9000933,TC-03,103533,2025-11,ALLOC_UNFAIR,Allocation deviated 10.57 pts from pro-rata entitlement (limit 2pts),2025-11-27,Closed,282,20,"J. Farrow, Trading Ops",2025-12-17,2025-12-14,False,Medium
9000934,TC-03,103534,2025-11,ALLOC_UNFAIR,Allocation deviated 14.81 pts from pro-rata entitlement (limit 2pts),2025-11-27,Closed,282,20,"J. Farrow, Trading Ops",2025-12-17,2025-12-17,False,Medium
9000935,TC-03,103556,2025-11,ALLOC_UNFAIR,Allocation deviated 3.31 pts from pro-rata entitlement (limit 2pts),2025-11-28,Closed,281,20,"J. Farrow, Trading Ops",2025-12-18,2025-12-19,True,Medium
9000936,TC-03,103574,2025-11,ALLOC_UNFAIR,Allocation deviated 5.51 pts from pro-rata entitlement (limit 2pts),2025-11-28,Open,281,20,"J. Farrow, Trading Ops",2025-12-18,,True,Medium
9000937,TC-03,103602,2025-11,ALLOC_UNFAIR,Allocation deviated 8.9 pts from pro-rata entitlement (limit 2pts),2025-11-28,Closed,281,20,"J. Farrow, Trading Ops",2025-12-18,2026-01-03,True,Medium
9000938,TC-03,103617,2025-12,ALLOC_UNFAIR,Allocation deviated 11.75 pts from pro-rata entitlement (limit 2pts),2025-12-01,Closed,278,20,"J. Farrow, Trading Ops",2025-12-21,2025-12-18,False,Medium
9000939,TC-03,103618,2025-12,ALLOC_UNFAIR,Allocation deviated 11.17 pts from pro-rata entitlement (limit 2pts),2025-12-01,Open,278,20,"J. Farrow, Trading Ops",2025-12-21,,True,Medium
9000940,TC-03,103654,2025-12,ALLOC_UNFAIR,Allocation deviated 8.04 pts from pro-rata entitlement (limit 2pts),2025-12-01,Closed,278,20,"J. Farrow, Trading Ops",2025-12-21,2025-12-06,False,Medium
9000941,TC-03,103684,2025-12,ALLOC_UNFAIR,Allocation deviated 5.97 pts from pro-rata entitlement (limit 2pts),2025-12-02,Closed,277,20,"J. Farrow, Trading Ops",2025-12-22,2025-12-23,True,Medium
9000942,TC-03,103685,2025-12,ALLOC_UNFAIR,Allocation deviated 13.97 pts from pro-rata entitlement (limit 2pts),2025-12-02,Closed,277,20,"J. Farrow, Trading Ops",2025-12-22,2025-12-28,True,Medium
9000943,TC-03,103697,2025-12,ALLOC_UNFAIR,Allocation deviated 6.55 pts from pro-rata entitlement (limit 2pts),2025-12-02,Closed,277,20,"J. Farrow, Trading Ops",2025-12-22,2025-12-19,False,Medium
9000944,TC-03,103711,2025-12,ALLOC_UNFAIR,Allocation deviated 14.25 pts from pro-rata entitlement (limit 2pts),2025-12-03,Closed,276,20,"J. Farrow, Trading Ops",2025-12-23,2026-01-01,True,Medium
9000945,TC-03,103712,2025-12,ALLOC_UNFAIR,Allocation deviated 11.09 pts from pro-rata entitlement (limit 2pts),2025-12-03,Closed,276,20,"J. Farrow, Trading Ops",2025-12-23,2025-12-23,False,Medium
9000946,TC-03,103732,2025-12,ALLOC_UNFAIR,Allocation deviated 3.79 pts from pro-rata entitlement (limit 2pts),2025-12-03,Closed,276,20,"J. Farrow, Trading Ops",2025-12-23,2026-01-04,True,Medium
9000947,TC-03,103747,2025-12,ALLOC_UNFAIR,Allocation deviated 3.97 pts from pro-rata entitlement (limit 2pts),2025-12-03,Closed,276,20,"J. Farrow, Trading Ops",2025-12-23,2025-12-25,True,Medium
9000948,TC-03,103838,2025-12,ALLOC_UNFAIR,Allocation deviated 7.43 pts from pro-rata entitlement (limit 2pts),2025-12-05,Closed,274,20,"J. Farrow, Trading Ops",2025-12-25,2025-12-16,False,Medium
9000949,TC-03,103839,2025-12,ALLOC_UNFAIR,Allocation deviated 7.03 pts from pro-rata entitlement (limit 2pts),2025-12-05,Closed,274,20,"J. Farrow, Trading Ops",2025-12-25,2025-12-19,False,Medium
9000950,TC-03,103941,2025-12,ALLOC_UNFAIR,Allocation deviated 5.08 pts from pro-rata entitlement (limit 2pts),2025-12-09,Closed,270,20,"J. Farrow, Trading Ops",2025-12-29,2025-12-16,False,Medium
9000951,TC-03,103942,2025-12,ALLOC_UNFAIR,Allocation deviated 5.25 pts from pro-rata entitlement (limit 2pts),2025-12-09,Closed,270,20,"J. Farrow, Trading Ops",2025-12-29,2025-12-15,False,Medium
9000952,TC-03,103959,2025-12,ALLOC_UNFAIR,Allocation deviated 6.34 pts from pro-rata entitlement (limit 2pts),2025-12-09,Closed,270,20,"J. Farrow, Trading Ops",2025-12-29,2025-12-31,True,Medium
9000953,TC-03,103961,2025-12,ALLOC_UNFAIR,Allocation deviated 5.81 pts from pro-rata entitlement (limit 2pts),2025-12-09,Closed,270,20,"J. Farrow, Trading Ops",2025-12-29,2026-01-04,True,Medium
9000954,TC-03,103983,2025-12,ALLOC_UNFAIR,Allocation deviated 3.23 pts from pro-rata entitlement (limit 2pts),2025-12-10,Open,269,20,"J. Farrow, Trading Ops",2025-12-30,,True,Medium
9000955,TC-03,103984,2025-12,ALLOC_UNFAIR,Allocation deviated 2.13 pts from pro-rata entitlement (limit 2pts),2025-12-10,Closed,269,20,"J. Farrow, Trading Ops",2025-12-30,2025-12-29,False,Medium
9000956,TC-03,104022,2025-12,ALLOC_UNFAIR,Allocation deviated 6.45 pts from pro-rata entitlement (limit 2pts),2025-12-10,Closed,269,20,"J. Farrow, Trading Ops",2025-12-30,2025-12-28,False,Medium
9000957,TC-03,104024,2025-12,ALLOC_UNFAIR,Allocation deviated 5.55 pts from pro-rata entitlement (limit 2pts),2025-12-10,Closed,269,20,"J. Farrow, Trading Ops",2025-12-30,2025-12-21,False,Medium
9000958,TC-03,104031,2025-12,ALLOC_UNFAIR,Allocation deviated 35.47 pts from pro-rata entitlement (limit 2pts),2025-12-11,Closed,268,20,"J. Farrow, Trading Ops",2025-12-31,2026-01-07,True,Medium
9000959,TC-03,104032,2025-12,ALLOC_UNFAIR,Allocation deviated 8.21 pts from pro-rata entitlement (limit 2pts),2025-12-11,Closed,268,20,"J. Farrow, Trading Ops",2025-12-31,2026-01-03,True,Medium
9000960,TC-03,104043,2025-12,ALLOC_UNFAIR,Allocation deviated 4.31 pts from pro-rata entitlement (limit 2pts),2025-12-11,Open,268,20,"J. Farrow, Trading Ops",2025-12-31,,True,Medium
9000961,TC-03,104044,2025-12,ALLOC_UNFAIR,Allocation deviated 6.01 pts from pro-rata entitlement (limit 2pts),2025-12-11,Closed,268,20,"J. Farrow, Trading Ops",2025-12-31,2026-01-05,True,Medium
9000962,TC-03,104124,2025-12,ALLOC_UNFAIR,Allocation deviated 48.1 pts from pro-rata entitlement (limit 2pts),2025-12-12,Closed,267,20,"J. Farrow, Trading Ops",2026-01-01,2026-01-05,True,Medium
9000963,TC-03,104126,2025-12,ALLOC_UNFAIR,Allocation deviated 4.51 pts from pro-rata entitlement (limit 2pts),2025-12-12,Open,267,20,"J. Farrow, Trading Ops",2026-01-01,,True,Medium
9000964,TC-03,104159,2025-12,ALLOC_UNFAIR,Allocation deviated 4.23 pts from pro-rata entitlement (limit 2pts),2025-12-15,Closed,264,20,"J. Farrow, Trading Ops",2026-01-04,2026-01-09,True,Medium
9000965,TC-03,104228,2025-12,ALLOC_UNFAIR,Allocation deviated 5.45 pts from pro-rata entitlement (limit 2pts),2025-12-16,Open,263,20,"J. Farrow, Trading Ops",2026-01-05,,True,Medium
9000966,TC-03,104250,2025-12,ALLOC_UNFAIR,Allocation deviated 36.6 pts from pro-rata entitlement (limit 2pts),2025-12-17,Closed,262,20,"J. Farrow, Trading Ops",2026-01-06,2026-01-02,False,Medium
9000967,TC-03,104251,2025-12,ALLOC_UNFAIR,Allocation deviated 5.25 pts from pro-rata entitlement (limit 2pts),2025-12-17,Closed,262,20,"J. Farrow, Trading Ops",2026-01-06,2026-01-02,False,Medium
9000968,TC-03,104254,2025-12,ALLOC_UNFAIR,Allocation deviated 39.63 pts from pro-rata entitlement (limit 2pts),2025-12-17,Closed,262,20,"J. Farrow, Trading Ops",2026-01-06,2026-01-19,True,Medium
9000969,TC-03,104255,2025-12,ALLOC_UNFAIR,Allocation deviated 7.6 pts from pro-rata entitlement (limit 2pts),2025-12-17,Closed,262,20,"J. Farrow, Trading Ops",2026-01-06,2026-01-18,True,Medium
9000970,TC-03,104258,2025-12,ALLOC_UNFAIR,Allocation deviated 8.66 pts from pro-rata entitlement (limit 2pts),2025-12-17,Closed,262,20,"J. Farrow, Trading Ops",2026-01-06,2026-01-20,True,Medium
9000971,TC-03,104270,2025-12,ALLOC_UNFAIR,Allocation deviated 5.63 pts from pro-rata entitlement (limit 2pts),2025-12-17,Closed,262,20,"J. Farrow, Trading Ops",2026-01-06,2025-12-27,False,Medium
9000972,TC-03,104273,2025-12,ALLOC_UNFAIR,Allocation deviated 6.18 pts from pro-rata entitlement (limit 2pts),2025-12-17,Closed,262,20,"J. Farrow, Trading Ops",2026-01-06,2025-12-31,False,Medium
9000973,TC-03,104288,2025-12,ALLOC_UNFAIR,Allocation deviated 4.21 pts from pro-rata entitlement (limit 2pts),2025-12-17,Closed,262,20,"J. Farrow, Trading Ops",2026-01-06,2026-01-13,True,Medium
9000974,TC-03,104311,2025-12,ALLOC_UNFAIR,Allocation deviated 7.86 pts from pro-rata entitlement (limit 2pts),2025-12-17,Closed,262,20,"J. Farrow, Trading Ops",2026-01-06,2025-12-27,False,Medium
9000975,TC-03,104317,2025-12,ALLOC_UNFAIR,Allocation deviated 6.92 pts from pro-rata entitlement (limit 2pts),2025-12-18,Closed,261,20,"J. Farrow, Trading Ops",2026-01-07,2026-01-01,False,Medium
9000976,TC-03,104349,2025-12,ALLOC_UNFAIR,Allocation deviated 7.99 pts from pro-rata entitlement (limit 2pts),2025-12-18,Closed,261,20,"J. Farrow, Trading Ops",2026-01-07,2025-12-23,False,Medium
9000977,TC-03,104358,2025-12,ALLOC_UNFAIR,Allocation deviated 7.32 pts from pro-rata entitlement (limit 2pts),2025-12-19,Closed,260,20,"J. Farrow, Trading Ops",2026-01-08,2026-01-22,True,Medium
9000978,TC-03,104369,2025-12,ALLOC_UNFAIR,Allocation deviated 6.89 pts from pro-rata entitlement (limit 2pts),2025-12-19,Closed,260,20,"J. Farrow, Trading Ops",2026-01-08,2026-01-16,True,Medium
9000979,TC-03,104375,2025-12,ALLOC_UNFAIR,Allocation deviated 5.56 pts from pro-rata entitlement (limit 2pts),2025-12-19,Closed,260,20,"J. Farrow, Trading Ops",2026-01-08,2026-01-11,True,Medium
9000980,TC-03,104383,2025-12,ALLOC_UNFAIR,Allocation deviated 3.8 pts from pro-rata entitlement (limit 2pts),2025-12-19,Closed,260,20,"J. Farrow, Trading Ops",2026-01-08,2026-01-09,True,Medium
9000981,TC-03,104435,2025-12,ALLOC_UNFAIR,Allocation deviated 74.01 pts from pro-rata entitlement (limit 2pts),2025-12-22,Closed,257,20,"J. Farrow, Trading Ops",2026-01-11,2026-01-07,False,Medium
9000982,TC-03,104455,2025-12,ALLOC_UNFAIR,Allocation deviated 21.14 pts from pro-rata entitlement (limit 2pts),2025-12-22,Closed,257,20,"J. Farrow, Trading Ops",2026-01-11,2026-01-07,False,Medium
9000983,TC-03,104456,2025-12,ALLOC_UNFAIR,Allocation deviated 19.3 pts from pro-rata entitlement (limit 2pts),2025-12-22,Closed,257,20,"J. Farrow, Trading Ops",2026-01-11,2026-01-15,True,Medium
9000984,TC-03,104473,2025-12,ALLOC_UNFAIR,Allocation deviated 7.99 pts from pro-rata entitlement (limit 2pts),2025-12-22,Open,257,20,"J. Farrow, Trading Ops",2026-01-11,,True,Medium
9000985,TC-03,104516,2025-12,ALLOC_UNFAIR,Allocation deviated 6.89 pts from pro-rata entitlement (limit 2pts),2025-12-23,Closed,256,20,"J. Farrow, Trading Ops",2026-01-12,2026-01-21,True,Medium
9000986,TC-03,104619,2025-12,ALLOC_UNFAIR,Allocation deviated 3.89 pts from pro-rata entitlement (limit 2pts),2025-12-25,Closed,254,20,"J. Farrow, Trading Ops",2026-01-14,2026-01-10,False,Medium
9000987,TC-03,104628,2025-12,ALLOC_UNFAIR,Allocation deviated 3.88 pts from pro-rata entitlement (limit 2pts),2025-12-25,Closed,254,20,"J. Farrow, Trading Ops",2026-01-14,2026-01-07,False,Medium
9000988,TC-03,104629,2025-12,ALLOC_UNFAIR,Allocation deviated 2.22 pts from pro-rata entitlement (limit 2pts),2025-12-25,Closed,254,20,"J. Farrow, Trading Ops",2026-01-14,2026-01-24,True,Medium
9000989,TC-03,104635,2025-12,ALLOC_UNFAIR,Allocation deviated 7.19 pts from pro-rata entitlement (limit 2pts),2025-12-25,Closed,254,20,"J. Farrow, Trading Ops",2026-01-14,2026-01-12,False,Medium
9000990,TC-03,104636,2025-12,ALLOC_UNFAIR,Allocation deviated 5.98 pts from pro-rata entitlement (limit 2pts),2025-12-25,Closed,254,20,"J. Farrow, Trading Ops",2026-01-14,2026-01-18,True,Medium
9000991,TC-03,104732,2025-12,ALLOC_UNFAIR,Allocation deviated 5.4 pts from pro-rata entitlement (limit 2pts),2025-12-29,Closed,250,20,"J. Farrow, Trading Ops",2026-01-18,2026-01-14,False,Medium
9000992,TC-03,104734,2025-12,ALLOC_UNFAIR,Allocation deviated 5.31 pts from pro-rata entitlement (limit 2pts),2025-12-29,Closed,250,20,"J. Farrow, Trading Ops",2026-01-18,2025-12-30,False,Medium
9000993,TC-03,104736,2025-12,ALLOC_UNFAIR,Allocation deviated 5.0 pts from pro-rata entitlement (limit 2pts),2025-12-29,Closed,250,20,"J. Farrow, Trading Ops",2026-01-18,2026-01-22,True,Medium
9000994,TC-03,104738,2025-12,ALLOC_UNFAIR,Allocation deviated 27.32 pts from pro-rata entitlement (limit 2pts),2025-12-29,Closed,250,20,"J. Farrow, Trading Ops",2026-01-18,2026-01-07,False,Medium
9000995,TC-03,104748,2025-12,ALLOC_UNFAIR,Allocation deviated 8.91 pts from pro-rata entitlement (limit 2pts),2025-12-29,Closed,250,20,"J. Farrow, Trading Ops",2026-01-18,2026-01-26,True,Medium
9000996,TC-03,104755,2025-12,ALLOC_UNFAIR,Allocation deviated 3.17 pts from pro-rata entitlement (limit 2pts),2025-12-29,Closed,250,20,"J. Farrow, Trading Ops",2026-01-18,2026-01-05,False,Medium
9000997,TC-03,104769,2025-12,ALLOC_UNFAIR,Allocation deviated 5.87 pts from pro-rata entitlement (limit 2pts),2025-12-29,Closed,250,20,"J. Farrow, Trading Ops",2026-01-18,2026-01-03,False,Medium
9000998,TC-03,104779,2025-12,ALLOC_UNFAIR,Allocation deviated 4.54 pts from pro-rata entitlement (limit 2pts),2025-12-29,Closed,250,20,"J. Farrow, Trading Ops",2026-01-18,2026-01-20,True,Medium
9000999,TC-03,104799,2025-12,ALLOC_UNFAIR,Allocation deviated 4.71 pts from pro-rata entitlement (limit 2pts),2025-12-30,Closed,249,20,"J. Farrow, Trading Ops",2026-01-19,2026-01-22,True,Medium
9001000,TC-03,104837,2025-12,ALLOC_UNFAIR,Allocation deviated 3.22 pts from pro-rata entitlement (limit 2pts),2025-12-31,Closed,248,20,"J. Farrow, Trading Ops",2026-01-20,2026-01-20,False,Medium
9001001,TC-03,104846,2025-12,ALLOC_UNFAIR,Allocation deviated 7.88 pts from pro-rata entitlement (limit 2pts),2025-12-31,Closed,248,20,"J. Farrow, Trading Ops",2026-01-20,2026-01-10,False,Medium
9001002,TC-03,104895,2025-12,ALLOC_UNFAIR,Allocation deviated 5.58 pts from pro-rata entitlement (limit 2pts),2025-12-31,Closed,248,20,"J. Farrow, Trading Ops",2026-01-20,2026-01-27,True,Medium
9001003,TC-03,104905,2026-01,ALLOC_UNFAIR,Allocation deviated 4.64 pts from pro-rata entitlement (limit 2pts),2026-01-01,Closed,247,20,"J. Farrow, Trading Ops",2026-01-21,2026-01-09,False,Medium
9001004,TC-03,104910,2026-01,ALLOC_UNFAIR,Allocation deviated 5.1 pts from pro-rata entitlement (limit 2pts),2026-01-01,Closed,247,20,"J. Farrow, Trading Ops",2026-01-21,2026-01-17,False,Medium
9001005,TC-03,104926,2026-01,ALLOC_UNFAIR,Allocation deviated 3.71 pts from pro-rata entitlement (limit 2pts),2026-01-01,Closed,247,20,"J. Farrow, Trading Ops",2026-01-21,2026-01-14,False,Medium
9001006,TC-03,104936,2026-01,ALLOC_UNFAIR,Allocation deviated 7.82 pts from pro-rata entitlement (limit 2pts),2026-01-01,Closed,247,20,"J. Farrow, Trading Ops",2026-01-21,2026-01-17,False,Medium
9001007,TC-03,104955,2026-01,ALLOC_UNFAIR,Allocation deviated 18.92 pts from pro-rata entitlement (limit 2pts),2026-01-02,Closed,246,20,"J. Farrow, Trading Ops",2026-01-22,2026-01-28,True,Medium
9001008,TC-03,104957,2026-01,ALLOC_UNFAIR,Allocation deviated 12.77 pts from pro-rata entitlement (limit 2pts),2026-01-02,Closed,246,20,"J. Farrow, Trading Ops",2026-01-22,2026-01-16,False,Medium
9001009,TC-03,104993,2026-01,ALLOC_UNFAIR,Allocation deviated 8.48 pts from pro-rata entitlement (limit 2pts),2026-01-02,Closed,246,20,"J. Farrow, Trading Ops",2026-01-22,2026-01-26,True,Medium
9001010,TC-03,105088,2026-01,ALLOC_UNFAIR,Allocation deviated 3.25 pts from pro-rata entitlement (limit 2pts),2026-01-06,Closed,242,20,"J. Farrow, Trading Ops",2026-01-26,2026-01-31,True,Medium
9001011,TC-03,105089,2026-01,ALLOC_UNFAIR,Allocation deviated 8.4 pts from pro-rata entitlement (limit 2pts),2026-01-06,Closed,242,20,"J. Farrow, Trading Ops",2026-01-26,2026-01-12,False,Medium
9001012,TC-03,105105,2026-01,ALLOC_UNFAIR,Allocation deviated 8.53 pts from pro-rata entitlement (limit 2pts),2026-01-06,Closed,242,20,"J. Farrow, Trading Ops",2026-01-26,2026-01-16,False,Medium
9001013,TC-03,105122,2026-01,ALLOC_UNFAIR,Allocation deviated 6.87 pts from pro-rata entitlement (limit 2pts),2026-01-06,Open,242,20,"J. Farrow, Trading Ops",2026-01-26,,True,Medium
9001014,TC-03,105130,2026-01,ALLOC_UNFAIR,Allocation deviated 5.76 pts from pro-rata entitlement (limit 2pts),2026-01-07,Closed,241,20,"J. Farrow, Trading Ops",2026-01-27,2026-01-22,False,Medium
9001015,TC-03,105153,2026-01,ALLOC_UNFAIR,Allocation deviated 8.19 pts from pro-rata entitlement (limit 2pts),2026-01-07,Closed,241,20,"J. Farrow, Trading Ops",2026-01-27,2026-01-29,True,Medium
9001016,TC-03,105155,2026-01,ALLOC_UNFAIR,Allocation deviated 5.05 pts from pro-rata entitlement (limit 2pts),2026-01-07,Closed,241,20,"J. Farrow, Trading Ops",2026-01-27,2026-01-11,False,Medium
9001017,TC-03,105170,2026-01,ALLOC_UNFAIR,Allocation deviated 5.32 pts from pro-rata entitlement (limit 2pts),2026-01-07,Closed,241,20,"J. Farrow, Trading Ops",2026-01-27,2026-02-01,True,Medium
9001018,TC-03,105174,2026-01,ALLOC_UNFAIR,Allocation deviated 7.47 pts from pro-rata entitlement (limit 2pts),2026-01-07,Closed,241,20,"J. Farrow, Trading Ops",2026-01-27,2026-02-01,True,Medium
9001019,TC-03,105175,2026-01,ALLOC_UNFAIR,Allocation deviated 29.02 pts from pro-rata entitlement (limit 2pts),2026-01-07,Closed,241,20,"J. Farrow, Trading Ops",2026-01-27,2026-01-25,False,Medium
9001020,TC-03,105177,2026-01,ALLOC_UNFAIR,Allocation deviated 8.64 pts from pro-rata entitlement (limit 2pts),2026-01-07,Closed,241,20,"J. Farrow, Trading Ops",2026-01-27,2026-01-15,False,Medium
9001021,TC-03,105181,2026-01,ALLOC_UNFAIR,Allocation deviated 30.85 pts from pro-rata entitlement (limit 2pts),2026-01-07,Closed,241,20,"J. Farrow, Trading Ops",2026-01-27,2026-01-27,False,Medium
9001022,TC-03,105182,2026-01,ALLOC_UNFAIR,Allocation deviated 12.57 pts from pro-rata entitlement (limit 2pts),2026-01-07,Closed,241,20,"J. Farrow, Trading Ops",2026-01-27,2026-01-22,False,Medium
9001023,TC-03,105190,2026-01,ALLOC_UNFAIR,Allocation deviated 28.45 pts from pro-rata entitlement (limit 2pts),2026-01-08,Closed,240,20,"J. Farrow, Trading Ops",2026-01-28,2026-02-01,True,Medium
9001024,TC-03,105191,2026-01,ALLOC_UNFAIR,Allocation deviated 16.34 pts from pro-rata entitlement (limit 2pts),2026-01-08,Closed,240,20,"J. Farrow, Trading Ops",2026-01-28,2026-01-27,False,Medium
9001025,TC-03,105205,2026-01,ALLOC_UNFAIR,Allocation deviated 8.14 pts from pro-rata entitlement (limit 2pts),2026-01-08,Closed,240,20,"J. Farrow, Trading Ops",2026-01-28,2026-02-02,True,Medium
9001026,TC-03,105211,2026-01,ALLOC_UNFAIR,Allocation deviated 2.13 pts from pro-rata entitlement (limit 2pts),2026-01-08,Closed,240,20,"J. Farrow, Trading Ops",2026-01-28,2026-01-24,False,Medium
9001027,TC-03,105222,2026-01,ALLOC_UNFAIR,Allocation deviated 14.74 pts from pro-rata entitlement (limit 2pts),2026-01-08,Closed,240,20,"J. Farrow, Trading Ops",2026-01-28,2026-02-08,True,Medium
9001028,TC-03,105224,2026-01,ALLOC_UNFAIR,Allocation deviated 11.62 pts from pro-rata entitlement (limit 2pts),2026-01-08,Closed,240,20,"J. Farrow, Trading Ops",2026-01-28,2026-01-09,False,Medium
9001029,TC-03,105225,2026-01,ALLOC_UNFAIR,Allocation deviated 8.95 pts from pro-rata entitlement (limit 2pts),2026-01-08,Closed,240,20,"J. Farrow, Trading Ops",2026-01-28,2026-01-19,False,Medium
9001030,TC-03,105228,2026-01,ALLOC_UNFAIR,Allocation deviated 3.42 pts from pro-rata entitlement (limit 2pts),2026-01-08,Closed,240,20,"J. Farrow, Trading Ops",2026-01-28,2026-01-31,True,Medium
9001031,TC-03,105258,2026-01,ALLOC_UNFAIR,Allocation deviated 81.38 pts from pro-rata entitlement (limit 2pts),2026-01-09,Closed,239,20,"J. Farrow, Trading Ops",2026-01-29,2026-01-16,False,Medium
9001032,TC-03,105259,2026-01,ALLOC_UNFAIR,Allocation deviated 148.43 pts from pro-rata entitlement (limit 2pts),2026-01-09,Closed,239,20,"J. Farrow, Trading Ops",2026-01-29,2026-02-03,True,Medium
9001033,TC-03,105260,2026-01,ALLOC_UNFAIR,Allocation deviated 65.27 pts from pro-rata entitlement (limit 2pts),2026-01-09,Closed,239,20,"J. Farrow, Trading Ops",2026-01-29,2026-01-19,False,Medium
9001034,TC-03,105349,2026-01,ALLOC_UNFAIR,Allocation deviated 7.78 pts from pro-rata entitlement (limit 2pts),2026-01-13,Closed,235,20,"J. Farrow, Trading Ops",2026-02-02,2026-02-02,False,Medium
9001035,TC-03,105363,2026-01,ALLOC_UNFAIR,Allocation deviated 22.7 pts from pro-rata entitlement (limit 2pts),2026-01-13,Closed,235,20,"J. Farrow, Trading Ops",2026-02-02,2026-01-25,False,Medium
9001036,TC-03,105365,2026-01,ALLOC_UNFAIR,Allocation deviated 25.78 pts from pro-rata entitlement (limit 2pts),2026-01-13,Closed,235,20,"J. Farrow, Trading Ops",2026-02-02,2026-01-29,False,Medium
9001037,TC-03,105378,2026-01,ALLOC_UNFAIR,Allocation deviated 6.41 pts from pro-rata entitlement (limit 2pts),2026-01-13,Open,235,20,"J. Farrow, Trading Ops",2026-02-02,,True,Medium
9001038,TC-03,105387,2026-01,ALLOC_UNFAIR,Allocation deviated 4.51 pts from pro-rata entitlement (limit 2pts),2026-01-14,Open,234,20,"J. Farrow, Trading Ops",2026-02-03,,True,Medium
9001039,TC-03,105388,2026-01,ALLOC_UNFAIR,Allocation deviated 16.51 pts from pro-rata entitlement (limit 2pts),2026-01-14,Closed,234,20,"J. Farrow, Trading Ops",2026-02-03,2026-01-30,False,Medium
9001040,TC-03,105411,2026-01,ALLOC_UNFAIR,Allocation deviated 12.31 pts from pro-rata entitlement (limit 2pts),2026-01-14,Open,234,20,"J. Farrow, Trading Ops",2026-02-03,,True,Medium
9001041,TC-03,105412,2026-01,ALLOC_UNFAIR,Allocation deviated 38.25 pts from pro-rata entitlement (limit 2pts),2026-01-14,Closed,234,20,"J. Farrow, Trading Ops",2026-02-03,2026-02-03,False,Medium
9001042,TC-03,105417,2026-01,ALLOC_UNFAIR,Allocation deviated 2.12 pts from pro-rata entitlement (limit 2pts),2026-01-14,Closed,234,20,"J. Farrow, Trading Ops",2026-02-03,2026-01-26,False,Medium
9001043,TC-03,105423,2026-01,ALLOC_UNFAIR,Allocation deviated 42.29 pts from pro-rata entitlement (limit 2pts),2026-01-14,Closed,234,20,"J. Farrow, Trading Ops",2026-02-03,2026-02-10,True,Medium
9001044,TC-03,105424,2026-01,ALLOC_UNFAIR,Allocation deviated 48.44 pts from pro-rata entitlement (limit 2pts),2026-01-14,Closed,234,20,"J. Farrow, Trading Ops",2026-02-03,2026-02-09,True,Medium
9001045,TC-03,105425,2026-01,ALLOC_UNFAIR,Allocation deviated 91.02 pts from pro-rata entitlement (limit 2pts),2026-01-14,Closed,234,20,"J. Farrow, Trading Ops",2026-02-03,2026-02-12,True,Medium
9001046,TC-03,105479,2026-01,ALLOC_UNFAIR,Allocation deviated 3.66 pts from pro-rata entitlement (limit 2pts),2026-01-15,Closed,233,20,"J. Farrow, Trading Ops",2026-02-04,2026-02-18,True,Medium
9001047,TC-03,105564,2026-01,ALLOC_UNFAIR,Allocation deviated 30.86 pts from pro-rata entitlement (limit 2pts),2026-01-19,Closed,229,20,"J. Farrow, Trading Ops",2026-02-08,2026-01-31,False,Medium
9001048,TC-03,105565,2026-01,ALLOC_UNFAIR,Allocation deviated 66.06 pts from pro-rata entitlement (limit 2pts),2026-01-19,Closed,229,20,"J. Farrow, Trading Ops",2026-02-08,2026-02-16,True,Medium
9001049,TC-03,105566,2026-01,ALLOC_UNFAIR,Allocation deviated 36.01 pts from pro-rata entitlement (limit 2pts),2026-01-19,Closed,229,20,"J. Farrow, Trading Ops",2026-02-08,2026-02-17,True,Medium
9001050,TC-03,105573,2026-01,ALLOC_UNFAIR,Allocation deviated 2.08 pts from pro-rata entitlement (limit 2pts),2026-01-19,Closed,229,20,"J. Farrow, Trading Ops",2026-02-08,2026-02-08,False,Medium
9001051,TC-03,105586,2026-01,ALLOC_UNFAIR,Allocation deviated 9.02 pts from pro-rata entitlement (limit 2pts),2026-01-19,Closed,229,20,"J. Farrow, Trading Ops",2026-02-08,2026-02-09,True,Medium
9001052,TC-03,105587,2026-01,ALLOC_UNFAIR,Allocation deviated 23.46 pts from pro-rata entitlement (limit 2pts),2026-01-19,Closed,229,20,"J. Farrow, Trading Ops",2026-02-08,2026-01-20,False,Medium
9001053,TC-03,105623,2026-01,ALLOC_UNFAIR,Allocation deviated 6.32 pts from pro-rata entitlement (limit 2pts),2026-01-20,Closed,228,20,"J. Farrow, Trading Ops",2026-02-09,2026-02-04,False,Medium
9001054,TC-03,105624,2026-01,ALLOC_UNFAIR,Allocation deviated 8.36 pts from pro-rata entitlement (limit 2pts),2026-01-20,Closed,228,20,"J. Farrow, Trading Ops",2026-02-09,2026-02-23,True,Medium
9001055,TC-03,105627,2026-01,ALLOC_UNFAIR,Allocation deviated 19.34 pts from pro-rata entitlement (limit 2pts),2026-01-20,Closed,228,20,"J. Farrow, Trading Ops",2026-02-09,2026-01-25,False,Medium
9001056,TC-03,105629,2026-01,ALLOC_UNFAIR,Allocation deviated 15.85 pts from pro-rata entitlement (limit 2pts),2026-01-20,Closed,228,20,"J. Farrow, Trading Ops",2026-02-09,2026-02-04,False,Medium
9001057,TC-03,105640,2026-01,ALLOC_UNFAIR,Allocation deviated 7.06 pts from pro-rata entitlement (limit 2pts),2026-01-20,Closed,228,20,"J. Farrow, Trading Ops",2026-02-09,2026-02-11,True,Medium
9001058,TC-03,105643,2026-01,ALLOC_UNFAIR,Allocation deviated 11.64 pts from pro-rata entitlement (limit 2pts),2026-01-20,Closed,228,20,"J. Farrow, Trading Ops",2026-02-09,2026-02-13,True,Medium
9001059,TC-03,105644,2026-01,ALLOC_UNFAIR,Allocation deviated 29.65 pts from pro-rata entitlement (limit 2pts),2026-01-20,Closed,228,20,"J. Farrow, Trading Ops",2026-02-09,2026-02-22,True,Medium
9001060,TC-03,105653,2026-01,ALLOC_UNFAIR,Allocation deviated 6.74 pts from pro-rata entitlement (limit 2pts),2026-01-20,Closed,228,20,"J. Farrow, Trading Ops",2026-02-09,2026-01-25,False,Medium
9001061,TC-03,105696,2026-01,ALLOC_UNFAIR,Allocation deviated 163.5 pts from pro-rata entitlement (limit 2pts),2026-01-21,Closed,227,20,"J. Farrow, Trading Ops",2026-02-10,2026-02-10,False,Medium
9001062,TC-03,105697,2026-01,ALLOC_UNFAIR,Allocation deviated 40.17 pts from pro-rata entitlement (limit 2pts),2026-01-21,Closed,227,20,"J. Farrow, Trading Ops",2026-02-10,2026-02-16,True,Medium
9001063,TC-03,105698,2026-01,ALLOC_UNFAIR,Allocation deviated 123.4 pts from pro-rata entitlement (limit 2pts),2026-01-21,Closed,227,20,"J. Farrow, Trading Ops",2026-02-10,2026-01-30,False,Medium
9001064,TC-03,105749,2026-01,ALLOC_UNFAIR,Allocation deviated 5.99 pts from pro-rata entitlement (limit 2pts),2026-01-22,Closed,226,20,"J. Farrow, Trading Ops",2026-02-11,2026-02-10,False,Medium
9001065,TC-03,105764,2026-01,ALLOC_UNFAIR,Allocation deviated 3.67 pts from pro-rata entitlement (limit 2pts),2026-01-22,Closed,226,20,"J. Farrow, Trading Ops",2026-02-11,2026-02-26,True,Medium
9001066,TC-03,105767,2026-01,ALLOC_UNFAIR,Allocation deviated 3.47 pts from pro-rata entitlement (limit 2pts),2026-01-22,Closed,226,20,"J. Farrow, Trading Ops",2026-02-11,2026-02-21,True,Medium
9001067,TC-03,105780,2026-01,ALLOC_UNFAIR,Allocation deviated 7.02 pts from pro-rata entitlement (limit 2pts),2026-01-23,Closed,225,20,"J. Farrow, Trading Ops",2026-02-12,2026-02-16,True,Medium
9001068,TC-03,105789,2026-01,ALLOC_UNFAIR,Allocation deviated 3.75 pts from pro-rata entitlement (limit 2pts),2026-01-23,Closed,225,20,"J. Farrow, Trading Ops",2026-02-12,2026-01-24,False,Medium
9001069,TC-03,105820,2026-01,ALLOC_UNFAIR,Allocation deviated 5.6 pts from pro-rata entitlement (limit 2pts),2026-01-23,Closed,225,20,"J. Farrow, Trading Ops",2026-02-12,2026-02-10,False,Medium
9001070,TC-03,105877,2026-01,ALLOC_UNFAIR,Allocation deviated 7.5 pts from pro-rata entitlement (limit 2pts),2026-01-26,Closed,222,20,"J. Farrow, Trading Ops",2026-02-15,2026-02-18,True,Medium
9001071,TC-03,105907,2026-01,ALLOC_UNFAIR,Allocation deviated 6.18 pts from pro-rata entitlement (limit 2pts),2026-01-27,Closed,221,20,"J. Farrow, Trading Ops",2026-02-16,2026-02-13,False,Medium
9001072,TC-03,105924,2026-01,ALLOC_UNFAIR,Allocation deviated 4.84 pts from pro-rata entitlement (limit 2pts),2026-01-27,Closed,221,20,"J. Farrow, Trading Ops",2026-02-16,2026-02-15,False,Medium
9001073,TC-03,105930,2026-01,ALLOC_UNFAIR,Allocation deviated 3.49 pts from pro-rata entitlement (limit 2pts),2026-01-27,Closed,221,20,"J. Farrow, Trading Ops",2026-02-16,2026-03-12,True,Medium
9001074,TC-03,105938,2026-01,ALLOC_UNFAIR,Allocation deviated 6.43 pts from pro-rata entitlement (limit 2pts),2026-01-27,Closed,221,20,"J. Farrow, Trading Ops",2026-02-16,2026-02-14,False,Medium
9001075,TC-03,105944,2026-01,ALLOC_UNFAIR,Allocation deviated 2.68 pts from pro-rata entitlement (limit 2pts),2026-01-27,Closed,221,20,"J. Farrow, Trading Ops",2026-02-16,2026-02-08,False,Medium
9001076,TC-03,105983,2026-01,ALLOC_UNFAIR,Allocation deviated 5.92 pts from pro-rata entitlement (limit 2pts),2026-01-28,Closed,220,20,"J. Farrow, Trading Ops",2026-02-17,2026-02-18,True,Medium
9001077,TC-03,105984,2026-01,ALLOC_UNFAIR,Allocation deviated 5.05 pts from pro-rata entitlement (limit 2pts),2026-01-28,Closed,220,20,"J. Farrow, Trading Ops",2026-02-17,2026-02-14,False,Medium
9001078,TC-03,106001,2026-01,ALLOC_UNFAIR,Allocation deviated 7.44 pts from pro-rata entitlement (limit 2pts),2026-01-28,Closed,220,20,"J. Farrow, Trading Ops",2026-02-17,2026-02-14,False,Medium
9001079,TC-03,106023,2026-01,ALLOC_UNFAIR,Allocation deviated 4.27 pts from pro-rata entitlement (limit 2pts),2026-01-29,Closed,219,20,"J. Farrow, Trading Ops",2026-02-18,2026-02-17,False,Medium
9001080,TC-03,106035,2026-01,ALLOC_UNFAIR,Allocation deviated 7.81 pts from pro-rata entitlement (limit 2pts),2026-01-29,Closed,219,20,"J. Farrow, Trading Ops",2026-02-18,2026-02-24,True,Medium
9001081,TC-03,106107,2026-02,ALLOC_UNFAIR,Allocation deviated 38.03 pts from pro-rata entitlement (limit 2pts),2026-02-02,Closed,215,20,"J. Farrow, Trading Ops",2026-02-22,2026-02-23,True,Medium
9001082,TC-03,106109,2026-02,ALLOC_UNFAIR,Allocation deviated 11.5 pts from pro-rata entitlement (limit 2pts),2026-02-02,Open,215,20,"J. Farrow, Trading Ops",2026-02-22,,True,Medium
9001083,TC-03,106141,2026-02,ALLOC_UNFAIR,Allocation deviated 4.05 pts from pro-rata entitlement (limit 2pts),2026-02-02,Closed,215,20,"J. Farrow, Trading Ops",2026-02-22,2026-02-20,False,Medium
9001084,TC-03,106145,2026-02,ALLOC_UNFAIR,Allocation deviated 8.64 pts from pro-rata entitlement (limit 2pts),2026-02-02,Closed,215,20,"J. Farrow, Trading Ops",2026-02-22,2026-02-25,True,Medium
9001085,TC-03,106152,2026-02,ALLOC_UNFAIR,Allocation deviated 6.65 pts from pro-rata entitlement (limit 2pts),2026-02-03,Closed,214,20,"J. Farrow, Trading Ops",2026-02-23,2026-02-19,False,Medium
9001086,TC-03,106210,2026-02,ALLOC_UNFAIR,Allocation deviated 11.11 pts from pro-rata entitlement (limit 2pts),2026-02-04,Closed,213,20,"J. Farrow, Trading Ops",2026-02-24,2026-03-05,True,Medium
9001087,TC-03,106211,2026-02,ALLOC_UNFAIR,Allocation deviated 15.07 pts from pro-rata entitlement (limit 2pts),2026-02-04,Open,213,20,"J. Farrow, Trading Ops",2026-02-24,,True,Medium
9001088,TC-03,106291,2026-02,ALLOC_UNFAIR,Allocation deviated 5.36 pts from pro-rata entitlement (limit 2pts),2026-02-06,Closed,211,20,"J. Farrow, Trading Ops",2026-02-26,2026-02-18,False,Medium
9001089,TC-03,106308,2026-02,ALLOC_UNFAIR,Allocation deviated 4.78 pts from pro-rata entitlement (limit 2pts),2026-02-06,Closed,211,20,"J. Farrow, Trading Ops",2026-02-26,2026-02-28,True,Medium
9001090,TC-03,106310,2026-02,ALLOC_UNFAIR,Allocation deviated 4.16 pts from pro-rata entitlement (limit 2pts),2026-02-06,Closed,211,20,"J. Farrow, Trading Ops",2026-02-26,2026-03-13,True,Medium
9001091,TC-03,106363,2026-02,ALLOC_UNFAIR,Allocation deviated 5.71 pts from pro-rata entitlement (limit 2pts),2026-02-09,Closed,208,20,"J. Farrow, Trading Ops",2026-03-01,2026-03-13,True,Medium
9001092,TC-03,106368,2026-02,ALLOC_UNFAIR,Allocation deviated 25.72 pts from pro-rata entitlement (limit 2pts),2026-02-09,Closed,208,20,"J. Farrow, Trading Ops",2026-03-01,2026-02-28,False,Medium
9001093,TC-03,106370,2026-02,ALLOC_UNFAIR,Allocation deviated 2.1 pts from pro-rata entitlement (limit 2pts),2026-02-09,Closed,208,20,"J. Farrow, Trading Ops",2026-03-01,2026-03-08,True,Medium
9001094,TC-03,106407,2026-02,ALLOC_UNFAIR,Allocation deviated 48.53 pts from pro-rata entitlement (limit 2pts),2026-02-09,Closed,208,20,"J. Farrow, Trading Ops",2026-03-01,2026-02-23,False,Medium
9001095,TC-03,106409,2026-02,ALLOC_UNFAIR,Allocation deviated 4.13 pts from pro-rata entitlement (limit 2pts),2026-02-09,Closed,208,20,"J. Farrow, Trading Ops",2026-03-01,2026-02-17,False,Medium
9001096,TC-03,106415,2026-02,ALLOC_UNFAIR,Allocation deviated 6.48 pts from pro-rata entitlement (limit 2pts),2026-02-10,Closed,207,20,"J. Farrow, Trading Ops",2026-03-02,2026-03-06,True,Medium
9001097,TC-03,106416,2026-02,ALLOC_UNFAIR,Allocation deviated 4.66 pts from pro-rata entitlement (limit 2pts),2026-02-10,Open,207,20,"J. Farrow, Trading Ops",2026-03-02,,True,Medium
9001098,TC-03,106453,2026-02,ALLOC_UNFAIR,Allocation deviated 5.11 pts from pro-rata entitlement (limit 2pts),2026-02-10,Closed,207,20,"J. Farrow, Trading Ops",2026-03-02,2026-03-06,True,Medium
9001099,TC-03,106523,2026-02,ALLOC_UNFAIR,Allocation deviated 2.02 pts from pro-rata entitlement (limit 2pts),2026-02-11,Closed,206,20,"J. Farrow, Trading Ops",2026-03-03,2026-03-02,False,Medium
9001100,TC-03,106545,2026-02,ALLOC_UNFAIR,Allocation deviated 11.21 pts from pro-rata entitlement (limit 2pts),2026-02-12,Closed,205,20,"J. Farrow, Trading Ops",2026-03-04,2026-03-06,True,Medium
9001101,TC-03,106547,2026-02,ALLOC_UNFAIR,Allocation deviated 14.82 pts from pro-rata entitlement (limit 2pts),2026-02-12,Closed,205,20,"J. Farrow, Trading Ops",2026-03-04,2026-02-27,False,Medium
9001102,TC-03,106556,2026-02,ALLOC_UNFAIR,Allocation deviated 15.57 pts from pro-rata entitlement (limit 2pts),2026-02-12,Closed,205,20,"J. Farrow, Trading Ops",2026-03-04,2026-03-07,True,Medium
9001103,TC-03,106557,2026-02,ALLOC_UNFAIR,Allocation deviated 9.04 pts from pro-rata entitlement (limit 2pts),2026-02-12,Closed,205,20,"J. Farrow, Trading Ops",2026-03-04,2026-03-10,True,Medium
9001104,TC-03,106559,2026-02,ALLOC_UNFAIR,Allocation deviated 18.62 pts from pro-rata entitlement (limit 2pts),2026-02-12,Closed,205,20,"J. Farrow, Trading Ops",2026-03-04,2026-03-03,False,Medium
9001105,TC-03,106581,2026-02,ALLOC_UNFAIR,Allocation deviated 5.36 pts from pro-rata entitlement (limit 2pts),2026-02-12,Closed,205,20,"J. Farrow, Trading Ops",2026-03-04,2026-03-10,True,Medium
9001106,TC-03,106598,2026-02,ALLOC_UNFAIR,Allocation deviated 8.63 pts from pro-rata entitlement (limit 2pts),2026-02-12,Closed,205,20,"J. Farrow, Trading Ops",2026-03-04,2026-02-17,False,Medium
9001107,TC-03,106632,2026-02,ALLOC_UNFAIR,Allocation deviated 7.36 pts from pro-rata entitlement (limit 2pts),2026-02-13,Closed,204,20,"J. Farrow, Trading Ops",2026-03-05,2026-02-26,False,Medium
9001108,TC-03,106695,2026-02,ALLOC_UNFAIR,Allocation deviated 35.63 pts from pro-rata entitlement (limit 2pts),2026-02-16,Closed,201,20,"J. Farrow, Trading Ops",2026-03-08,2026-03-19,True,Medium
9001109,TC-03,106697,2026-02,ALLOC_UNFAIR,Allocation deviated 16.67 pts from pro-rata entitlement (limit 2pts),2026-02-16,Closed,201,20,"J. Farrow, Trading Ops",2026-03-08,2026-03-22,True,Medium
9001110,TC-03,106702,2026-02,ALLOC_UNFAIR,Allocation deviated 7.32 pts from pro-rata entitlement (limit 2pts),2026-02-16,Closed,201,20,"J. Farrow, Trading Ops",2026-03-08,2026-03-10,True,Medium
9001111,TC-03,106704,2026-02,ALLOC_UNFAIR,Allocation deviated 10.07 pts from pro-rata entitlement (limit 2pts),2026-02-16,Open,201,20,"J. Farrow, Trading Ops",2026-03-08,,True,Medium
9001112,TC-03,106705,2026-02,ALLOC_UNFAIR,Allocation deviated 2.36 pts from pro-rata entitlement (limit 2pts),2026-02-16,Open,201,20,"J. Farrow, Trading Ops",2026-03-08,,True,Medium
9001113,TC-03,106775,2026-02,ALLOC_UNFAIR,Allocation deviated 8.09 pts from pro-rata entitlement (limit 2pts),2026-02-18,Closed,199,20,"J. Farrow, Trading Ops",2026-03-10,2026-03-12,True,Medium
9001114,TC-03,106778,2026-02,ALLOC_UNFAIR,Allocation deviated 3.86 pts from pro-rata entitlement (limit 2pts),2026-02-18,Closed,199,20,"J. Farrow, Trading Ops",2026-03-10,2026-03-16,True,Medium
9001115,TC-03,106891,2026-02,ALLOC_UNFAIR,Allocation deviated 6.71 pts from pro-rata entitlement (limit 2pts),2026-02-20,Closed,197,20,"J. Farrow, Trading Ops",2026-03-12,2026-02-28,False,Medium
9001116,TC-03,106921,2026-02,ALLOC_UNFAIR,Allocation deviated 6.97 pts from pro-rata entitlement (limit 2pts),2026-02-20,Closed,197,20,"J. Farrow, Trading Ops",2026-03-12,2026-03-16,True,Medium
9001117,TC-03,106931,2026-02,ALLOC_UNFAIR,Allocation deviated 4.57 pts from pro-rata entitlement (limit 2pts),2026-02-20,Open,197,20,"J. Farrow, Trading Ops",2026-03-12,,True,Medium
9001118,TC-03,106983,2026-02,ALLOC_UNFAIR,Allocation deviated 3.85 pts from pro-rata entitlement (limit 2pts),2026-02-23,Closed,194,20,"J. Farrow, Trading Ops",2026-03-15,2026-03-18,True,Medium
9001119,TC-03,106998,2026-02,ALLOC_UNFAIR,Allocation deviated 2.27 pts from pro-rata entitlement (limit 2pts),2026-02-23,Closed,194,20,"J. Farrow, Trading Ops",2026-03-15,2026-03-05,False,Medium
9001120,TC-03,107011,2026-02,ALLOC_UNFAIR,Allocation deviated 7.9 pts from pro-rata entitlement (limit 2pts),2026-02-24,Closed,193,20,"J. Farrow, Trading Ops",2026-03-16,2026-03-20,True,Medium
9001121,TC-03,107045,2026-02,ALLOC_UNFAIR,Allocation deviated 5.41 pts from pro-rata entitlement (limit 2pts),2026-02-24,Closed,193,20,"J. Farrow, Trading Ops",2026-03-16,2026-03-04,False,Medium
9001122,TC-03,107068,2026-02,ALLOC_UNFAIR,Allocation deviated 13.79 pts from pro-rata entitlement (limit 2pts),2026-02-25,Closed,192,20,"J. Farrow, Trading Ops",2026-03-17,2026-03-28,True,Medium
9001123,TC-03,107069,2026-02,ALLOC_UNFAIR,Allocation deviated 13.97 pts from pro-rata entitlement (limit 2pts),2026-02-25,Closed,192,20,"J. Farrow, Trading Ops",2026-03-17,2026-03-18,True,Medium
9001124,TC-03,107098,2026-02,ALLOC_UNFAIR,Allocation deviated 8.77 pts from pro-rata entitlement (limit 2pts),2026-02-25,Closed,192,20,"J. Farrow, Trading Ops",2026-03-17,2026-03-07,False,Medium
9001125,TC-03,107101,2026-02,ALLOC_UNFAIR,Allocation deviated 3.62 pts from pro-rata entitlement (limit 2pts),2026-02-25,Closed,192,20,"J. Farrow, Trading Ops",2026-03-17,2026-03-27,True,Medium
9001126,TC-03,107102,2026-02,ALLOC_UNFAIR,Allocation deviated 10.82 pts from pro-rata entitlement (limit 2pts),2026-02-25,Closed,192,20,"J. Farrow, Trading Ops",2026-03-17,2026-03-26,True,Medium
9001127,TC-03,107111,2026-02,ALLOC_UNFAIR,Allocation deviated 3.91 pts from pro-rata entitlement (limit 2pts),2026-02-26,Closed,191,20,"J. Farrow, Trading Ops",2026-03-18,2026-03-12,False,Medium
9001128,TC-03,107112,2026-02,ALLOC_UNFAIR,Allocation deviated 23.97 pts from pro-rata entitlement (limit 2pts),2026-02-26,Open,191,20,"J. Farrow, Trading Ops",2026-03-18,,True,Medium
9001129,TC-03,107114,2026-02,ALLOC_UNFAIR,Allocation deviated 47.46 pts from pro-rata entitlement (limit 2pts),2026-02-26,Closed,191,20,"J. Farrow, Trading Ops",2026-03-18,2026-03-09,False,Medium
9001130,TC-03,107167,2026-02,ALLOC_UNFAIR,Allocation deviated 3.31 pts from pro-rata entitlement (limit 2pts),2026-02-27,Closed,190,20,"J. Farrow, Trading Ops",2026-03-19,2026-03-21,True,Medium
9001131,TC-03,107198,2026-02,ALLOC_UNFAIR,Allocation deviated 8.46 pts from pro-rata entitlement (limit 2pts),2026-02-27,Closed,190,20,"J. Farrow, Trading Ops",2026-03-19,2026-03-28,True,Medium
9001132,TC-03,107255,2026-03,ALLOC_UNFAIR,Allocation deviated 3.86 pts from pro-rata entitlement (limit 2pts),2026-03-02,Closed,187,20,"J. Farrow, Trading Ops",2026-03-22,2026-03-03,False,Medium
9001133,TC-03,107271,2026-03,ALLOC_UNFAIR,Allocation deviated 7.01 pts from pro-rata entitlement (limit 2pts),2026-03-02,Closed,187,20,"J. Farrow, Trading Ops",2026-03-22,2026-03-30,True,Medium
9001134,TC-03,107296,2026-03,ALLOC_UNFAIR,Allocation deviated 7.53 pts from pro-rata entitlement (limit 2pts),2026-03-03,Closed,186,20,"J. Farrow, Trading Ops",2026-03-23,2026-03-22,False,Medium
9001135,TC-03,107311,2026-03,ALLOC_UNFAIR,Allocation deviated 6.0 pts from pro-rata entitlement (limit 2pts),2026-03-03,Closed,186,20,"J. Farrow, Trading Ops",2026-03-23,2026-03-22,False,Medium
9001136,TC-03,107360,2026-03,ALLOC_UNFAIR,Allocation deviated 7.75 pts from pro-rata entitlement (limit 2pts),2026-03-04,Open,185,20,"J. Farrow, Trading Ops",2026-03-24,,True,Medium
9001137,TC-03,107377,2026-03,ALLOC_UNFAIR,Allocation deviated 24.72 pts from pro-rata entitlement (limit 2pts),2026-03-04,Closed,185,20,"J. Farrow, Trading Ops",2026-03-24,2026-03-26,True,Medium
9001138,TC-03,107378,2026-03,ALLOC_UNFAIR,Allocation deviated 14.94 pts from pro-rata entitlement (limit 2pts),2026-03-04,Closed,185,20,"J. Farrow, Trading Ops",2026-03-24,2026-03-15,False,Medium
9001139,TC-03,107438,2026-03,ALLOC_UNFAIR,Allocation deviated 8.29 pts from pro-rata entitlement (limit 2pts),2026-03-06,Closed,183,20,"J. Farrow, Trading Ops",2026-03-26,2026-03-18,False,Medium
9001140,TC-03,107447,2026-03,ALLOC_UNFAIR,Allocation deviated 7.45 pts from pro-rata entitlement (limit 2pts),2026-03-06,Closed,183,20,"J. Farrow, Trading Ops",2026-03-26,2026-03-22,False,Medium
9001141,TC-03,107461,2026-03,ALLOC_UNFAIR,Allocation deviated 4.03 pts from pro-rata entitlement (limit 2pts),2026-03-06,Closed,183,20,"J. Farrow, Trading Ops",2026-03-26,2026-03-16,False,Medium
9001142,TC-03,107473,2026-03,ALLOC_UNFAIR,Allocation deviated 4.5 pts from pro-rata entitlement (limit 2pts),2026-03-06,Closed,183,20,"J. Farrow, Trading Ops",2026-03-26,2026-04-07,True,Medium
9001143,TC-03,107474,2026-03,ALLOC_UNFAIR,Allocation deviated 4.4 pts from pro-rata entitlement (limit 2pts),2026-03-06,Closed,183,20,"J. Farrow, Trading Ops",2026-03-26,2026-03-15,False,Medium
9001144,TC-03,107478,2026-03,ALLOC_UNFAIR,Allocation deviated 4.25 pts from pro-rata entitlement (limit 2pts),2026-03-06,Closed,183,20,"J. Farrow, Trading Ops",2026-03-26,2026-03-19,False,Medium
9001145,TC-03,107517,2026-03,ALLOC_UNFAIR,Allocation deviated 7.98 pts from pro-rata entitlement (limit 2pts),2026-03-09,Closed,180,20,"J. Farrow, Trading Ops",2026-03-29,2026-03-26,False,Medium
9001146,TC-03,107520,2026-03,ALLOC_UNFAIR,Allocation deviated 8.03 pts from pro-rata entitlement (limit 2pts),2026-03-09,Closed,180,20,"J. Farrow, Trading Ops",2026-03-29,2026-03-29,False,Medium
9001147,TC-03,107532,2026-03,ALLOC_UNFAIR,Allocation deviated 2.94 pts from pro-rata entitlement (limit 2pts),2026-03-10,Closed,179,20,"J. Farrow, Trading Ops",2026-03-30,2026-04-05,True,Medium
9001148,TC-03,107534,2026-03,ALLOC_UNFAIR,Allocation deviated 3.07 pts from pro-rata entitlement (limit 2pts),2026-03-10,Closed,179,20,"J. Farrow, Trading Ops",2026-03-30,2026-04-05,True,Medium
9001149,TC-03,107535,2026-03,ALLOC_UNFAIR,Allocation deviated 5.21 pts from pro-rata entitlement (limit 2pts),2026-03-10,Open,179,20,"J. Farrow, Trading Ops",2026-03-30,,True,Medium
9001150,TC-03,107580,2026-03,ALLOC_UNFAIR,Allocation deviated 24.75 pts from pro-rata entitlement (limit 2pts),2026-03-11,Closed,178,20,"J. Farrow, Trading Ops",2026-03-31,2026-03-27,False,Medium
9001151,TC-03,107582,2026-03,ALLOC_UNFAIR,Allocation deviated 19.45 pts from pro-rata entitlement (limit 2pts),2026-03-11,Closed,178,20,"J. Farrow, Trading Ops",2026-03-31,2026-03-31,False,Medium
9001152,TC-03,107589,2026-03,ALLOC_UNFAIR,Allocation deviated 3.92 pts from pro-rata entitlement (limit 2pts),2026-03-11,Closed,178,20,"J. Farrow, Trading Ops",2026-03-31,2026-04-06,True,Medium
9001153,TC-03,107644,2026-03,ALLOC_UNFAIR,Allocation deviated 19.15 pts from pro-rata entitlement (limit 2pts),2026-03-12,Closed,177,20,"J. Farrow, Trading Ops",2026-04-01,2026-04-06,True,Medium
9001154,TC-03,107645,2026-03,ALLOC_UNFAIR,Allocation deviated 39.35 pts from pro-rata entitlement (limit 2pts),2026-03-12,Closed,177,20,"J. Farrow, Trading Ops",2026-04-01,2026-03-27,False,Medium
9001155,TC-03,107660,2026-03,ALLOC_UNFAIR,Allocation deviated 3.62 pts from pro-rata entitlement (limit 2pts),2026-03-12,Closed,177,20,"J. Farrow, Trading Ops",2026-04-01,2026-03-15,False,Medium
9001156,TC-03,107707,2026-03,ALLOC_UNFAIR,Allocation deviated 7.65 pts from pro-rata entitlement (limit 2pts),2026-03-13,Closed,176,20,"J. Farrow, Trading Ops",2026-04-02,2026-04-19,True,Medium
9001157,TC-03,107708,2026-03,ALLOC_UNFAIR,Allocation deviated 6.13 pts from pro-rata entitlement (limit 2pts),2026-03-13,Closed,176,20,"J. Farrow, Trading Ops",2026-04-02,2026-04-09,True,Medium
9001158,TC-03,107716,2026-03,ALLOC_UNFAIR,Allocation deviated 3.14 pts from pro-rata entitlement (limit 2pts),2026-03-13,Closed,176,20,"J. Farrow, Trading Ops",2026-04-02,2026-04-04,True,Medium
9001159,TC-03,107756,2026-03,ALLOC_UNFAIR,Allocation deviated 7.3 pts from pro-rata entitlement (limit 2pts),2026-03-16,Closed,173,20,"J. Farrow, Trading Ops",2026-04-05,2026-04-07,True,Medium
9001160,TC-03,107765,2026-03,ALLOC_UNFAIR,Allocation deviated 4.41 pts from pro-rata entitlement (limit 2pts),2026-03-16,Closed,173,20,"J. Farrow, Trading Ops",2026-04-05,2026-03-31,False,Medium
9001161,TC-03,107777,2026-03,ALLOC_UNFAIR,Allocation deviated 5.06 pts from pro-rata entitlement (limit 2pts),2026-03-16,Closed,173,20,"J. Farrow, Trading Ops",2026-04-05,2026-03-27,False,Medium
9001162,TC-03,107815,2026-03,ALLOC_UNFAIR,Allocation deviated 5.2 pts from pro-rata entitlement (limit 2pts),2026-03-17,Closed,172,20,"J. Farrow, Trading Ops",2026-04-06,2026-04-03,False,Medium
9001163,TC-03,107848,2026-03,ALLOC_UNFAIR,Allocation deviated 3.55 pts from pro-rata entitlement (limit 2pts),2026-03-17,Closed,172,20,"J. Farrow, Trading Ops",2026-04-06,2026-04-04,False,Medium
9001164,TC-03,107856,2026-03,ALLOC_UNFAIR,Allocation deviated 4.45 pts from pro-rata entitlement (limit 2pts),2026-03-17,Closed,172,20,"J. Farrow, Trading Ops",2026-04-06,2026-03-31,False,Medium
9001165,TC-03,107892,2026-03,ALLOC_UNFAIR,Allocation deviated 5.26 pts from pro-rata entitlement (limit 2pts),2026-03-18,Closed,171,20,"J. Farrow, Trading Ops",2026-04-07,2026-03-26,False,Medium
9001166,TC-03,107905,2026-03,ALLOC_UNFAIR,Allocation deviated 6.31 pts from pro-rata entitlement (limit 2pts),2026-03-18,Closed,171,20,"J. Farrow, Trading Ops",2026-04-07,2026-04-04,False,Medium
9001167,TC-03,107932,2026-03,ALLOC_UNFAIR,Allocation deviated 5.15 pts from pro-rata entitlement (limit 2pts),2026-03-19,Closed,170,20,"J. Farrow, Trading Ops",2026-04-08,2026-04-12,True,Medium
9001168,TC-03,107951,2026-03,ALLOC_UNFAIR,Allocation deviated 6.87 pts from pro-rata entitlement (limit 2pts),2026-03-19,Closed,170,20,"J. Farrow, Trading Ops",2026-04-08,2026-04-04,False,Medium
9001169,TC-03,107991,2026-03,ALLOC_UNFAIR,Allocation deviated 6.81 pts from pro-rata entitlement (limit 2pts),2026-03-20,Closed,169,20,"J. Farrow, Trading Ops",2026-04-09,2026-04-09,False,Medium
9001170,TC-03,108063,2026-03,ALLOC_UNFAIR,Allocation deviated 2.2 pts from pro-rata entitlement (limit 2pts),2026-03-23,Closed,166,20,"J. Farrow, Trading Ops",2026-04-12,2026-03-26,False,Medium
9001171,TC-03,108065,2026-03,ALLOC_UNFAIR,Allocation deviated 3.27 pts from pro-rata entitlement (limit 2pts),2026-03-23,Closed,166,20,"J. Farrow, Trading Ops",2026-04-12,2026-04-10,False,Medium
9001172,TC-03,108066,2026-03,ALLOC_UNFAIR,Allocation deviated 50.46 pts from pro-rata entitlement (limit 2pts),2026-03-23,Closed,166,20,"J. Farrow, Trading Ops",2026-04-12,2026-04-11,False,Medium
9001173,TC-03,108067,2026-03,ALLOC_UNFAIR,Allocation deviated 44.65 pts from pro-rata entitlement (limit 2pts),2026-03-23,Closed,166,20,"J. Farrow, Trading Ops",2026-04-12,2026-04-02,False,Medium
9001174,TC-03,108068,2026-03,ALLOC_UNFAIR,Allocation deviated 95.3 pts from pro-rata entitlement (limit 2pts),2026-03-23,Closed,166,20,"J. Farrow, Trading Ops",2026-04-12,2026-03-29,False,Medium
9001175,TC-03,108069,2026-03,ALLOC_UNFAIR,Allocation deviated 5.96 pts from pro-rata entitlement (limit 2pts),2026-03-23,Closed,166,20,"J. Farrow, Trading Ops",2026-04-12,2026-04-15,True,Medium
9001176,TC-03,108076,2026-03,ALLOC_UNFAIR,Allocation deviated 4.77 pts from pro-rata entitlement (limit 2pts),2026-03-24,Closed,165,20,"J. Farrow, Trading Ops",2026-04-13,2026-04-06,False,Medium
9001177,TC-03,108085,2026-03,ALLOC_UNFAIR,Allocation deviated 7.98 pts from pro-rata entitlement (limit 2pts),2026-03-24,Closed,165,20,"J. Farrow, Trading Ops",2026-04-13,2026-04-16,True,Medium
9001178,TC-03,108096,2026-03,ALLOC_UNFAIR,Allocation deviated 10.02 pts from pro-rata entitlement (limit 2pts),2026-03-24,Closed,165,20,"J. Farrow, Trading Ops",2026-04-13,2026-04-09,False,Medium
9001179,TC-03,108097,2026-03,ALLOC_UNFAIR,Allocation deviated 4.0 pts from pro-rata entitlement (limit 2pts),2026-03-24,Closed,165,20,"J. Farrow, Trading Ops",2026-04-13,2026-04-17,True,Medium
9001180,TC-03,108140,2026-03,ALLOC_UNFAIR,Allocation deviated 7.39 pts from pro-rata entitlement (limit 2pts),2026-03-25,Closed,164,20,"J. Farrow, Trading Ops",2026-04-14,2026-04-11,False,Medium
9001181,TC-03,108156,2026-03,ALLOC_UNFAIR,Allocation deviated 11.1 pts from pro-rata entitlement (limit 2pts),2026-03-25,Closed,164,20,"J. Farrow, Trading Ops",2026-04-14,2026-04-01,False,Medium
9001182,TC-03,108157,2026-03,ALLOC_UNFAIR,Allocation deviated 11.25 pts from pro-rata entitlement (limit 2pts),2026-03-25,Closed,164,20,"J. Farrow, Trading Ops",2026-04-14,2026-04-13,False,Medium
9001183,TC-03,108183,2026-03,ALLOC_UNFAIR,Allocation deviated 5.15 pts from pro-rata entitlement (limit 2pts),2026-03-26,Closed,163,20,"J. Farrow, Trading Ops",2026-04-15,2026-04-12,False,Medium
9001184,TC-03,108200,2026-03,ALLOC_UNFAIR,Allocation deviated 4.52 pts from pro-rata entitlement (limit 2pts),2026-03-26,Closed,163,20,"J. Farrow, Trading Ops",2026-04-15,2026-04-20,True,Medium
9001185,TC-03,108230,2026-03,ALLOC_UNFAIR,Allocation deviated 8.86 pts from pro-rata entitlement (limit 2pts),2026-03-26,Closed,163,20,"J. Farrow, Trading Ops",2026-04-15,2026-04-11,False,Medium
9001186,TC-03,108237,2026-03,ALLOC_UNFAIR,Allocation deviated 4.44 pts from pro-rata entitlement (limit 2pts),2026-03-27,Closed,162,20,"J. Farrow, Trading Ops",2026-04-16,2026-04-12,False,Medium
9001187,TC-03,108243,2026-03,ALLOC_UNFAIR,Allocation deviated 20.4 pts from pro-rata entitlement (limit 2pts),2026-03-27,Closed,162,20,"J. Farrow, Trading Ops",2026-04-16,2026-04-22,True,Medium
9001188,TC-03,108245,2026-03,ALLOC_UNFAIR,Allocation deviated 21.82 pts from pro-rata entitlement (limit 2pts),2026-03-27,Closed,162,20,"J. Farrow, Trading Ops",2026-04-16,2026-04-25,True,Medium
9001189,TC-03,108255,2026-03,ALLOC_UNFAIR,Allocation deviated 7.6 pts from pro-rata entitlement (limit 2pts),2026-03-27,Closed,162,20,"J. Farrow, Trading Ops",2026-04-16,2026-04-22,True,Medium
9001190,TC-03,108268,2026-03,ALLOC_UNFAIR,Allocation deviated 3.94 pts from pro-rata entitlement (limit 2pts),2026-03-27,Closed,162,20,"J. Farrow, Trading Ops",2026-04-16,2026-04-24,True,Medium
9001191,TC-03,108270,2026-03,ALLOC_UNFAIR,Allocation deviated 3.61 pts from pro-rata entitlement (limit 2pts),2026-03-27,Closed,162,20,"J. Farrow, Trading Ops",2026-04-16,2026-04-19,True,Medium
9001192,TC-03,108272,2026-03,ALLOC_UNFAIR,Allocation deviated 2.79 pts from pro-rata entitlement (limit 2pts),2026-03-27,Closed,162,20,"J. Farrow, Trading Ops",2026-04-16,2026-04-22,True,Medium
9001193,TC-03,108285,2026-03,ALLOC_UNFAIR,Allocation deviated 35.03 pts from pro-rata entitlement (limit 2pts),2026-03-30,Closed,159,20,"J. Farrow, Trading Ops",2026-04-19,2026-04-26,True,Medium
9001194,TC-03,108286,2026-03,ALLOC_UNFAIR,Allocation deviated 2.62 pts from pro-rata entitlement (limit 2pts),2026-03-30,Closed,159,20,"J. Farrow, Trading Ops",2026-04-19,2026-04-22,True,Medium
9001195,TC-03,108304,2026-03,ALLOC_UNFAIR,Allocation deviated 6.58 pts from pro-rata entitlement (limit 2pts),2026-03-30,Closed,159,20,"J. Farrow, Trading Ops",2026-04-19,2026-04-19,False,Medium
9001196,TC-03,108378,2026-03,ALLOC_UNFAIR,Allocation deviated 5.49 pts from pro-rata entitlement (limit 2pts),2026-03-31,Closed,158,20,"J. Farrow, Trading Ops",2026-04-20,2026-04-21,True,Medium
9001197,TC-03,108379,2026-03,ALLOC_UNFAIR,Allocation deviated 15.43 pts from pro-rata entitlement (limit 2pts),2026-03-31,Open,158,20,"J. Farrow, Trading Ops",2026-04-20,,True,Medium
9001198,TC-03,108395,2026-04,ALLOC_UNFAIR,Allocation deviated 5.52 pts from pro-rata entitlement (limit 2pts),2026-04-01,Closed,157,20,"J. Farrow, Trading Ops",2026-04-21,2026-04-21,False,Medium
9001199,TC-03,108402,2026-04,ALLOC_UNFAIR,Allocation deviated 17.76 pts from pro-rata entitlement (limit 2pts),2026-04-01,Closed,157,20,"J. Farrow, Trading Ops",2026-04-21,2026-04-19,False,Medium
9001200,TC-03,108404,2026-04,ALLOC_UNFAIR,Allocation deviated 20.95 pts from pro-rata entitlement (limit 2pts),2026-04-01,Closed,157,20,"J. Farrow, Trading Ops",2026-04-21,2026-04-18,False,Medium
9001201,TC-03,108425,2026-04,ALLOC_UNFAIR,Allocation deviated 6.77 pts from pro-rata entitlement (limit 2pts),2026-04-01,Closed,157,20,"J. Farrow, Trading Ops",2026-04-21,2026-04-20,False,Medium
9001202,TC-03,108460,2026-04,ALLOC_UNFAIR,Allocation deviated 8.57 pts from pro-rata entitlement (limit 2pts),2026-04-02,Closed,156,20,"J. Farrow, Trading Ops",2026-04-22,2026-04-23,True,Medium
9001203,TC-03,108475,2026-04,ALLOC_UNFAIR,Allocation deviated 3.95 pts from pro-rata entitlement (limit 2pts),2026-04-02,Closed,156,20,"J. Farrow, Trading Ops",2026-04-22,2026-04-12,False,Medium
9001204,TC-03,108514,2026-04,ALLOC_UNFAIR,Allocation deviated 19.37 pts from pro-rata entitlement (limit 2pts),2026-04-03,Closed,155,20,"J. Farrow, Trading Ops",2026-04-23,2026-04-07,False,Medium
9001205,TC-03,108515,2026-04,ALLOC_UNFAIR,Allocation deviated 23.91 pts from pro-rata entitlement (limit 2pts),2026-04-03,Closed,155,20,"J. Farrow, Trading Ops",2026-04-23,2026-04-25,True,Medium
9001206,TC-03,108523,2026-04,ALLOC_UNFAIR,Allocation deviated 5.01 pts from pro-rata entitlement (limit 2pts),2026-04-03,Closed,155,20,"J. Farrow, Trading Ops",2026-04-23,2026-04-10,False,Medium
9001207,TC-03,108531,2026-04,ALLOC_UNFAIR,Allocation deviated 4.34 pts from pro-rata entitlement (limit 2pts),2026-04-03,Closed,155,20,"J. Farrow, Trading Ops",2026-04-23,2026-04-25,True,Medium
9001208,TC-03,108539,2026-04,ALLOC_UNFAIR,Allocation deviated 5.14 pts from pro-rata entitlement (limit 2pts),2026-04-03,Open,155,20,"J. Farrow, Trading Ops",2026-04-23,,True,Medium
9001209,TC-03,108564,2026-04,ALLOC_UNFAIR,Allocation deviated 7.67 pts from pro-rata entitlement (limit 2pts),2026-04-06,Closed,152,20,"J. Farrow, Trading Ops",2026-04-26,2026-05-05,True,Medium
9001210,TC-03,108566,2026-04,ALLOC_UNFAIR,Allocation deviated 7.23 pts from pro-rata entitlement (limit 2pts),2026-04-06,Closed,152,20,"J. Farrow, Trading Ops",2026-04-26,2026-05-09,True,Medium
9001211,TC-03,108608,2026-04,ALLOC_UNFAIR,Allocation deviated 2.25 pts from pro-rata entitlement (limit 2pts),2026-04-07,Closed,151,20,"J. Farrow, Trading Ops",2026-04-27,2026-04-29,True,Medium
9001212,TC-03,108627,2026-04,ALLOC_UNFAIR,Allocation deviated 4.69 pts from pro-rata entitlement (limit 2pts),2026-04-07,Open,151,20,"J. Farrow, Trading Ops",2026-04-27,,True,Medium
9001213,TC-03,108708,2026-04,ALLOC_UNFAIR,Allocation deviated 16.5 pts from pro-rata entitlement (limit 2pts),2026-04-09,Closed,149,20,"J. Farrow, Trading Ops",2026-04-29,2026-04-19,False,Medium
9001214,TC-03,108710,2026-04,ALLOC_UNFAIR,Allocation deviated 13.86 pts from pro-rata entitlement (limit 2pts),2026-04-09,Closed,149,20,"J. Farrow, Trading Ops",2026-04-29,2026-04-22,False,Medium
9001215,TC-03,108754,2026-04,ALLOC_UNFAIR,Allocation deviated 5.47 pts from pro-rata entitlement (limit 2pts),2026-04-09,Closed,149,20,"J. Farrow, Trading Ops",2026-04-29,2026-04-29,False,Medium
9001216,TC-03,108777,2026-04,ALLOC_UNFAIR,Allocation deviated 24.3 pts from pro-rata entitlement (limit 2pts),2026-04-10,Closed,148,20,"J. Farrow, Trading Ops",2026-04-30,2026-04-13,False,Medium
9001217,TC-03,108778,2026-04,ALLOC_UNFAIR,Allocation deviated 17.98 pts from pro-rata entitlement (limit 2pts),2026-04-10,Closed,148,20,"J. Farrow, Trading Ops",2026-04-30,2026-04-30,False,Medium
9001218,TC-03,108779,2026-04,ALLOC_UNFAIR,Allocation deviated 6.77 pts from pro-rata entitlement (limit 2pts),2026-04-10,Closed,148,20,"J. Farrow, Trading Ops",2026-04-30,2026-04-29,False,Medium
9001219,TC-03,108799,2026-04,ALLOC_UNFAIR,Allocation deviated 5.7 pts from pro-rata entitlement (limit 2pts),2026-04-10,Closed,148,20,"J. Farrow, Trading Ops",2026-04-30,2026-05-05,True,Medium
9001220,TC-03,108803,2026-04,ALLOC_UNFAIR,Allocation deviated 8.9 pts from pro-rata entitlement (limit 2pts),2026-04-10,Closed,148,20,"J. Farrow, Trading Ops",2026-04-30,2026-04-27,False,Medium
9001221,TC-03,108820,2026-04,ALLOC_UNFAIR,Allocation deviated 76.76 pts from pro-rata entitlement (limit 2pts),2026-04-13,Closed,145,20,"J. Farrow, Trading Ops",2026-05-03,2026-05-03,False,Medium
9001222,TC-03,108833,2026-04,ALLOC_UNFAIR,Allocation deviated 4.27 pts from pro-rata entitlement (limit 2pts),2026-04-13,Open,145,20,"J. Farrow, Trading Ops",2026-05-03,,True,Medium
9001223,TC-03,108834,2026-04,ALLOC_UNFAIR,Allocation deviated 5.91 pts from pro-rata entitlement (limit 2pts),2026-04-13,Closed,145,20,"J. Farrow, Trading Ops",2026-05-03,2026-04-29,False,Medium
9001224,TC-03,108837,2026-04,ALLOC_UNFAIR,Allocation deviated 39.89 pts from pro-rata entitlement (limit 2pts),2026-04-13,Closed,145,20,"J. Farrow, Trading Ops",2026-05-03,2026-04-18,False,Medium
9001225,TC-03,108838,2026-04,ALLOC_UNFAIR,Allocation deviated 5.1 pts from pro-rata entitlement (limit 2pts),2026-04-13,Closed,145,20,"J. Farrow, Trading Ops",2026-05-03,2026-05-03,False,Medium
9001226,TC-03,108856,2026-04,ALLOC_UNFAIR,Allocation deviated 7.76 pts from pro-rata entitlement (limit 2pts),2026-04-13,Closed,145,20,"J. Farrow, Trading Ops",2026-05-03,2026-05-15,True,Medium
9001227,TC-03,108871,2026-04,ALLOC_UNFAIR,Allocation deviated 4.16 pts from pro-rata entitlement (limit 2pts),2026-04-14,Closed,144,20,"J. Farrow, Trading Ops",2026-05-04,2026-05-05,True,Medium
9001228,TC-03,108876,2026-04,ALLOC_UNFAIR,Allocation deviated 3.86 pts from pro-rata entitlement (limit 2pts),2026-04-14,Closed,144,20,"J. Farrow, Trading Ops",2026-05-04,2026-05-06,True,Medium
9001229,TC-03,108903,2026-04,ALLOC_UNFAIR,Allocation deviated 4.03 pts from pro-rata entitlement (limit 2pts),2026-04-14,Closed,144,20,"J. Farrow, Trading Ops",2026-05-04,2026-04-26,False,Medium
9001230,TC-03,108924,2026-04,ALLOC_UNFAIR,Allocation deviated 162.1 pts from pro-rata entitlement (limit 2pts),2026-04-14,Closed,144,20,"J. Farrow, Trading Ops",2026-05-04,2026-05-15,True,Medium
9001231,TC-03,108925,2026-04,ALLOC_UNFAIR,Allocation deviated 200.07 pts from pro-rata entitlement (limit 2pts),2026-04-14,Closed,144,20,"J. Farrow, Trading Ops",2026-05-04,2026-04-27,False,Medium
9001232,TC-03,108936,2026-04,ALLOC_UNFAIR,Allocation deviated 4.86 pts from pro-rata entitlement (limit 2pts),2026-04-15,Closed,143,20,"J. Farrow, Trading Ops",2026-05-05,2026-05-11,True,Medium
9001233,TC-03,108955,2026-04,ALLOC_UNFAIR,Allocation deviated 3.89 pts from pro-rata entitlement (limit 2pts),2026-04-15,Closed,143,20,"J. Farrow, Trading Ops",2026-05-05,2026-05-05,False,Medium
9001234,TC-03,108983,2026-04,ALLOC_UNFAIR,Allocation deviated 8.73 pts from pro-rata entitlement (limit 2pts),2026-04-16,Closed,142,20,"J. Farrow, Trading Ops",2026-05-06,2026-04-28,False,Medium
9001235,TC-03,109005,2026-04,ALLOC_UNFAIR,Allocation deviated 7.99 pts from pro-rata entitlement (limit 2pts),2026-04-16,Closed,142,20,"J. Farrow, Trading Ops",2026-05-06,2026-05-14,True,Medium
9001236,TC-03,109007,2026-04,ALLOC_UNFAIR,Allocation deviated 8.11 pts from pro-rata entitlement (limit 2pts),2026-04-16,Open,142,20,"J. Farrow, Trading Ops",2026-05-06,,True,Medium
9001237,TC-03,109033,2026-04,ALLOC_UNFAIR,Allocation deviated 4.1 pts from pro-rata entitlement (limit 2pts),2026-04-17,Closed,141,20,"J. Farrow, Trading Ops",2026-05-07,2026-05-08,True,Medium
9001238,TC-03,109047,2026-04,ALLOC_UNFAIR,Allocation deviated 51.89 pts from pro-rata entitlement (limit 2pts),2026-04-17,Closed,141,20,"J. Farrow, Trading Ops",2026-05-07,2026-05-10,True,Medium
9001239,TC-03,109048,2026-04,ALLOC_UNFAIR,Allocation deviated 118.59 pts from pro-rata entitlement (limit 2pts),2026-04-17,Closed,141,20,"J. Farrow, Trading Ops",2026-05-07,2026-05-06,False,Medium
9001240,TC-03,109049,2026-04,ALLOC_UNFAIR,Allocation deviated 65.43 pts from pro-rata entitlement (limit 2pts),2026-04-17,Closed,141,20,"J. Farrow, Trading Ops",2026-05-07,2026-05-03,False,Medium
9001241,TC-03,109065,2026-04,ALLOC_UNFAIR,Allocation deviated 3.3 pts from pro-rata entitlement (limit 2pts),2026-04-17,Open,141,20,"J. Farrow, Trading Ops",2026-05-07,,True,Medium
9001242,TC-03,109111,2026-04,ALLOC_UNFAIR,Allocation deviated 7.8 pts from pro-rata entitlement (limit 2pts),2026-04-20,Closed,138,20,"J. Farrow, Trading Ops",2026-05-10,2026-05-06,False,Medium
9001243,TC-03,109114,2026-04,ALLOC_UNFAIR,Allocation deviated 13.82 pts from pro-rata entitlement (limit 2pts),2026-04-20,Closed,138,20,"J. Farrow, Trading Ops",2026-05-10,2026-05-10,False,Medium
9001244,TC-03,109115,2026-04,ALLOC_UNFAIR,Allocation deviated 29.08 pts from pro-rata entitlement (limit 2pts),2026-04-20,Open,138,20,"J. Farrow, Trading Ops",2026-05-10,,True,Medium
9001245,TC-03,109119,2026-04,ALLOC_UNFAIR,Allocation deviated 7.27 pts from pro-rata entitlement (limit 2pts),2026-04-20,Closed,138,20,"J. Farrow, Trading Ops",2026-05-10,2026-04-28,False,Medium
9001246,TC-03,109192,2026-04,ALLOC_UNFAIR,Allocation deviated 8.3 pts from pro-rata entitlement (limit 2pts),2026-04-22,Closed,136,20,"J. Farrow, Trading Ops",2026-05-12,2026-05-06,False,Medium
9001247,TC-03,109224,2026-04,ALLOC_UNFAIR,Allocation deviated 5.37 pts from pro-rata entitlement (limit 2pts),2026-04-22,Closed,136,20,"J. Farrow, Trading Ops",2026-05-12,2026-05-08,False,Medium
9001248,TC-03,109225,2026-04,ALLOC_UNFAIR,Allocation deviated 4.69 pts from pro-rata entitlement (limit 2pts),2026-04-22,Closed,136,20,"J. Farrow, Trading Ops",2026-05-12,2026-05-12,False,Medium
9001249,TC-03,109315,2026-04,ALLOC_UNFAIR,Allocation deviated 5.23 pts from pro-rata entitlement (limit 2pts),2026-04-24,Open,134,20,"J. Farrow, Trading Ops",2026-05-14,,True,Medium
9001250,TC-03,109356,2026-04,ALLOC_UNFAIR,Allocation deviated 7.26 pts from pro-rata entitlement (limit 2pts),2026-04-27,Open,131,20,"J. Farrow, Trading Ops",2026-05-17,,True,Medium
9001251,TC-03,109373,2026-04,ALLOC_UNFAIR,Allocation deviated 6.22 pts from pro-rata entitlement (limit 2pts),2026-04-27,Closed,131,20,"J. Farrow, Trading Ops",2026-05-17,2026-05-18,True,Medium
9001252,TC-03,109423,2026-04,ALLOC_UNFAIR,Allocation deviated 6.12 pts from pro-rata entitlement (limit 2pts),2026-04-28,Closed,130,20,"J. Farrow, Trading Ops",2026-05-18,2026-04-30,False,Medium
9001253,TC-03,109497,2026-04,ALLOC_UNFAIR,Allocation deviated 7.19 pts from pro-rata entitlement (limit 2pts),2026-04-29,Closed,129,20,"J. Farrow, Trading Ops",2026-05-19,2026-05-10,False,Medium
9001254,TC-03,109498,2026-04,ALLOC_UNFAIR,Allocation deviated 24.78 pts from pro-rata entitlement (limit 2pts),2026-04-29,Open,129,20,"J. Farrow, Trading Ops",2026-05-19,,True,Medium
9001255,TC-03,109506,2026-04,ALLOC_UNFAIR,Allocation deviated 5.79 pts from pro-rata entitlement (limit 2pts),2026-04-29,Closed,129,20,"J. Farrow, Trading Ops",2026-05-19,2026-04-30,False,Medium
9001256,TC-03,109555,2026-04,ALLOC_UNFAIR,Allocation deviated 4.17 pts from pro-rata entitlement (limit 2pts),2026-04-30,Closed,128,20,"J. Farrow, Trading Ops",2026-05-20,2026-05-05,False,Medium
9001257,TC-03,109602,2026-05,ALLOC_UNFAIR,Allocation deviated 14.25 pts from pro-rata entitlement (limit 2pts),2026-05-01,Closed,127,20,"J. Farrow, Trading Ops",2026-05-21,2026-05-22,True,Medium
9001258,TC-03,109603,2026-05,ALLOC_UNFAIR,Allocation deviated 15.51 pts from pro-rata entitlement (limit 2pts),2026-05-01,Closed,127,20,"J. Farrow, Trading Ops",2026-05-21,2026-05-21,False,Medium
9001259,TC-03,109608,2026-05,ALLOC_UNFAIR,Allocation deviated 11.96 pts from pro-rata entitlement (limit 2pts),2026-05-01,Closed,127,20,"J. Farrow, Trading Ops",2026-05-21,2026-05-20,False,Medium
9001260,TC-03,109609,2026-05,ALLOC_UNFAIR,Allocation deviated 37.98 pts from pro-rata entitlement (limit 2pts),2026-05-01,Closed,127,20,"J. Farrow, Trading Ops",2026-05-21,2026-05-14,False,Medium
9001261,TC-03,109675,2026-05,ALLOC_UNFAIR,Allocation deviated 3.92 pts from pro-rata entitlement (limit 2pts),2026-05-05,Closed,123,20,"J. Farrow, Trading Ops",2026-05-25,2026-06-11,True,Medium
9001262,TC-03,109725,2026-05,ALLOC_UNFAIR,Allocation deviated 7.74 pts from pro-rata entitlement (limit 2pts),2026-05-06,Closed,122,20,"J. Farrow, Trading Ops",2026-05-26,2026-05-24,False,Medium
9001263,TC-03,109769,2026-05,ALLOC_UNFAIR,Allocation deviated 3.29 pts from pro-rata entitlement (limit 2pts),2026-05-06,Closed,122,20,"J. Farrow, Trading Ops",2026-05-26,2026-05-19,False,Medium
9001264,TC-03,109770,2026-05,ALLOC_UNFAIR,Allocation deviated 3.23 pts from pro-rata entitlement (limit 2pts),2026-05-06,Closed,122,20,"J. Farrow, Trading Ops",2026-05-26,2026-06-08,True,Medium
9001265,TC-03,109772,2026-05,ALLOC_UNFAIR,Allocation deviated 27.31 pts from pro-rata entitlement (limit 2pts),2026-05-07,Closed,121,20,"J. Farrow, Trading Ops",2026-05-27,2026-05-31,True,Medium
9001266,TC-03,109815,2026-05,ALLOC_UNFAIR,Allocation deviated 5.43 pts from pro-rata entitlement (limit 2pts),2026-05-07,Open,121,20,"J. Farrow, Trading Ops",2026-05-27,,True,Medium
9001267,TC-03,109840,2026-05,ALLOC_UNFAIR,Allocation deviated 4.66 pts from pro-rata entitlement (limit 2pts),2026-05-08,Closed,120,20,"J. Farrow, Trading Ops",2026-05-28,2026-06-06,True,Medium
9001268,TC-03,109847,2026-05,ALLOC_UNFAIR,Allocation deviated 4.61 pts from pro-rata entitlement (limit 2pts),2026-05-08,Closed,120,20,"J. Farrow, Trading Ops",2026-05-28,2026-05-29,True,Medium
9001269,TC-03,109884,2026-05,ALLOC_UNFAIR,Allocation deviated 20.45 pts from pro-rata entitlement (limit 2pts),2026-05-11,Closed,117,20,"J. Farrow, Trading Ops",2026-05-31,2026-06-05,True,Medium
9001270,TC-03,109885,2026-05,ALLOC_UNFAIR,Allocation deviated 15.62 pts from pro-rata entitlement (limit 2pts),2026-05-11,Closed,117,20,"J. Farrow, Trading Ops",2026-05-31,2026-06-01,True,Medium
9001271,TC-03,109890,2026-05,ALLOC_UNFAIR,Allocation deviated 6.63 pts from pro-rata entitlement (limit 2pts),2026-05-11,Closed,117,20,"J. Farrow, Trading Ops",2026-05-31,2026-05-22,False,Medium
9001272,TC-03,109896,2026-05,ALLOC_UNFAIR,Allocation deviated 22.87 pts from pro-rata entitlement (limit 2pts),2026-05-11,Closed,117,20,"J. Farrow, Trading Ops",2026-05-31,2026-06-07,True,Medium
9001273,TC-03,109898,2026-05,ALLOC_UNFAIR,Allocation deviated 32.87 pts from pro-rata entitlement (limit 2pts),2026-05-11,Closed,117,20,"J. Farrow, Trading Ops",2026-05-31,2026-06-01,True,Medium
9001274,TC-03,109904,2026-05,ALLOC_UNFAIR,Allocation deviated 8.31 pts from pro-rata entitlement (limit 2pts),2026-05-11,Closed,117,20,"J. Farrow, Trading Ops",2026-05-31,2026-05-22,False,Medium
9001275,TC-03,109914,2026-05,ALLOC_UNFAIR,Allocation deviated 8.33 pts from pro-rata entitlement (limit 2pts),2026-05-12,Closed,116,20,"J. Farrow, Trading Ops",2026-06-01,2026-05-25,False,Medium
9001276,TC-03,109915,2026-05,ALLOC_UNFAIR,Allocation deviated 6.69 pts from pro-rata entitlement (limit 2pts),2026-05-12,Closed,116,20,"J. Farrow, Trading Ops",2026-06-01,2026-06-08,True,Medium
9001277,TC-03,109953,2026-05,ALLOC_UNFAIR,Allocation deviated 8.66 pts from pro-rata entitlement (limit 2pts),2026-05-12,Closed,116,20,"J. Farrow, Trading Ops",2026-06-01,2026-05-29,False,Medium
9001278,TC-03,109955,2026-05,ALLOC_UNFAIR,Allocation deviated 50.62 pts from pro-rata entitlement (limit 2pts),2026-05-12,Closed,116,20,"J. Farrow, Trading Ops",2026-06-01,2026-06-01,False,Medium
9001279,TC-03,109992,2026-05,ALLOC_UNFAIR,Allocation deviated 8.79 pts from pro-rata entitlement (limit 2pts),2026-05-13,Closed,115,20,"J. Farrow, Trading Ops",2026-06-02,2026-06-07,True,Medium
9001280,TC-03,110007,2026-05,ALLOC_UNFAIR,Allocation deviated 2.07 pts from pro-rata entitlement (limit 2pts),2026-05-13,Closed,115,20,"J. Farrow, Trading Ops",2026-06-02,2026-06-03,True,Medium
9001281,TC-03,110041,2026-05,ALLOC_UNFAIR,Allocation deviated 4.41 pts from pro-rata entitlement (limit 2pts),2026-05-14,Closed,114,20,"J. Farrow, Trading Ops",2026-06-03,2026-05-21,False,Medium
9001282,TC-03,110050,2026-05,ALLOC_UNFAIR,Allocation deviated 5.8 pts from pro-rata entitlement (limit 2pts),2026-05-14,Closed,114,20,"J. Farrow, Trading Ops",2026-06-03,2026-06-08,True,Medium
9001283,TC-03,110083,2026-05,ALLOC_UNFAIR,Allocation deviated 15.51 pts from pro-rata entitlement (limit 2pts),2026-05-14,Closed,114,20,"J. Farrow, Trading Ops",2026-06-03,2026-06-10,True,Medium
9001284,TC-03,110084,2026-05,ALLOC_UNFAIR,Allocation deviated 21.83 pts from pro-rata entitlement (limit 2pts),2026-05-14,Closed,114,20,"J. Farrow, Trading Ops",2026-06-03,2026-06-09,True,Medium
9001285,TC-03,110086,2026-05,ALLOC_UNFAIR,Allocation deviated 3.25 pts from pro-rata entitlement (limit 2pts),2026-05-14,Closed,114,20,"J. Farrow, Trading Ops",2026-06-03,2026-06-15,True,Medium
9001286,TC-03,110122,2026-05,ALLOC_UNFAIR,Allocation deviated 4.3 pts from pro-rata entitlement (limit 2pts),2026-05-15,Closed,113,20,"J. Farrow, Trading Ops",2026-06-04,2026-06-06,True,Medium
9001287,TC-03,110123,2026-05,ALLOC_UNFAIR,Allocation deviated 28.12 pts from pro-rata entitlement (limit 2pts),2026-05-15,Closed,113,20,"J. Farrow, Trading Ops",2026-06-04,2026-06-10,True,Medium
9001288,TC-03,110124,2026-05,ALLOC_UNFAIR,Allocation deviated 8.94 pts from pro-rata entitlement (limit 2pts),2026-05-15,Closed,113,20,"J. Farrow, Trading Ops",2026-06-04,2026-06-16,True,Medium
9001289,TC-03,110165,2026-05,ALLOC_UNFAIR,Allocation deviated 6.97 pts from pro-rata entitlement (limit 2pts),2026-05-18,Closed,110,20,"J. Farrow, Trading Ops",2026-06-07,2026-06-04,False,Medium
9001290,TC-03,110172,2026-05,ALLOC_UNFAIR,Allocation deviated 6.82 pts from pro-rata entitlement (limit 2pts),2026-05-18,Closed,110,20,"J. Farrow, Trading Ops",2026-06-07,2026-06-20,True,Medium
9001291,TC-03,110174,2026-05,ALLOC_UNFAIR,Allocation deviated 7.65 pts from pro-rata entitlement (limit 2pts),2026-05-18,Closed,110,20,"J. Farrow, Trading Ops",2026-06-07,2026-06-20,True,Medium
9001292,TC-03,110233,2026-05,ALLOC_UNFAIR,Allocation deviated 6.64 pts from pro-rata entitlement (limit 2pts),2026-05-19,Closed,109,20,"J. Farrow, Trading Ops",2026-06-08,2026-06-14,True,Medium
9001293,TC-03,110236,2026-05,ALLOC_UNFAIR,Allocation deviated 15.88 pts from pro-rata entitlement (limit 2pts),2026-05-19,Closed,109,20,"J. Farrow, Trading Ops",2026-06-08,2026-06-22,True,Medium
9001294,TC-03,110237,2026-05,ALLOC_UNFAIR,Allocation deviated 19.98 pts from pro-rata entitlement (limit 2pts),2026-05-19,Closed,109,20,"J. Farrow, Trading Ops",2026-06-08,2026-06-14,True,Medium
9001295,TC-03,110256,2026-05,ALLOC_UNFAIR,Allocation deviated 6.85 pts from pro-rata entitlement (limit 2pts),2026-05-20,Closed,108,20,"J. Farrow, Trading Ops",2026-06-09,2026-06-01,False,Medium
9001296,TC-03,110269,2026-05,ALLOC_UNFAIR,Allocation deviated 8.34 pts from pro-rata entitlement (limit 2pts),2026-05-20,Closed,108,20,"J. Farrow, Trading Ops",2026-06-09,2026-06-18,True,Medium
9001297,TC-03,110274,2026-05,ALLOC_UNFAIR,Allocation deviated 8.43 pts from pro-rata entitlement (limit 2pts),2026-05-20,Closed,108,20,"J. Farrow, Trading Ops",2026-06-09,2026-06-11,True,Medium
9001298,TC-03,110282,2026-05,ALLOC_UNFAIR,Allocation deviated 7.17 pts from pro-rata entitlement (limit 2pts),2026-05-20,Closed,108,20,"J. Farrow, Trading Ops",2026-06-09,2026-06-12,True,Medium
9001299,TC-03,110293,2026-05,ALLOC_UNFAIR,Allocation deviated 6.72 pts from pro-rata entitlement (limit 2pts),2026-05-20,Closed,108,20,"J. Farrow, Trading Ops",2026-06-09,2026-06-10,True,Medium
9001300,TC-03,110294,2026-05,ALLOC_UNFAIR,Allocation deviated 8.37 pts from pro-rata entitlement (limit 2pts),2026-05-20,Closed,108,20,"J. Farrow, Trading Ops",2026-06-09,2026-06-19,True,Medium
9001301,TC-03,110295,2026-05,ALLOC_UNFAIR,Allocation deviated 6.38 pts from pro-rata entitlement (limit 2pts),2026-05-20,Closed,108,20,"J. Farrow, Trading Ops",2026-06-09,2026-06-13,True,Medium
9001302,TC-03,110316,2026-05,ALLOC_UNFAIR,Allocation deviated 3.46 pts from pro-rata entitlement (limit 2pts),2026-05-20,Closed,108,20,"J. Farrow, Trading Ops",2026-06-09,2026-06-03,False,Medium
9001303,TC-03,110320,2026-05,ALLOC_UNFAIR,Allocation deviated 5.11 pts from pro-rata entitlement (limit 2pts),2026-05-20,Open,108,20,"J. Farrow, Trading Ops",2026-06-09,,True,Medium
9001304,TC-03,110333,2026-05,ALLOC_UNFAIR,Allocation deviated 6.77 pts from pro-rata entitlement (limit 2pts),2026-05-21,Closed,107,20,"J. Farrow, Trading Ops",2026-06-10,2026-06-15,True,Medium
9001305,TC-03,110421,2026-05,ALLOC_UNFAIR,Allocation deviated 6.55 pts from pro-rata entitlement (limit 2pts),2026-05-25,Closed,103,20,"J. Farrow, Trading Ops",2026-06-14,2026-06-08,False,Medium
9001306,TC-03,110448,2026-05,ALLOC_UNFAIR,Allocation deviated 2.3 pts from pro-rata entitlement (limit 2pts),2026-05-25,Closed,103,20,"J. Farrow, Trading Ops",2026-06-14,2026-06-10,False,Medium
9001307,TC-03,110478,2026-05,ALLOC_UNFAIR,Allocation deviated 10.38 pts from pro-rata entitlement (limit 2pts),2026-05-26,Closed,102,20,"J. Farrow, Trading Ops",2026-06-15,2026-06-11,False,Medium
9001308,TC-03,110479,2026-05,ALLOC_UNFAIR,Allocation deviated 55.44 pts from pro-rata entitlement (limit 2pts),2026-05-26,Closed,102,20,"J. Farrow, Trading Ops",2026-06-15,2026-06-10,False,Medium
9001309,TC-03,110493,2026-05,ALLOC_UNFAIR,Allocation deviated 373.44 pts from pro-rata entitlement (limit 2pts),2026-05-26,Closed,102,20,"J. Farrow, Trading Ops",2026-06-15,2026-06-17,True,Medium
9001310,TC-03,110494,2026-05,ALLOC_UNFAIR,Allocation deviated 303.2 pts from pro-rata entitlement (limit 2pts),2026-05-26,Closed,102,20,"J. Farrow, Trading Ops",2026-06-15,2026-06-23,True,Medium
9001311,TC-03,110495,2026-05,ALLOC_UNFAIR,Allocation deviated 677.24 pts from pro-rata entitlement (limit 2pts),2026-05-26,Closed,102,20,"J. Farrow, Trading Ops",2026-06-15,2026-06-30,True,Medium
9001312,TC-03,110498,2026-05,ALLOC_UNFAIR,Allocation deviated 8.73 pts from pro-rata entitlement (limit 2pts),2026-05-26,Closed,102,20,"J. Farrow, Trading Ops",2026-06-15,2026-06-24,True,Medium
9001313,TC-03,110503,2026-05,ALLOC_UNFAIR,Allocation deviated 8.52 pts from pro-rata entitlement (limit 2pts),2026-05-26,Open,102,20,"J. Farrow, Trading Ops",2026-06-15,,True,Medium
9001314,TC-03,110547,2026-05,ALLOC_UNFAIR,Allocation deviated 124.64 pts from pro-rata entitlement (limit 2pts),2026-05-27,Closed,101,20,"J. Farrow, Trading Ops",2026-06-16,2026-06-25,True,Medium
9001315,TC-03,110548,2026-05,ALLOC_UNFAIR,Allocation deviated 10.0 pts from pro-rata entitlement (limit 2pts),2026-05-27,Closed,101,20,"J. Farrow, Trading Ops",2026-06-16,2026-06-26,True,Medium
9001316,TC-03,110549,2026-05,ALLOC_UNFAIR,Allocation deviated 133.89 pts from pro-rata entitlement (limit 2pts),2026-05-27,Closed,101,20,"J. Farrow, Trading Ops",2026-06-16,2026-06-12,False,Medium
9001317,TC-03,110559,2026-05,ALLOC_UNFAIR,Allocation deviated 5.48 pts from pro-rata entitlement (limit 2pts),2026-05-27,Closed,101,20,"J. Farrow, Trading Ops",2026-06-16,2026-06-21,True,Medium
9001318,TC-03,110588,2026-05,ALLOC_UNFAIR,Allocation deviated 7.18 pts from pro-rata entitlement (limit 2pts),2026-05-28,Closed,100,20,"J. Farrow, Trading Ops",2026-06-17,2026-06-19,True,Medium
9001319,TC-03,110663,2026-05,ALLOC_UNFAIR,Allocation deviated 3.38 pts from pro-rata entitlement (limit 2pts),2026-05-29,Closed,99,20,"J. Farrow, Trading Ops",2026-06-18,2026-06-16,False,Medium
9001320,TC-03,110765,2026-06,ALLOC_UNFAIR,Allocation deviated 7.45 pts from pro-rata entitlement (limit 2pts),2026-06-02,Closed,95,20,"J. Farrow, Trading Ops",2026-06-22,2026-06-18,False,Medium
9001321,TC-03,110778,2026-06,ALLOC_UNFAIR,Allocation deviated 5.15 pts from pro-rata entitlement (limit 2pts),2026-06-03,Closed,94,20,"J. Farrow, Trading Ops",2026-06-23,2026-06-18,False,Medium
9001322,TC-03,110780,2026-06,ALLOC_UNFAIR,Allocation deviated 7.05 pts from pro-rata entitlement (limit 2pts),2026-06-03,Closed,94,20,"J. Farrow, Trading Ops",2026-06-23,2026-06-20,False,Medium
9001323,TC-03,110782,2026-06,ALLOC_UNFAIR,Allocation deviated 7.93 pts from pro-rata entitlement (limit 2pts),2026-06-03,Closed,94,20,"J. Farrow, Trading Ops",2026-06-23,2026-06-13,False,Medium
9001324,TC-03,110794,2026-06,ALLOC_UNFAIR,Allocation deviated 8.11 pts from pro-rata entitlement (limit 2pts),2026-06-03,Closed,94,20,"J. Farrow, Trading Ops",2026-06-23,2026-06-27,True,Medium
9001325,TC-03,110795,2026-06,ALLOC_UNFAIR,Allocation deviated 31.06 pts from pro-rata entitlement (limit 2pts),2026-06-03,Closed,94,20,"J. Farrow, Trading Ops",2026-06-23,2026-06-22,False,Medium
9001326,TC-03,110812,2026-06,ALLOC_UNFAIR,Allocation deviated 5.86 pts from pro-rata entitlement (limit 2pts),2026-06-03,Closed,94,20,"J. Farrow, Trading Ops",2026-06-23,2026-06-23,False,Medium
9001327,TC-03,110832,2026-06,ALLOC_UNFAIR,Allocation deviated 28.97 pts from pro-rata entitlement (limit 2pts),2026-06-04,Closed,93,20,"J. Farrow, Trading Ops",2026-06-24,2026-06-26,True,Medium
9001328,TC-03,110833,2026-06,ALLOC_UNFAIR,Allocation deviated 13.21 pts from pro-rata entitlement (limit 2pts),2026-06-04,Open,93,20,"J. Farrow, Trading Ops",2026-06-24,,True,Medium
9001329,TC-03,110834,2026-06,ALLOC_UNFAIR,Allocation deviated 12.95 pts from pro-rata entitlement (limit 2pts),2026-06-04,Closed,93,20,"J. Farrow, Trading Ops",2026-06-24,2026-06-19,False,Medium
9001330,TC-03,110835,2026-06,ALLOC_UNFAIR,Allocation deviated 25.73 pts from pro-rata entitlement (limit 2pts),2026-06-04,Closed,93,20,"J. Farrow, Trading Ops",2026-06-24,2026-06-23,False,Medium
9001331,TC-03,110837,2026-06,ALLOC_UNFAIR,Allocation deviated 10.63 pts from pro-rata entitlement (limit 2pts),2026-06-04,Closed,93,20,"J. Farrow, Trading Ops",2026-06-24,2026-06-11,False,Medium
9001332,TC-03,110840,2026-06,ALLOC_UNFAIR,Allocation deviated 3.38 pts from pro-rata entitlement (limit 2pts),2026-06-04,Closed,93,20,"J. Farrow, Trading Ops",2026-06-24,2026-06-06,False,Medium
9001333,TC-03,110843,2026-06,ALLOC_UNFAIR,Allocation deviated 5.24 pts from pro-rata entitlement (limit 2pts),2026-06-04,Closed,93,20,"J. Farrow, Trading Ops",2026-06-24,2026-06-08,False,Medium
9001334,TC-03,110879,2026-06,ALLOC_UNFAIR,Allocation deviated 7.51 pts from pro-rata entitlement (limit 2pts),2026-06-05,Closed,92,20,"J. Farrow, Trading Ops",2026-06-25,2026-07-07,True,Medium
9001335,TC-03,110896,2026-06,ALLOC_UNFAIR,Allocation deviated 3.0 pts from pro-rata entitlement (limit 2pts),2026-06-05,Closed,92,20,"J. Farrow, Trading Ops",2026-06-25,2026-06-10,False,Medium
9001336,TC-03,110901,2026-06,ALLOC_UNFAIR,Allocation deviated 6.13 pts from pro-rata entitlement (limit 2pts),2026-06-05,Closed,92,20,"J. Farrow, Trading Ops",2026-06-25,2026-06-28,True,Medium
9001337,TC-03,110932,2026-06,ALLOC_UNFAIR,Allocation deviated 7.42 pts from pro-rata entitlement (limit 2pts),2026-06-08,Closed,89,20,"J. Farrow, Trading Ops",2026-06-28,2026-07-09,True,Medium
9001338,TC-03,110933,2026-06,ALLOC_UNFAIR,Allocation deviated 4.59 pts from pro-rata entitlement (limit 2pts),2026-06-08,Closed,89,20,"J. Farrow, Trading Ops",2026-06-28,2026-06-24,False,Medium
9001339,TC-03,110982,2026-06,ALLOC_UNFAIR,Allocation deviated 1384.54 pts from pro-rata entitlement (limit 2pts),2026-06-09,Closed,88,20,"J. Farrow, Trading Ops",2026-06-29,2026-07-12,True,Medium
9001340,TC-03,110983,2026-06,ALLOC_UNFAIR,Allocation deviated 3119.15 pts from pro-rata entitlement (limit 2pts),2026-06-09,Closed,88,20,"J. Farrow, Trading Ops",2026-06-29,2026-07-13,True,Medium
9001341,TC-03,110984,2026-06,ALLOC_UNFAIR,Allocation deviated 1735.97 pts from pro-rata entitlement (limit 2pts),2026-06-09,Closed,88,20,"J. Farrow, Trading Ops",2026-06-29,2026-07-06,True,Medium
9001342,TC-03,110990,2026-06,ALLOC_UNFAIR,Allocation deviated 3.61 pts from pro-rata entitlement (limit 2pts),2026-06-09,Open,88,20,"J. Farrow, Trading Ops",2026-06-29,,True,Medium
9001343,TC-03,111005,2026-06,ALLOC_UNFAIR,Allocation deviated 6.32 pts from pro-rata entitlement (limit 2pts),2026-06-09,Closed,88,20,"J. Farrow, Trading Ops",2026-06-29,2026-07-03,True,Medium
9001344,TC-03,111033,2026-06,ALLOC_UNFAIR,Allocation deviated 2.06 pts from pro-rata entitlement (limit 2pts),2026-06-10,Closed,87,20,"J. Farrow, Trading Ops",2026-06-30,2026-06-24,False,Medium
9001345,TC-03,111064,2026-06,ALLOC_UNFAIR,Allocation deviated 19.17 pts from pro-rata entitlement (limit 2pts),2026-06-10,Open,87,20,"J. Farrow, Trading Ops",2026-06-30,,True,Medium
9001346,TC-03,111144,2026-06,ALLOC_UNFAIR,Allocation deviated 30.64 pts from pro-rata entitlement (limit 2pts),2026-06-12,Closed,85,20,"J. Farrow, Trading Ops",2026-07-02,2026-06-28,False,Medium
9001347,TC-03,111145,2026-06,ALLOC_UNFAIR,Allocation deviated 16.99 pts from pro-rata entitlement (limit 2pts),2026-06-12,Closed,85,20,"J. Farrow, Trading Ops",2026-07-02,2026-06-21,False,Medium
9001348,TC-03,111146,2026-06,ALLOC_UNFAIR,Allocation deviated 13.12 pts from pro-rata entitlement (limit 2pts),2026-06-12,Closed,85,20,"J. Farrow, Trading Ops",2026-07-02,2026-06-21,False,Medium
9001349,TC-03,111183,2026-06,ALLOC_UNFAIR,Allocation deviated 158.21 pts from pro-rata entitlement (limit 2pts),2026-06-12,Closed,85,20,"J. Farrow, Trading Ops",2026-07-02,2026-07-20,True,Medium
9001350,TC-03,111184,2026-06,ALLOC_UNFAIR,Allocation deviated 591.08 pts from pro-rata entitlement (limit 2pts),2026-06-12,Open,85,20,"J. Farrow, Trading Ops",2026-07-02,,True,Medium
9001351,TC-03,111185,2026-06,ALLOC_UNFAIR,Allocation deviated 748.61 pts from pro-rata entitlement (limit 2pts),2026-06-12,Closed,85,20,"J. Farrow, Trading Ops",2026-07-02,2026-07-01,False,Medium
9001352,TC-03,111198,2026-06,ALLOC_UNFAIR,Allocation deviated 3.73 pts from pro-rata entitlement (limit 2pts),2026-06-15,Closed,82,20,"J. Farrow, Trading Ops",2026-07-05,2026-06-29,False,Medium
9001353,TC-03,111238,2026-06,ALLOC_UNFAIR,Allocation deviated 6.18 pts from pro-rata entitlement (limit 2pts),2026-06-15,Closed,82,20,"J. Farrow, Trading Ops",2026-07-05,2026-07-06,True,Medium
9001354,TC-03,111289,2026-06,ALLOC_UNFAIR,Allocation deviated 4.95 pts from pro-rata entitlement (limit 2pts),2026-06-16,Closed,81,20,"J. Farrow, Trading Ops",2026-07-06,2026-07-04,False,Medium
9001355,TC-03,111307,2026-06,ALLOC_UNFAIR,Allocation deviated 3.55 pts from pro-rata entitlement (limit 2pts),2026-06-17,Closed,80,20,"J. Farrow, Trading Ops",2026-07-07,2026-07-03,False,Medium
9001356,TC-03,111369,2026-06,ALLOC_UNFAIR,Allocation deviated 8.28 pts from pro-rata entitlement (limit 2pts),2026-06-17,Closed,80,20,"J. Farrow, Trading Ops",2026-07-07,2026-06-27,False,Medium
9001357,TC-03,111379,2026-06,ALLOC_UNFAIR,Allocation deviated 8.71 pts from pro-rata entitlement (limit 2pts),2026-06-18,Closed,79,20,"J. Farrow, Trading Ops",2026-07-08,2026-06-26,False,Medium
9001358,TC-03,111402,2026-06,ALLOC_UNFAIR,Allocation deviated 13.09 pts from pro-rata entitlement (limit 2pts),2026-06-18,Closed,79,20,"J. Farrow, Trading Ops",2026-07-08,2026-07-02,False,Medium
9001359,TC-03,111404,2026-06,ALLOC_UNFAIR,Allocation deviated 17.73 pts from pro-rata entitlement (limit 2pts),2026-06-18,Open,79,20,"J. Farrow, Trading Ops",2026-07-08,,True,Medium
9001360,TC-03,111413,2026-06,ALLOC_UNFAIR,Allocation deviated 8.24 pts from pro-rata entitlement (limit 2pts),2026-06-18,Closed,79,20,"J. Farrow, Trading Ops",2026-07-08,2026-07-24,True,Medium
9001361,TC-03,111478,2026-06,ALLOC_UNFAIR,Allocation deviated 3.1 pts from pro-rata entitlement (limit 2pts),2026-06-19,Closed,78,20,"J. Farrow, Trading Ops",2026-07-09,2026-07-17,True,Medium
9001362,TC-03,111479,2026-06,ALLOC_UNFAIR,Allocation deviated 2.72 pts from pro-rata entitlement (limit 2pts),2026-06-19,Closed,78,20,"J. Farrow, Trading Ops",2026-07-09,2026-07-23,True,Medium
9001363,TC-03,111489,2026-06,ALLOC_UNFAIR,Allocation deviated 8.93 pts from pro-rata entitlement (limit 2pts),2026-06-19,Closed,78,20,"J. Farrow, Trading Ops",2026-07-09,2026-07-12,True,Medium
9001364,TC-03,111530,2026-06,ALLOC_UNFAIR,Allocation deviated 5.69 pts from pro-rata entitlement (limit 2pts),2026-06-22,Closed,75,20,"J. Farrow, Trading Ops",2026-07-12,2026-07-11,False,Medium
9001365,TC-03,111534,2026-06,ALLOC_UNFAIR,Allocation deviated 3.11 pts from pro-rata entitlement (limit 2pts),2026-06-22,Closed,75,20,"J. Farrow, Trading Ops",2026-07-12,2026-07-01,False,Medium
9001366,TC-03,111563,2026-06,ALLOC_UNFAIR,Allocation deviated 4.33 pts from pro-rata entitlement (limit 2pts),2026-06-23,Closed,74,20,"J. Farrow, Trading Ops",2026-07-13,2026-07-13,False,Medium
9001367,TC-03,111592,2026-06,ALLOC_UNFAIR,Allocation deviated 5.57 pts from pro-rata entitlement (limit 2pts),2026-06-23,Closed,74,20,"J. Farrow, Trading Ops",2026-07-13,2026-06-25,False,Medium
9001368,TC-03,111601,2026-06,ALLOC_UNFAIR,Allocation deviated 4.58 pts from pro-rata entitlement (limit 2pts),2026-06-23,Closed,74,20,"J. Farrow, Trading Ops",2026-07-13,2026-07-10,False,Medium
9001369,TC-03,111604,2026-06,ALLOC_UNFAIR,Allocation deviated 7.89 pts from pro-rata entitlement (limit 2pts),2026-06-23,Closed,74,20,"J. Farrow, Trading Ops",2026-07-13,2026-07-26,True,Medium
9001370,TC-03,111714,2026-06,ALLOC_UNFAIR,Allocation deviated 4.06 pts from pro-rata entitlement (limit 2pts),2026-06-25,Closed,72,20,"J. Farrow, Trading Ops",2026-07-15,2026-07-17,True,Medium
9001371,TC-03,111738,2026-06,ALLOC_UNFAIR,Allocation deviated 26.88 pts from pro-rata entitlement (limit 2pts),2026-06-26,Closed,71,20,"J. Farrow, Trading Ops",2026-07-16,2026-07-25,True,Medium
9001372,TC-03,111740,2026-06,ALLOC_UNFAIR,Allocation deviated 16.31 pts from pro-rata entitlement (limit 2pts),2026-06-26,Closed,71,20,"J. Farrow, Trading Ops",2026-07-16,2026-07-13,False,Medium
9001373,TC-03,111785,2026-06,ALLOC_UNFAIR,Allocation deviated 5.11 pts from pro-rata entitlement (limit 2pts),2026-06-29,Closed,68,20,"J. Farrow, Trading Ops",2026-07-19,2026-07-08,False,Medium
9001374,TC-03,111790,2026-06,ALLOC_UNFAIR,Allocation deviated 7.03 pts from pro-rata entitlement (limit 2pts),2026-06-29,Closed,68,20,"J. Farrow, Trading Ops",2026-07-19,2026-07-15,False,Medium
9001375,TC-03,111791,2026-06,ALLOC_UNFAIR,Allocation deviated 4.64 pts from pro-rata entitlement (limit 2pts),2026-06-29,Closed,68,20,"J. Farrow, Trading Ops",2026-07-19,2026-07-15,False,Medium
9001376,TC-03,111815,2026-06,ALLOC_UNFAIR,Allocation deviated 3.92 pts from pro-rata entitlement (limit 2pts),2026-06-29,Open,68,20,"J. Farrow, Trading Ops",2026-07-19,,True,Medium
9001377,TC-03,111818,2026-06,ALLOC_UNFAIR,Allocation deviated 4.23 pts from pro-rata entitlement (limit 2pts),2026-06-30,Closed,67,20,"J. Farrow, Trading Ops",2026-07-20,2026-08-04,True,Medium
9001378,TC-03,111822,2026-06,ALLOC_UNFAIR,Allocation deviated 8.4 pts from pro-rata entitlement (limit 2pts),2026-06-30,Closed,67,20,"J. Farrow, Trading Ops",2026-07-20,2026-07-14,False,Medium
9001379,TC-03,111849,2026-06,ALLOC_UNFAIR,Allocation deviated 4.78 pts from pro-rata entitlement (limit 2pts),2026-06-30,Closed,67,20,"J. Farrow, Trading Ops",2026-07-20,2026-07-17,False,Medium
9001380,TC-03,111851,2026-06,ALLOC_UNFAIR,Allocation deviated 40.45 pts from pro-rata entitlement (limit 2pts),2026-06-30,Closed,67,20,"J. Farrow, Trading Ops",2026-07-20,2026-07-19,False,Medium
9001381,TC-03,111852,2026-06,ALLOC_UNFAIR,Allocation deviated 66.33 pts from pro-rata entitlement (limit 2pts),2026-06-30,Closed,67,20,"J. Farrow, Trading Ops",2026-07-20,2026-07-17,False,Medium
9001382,TC-03,111854,2026-06,ALLOC_UNFAIR,Allocation deviated 11.7 pts from pro-rata entitlement (limit 2pts),2026-06-30,Closed,67,20,"J. Farrow, Trading Ops",2026-07-20,2026-07-10,False,Medium
9001383,TC-03,111871,2026-06,ALLOC_UNFAIR,Allocation deviated 5.68 pts from pro-rata entitlement (limit 2pts),2026-06-30,Closed,67,20,"J. Farrow, Trading Ops",2026-07-20,2026-07-20,False,Medium
9001384,TC-03,111873,2026-06,ALLOC_UNFAIR,Allocation deviated 59.56 pts from pro-rata entitlement (limit 2pts),2026-06-30,Closed,67,20,"J. Farrow, Trading Ops",2026-07-20,2026-07-23,True,Medium
9001385,TC-03,111875,2026-06,ALLOC_UNFAIR,Allocation deviated 18.82 pts from pro-rata entitlement (limit 2pts),2026-06-30,Closed,67,20,"J. Farrow, Trading Ops",2026-07-20,2026-07-23,True,Medium
9001386,TC-03,111882,2026-07,ALLOC_UNFAIR,Allocation deviated 36.0 pts from pro-rata entitlement (limit 2pts),2026-07-01,Closed,66,20,"J. Farrow, Trading Ops",2026-07-21,2026-07-11,False,Medium
9001387,TC-03,111883,2026-07,ALLOC_UNFAIR,Allocation deviated 6.11 pts from pro-rata entitlement (limit 2pts),2026-07-01,Closed,66,20,"J. Farrow, Trading Ops",2026-07-21,2026-07-20,False,Medium
9001388,TC-03,111898,2026-07,ALLOC_UNFAIR,Allocation deviated 3.41 pts from pro-rata entitlement (limit 2pts),2026-07-01,Open,66,20,"J. Farrow, Trading Ops",2026-07-21,,True,Medium
9001389,TC-03,111906,2026-07,ALLOC_UNFAIR,Allocation deviated 7.54 pts from pro-rata entitlement (limit 2pts),2026-07-01,Closed,66,20,"J. Farrow, Trading Ops",2026-07-21,2026-07-28,True,Medium
9001390,TC-03,111917,2026-07,ALLOC_UNFAIR,Allocation deviated 4.09 pts from pro-rata entitlement (limit 2pts),2026-07-01,Closed,66,20,"J. Farrow, Trading Ops",2026-07-21,2026-07-13,False,Medium
9001391,TC-03,111955,2026-07,ALLOC_UNFAIR,Allocation deviated 5.41 pts from pro-rata entitlement (limit 2pts),2026-07-02,Closed,65,20,"J. Farrow, Trading Ops",2026-07-22,2026-07-20,False,Medium
9001392,TC-03,111966,2026-07,ALLOC_UNFAIR,Allocation deviated 2.05 pts from pro-rata entitlement (limit 2pts),2026-07-02,Closed,65,20,"J. Farrow, Trading Ops",2026-07-22,2026-07-18,False,Medium
9001393,TC-03,112057,2026-07,ALLOC_UNFAIR,Allocation deviated 8.18 pts from pro-rata entitlement (limit 2pts),2026-07-06,Closed,61,20,"J. Farrow, Trading Ops",2026-07-26,2026-07-21,False,Medium
9001394,TC-03,112080,2026-07,ALLOC_UNFAIR,Allocation deviated 106.54 pts from pro-rata entitlement (limit 2pts),2026-07-06,Closed,61,20,"J. Farrow, Trading Ops",2026-07-26,2026-07-17,False,Medium
9001395,TC-03,112081,2026-07,ALLOC_UNFAIR,Allocation deviated 130.96 pts from pro-rata entitlement (limit 2pts),2026-07-07,Closed,60,20,"J. Farrow, Trading Ops",2026-07-27,2026-07-13,False,Medium
9001396,TC-03,112082,2026-07,ALLOC_UNFAIR,Allocation deviated 33.51 pts from pro-rata entitlement (limit 2pts),2026-07-07,Closed,60,20,"J. Farrow, Trading Ops",2026-07-27,2026-08-10,True,Medium
9001397,TC-03,112083,2026-07,ALLOC_UNFAIR,Allocation deviated 5.08 pts from pro-rata entitlement (limit 2pts),2026-07-07,Closed,60,20,"J. Farrow, Trading Ops",2026-07-27,2026-07-29,True,Medium
9001398,TC-03,112084,2026-07,ALLOC_UNFAIR,Allocation deviated 6.98 pts from pro-rata entitlement (limit 2pts),2026-07-07,Closed,60,20,"J. Farrow, Trading Ops",2026-07-27,2026-07-29,True,Medium
9001399,TC-03,112116,2026-07,ALLOC_UNFAIR,Allocation deviated 126.07 pts from pro-rata entitlement (limit 2pts),2026-07-07,Closed,60,20,"J. Farrow, Trading Ops",2026-07-27,2026-08-13,True,Medium
9001400,TC-03,112117,2026-07,ALLOC_UNFAIR,Allocation deviated 15.09 pts from pro-rata entitlement (limit 2pts),2026-07-07,Closed,60,20,"J. Farrow, Trading Ops",2026-07-27,2026-07-26,False,Medium
9001401,TC-03,112118,2026-07,ALLOC_UNFAIR,Allocation deviated 141.77 pts from pro-rata entitlement (limit 2pts),2026-07-07,Closed,60,20,"J. Farrow, Trading Ops",2026-07-27,2026-07-31,True,Medium
9001402,TC-03,112153,2026-07,ALLOC_UNFAIR,Allocation deviated 3.23 pts from pro-rata entitlement (limit 2pts),2026-07-08,Closed,59,20,"J. Farrow, Trading Ops",2026-07-28,2026-07-28,False,Medium
9001403,TC-03,112161,2026-07,ALLOC_UNFAIR,Allocation deviated 3.25 pts from pro-rata entitlement (limit 2pts),2026-07-08,Closed,59,20,"J. Farrow, Trading Ops",2026-07-28,2026-08-06,True,Medium
9001404,TC-03,112202,2026-07,ALLOC_UNFAIR,Allocation deviated 8.94 pts from pro-rata entitlement (limit 2pts),2026-07-09,Closed,58,20,"J. Farrow, Trading Ops",2026-07-29,2026-08-02,True,Medium
9001405,TC-03,112237,2026-07,ALLOC_UNFAIR,Allocation deviated 6.48 pts from pro-rata entitlement (limit 2pts),2026-07-09,Closed,58,20,"J. Farrow, Trading Ops",2026-07-29,2026-07-31,True,Medium
9001406,TC-03,112249,2026-07,ALLOC_UNFAIR,Allocation deviated 5.45 pts from pro-rata entitlement (limit 2pts),2026-07-10,Closed,57,20,"J. Farrow, Trading Ops",2026-07-30,2026-07-28,False,Medium
9001407,TC-03,112324,2026-07,ALLOC_UNFAIR,Allocation deviated 4.92 pts from pro-rata entitlement (limit 2pts),2026-07-13,Closed,54,20,"J. Farrow, Trading Ops",2026-08-02,2026-08-04,True,Medium
9001408,TC-03,112338,2026-07,ALLOC_UNFAIR,Allocation deviated 5.92 pts from pro-rata entitlement (limit 2pts),2026-07-13,Closed,54,20,"J. Farrow, Trading Ops",2026-08-02,2026-08-11,True,Medium
9001409,TC-03,112339,2026-07,ALLOC_UNFAIR,Allocation deviated 8.23 pts from pro-rata entitlement (limit 2pts),2026-07-13,Closed,54,20,"J. Farrow, Trading Ops",2026-08-02,2026-07-16,False,Medium
9001410,TC-03,112400,2026-07,ALLOC_UNFAIR,Allocation deviated 8.86 pts from pro-rata entitlement (limit 2pts),2026-07-15,Closed,52,20,"J. Farrow, Trading Ops",2026-08-04,2026-08-03,False,Medium
9001411,TC-03,112418,2026-07,ALLOC_UNFAIR,Allocation deviated 8.46 pts from pro-rata entitlement (limit 2pts),2026-07-15,Closed,52,20,"J. Farrow, Trading Ops",2026-08-04,2026-07-31,False,Medium
9001412,TC-03,112421,2026-07,ALLOC_UNFAIR,Allocation deviated 4.42 pts from pro-rata entitlement (limit 2pts),2026-07-15,Closed,52,20,"J. Farrow, Trading Ops",2026-08-04,2026-08-01,False,Medium
9001413,TC-03,112426,2026-07,ALLOC_UNFAIR,Allocation deviated 2.1 pts from pro-rata entitlement (limit 2pts),2026-07-15,Closed,52,20,"J. Farrow, Trading Ops",2026-08-04,2026-07-19,False,Medium
9001414,TC-03,112438,2026-07,ALLOC_UNFAIR,Allocation deviated 7.53 pts from pro-rata entitlement (limit 2pts),2026-07-16,Closed,51,20,"J. Farrow, Trading Ops",2026-08-05,2026-08-11,True,Medium
9001415,TC-03,112462,2026-07,ALLOC_UNFAIR,Allocation deviated 3.55 pts from pro-rata entitlement (limit 2pts),2026-07-16,Closed,51,20,"J. Farrow, Trading Ops",2026-08-05,2026-07-29,False,Medium
9001416,TC-03,112483,2026-07,ALLOC_UNFAIR,Allocation deviated 7.58 pts from pro-rata entitlement (limit 2pts),2026-07-16,Closed,51,20,"J. Farrow, Trading Ops",2026-08-05,2026-08-03,False,Medium
9001417,TC-03,112491,2026-07,ALLOC_UNFAIR,Allocation deviated 3.92 pts from pro-rata entitlement (limit 2pts),2026-07-17,Closed,50,20,"J. Farrow, Trading Ops",2026-08-06,2026-08-02,False,Medium
9001418,TC-03,112503,2026-07,ALLOC_UNFAIR,Allocation deviated 7.68 pts from pro-rata entitlement (limit 2pts),2026-07-17,Closed,50,20,"J. Farrow, Trading Ops",2026-08-06,2026-07-23,False,Medium
9001419,TC-03,112510,2026-07,ALLOC_UNFAIR,Allocation deviated 6.58 pts from pro-rata entitlement (limit 2pts),2026-07-17,Open,50,20,"J. Farrow, Trading Ops",2026-08-06,,True,Medium
9001420,TC-03,112533,2026-07,ALLOC_UNFAIR,Allocation deviated 19.79 pts from pro-rata entitlement (limit 2pts),2026-07-20,Closed,47,20,"J. Farrow, Trading Ops",2026-08-09,2026-07-25,False,Medium
9001421,TC-03,112534,2026-07,ALLOC_UNFAIR,Allocation deviated 10.53 pts from pro-rata entitlement (limit 2pts),2026-07-20,Closed,47,20,"J. Farrow, Trading Ops",2026-08-09,2026-08-01,False,Medium
9001422,TC-03,112551,2026-07,ALLOC_UNFAIR,Allocation deviated 28.62 pts from pro-rata entitlement (limit 2pts),2026-07-20,Closed,47,20,"J. Farrow, Trading Ops",2026-08-09,2026-08-06,False,Medium
9001423,TC-03,112552,2026-07,ALLOC_UNFAIR,Allocation deviated 7.74 pts from pro-rata entitlement (limit 2pts),2026-07-20,Closed,47,20,"J. Farrow, Trading Ops",2026-08-09,2026-08-09,False,Medium
9001424,TC-03,112621,2026-07,ALLOC_UNFAIR,Allocation deviated 6.27 pts from pro-rata entitlement (limit 2pts),2026-07-21,Closed,46,20,"J. Farrow, Trading Ops",2026-08-10,2026-08-10,False,Medium
9001425,TC-03,112641,2026-07,ALLOC_UNFAIR,Allocation deviated 20.58 pts from pro-rata entitlement (limit 2pts),2026-07-22,Closed,45,20,"J. Farrow, Trading Ops",2026-08-11,2026-08-10,False,Medium
9001426,TC-03,112642,2026-07,ALLOC_UNFAIR,Allocation deviated 15.25 pts from pro-rata entitlement (limit 2pts),2026-07-22,Open,45,20,"J. Farrow, Trading Ops",2026-08-11,,True,Medium
9001427,TC-03,112646,2026-07,ALLOC_UNFAIR,Allocation deviated 5.39 pts from pro-rata entitlement (limit 2pts),2026-07-22,Closed,45,20,"J. Farrow, Trading Ops",2026-08-11,2026-08-14,True,Medium
9001428,TC-03,112647,2026-07,ALLOC_UNFAIR,Allocation deviated 5.69 pts from pro-rata entitlement (limit 2pts),2026-07-22,Closed,45,20,"J. Farrow, Trading Ops",2026-08-11,2026-08-01,False,Medium
9001429,TC-03,112663,2026-07,ALLOC_UNFAIR,Allocation deviated 9.54 pts from pro-rata entitlement (limit 2pts),2026-07-22,Closed,45,20,"J. Farrow, Trading Ops",2026-08-11,2026-08-06,False,Medium
9001430,TC-03,112664,2026-07,ALLOC_UNFAIR,Allocation deviated 4.13 pts from pro-rata entitlement (limit 2pts),2026-07-22,Closed,45,20,"J. Farrow, Trading Ops",2026-08-11,2026-08-06,False,Medium
9001431,TC-03,112701,2026-07,ALLOC_UNFAIR,Allocation deviated 4.67 pts from pro-rata entitlement (limit 2pts),2026-07-23,Closed,44,20,"J. Farrow, Trading Ops",2026-08-12,2026-08-10,False,Medium
9001432,TC-03,112702,2026-07,ALLOC_UNFAIR,Allocation deviated 8.01 pts from pro-rata entitlement (limit 2pts),2026-07-23,Closed,44,20,"J. Farrow, Trading Ops",2026-08-12,2026-08-07,False,Medium
9001433,TC-03,112731,2026-07,ALLOC_UNFAIR,Allocation deviated 7.06 pts from pro-rata entitlement (limit 2pts),2026-07-24,Closed,43,20,"J. Farrow, Trading Ops",2026-08-13,2026-08-06,False,Medium
9001434,TC-03,112814,2026-07,ALLOC_UNFAIR,Allocation deviated 5.93 pts from pro-rata entitlement (limit 2pts),2026-07-27,Closed,40,20,"J. Farrow, Trading Ops",2026-08-16,2026-08-29,True,Medium
9001435,TC-03,112815,2026-07,ALLOC_UNFAIR,Allocation deviated 64.55 pts from pro-rata entitlement (limit 2pts),2026-07-27,Closed,40,20,"J. Farrow, Trading Ops",2026-08-16,2026-08-16,False,Medium
9001436,TC-03,112817,2026-07,ALLOC_UNFAIR,Allocation deviated 11.9 pts from pro-rata entitlement (limit 2pts),2026-07-27,Closed,40,20,"J. Farrow, Trading Ops",2026-08-16,2026-08-13,False,Medium
9001437,TC-03,112819,2026-07,ALLOC_UNFAIR,Allocation deviated 5.29 pts from pro-rata entitlement (limit 2pts),2026-07-27,Closed,40,20,"J. Farrow, Trading Ops",2026-08-16,2026-08-14,False,Medium
9001438,TC-03,112844,2026-07,ALLOC_UNFAIR,Allocation deviated 5.6 pts from pro-rata entitlement (limit 2pts),2026-07-28,Closed,39,20,"J. Farrow, Trading Ops",2026-08-17,2026-08-15,False,Medium
9001439,TC-03,112863,2026-07,ALLOC_UNFAIR,Allocation deviated 58.27 pts from pro-rata entitlement (limit 2pts),2026-07-28,Closed,39,20,"J. Farrow, Trading Ops",2026-08-17,2026-08-28,True,Medium
9001440,TC-03,112864,2026-07,ALLOC_UNFAIR,Allocation deviated 34.07 pts from pro-rata entitlement (limit 2pts),2026-07-28,Closed,39,20,"J. Farrow, Trading Ops",2026-08-17,2026-08-21,True,Medium
9001441,TC-03,112865,2026-07,ALLOC_UNFAIR,Allocation deviated 92.43 pts from pro-rata entitlement (limit 2pts),2026-07-28,Closed,39,20,"J. Farrow, Trading Ops",2026-08-17,2026-08-26,True,Medium
9001442,TC-03,112866,2026-07,ALLOC_UNFAIR,Allocation deviated 5.68 pts from pro-rata entitlement (limit 2pts),2026-07-28,Closed,39,20,"J. Farrow, Trading Ops",2026-08-17,2026-07-29,False,Medium
9001443,TC-03,112896,2026-07,ALLOC_UNFAIR,Allocation deviated 4.19 pts from pro-rata entitlement (limit 2pts),2026-07-29,Closed,38,20,"J. Farrow, Trading Ops",2026-08-18,2026-08-20,True,Medium
9001444,TC-03,112905,2026-07,ALLOC_UNFAIR,Allocation deviated 9.55 pts from pro-rata entitlement (limit 2pts),2026-07-29,Closed,38,20,"J. Farrow, Trading Ops",2026-08-18,2026-08-26,True,Medium
9001445,TC-03,112907,2026-07,ALLOC_UNFAIR,Allocation deviated 29.81 pts from pro-rata entitlement (limit 2pts),2026-07-29,Closed,38,20,"J. Farrow, Trading Ops",2026-08-18,2026-09-03,True,Medium
9001446,TC-03,112966,2026-07,ALLOC_UNFAIR,Allocation deviated 2.98 pts from pro-rata entitlement (limit 2pts),2026-07-30,Closed,37,20,"J. Farrow, Trading Ops",2026-08-19,2026-08-19,False,Medium
9001447,TC-03,112967,2026-07,ALLOC_UNFAIR,Allocation deviated 5.84 pts from pro-rata entitlement (limit 2pts),2026-07-30,Closed,37,20,"J. Farrow, Trading Ops",2026-08-19,2026-08-05,False,Medium
9001448,TC-03,112968,2026-07,ALLOC_UNFAIR,Allocation deviated 3.68 pts from pro-rata entitlement (limit 2pts),2026-07-30,Closed,37,20,"J. Farrow, Trading Ops",2026-08-19,2026-08-23,True,Medium
9001449,TC-03,112977,2026-07,ALLOC_UNFAIR,Allocation deviated 19.83 pts from pro-rata entitlement (limit 2pts),2026-07-30,Closed,37,20,"J. Farrow, Trading Ops",2026-08-19,2026-08-14,False,Medium
9001450,TC-03,112978,2026-07,ALLOC_UNFAIR,Allocation deviated 11.79 pts from pro-rata entitlement (limit 2pts),2026-07-30,Closed,37,20,"J. Farrow, Trading Ops",2026-08-19,2026-08-04,False,Medium
9001451,TC-03,112999,2026-07,ALLOC_UNFAIR,Allocation deviated 3.09 pts from pro-rata entitlement (limit 2pts),2026-07-30,Closed,37,20,"J. Farrow, Trading Ops",2026-08-19,2026-08-14,False,Medium
9001452,TC-03,113002,2026-07,ALLOC_UNFAIR,Allocation deviated 8.37 pts from pro-rata entitlement (limit 2pts),2026-07-30,Closed,37,20,"J. Farrow, Trading Ops",2026-08-19,2026-08-27,True,Medium
9001453,TC-03,113019,2026-07,ALLOC_UNFAIR,Allocation deviated 6.88 pts from pro-rata entitlement (limit 2pts),2026-07-31,Closed,36,20,"J. Farrow, Trading Ops",2026-08-20,2026-08-29,True,Medium
9001454,TC-03,113020,2026-07,ALLOC_UNFAIR,Allocation deviated 125.82 pts from pro-rata entitlement (limit 2pts),2026-07-31,Closed,36,20,"J. Farrow, Trading Ops",2026-08-20,2026-08-26,True,Medium
9001455,TC-03,113021,2026-07,ALLOC_UNFAIR,Allocation deviated 138.69 pts from pro-rata entitlement (limit 2pts),2026-07-31,Closed,36,20,"J. Farrow, Trading Ops",2026-08-20,2026-08-11,False,Medium
9001456,TC-03,113034,2026-07,ALLOC_UNFAIR,Allocation deviated 7.59 pts from pro-rata entitlement (limit 2pts),2026-07-31,Closed,36,20,"J. Farrow, Trading Ops",2026-08-20,2026-09-05,True,Medium
9001457,TC-03,113055,2026-07,ALLOC_UNFAIR,Allocation deviated 8.16 pts from pro-rata entitlement (limit 2pts),2026-07-31,Open,36,20,"J. Farrow, Trading Ops",2026-08-20,,True,Medium
9001458,TC-03,113066,2026-07,ALLOC_UNFAIR,Allocation deviated 5.6 pts from pro-rata entitlement (limit 2pts),2026-07-31,Closed,36,20,"J. Farrow, Trading Ops",2026-08-20,2026-08-19,False,Medium
9001459,TC-03,113112,2026-08,ALLOC_UNFAIR,Allocation deviated 6.23 pts from pro-rata entitlement (limit 2pts),2026-08-03,Open,33,20,"J. Farrow, Trading Ops",2026-08-23,,True,Medium
9001460,TC-03,113139,2026-08,ALLOC_UNFAIR,Allocation deviated 68.7 pts from pro-rata entitlement (limit 2pts),2026-08-04,Closed,32,20,"J. Farrow, Trading Ops",2026-08-24,2026-09-03,True,Medium
9001461,TC-03,113140,2026-08,ALLOC_UNFAIR,Allocation deviated 127.67 pts from pro-rata entitlement (limit 2pts),2026-08-04,Closed,32,20,"J. Farrow, Trading Ops",2026-08-24,2026-08-27,True,Medium
9001462,TC-03,113141,2026-08,ALLOC_UNFAIR,Allocation deviated 58.47 pts from pro-rata entitlement (limit 2pts),2026-08-04,Closed,32,20,"J. Farrow, Trading Ops",2026-08-24,2026-08-31,True,Medium
9001463,TC-03,113154,2026-08,ALLOC_UNFAIR,Allocation deviated 5.88 pts from pro-rata entitlement (limit 2pts),2026-08-04,Open,32,20,"J. Farrow, Trading Ops",2026-08-24,,True,Medium
9001464,TC-03,113195,2026-08,ALLOC_UNFAIR,Allocation deviated 6.54 pts from pro-rata entitlement (limit 2pts),2026-08-05,Open,31,20,"J. Farrow, Trading Ops",2026-08-25,,True,Medium
9001465,TC-03,113263,2026-08,ALLOC_UNFAIR,Allocation deviated 6.49 pts from pro-rata entitlement (limit 2pts),2026-08-06,Open,30,20,"J. Farrow, Trading Ops",2026-08-26,,True,Medium
9001466,TC-03,113275,2026-08,ALLOC_UNFAIR,Allocation deviated 6.79 pts from pro-rata entitlement (limit 2pts),2026-08-06,Closed,30,20,"J. Farrow, Trading Ops",2026-08-26,2026-08-11,False,Medium
9001467,TC-03,113283,2026-08,ALLOC_UNFAIR,Allocation deviated 7.9 pts from pro-rata entitlement (limit 2pts),2026-08-06,Closed,30,20,"J. Farrow, Trading Ops",2026-08-26,2026-09-03,True,Medium
9001468,TC-03,113297,2026-08,ALLOC_UNFAIR,Allocation deviated 5.77 pts from pro-rata entitlement (limit 2pts),2026-08-07,Closed,29,20,"J. Farrow, Trading Ops",2026-08-27,2026-09-03,True,Medium
9001469,TC-03,113310,2026-08,ALLOC_UNFAIR,Allocation deviated 2.28 pts from pro-rata entitlement (limit 2pts),2026-08-07,Closed,29,20,"J. Farrow, Trading Ops",2026-08-27,2026-08-24,False,Medium
9001470,TC-03,113312,2026-08,ALLOC_UNFAIR,Allocation deviated 26.49 pts from pro-rata entitlement (limit 2pts),2026-08-07,Closed,29,20,"J. Farrow, Trading Ops",2026-08-27,2026-08-27,False,Medium
9001471,TC-03,113334,2026-08,ALLOC_UNFAIR,Allocation deviated 2.02 pts from pro-rata entitlement (limit 2pts),2026-08-10,Open,26,20,"J. Farrow, Trading Ops",2026-08-30,,True,Medium
9001472,TC-03,113358,2026-08,ALLOC_UNFAIR,Allocation deviated 7.02 pts from pro-rata entitlement (limit 2pts),2026-08-10,Closed,26,20,"J. Farrow, Trading Ops",2026-08-30,2026-09-05,True,Medium
9001473,TC-03,113360,2026-08,ALLOC_UNFAIR,Allocation deviated 17.4 pts from pro-rata entitlement (limit 2pts),2026-08-10,Open,26,20,"J. Farrow, Trading Ops",2026-08-30,,True,Medium
9001474,TC-03,113395,2026-08,ALLOC_UNFAIR,Allocation deviated 5.66 pts from pro-rata entitlement (limit 2pts),2026-08-11,Closed,25,20,"J. Farrow, Trading Ops",2026-08-31,2026-08-31,False,Medium
9001475,TC-03,113414,2026-08,ALLOC_UNFAIR,Allocation deviated 7.4 pts from pro-rata entitlement (limit 2pts),2026-08-11,Closed,25,20,"J. Farrow, Trading Ops",2026-08-31,2026-08-27,False,Medium
9001476,TC-03,113422,2026-08,ALLOC_UNFAIR,Allocation deviated 7.53 pts from pro-rata entitlement (limit 2pts),2026-08-11,Open,25,20,"J. Farrow, Trading Ops",2026-08-31,,True,Medium
9001477,TC-03,113460,2026-08,ALLOC_UNFAIR,Allocation deviated 6.21 pts from pro-rata entitlement (limit 2pts),2026-08-12,Closed,24,20,"J. Farrow, Trading Ops",2026-09-01,2026-08-27,False,Medium
9001478,TC-03,113465,2026-08,ALLOC_UNFAIR,Allocation deviated 3.56 pts from pro-rata entitlement (limit 2pts),2026-08-12,Open,24,20,"J. Farrow, Trading Ops",2026-09-01,,True,Medium
9001479,TC-03,113472,2026-08,ALLOC_UNFAIR,Allocation deviated 5.67 pts from pro-rata entitlement (limit 2pts),2026-08-12,Closed,24,20,"J. Farrow, Trading Ops",2026-09-01,2026-08-30,False,Medium
9001480,TC-03,113473,2026-08,ALLOC_UNFAIR,Allocation deviated 11.74 pts from pro-rata entitlement (limit 2pts),2026-08-12,Closed,24,20,"J. Farrow, Trading Ops",2026-09-01,2026-09-01,False,Medium
9001481,TC-03,113575,2026-08,ALLOC_UNFAIR,Allocation deviated 4.18 pts from pro-rata entitlement (limit 2pts),2026-08-14,Closed,22,20,"J. Farrow, Trading Ops",2026-09-03,2026-09-05,True,Medium
9001482,TC-03,113577,2026-08,ALLOC_UNFAIR,Allocation deviated 2.99 pts from pro-rata entitlement (limit 2pts),2026-08-14,Closed,22,20,"J. Farrow, Trading Ops",2026-09-03,2026-09-05,True,Medium
9001483,TC-03,113578,2026-08,ALLOC_UNFAIR,Allocation deviated 22.23 pts from pro-rata entitlement (limit 2pts),2026-08-14,Open,22,20,"J. Farrow, Trading Ops",2026-09-03,,True,Medium
9001484,TC-03,113584,2026-08,ALLOC_UNFAIR,Allocation deviated 5.79 pts from pro-rata entitlement (limit 2pts),2026-08-14,Closed,22,20,"J. Farrow, Trading Ops",2026-09-03,2026-09-05,True,Medium
9001485,TC-03,113610,2026-08,ALLOC_UNFAIR,Allocation deviated 21.94 pts from pro-rata entitlement (limit 2pts),2026-08-14,Closed,22,20,"J. Farrow, Trading Ops",2026-09-03,2026-09-04,True,Medium
9001486,TC-03,113612,2026-08,ALLOC_UNFAIR,Allocation deviated 24.53 pts from pro-rata entitlement (limit 2pts),2026-08-17,Open,19,20,"J. Farrow, Trading Ops",2026-09-06,,False,Medium
9001487,TC-03,113636,2026-08,ALLOC_UNFAIR,Allocation deviated 8.3 pts from pro-rata entitlement (limit 2pts),2026-08-17,Open,19,20,"J. Farrow, Trading Ops",2026-09-06,,False,Medium
9001488,TC-03,113676,2026-08,ALLOC_UNFAIR,Allocation deviated 6.96 pts from pro-rata entitlement (limit 2pts),2026-08-17,Closed,19,20,"J. Farrow, Trading Ops",2026-09-06,2026-08-23,False,Medium
9001489,TC-03,113715,2026-08,ALLOC_UNFAIR,Allocation deviated 24.28 pts from pro-rata entitlement (limit 2pts),2026-08-18,Open,18,20,"J. Farrow, Trading Ops",2026-09-07,,False,Medium
9001490,TC-03,113716,2026-08,ALLOC_UNFAIR,Allocation deviated 84.79 pts from pro-rata entitlement (limit 2pts),2026-08-18,Closed,18,20,"J. Farrow, Trading Ops",2026-09-07,2026-08-28,False,Medium
9001491,TC-03,113717,2026-08,ALLOC_UNFAIR,Allocation deviated 61.64 pts from pro-rata entitlement (limit 2pts),2026-08-18,Open,18,20,"J. Farrow, Trading Ops",2026-09-07,,False,Medium
9001492,TC-03,113735,2026-08,ALLOC_UNFAIR,Allocation deviated 3.42 pts from pro-rata entitlement (limit 2pts),2026-08-19,Closed,17,20,"J. Farrow, Trading Ops",2026-09-08,2026-09-05,False,Medium
9001493,TC-03,113752,2026-08,ALLOC_UNFAIR,Allocation deviated 6.9 pts from pro-rata entitlement (limit 2pts),2026-08-19,Closed,17,20,"J. Farrow, Trading Ops",2026-09-08,2026-09-05,False,Medium
9001494,TC-03,113780,2026-08,ALLOC_UNFAIR,Allocation deviated 6.39 pts from pro-rata entitlement (limit 2pts),2026-08-19,Open,17,20,"J. Farrow, Trading Ops",2026-09-08,,False,Medium
9001495,TC-03,113784,2026-08,ALLOC_UNFAIR,Allocation deviated 7.39 pts from pro-rata entitlement (limit 2pts),2026-08-19,Open,17,20,"J. Farrow, Trading Ops",2026-09-08,,False,Medium
9001496,TC-03,113799,2026-08,ALLOC_UNFAIR,Allocation deviated 9.63 pts from pro-rata entitlement (limit 2pts),2026-08-20,Closed,16,20,"J. Farrow, Trading Ops",2026-09-09,2026-09-05,False,Medium
9001497,TC-03,113800,2026-08,ALLOC_UNFAIR,Allocation deviated 30.25 pts from pro-rata entitlement (limit 2pts),2026-08-20,Open,16,20,"J. Farrow, Trading Ops",2026-09-09,,False,Medium
9001498,TC-03,113808,2026-08,ALLOC_UNFAIR,Allocation deviated 4.02 pts from pro-rata entitlement (limit 2pts),2026-08-20,Open,16,20,"J. Farrow, Trading Ops",2026-09-09,,False,Medium
9001499,TC-03,113841,2026-08,ALLOC_UNFAIR,Allocation deviated 7.01 pts from pro-rata entitlement (limit 2pts),2026-08-21,Closed,15,20,"J. Farrow, Trading Ops",2026-09-10,2026-09-05,False,Medium
9001500,TC-03,113999,2026-08,ALLOC_UNFAIR,Allocation deviated 2.19 pts from pro-rata entitlement (limit 2pts),2026-08-25,Closed,11,20,"J. Farrow, Trading Ops",2026-09-14,2026-09-05,False,Medium
9001501,TC-03,114016,2026-08,ALLOC_UNFAIR,Allocation deviated 3.92 pts from pro-rata entitlement (limit 2pts),2026-08-26,Open,10,20,"J. Farrow, Trading Ops",2026-09-15,,False,Medium
9001502,TC-03,114036,2026-08,ALLOC_UNFAIR,Allocation deviated 42.61 pts from pro-rata entitlement (limit 2pts),2026-08-26,Open,10,20,"J. Farrow, Trading Ops",2026-09-15,,False,Medium
9001503,TC-03,114037,2026-08,ALLOC_UNFAIR,Allocation deviated 11.34 pts from pro-rata entitlement (limit 2pts),2026-08-26,Open,10,20,"J. Farrow, Trading Ops",2026-09-15,,False,Medium
9001504,TC-03,114068,2026-08,ALLOC_UNFAIR,Allocation deviated 3.04 pts from pro-rata entitlement (limit 2pts),2026-08-27,Open,9,20,"J. Farrow, Trading Ops",2026-09-16,,False,Medium
9001505,TC-03,114100,2026-08,ALLOC_UNFAIR,Allocation deviated 4.05 pts from pro-rata entitlement (limit 2pts),2026-08-27,Open,9,20,"J. Farrow, Trading Ops",2026-09-16,,False,Medium
9001506,TC-03,114105,2026-08,ALLOC_UNFAIR,Allocation deviated 3.94 pts from pro-rata entitlement (limit 2pts),2026-08-27,Open,9,20,"J. Farrow, Trading Ops",2026-09-16,,False,Medium
9001507,TC-03,114150,2026-08,ALLOC_UNFAIR,Allocation deviated 20.84 pts from pro-rata entitlement (limit 2pts),2026-08-28,Open,8,20,"J. Farrow, Trading Ops",2026-09-17,,False,Medium
9001508,TC-03,114151,2026-08,ALLOC_UNFAIR,Allocation deviated 26.24 pts from pro-rata entitlement (limit 2pts),2026-08-28,Open,8,20,"J. Farrow, Trading Ops",2026-09-17,,False,Medium
9001509,TC-03,114200,2026-08,ALLOC_UNFAIR,Allocation deviated 5.44 pts from pro-rata entitlement (limit 2pts),2026-08-31,Open,5,20,"J. Farrow, Trading Ops",2026-09-20,,False,Medium
9001510,FC-01,500070,2025-09,FEE_MISMATCH,Billed fee variance 11.38% vs recalculated (limit 0.5%),2025-09-30,Open,340,15,"M. Cho, Billing Ops",2025-10-15,,True,Medium
9001511,FC-01,500142,2025-09,FEE_MISMATCH,Billed fee variance 13.56% vs recalculated (limit 0.5%),2025-09-30,Closed,340,15,"M. Cho, Billing Ops",2025-10-15,2025-10-15,False,Medium
9001512,FC-01,500246,2025-09,FEE_MISMATCH,Billed fee variance 9.0% vs recalculated (limit 0.5%),2025-09-30,Closed,340,15,"M. Cho, Billing Ops",2025-10-15,2025-10-16,True,Medium
9001513,FC-01,500273,2025-09,FEE_MISMATCH,Billed fee variance 3.21% vs recalculated (limit 0.5%),2025-09-30,Closed,340,15,"M. Cho, Billing Ops",2025-10-15,2025-10-06,False,Medium
9001514,FC-01,500335,2025-10,FEE_MISMATCH,Billed fee variance 12.01% vs recalculated (limit 0.5%),2025-10-31,Closed,309,15,"M. Cho, Billing Ops",2025-11-15,2025-11-21,True,Medium
9001515,FC-01,500360,2025-10,FEE_MISMATCH,Billed fee variance 6.85% vs recalculated (limit 0.5%),2025-10-31,Closed,309,15,"M. Cho, Billing Ops",2025-11-15,2025-11-17,True,Medium
9001516,FC-01,500509,2025-10,FEE_MISMATCH,Billed fee variance 10.18% vs recalculated (limit 0.5%),2025-10-31,Closed,309,15,"M. Cho, Billing Ops",2025-11-15,2025-11-13,False,Medium
9001517,FC-01,500522,2025-10,FEE_MISMATCH,Billed fee variance 7.25% vs recalculated (limit 0.5%),2025-10-31,Closed,309,15,"M. Cho, Billing Ops",2025-11-15,2025-11-08,False,Medium
9001518,FC-01,500523,2025-10,FEE_MISMATCH,Billed fee variance 8.46% vs recalculated (limit 0.5%),2025-10-31,Closed,309,15,"M. Cho, Billing Ops",2025-11-15,2025-11-16,True,Medium
9001519,FC-01,500550,2025-10,FEE_MISMATCH,Billed fee variance 9.82% vs recalculated (limit 0.5%),2025-10-31,Open,309,15,"M. Cho, Billing Ops",2025-11-15,,True,Medium
9001520,FC-01,500559,2025-10,FEE_MISMATCH,Billed fee variance 10.44% vs recalculated (limit 0.5%),2025-10-31,Closed,309,15,"M. Cho, Billing Ops",2025-11-15,2025-11-11,False,Medium
9001521,FC-01,500593,2025-10,FEE_MISMATCH,Billed fee variance 5.48% vs recalculated (limit 0.5%),2025-10-31,Open,309,15,"M. Cho, Billing Ops",2025-11-15,,True,Medium
9001522,FC-01,500679,2025-11,FEE_MISMATCH,Billed fee variance 3.01% vs recalculated (limit 0.5%),2025-11-30,Closed,279,15,"M. Cho, Billing Ops",2025-12-15,2025-12-17,True,Medium
9001523,FC-01,500723,2025-11,FEE_MISMATCH,Billed fee variance 12.44% vs recalculated (limit 0.5%),2025-11-30,Closed,279,15,"M. Cho, Billing Ops",2025-12-15,2025-12-05,False,Medium
9001524,FC-01,500781,2025-11,FEE_MISMATCH,Billed fee variance 7.42% vs recalculated (limit 0.5%),2025-11-30,Closed,279,15,"M. Cho, Billing Ops",2025-12-15,2025-12-02,False,Medium
9001525,FC-01,500880,2025-11,FEE_MISMATCH,Billed fee variance 5.94% vs recalculated (limit 0.5%),2025-11-30,Closed,279,15,"M. Cho, Billing Ops",2025-12-15,2025-12-12,False,Medium
9001526,FC-01,501020,2025-12,FEE_MISMATCH,Billed fee variance 9.84% vs recalculated (limit 0.5%),2025-12-31,Closed,248,15,"M. Cho, Billing Ops",2026-01-15,2026-01-11,False,Medium
9001527,FC-01,501077,2025-12,FEE_MISMATCH,Billed fee variance 14.53% vs recalculated (limit 0.5%),2025-12-31,Closed,248,15,"M. Cho, Billing Ops",2026-01-15,2026-01-13,False,Medium
9001528,FC-01,501088,2025-12,FEE_MISMATCH,Billed fee variance 11.13% vs recalculated (limit 0.5%),2025-12-31,Closed,248,15,"M. Cho, Billing Ops",2026-01-15,2026-01-12,False,Medium
9001529,FC-01,501097,2025-12,FEE_MISMATCH,Billed fee variance 6.47% vs recalculated (limit 0.5%),2025-12-31,Closed,248,15,"M. Cho, Billing Ops",2026-01-15,2026-01-17,True,Medium
9001530,FC-01,501122,2025-12,FEE_MISMATCH,Billed fee variance 4.62% vs recalculated (limit 0.5%),2025-12-31,Closed,248,15,"M. Cho, Billing Ops",2026-01-15,2026-01-14,False,Medium
9001531,FC-01,501158,2025-12,FEE_MISMATCH,Billed fee variance 7.4% vs recalculated (limit 0.5%),2025-12-31,Closed,248,15,"M. Cho, Billing Ops",2026-01-15,2026-01-11,False,Medium
9001532,FC-01,501253,2026-01,FEE_MISMATCH,Billed fee variance 5.65% vs recalculated (limit 0.5%),2026-01-31,Closed,217,15,"M. Cho, Billing Ops",2026-02-15,2026-02-12,False,Medium
9001533,FC-01,501324,2026-01,FEE_MISMATCH,Billed fee variance 13.05% vs recalculated (limit 0.5%),2026-01-31,Closed,217,15,"M. Cho, Billing Ops",2026-02-15,2026-02-19,True,Medium
9001534,FC-01,501387,2026-01,FEE_MISMATCH,Billed fee variance 14.96% vs recalculated (limit 0.5%),2026-01-31,Closed,217,15,"M. Cho, Billing Ops",2026-02-15,2026-02-21,True,Medium
9001535,FC-01,501396,2026-01,FEE_MISMATCH,Billed fee variance 14.02% vs recalculated (limit 0.5%),2026-01-31,Closed,217,15,"M. Cho, Billing Ops",2026-02-15,2026-02-20,True,Medium
9001536,FC-01,501461,2026-01,FEE_MISMATCH,Billed fee variance 1.16% vs recalculated (limit 0.5%),2026-01-31,Closed,217,15,"M. Cho, Billing Ops",2026-02-15,2026-02-19,True,Medium
9001537,FC-01,501511,2026-02,FEE_MISMATCH,Billed fee variance 6.54% vs recalculated (limit 0.5%),2026-02-28,Closed,189,15,"M. Cho, Billing Ops",2026-03-15,2026-03-01,False,Medium
9001538,FC-01,501514,2026-02,FEE_MISMATCH,Billed fee variance 3.12% vs recalculated (limit 0.5%),2026-02-28,Closed,189,15,"M. Cho, Billing Ops",2026-03-15,2026-03-09,False,Medium
9001539,FC-01,501517,2026-02,FEE_MISMATCH,Billed fee variance 8.49% vs recalculated (limit 0.5%),2026-02-28,Closed,189,15,"M. Cho, Billing Ops",2026-03-15,2026-03-13,False,Medium
9001540,FC-01,501526,2026-02,FEE_MISMATCH,Billed fee variance 5.26% vs recalculated (limit 0.5%),2026-02-28,Closed,189,15,"M. Cho, Billing Ops",2026-03-15,2026-03-16,True,Medium
9001541,FC-01,501528,2026-02,FEE_MISMATCH,Billed fee variance 11.51% vs recalculated (limit 0.5%),2026-02-28,Closed,189,15,"M. Cho, Billing Ops",2026-03-15,2026-03-05,False,Medium
9001542,FC-01,501530,2026-02,FEE_MISMATCH,Billed fee variance 4.53% vs recalculated (limit 0.5%),2026-02-28,Closed,189,15,"M. Cho, Billing Ops",2026-03-15,2026-03-23,True,Medium
9001543,FC-01,501532,2026-02,FEE_MISMATCH,Billed fee variance 2.79% vs recalculated (limit 0.5%),2026-02-28,Closed,189,15,"M. Cho, Billing Ops",2026-03-15,2026-03-17,True,Medium
9001544,FC-01,501535,2026-02,FEE_MISMATCH,Billed fee variance 6.53% vs recalculated (limit 0.5%),2026-02-28,Closed,189,15,"M. Cho, Billing Ops",2026-03-15,2026-03-11,False,Medium
9001545,FC-01,501540,2026-02,FEE_MISMATCH,Billed fee variance 11.41% vs recalculated (limit 0.5%),2026-02-28,Closed,189,15,"M. Cho, Billing Ops",2026-03-15,2026-03-16,True,Medium
9001546,FC-01,501541,2026-02,FEE_MISMATCH,Billed fee variance 7.69% vs recalculated (limit 0.5%),2026-02-28,Closed,189,15,"M. Cho, Billing Ops",2026-03-15,2026-03-13,False,Medium
9001547,FC-01,501544,2026-02,FEE_MISMATCH,Billed fee variance 13.11% vs recalculated (limit 0.5%),2026-02-28,Closed,189,15,"M. Cho, Billing Ops",2026-03-15,2026-03-10,False,Medium
9001548,FC-01,501546,2026-02,FEE_MISMATCH,Billed fee variance 13.15% vs recalculated (limit 0.5%),2026-02-28,Closed,189,15,"M. Cho, Billing Ops",2026-03-15,2026-03-18,True,Medium
9001549,FC-01,501554,2026-02,FEE_MISMATCH,Billed fee variance 11.13% vs recalculated (limit 0.5%),2026-02-28,Open,189,15,"M. Cho, Billing Ops",2026-03-15,,True,Medium
9001550,FC-01,501560,2026-02,FEE_MISMATCH,Billed fee variance 3.84% vs recalculated (limit 0.5%),2026-02-28,Closed,189,15,"M. Cho, Billing Ops",2026-03-15,2026-03-06,False,Medium
9001551,FC-01,501562,2026-02,FEE_MISMATCH,Billed fee variance 3.23% vs recalculated (limit 0.5%),2026-02-28,Closed,189,15,"M. Cho, Billing Ops",2026-03-15,2026-03-11,False,Medium
9001552,FC-01,501576,2026-02,FEE_MISMATCH,Billed fee variance 8.47% vs recalculated (limit 0.5%),2026-02-28,Closed,189,15,"M. Cho, Billing Ops",2026-03-15,2026-03-14,False,Medium
9001553,FC-01,501579,2026-02,FEE_MISMATCH,Billed fee variance 4.66% vs recalculated (limit 0.5%),2026-02-28,Closed,189,15,"M. Cho, Billing Ops",2026-03-15,2026-03-08,False,Medium
9001554,FC-01,501581,2026-02,FEE_MISMATCH,Billed fee variance 2.72% vs recalculated (limit 0.5%),2026-02-28,Closed,189,15,"M. Cho, Billing Ops",2026-03-15,2026-03-22,True,Medium
9001555,FC-01,501584,2026-02,FEE_MISMATCH,Billed fee variance 7.65% vs recalculated (limit 0.5%),2026-02-28,Closed,189,15,"M. Cho, Billing Ops",2026-03-15,2026-03-08,False,Medium
9001556,FC-01,501586,2026-02,FEE_MISMATCH,Billed fee variance 7.11% vs recalculated (limit 0.5%),2026-02-28,Closed,189,15,"M. Cho, Billing Ops",2026-03-15,2026-03-25,True,Medium
9001557,FC-01,501587,2026-02,FEE_MISMATCH,Billed fee variance 5.42% vs recalculated (limit 0.5%),2026-02-28,Closed,189,15,"M. Cho, Billing Ops",2026-03-15,2026-03-20,True,Medium
9001558,FC-01,501600,2026-02,FEE_MISMATCH,Billed fee variance 3.87% vs recalculated (limit 0.5%),2026-02-28,Closed,189,15,"M. Cho, Billing Ops",2026-03-15,2026-03-09,False,Medium
9001559,FC-01,501604,2026-02,FEE_MISMATCH,Billed fee variance 9.31% vs recalculated (limit 0.5%),2026-02-28,Closed,189,15,"M. Cho, Billing Ops",2026-03-15,2026-03-16,True,Medium
9001560,FC-01,501607,2026-02,FEE_MISMATCH,Billed fee variance 2.46% vs recalculated (limit 0.5%),2026-02-28,Open,189,15,"M. Cho, Billing Ops",2026-03-15,,True,Medium
9001561,FC-01,501619,2026-02,FEE_MISMATCH,Billed fee variance 11.49% vs recalculated (limit 0.5%),2026-02-28,Closed,189,15,"M. Cho, Billing Ops",2026-03-15,2026-03-14,False,Medium
9001562,FC-01,501626,2026-02,FEE_MISMATCH,Billed fee variance 13.74% vs recalculated (limit 0.5%),2026-02-28,Closed,189,15,"M. Cho, Billing Ops",2026-03-15,2026-03-08,False,Medium
9001563,FC-01,501628,2026-02,FEE_MISMATCH,Billed fee variance 12.64% vs recalculated (limit 0.5%),2026-02-28,Closed,189,15,"M. Cho, Billing Ops",2026-03-15,2026-03-16,True,Medium
9001564,FC-01,501635,2026-02,FEE_MISMATCH,Billed fee variance 5.98% vs recalculated (limit 0.5%),2026-02-28,Closed,189,15,"M. Cho, Billing Ops",2026-03-15,2026-03-27,True,Medium
9001565,FC-01,501638,2026-02,FEE_MISMATCH,Billed fee variance 1.17% vs recalculated (limit 0.5%),2026-02-28,Closed,189,15,"M. Cho, Billing Ops",2026-03-15,2026-03-06,False,Medium
9001566,FC-01,501648,2026-02,FEE_MISMATCH,Billed fee variance 5.52% vs recalculated (limit 0.5%),2026-02-28,Closed,189,15,"M. Cho, Billing Ops",2026-03-15,2026-03-18,True,Medium
9001567,FC-01,501650,2026-02,FEE_MISMATCH,Billed fee variance 4.29% vs recalculated (limit 0.5%),2026-02-28,Closed,189,15,"M. Cho, Billing Ops",2026-03-15,2026-03-15,False,Medium
9001568,FC-01,501651,2026-02,FEE_MISMATCH,Billed fee variance 1.65% vs recalculated (limit 0.5%),2026-02-28,Closed,189,15,"M. Cho, Billing Ops",2026-03-15,2026-03-14,False,Medium
9001569,FC-01,501654,2026-02,FEE_MISMATCH,Billed fee variance 2.85% vs recalculated (limit 0.5%),2026-02-28,Closed,189,15,"M. Cho, Billing Ops",2026-03-15,2026-03-13,False,Medium
9001570,FC-01,501655,2026-02,FEE_MISMATCH,Billed fee variance 10.56% vs recalculated (limit 0.5%),2026-02-28,Closed,189,15,"M. Cho, Billing Ops",2026-03-15,2026-03-13,False,Medium
9001571,FC-01,501672,2026-02,FEE_MISMATCH,Billed fee variance 12.74% vs recalculated (limit 0.5%),2026-02-28,Closed,189,15,"M. Cho, Billing Ops",2026-03-15,2026-03-21,True,Medium
9001572,FC-01,501684,2026-02,FEE_MISMATCH,Billed fee variance 12.21% vs recalculated (limit 0.5%),2026-02-28,Closed,189,15,"M. Cho, Billing Ops",2026-03-15,2026-03-18,True,Medium
9001573,FC-01,501689,2026-02,FEE_MISMATCH,Billed fee variance 1.06% vs recalculated (limit 0.5%),2026-02-28,Closed,189,15,"M. Cho, Billing Ops",2026-03-15,2026-03-09,False,Medium
9001574,FC-01,501693,2026-02,FEE_MISMATCH,Billed fee variance 4.6% vs recalculated (limit 0.5%),2026-02-28,Closed,189,15,"M. Cho, Billing Ops",2026-03-15,2026-03-24,True,Medium
9001575,FC-01,501695,2026-02,FEE_MISMATCH,Billed fee variance 10.93% vs recalculated (limit 0.5%),2026-02-28,Closed,189,15,"M. Cho, Billing Ops",2026-03-15,2026-03-07,False,Medium
9001576,FC-01,501696,2026-02,FEE_MISMATCH,Billed fee variance 2.3% vs recalculated (limit 0.5%),2026-02-28,Closed,189,15,"M. Cho, Billing Ops",2026-03-15,2026-03-19,True,Medium
9001577,FC-01,501700,2026-02,FEE_MISMATCH,Billed fee variance 11.54% vs recalculated (limit 0.5%),2026-02-28,Closed,189,15,"M. Cho, Billing Ops",2026-03-15,2026-03-16,True,Medium
9001578,FC-01,501703,2026-02,FEE_MISMATCH,Billed fee variance 11.19% vs recalculated (limit 0.5%),2026-02-28,Closed,189,15,"M. Cho, Billing Ops",2026-03-15,2026-03-22,True,Medium
9001579,FC-01,501707,2026-02,FEE_MISMATCH,Billed fee variance 7.98% vs recalculated (limit 0.5%),2026-02-28,Closed,189,15,"M. Cho, Billing Ops",2026-03-15,2026-03-17,True,Medium
9001580,FC-01,501709,2026-02,FEE_MISMATCH,Billed fee variance 6.76% vs recalculated (limit 0.5%),2026-02-28,Closed,189,15,"M. Cho, Billing Ops",2026-03-15,2026-03-21,True,Medium
9001581,FC-01,501710,2026-02,FEE_MISMATCH,Billed fee variance 8.38% vs recalculated (limit 0.5%),2026-02-28,Closed,189,15,"M. Cho, Billing Ops",2026-03-15,2026-03-15,False,Medium
9001582,FC-01,501717,2026-02,FEE_MISMATCH,Billed fee variance 2.7% vs recalculated (limit 0.5%),2026-02-28,Closed,189,15,"M. Cho, Billing Ops",2026-03-15,2026-03-21,True,Medium
9001583,FC-01,501719,2026-02,FEE_MISMATCH,Billed fee variance 13.8% vs recalculated (limit 0.5%),2026-02-28,Closed,189,15,"M. Cho, Billing Ops",2026-03-15,2026-03-17,True,Medium
9001584,FC-01,501722,2026-02,FEE_MISMATCH,Billed fee variance 8.84% vs recalculated (limit 0.5%),2026-02-28,Closed,189,15,"M. Cho, Billing Ops",2026-03-15,2026-03-28,True,Medium
9001585,FC-01,501726,2026-02,FEE_MISMATCH,Billed fee variance 1.47% vs recalculated (limit 0.5%),2026-02-28,Closed,189,15,"M. Cho, Billing Ops",2026-03-15,2026-03-11,False,Medium
9001586,FC-01,501729,2026-02,FEE_MISMATCH,Billed fee variance 10.2% vs recalculated (limit 0.5%),2026-02-28,Open,189,15,"M. Cho, Billing Ops",2026-03-15,,True,Medium
9001587,FC-01,501732,2026-02,FEE_MISMATCH,Billed fee variance 7.92% vs recalculated (limit 0.5%),2026-02-28,Closed,189,15,"M. Cho, Billing Ops",2026-03-15,2026-03-18,True,Medium
9001588,FC-01,501734,2026-02,FEE_MISMATCH,Billed fee variance 9.65% vs recalculated (limit 0.5%),2026-02-28,Closed,189,15,"M. Cho, Billing Ops",2026-03-15,2026-03-16,True,Medium
9001589,FC-01,501737,2026-02,FEE_MISMATCH,Billed fee variance 3.04% vs recalculated (limit 0.5%),2026-02-28,Closed,189,15,"M. Cho, Billing Ops",2026-03-15,2026-03-12,False,Medium
9001590,FC-01,501738,2026-02,FEE_MISMATCH,Billed fee variance 6.55% vs recalculated (limit 0.5%),2026-02-28,Closed,189,15,"M. Cho, Billing Ops",2026-03-15,2026-03-18,True,Medium
9001591,FC-01,501744,2026-02,FEE_MISMATCH,Billed fee variance 14.96% vs recalculated (limit 0.5%),2026-02-28,Closed,189,15,"M. Cho, Billing Ops",2026-03-15,2026-03-06,False,Medium
9001592,FC-01,501748,2026-02,FEE_MISMATCH,Billed fee variance 14.04% vs recalculated (limit 0.5%),2026-02-28,Closed,189,15,"M. Cho, Billing Ops",2026-03-15,2026-03-07,False,Medium
9001593,FC-01,501753,2026-02,FEE_MISMATCH,Billed fee variance 3.26% vs recalculated (limit 0.5%),2026-02-28,Open,189,15,"M. Cho, Billing Ops",2026-03-15,,True,Medium
9001594,FC-01,501755,2026-02,FEE_MISMATCH,Billed fee variance 13.36% vs recalculated (limit 0.5%),2026-02-28,Closed,189,15,"M. Cho, Billing Ops",2026-03-15,2026-03-06,False,Medium
9001595,FC-01,501756,2026-02,FEE_MISMATCH,Billed fee variance 12.44% vs recalculated (limit 0.5%),2026-02-28,Closed,189,15,"M. Cho, Billing Ops",2026-03-15,2026-03-24,True,Medium
9001596,FC-01,501762,2026-02,FEE_MISMATCH,Billed fee variance 1.64% vs recalculated (limit 0.5%),2026-02-28,Closed,189,15,"M. Cho, Billing Ops",2026-03-15,2026-03-13,False,Medium
9001597,FC-01,501766,2026-02,FEE_MISMATCH,Billed fee variance 1.52% vs recalculated (limit 0.5%),2026-02-28,Closed,189,15,"M. Cho, Billing Ops",2026-03-15,2026-03-16,True,Medium
9001598,FC-01,501779,2026-02,FEE_MISMATCH,Billed fee variance 6.55% vs recalculated (limit 0.5%),2026-02-28,Closed,189,15,"M. Cho, Billing Ops",2026-03-15,2026-03-15,False,Medium
9001599,FC-01,501781,2026-02,FEE_MISMATCH,Billed fee variance 8.4% vs recalculated (limit 0.5%),2026-02-28,Closed,189,15,"M. Cho, Billing Ops",2026-03-15,2026-03-17,True,Medium
9001600,FC-01,501782,2026-02,FEE_MISMATCH,Billed fee variance 14.62% vs recalculated (limit 0.5%),2026-02-28,Closed,189,15,"M. Cho, Billing Ops",2026-03-15,2026-03-13,False,Medium
9001601,FC-01,501784,2026-02,FEE_MISMATCH,Billed fee variance 8.44% vs recalculated (limit 0.5%),2026-02-28,Closed,189,15,"M. Cho, Billing Ops",2026-03-15,2026-03-13,False,Medium
9001602,FC-01,501788,2026-02,FEE_MISMATCH,Billed fee variance 1.11% vs recalculated (limit 0.5%),2026-02-28,Closed,189,15,"M. Cho, Billing Ops",2026-03-15,2026-03-14,False,Medium
9001603,FC-01,501789,2026-02,FEE_MISMATCH,Billed fee variance 2.11% vs recalculated (limit 0.5%),2026-02-28,Closed,189,15,"M. Cho, Billing Ops",2026-03-15,2026-03-21,True,Medium
9001604,FC-01,501792,2026-02,FEE_MISMATCH,Billed fee variance 2.08% vs recalculated (limit 0.5%),2026-02-28,Closed,189,15,"M. Cho, Billing Ops",2026-03-15,2026-03-22,True,Medium
9001605,FC-01,501797,2026-02,FEE_MISMATCH,Billed fee variance 2.54% vs recalculated (limit 0.5%),2026-02-28,Closed,189,15,"M. Cho, Billing Ops",2026-03-15,2026-03-23,True,Medium
9001606,FC-01,501799,2026-02,FEE_MISMATCH,Billed fee variance 5.14% vs recalculated (limit 0.5%),2026-02-28,Closed,189,15,"M. Cho, Billing Ops",2026-03-15,2026-03-17,True,Medium
9001607,FC-01,501800,2026-02,FEE_MISMATCH,Billed fee variance 2.52% vs recalculated (limit 0.5%),2026-02-28,Closed,189,15,"M. Cho, Billing Ops",2026-03-15,2026-03-14,False,Medium
9001608,FC-01,501887,2026-03,FEE_MISMATCH,Billed fee variance 3.99% vs recalculated (limit 0.5%),2026-03-31,Closed,158,15,"M. Cho, Billing Ops",2026-04-15,2026-04-05,False,Medium
9001609,FC-01,501889,2026-03,FEE_MISMATCH,Billed fee variance 14.87% vs recalculated (limit 0.5%),2026-03-31,Closed,158,15,"M. Cho, Billing Ops",2026-04-15,2026-04-19,True,Medium
9001610,FC-01,501924,2026-03,FEE_MISMATCH,Billed fee variance 5.48% vs recalculated (limit 0.5%),2026-03-31,Closed,158,15,"M. Cho, Billing Ops",2026-04-15,2026-04-20,True,Medium
9001611,FC-01,502009,2026-03,FEE_MISMATCH,Billed fee variance 6.46% vs recalculated (limit 0.5%),2026-03-31,Closed,158,15,"M. Cho, Billing Ops",2026-04-15,2026-04-13,False,Medium
9001612,FC-01,502076,2026-03,FEE_MISMATCH,Billed fee variance 11.56% vs recalculated (limit 0.5%),2026-03-31,Closed,158,15,"M. Cho, Billing Ops",2026-04-15,2026-04-20,True,Medium
9001613,FC-01,502092,2026-03,FEE_MISMATCH,Billed fee variance 11.03% vs recalculated (limit 0.5%),2026-03-31,Closed,158,15,"M. Cho, Billing Ops",2026-04-15,2026-04-23,True,Medium
9001614,FC-01,502329,2026-04,FEE_MISMATCH,Billed fee variance 6.28% vs recalculated (limit 0.5%),2026-04-30,Closed,128,15,"M. Cho, Billing Ops",2026-05-15,2026-05-16,True,Medium
9001615,FC-01,502354,2026-04,FEE_MISMATCH,Billed fee variance 9.48% vs recalculated (limit 0.5%),2026-04-30,Closed,128,15,"M. Cho, Billing Ops",2026-05-15,2026-05-21,True,Medium
9001616,FC-01,502376,2026-04,FEE_MISMATCH,Billed fee variance 4.69% vs recalculated (limit 0.5%),2026-04-30,Closed,128,15,"M. Cho, Billing Ops",2026-05-15,2026-05-17,True,Medium
9001617,FC-01,502445,2026-05,FEE_MISMATCH,Billed fee variance 10.85% vs recalculated (limit 0.5%),2026-05-31,Closed,97,15,"M. Cho, Billing Ops",2026-06-15,2026-06-05,False,Medium
9001618,FC-01,502448,2026-05,FEE_MISMATCH,Billed fee variance 13.16% vs recalculated (limit 0.5%),2026-05-31,Closed,97,15,"M. Cho, Billing Ops",2026-06-15,2026-06-12,False,Medium
9001619,FC-01,502481,2026-05,FEE_MISMATCH,Billed fee variance 5.09% vs recalculated (limit 0.5%),2026-05-31,Closed,97,15,"M. Cho, Billing Ops",2026-06-15,2026-06-12,False,Medium
9001620,FC-01,502691,2026-05,FEE_MISMATCH,Billed fee variance 5.6% vs recalculated (limit 0.5%),2026-05-31,Closed,97,15,"M. Cho, Billing Ops",2026-06-15,2026-06-18,True,Medium
9001621,FC-01,502729,2026-06,FEE_MISMATCH,Billed fee variance 12.78% vs recalculated (limit 0.5%),2026-06-30,Closed,67,15,"M. Cho, Billing Ops",2026-07-15,2026-07-10,False,Medium
9001622,FC-01,502766,2026-06,FEE_MISMATCH,Billed fee variance 13.44% vs recalculated (limit 0.5%),2026-06-30,Closed,67,15,"M. Cho, Billing Ops",2026-07-15,2026-07-12,False,Medium
9001623,FC-01,502832,2026-06,FEE_MISMATCH,Billed fee variance 4.11% vs recalculated (limit 0.5%),2026-06-30,Closed,67,15,"M. Cho, Billing Ops",2026-07-15,2026-07-09,False,Medium
9001624,FC-01,502971,2026-06,FEE_MISMATCH,Billed fee variance 4.32% vs recalculated (limit 0.5%),2026-06-30,Closed,67,15,"M. Cho, Billing Ops",2026-07-15,2026-07-15,False,Medium
9001625,FC-01,502986,2026-06,FEE_MISMATCH,Billed fee variance 4.88% vs recalculated (limit 0.5%),2026-06-30,Closed,67,15,"M. Cho, Billing Ops",2026-07-15,2026-07-15,False,Medium
9001626,FC-01,503014,2026-07,FEE_MISMATCH,Billed fee variance 1.19% vs recalculated (limit 0.5%),2026-07-31,Closed,36,15,"M. Cho, Billing Ops",2026-08-15,2026-08-21,True,Medium
9001627,FC-01,503034,2026-07,FEE_MISMATCH,Billed fee variance 4.2% vs recalculated (limit 0.5%),2026-07-31,Closed,36,15,"M. Cho, Billing Ops",2026-08-15,2026-08-20,True,Medium
9001628,FC-01,503061,2026-07,FEE_MISMATCH,Billed fee variance 2.27% vs recalculated (limit 0.5%),2026-07-31,Closed,36,15,"M. Cho, Billing Ops",2026-08-15,2026-08-16,True,Medium
9001629,FC-01,503098,2026-07,FEE_MISMATCH,Billed fee variance 12.46% vs recalculated (limit 0.5%),2026-07-31,Closed,36,15,"M. Cho, Billing Ops",2026-08-15,2026-08-16,True,Medium
9001630,FC-01,503106,2026-07,FEE_MISMATCH,Billed fee variance 13.31% vs recalculated (limit 0.5%),2026-07-31,Closed,36,15,"M. Cho, Billing Ops",2026-08-15,2026-08-16,True,Medium
9001631,FC-01,503131,2026-07,FEE_MISMATCH,Billed fee variance 12.09% vs recalculated (limit 0.5%),2026-07-31,Closed,36,15,"M. Cho, Billing Ops",2026-08-15,2026-08-16,True,Medium
9001632,FC-01,503223,2026-07,FEE_MISMATCH,Billed fee variance 5.23% vs recalculated (limit 0.5%),2026-07-31,Open,36,15,"M. Cho, Billing Ops",2026-08-15,,True,Medium
9001633,FC-01,503267,2026-07,FEE_MISMATCH,Billed fee variance 12.36% vs recalculated (limit 0.5%),2026-07-31,Closed,36,15,"M. Cho, Billing Ops",2026-08-15,2026-08-01,False,Medium
9001634,FC-01,503278,2026-07,FEE_MISMATCH,Billed fee variance 11.3% vs recalculated (limit 0.5%),2026-07-31,Closed,36,15,"M. Cho, Billing Ops",2026-08-15,2026-08-14,False,Medium
9001635,FC-01,503292,2026-07,FEE_MISMATCH,Billed fee variance 12.91% vs recalculated (limit 0.5%),2026-07-31,Closed,36,15,"M. Cho, Billing Ops",2026-08-15,2026-08-17,True,Medium
9001636,FC-01,503294,2026-07,FEE_MISMATCH,Billed fee variance 7.39% vs recalculated (limit 0.5%),2026-07-31,Open,36,15,"M. Cho, Billing Ops",2026-08-15,,True,Medium
9001637,FC-01,503388,2026-08,FEE_MISMATCH,Billed fee variance 5.3% vs recalculated (limit 0.5%),2026-08-31,Open,5,15,"M. Cho, Billing Ops",2026-09-15,,False,Medium
9001638,FC-01,503437,2026-08,FEE_MISMATCH,Billed fee variance 1.03% vs recalculated (limit 0.5%),2026-08-31,Open,5,15,"M. Cho, Billing Ops",2026-09-15,,False,Medium
9001639,FC-01,503451,2026-08,FEE_MISMATCH,Billed fee variance 12.58% vs recalculated (limit 0.5%),2026-08-31,Open,5,15,"M. Cho, Billing Ops",2026-09-15,,False,Medium
9001640,FC-01,503455,2026-08,FEE_MISMATCH,Billed fee variance 8.0% vs recalculated (limit 0.5%),2026-08-31,Closed,5,15,"M. Cho, Billing Ops",2026-09-15,2026-09-05,False,Medium
9001641,FC-01,503543,2026-08,FEE_MISMATCH,Billed fee variance 14.27% vs recalculated (limit 0.5%),2026-08-31,Closed,5,15,"M. Cho, Billing Ops",2026-09-15,2026-09-04,False,Medium
9001642,FC-02,500020,2025-09,INVOICE_LATE,Invoice issued 13 business days after period end (limit 10),2025-10-17,Closed,323,20,"M. Cho, Billing Ops",2025-11-06,2025-11-03,False,Medium
9001643,FC-02,500041,2025-09,INVOICE_LATE,Invoice issued 14 business days after period end (limit 10),2025-10-18,Closed,322,20,"M. Cho, Billing Ops",2025-11-07,2025-10-29,False,Medium
9001644,FC-02,500053,2025-09,INVOICE_LATE,Invoice issued 12 business days after period end (limit 10),2025-10-16,Closed,324,20,"M. Cho, Billing Ops",2025-11-05,2025-11-10,True,Medium
9001645,FC-02,500055,2025-09,INVOICE_LATE,Invoice issued 11 business days after period end (limit 10),2025-10-15,Closed,325,20,"M. Cho, Billing Ops",2025-11-04,2025-10-28,False,Medium
9001646,FC-02,500067,2025-09,INVOICE_LATE,Invoice issued 12 business days after period end (limit 10),2025-10-16,Closed,324,20,"M. Cho, Billing Ops",2025-11-05,2025-11-19,True,Medium
9001647,FC-02,500086,2025-09,INVOICE_LATE,Invoice issued 14 business days after period end (limit 10),2025-10-20,Closed,320,20,"M. Cho, Billing Ops",2025-11-09,2025-11-10,True,Medium
9001648,FC-02,500093,2025-09,INVOICE_LATE,Invoice issued 12 business days after period end (limit 10),2025-10-16,Closed,324,20,"M. Cho, Billing Ops",2025-11-05,2025-10-30,False,Medium
9001649,FC-02,500115,2025-09,INVOICE_LATE,Invoice issued 14 business days after period end (limit 10),2025-10-20,Closed,320,20,"M. Cho, Billing Ops",2025-11-09,2025-11-05,False,Medium
9001650,FC-02,500124,2025-09,INVOICE_LATE,Invoice issued 14 business days after period end (limit 10),2025-10-18,Closed,322,20,"M. Cho, Billing Ops",2025-11-07,2025-10-29,False,Medium
9001651,FC-02,500140,2025-09,INVOICE_LATE,Invoice issued 12 business days after period end (limit 10),2025-10-16,Closed,324,20,"M. Cho, Billing Ops",2025-11-05,2025-11-08,True,Medium
9001652,FC-02,500191,2025-09,INVOICE_LATE,Invoice issued 11 business days after period end (limit 10),2025-10-15,Closed,325,20,"M. Cho, Billing Ops",2025-11-04,2025-11-16,True,Medium
9001653,FC-02,500205,2025-09,INVOICE_LATE,Invoice issued 14 business days after period end (limit 10),2025-10-19,Closed,321,20,"M. Cho, Billing Ops",2025-11-08,2025-11-06,False,Medium
9001654,FC-02,500212,2025-09,INVOICE_LATE,Invoice issued 15 business days after period end (limit 10),2025-10-21,Closed,319,20,"M. Cho, Billing Ops",2025-11-10,2025-11-18,True,Medium
9001655,FC-02,500218,2025-09,INVOICE_LATE,Invoice issued 14 business days after period end (limit 10),2025-10-19,Closed,321,20,"M. Cho, Billing Ops",2025-11-08,2025-11-01,False,Medium
9001656,FC-02,500251,2025-09,INVOICE_LATE,Invoice issued 12 business days after period end (limit 10),2025-10-16,Closed,324,20,"M. Cho, Billing Ops",2025-11-05,2025-11-08,True,Medium
9001657,FC-02,500260,2025-09,INVOICE_LATE,Invoice issued 14 business days after period end (limit 10),2025-10-20,Closed,320,20,"M. Cho, Billing Ops",2025-11-09,2025-11-28,True,Medium
9001658,FC-02,500279,2025-09,INVOICE_LATE,Invoice issued 14 business days after period end (limit 10),2025-10-19,Closed,321,20,"M. Cho, Billing Ops",2025-11-08,2025-10-28,False,Medium
9001659,FC-02,500285,2025-09,INVOICE_LATE,Invoice issued 14 business days after period end (limit 10),2025-10-19,Closed,321,20,"M. Cho, Billing Ops",2025-11-08,2025-11-18,True,Medium
9001660,FC-02,500294,2025-09,INVOICE_LATE,Invoice issued 11 business days after period end (limit 10),2025-10-15,Closed,325,20,"M. Cho, Billing Ops",2025-11-04,2025-11-14,True,Medium
9001661,FC-02,500301,2025-10,INVOICE_LATE,Invoice issued 11 business days after period end (limit 10),2025-11-16,Closed,293,20,"M. Cho, Billing Ops",2025-12-06,2025-11-21,False,Medium
9001662,FC-02,500378,2025-10,INVOICE_LATE,Invoice issued 15 business days after period end (limit 10),2025-11-21,Closed,288,20,"M. Cho, Billing Ops",2025-12-11,2025-11-30,False,Medium
9001663,FC-02,500466,2025-10,INVOICE_LATE,Invoice issued 13 business days after period end (limit 10),2025-11-19,Closed,290,20,"M. Cho, Billing Ops",2025-12-09,2025-12-01,False,Medium
9001664,FC-02,500483,2025-10,INVOICE_LATE,Invoice issued 15 business days after period end (limit 10),2025-11-21,Closed,288,20,"M. Cho, Billing Ops",2025-12-11,2025-12-19,True,Medium
9001665,FC-02,500500,2025-10,INVOICE_LATE,Invoice issued 11 business days after period end (limit 10),2025-11-16,Open,293,20,"M. Cho, Billing Ops",2025-12-06,,True,Medium
9001666,FC-02,500525,2025-10,INVOICE_LATE,Invoice issued 11 business days after period end (limit 10),2025-11-16,Closed,293,20,"M. Cho, Billing Ops",2025-12-06,2025-12-05,False,Medium
9001667,FC-02,500546,2025-10,INVOICE_LATE,Invoice issued 11 business days after period end (limit 10),2025-11-15,Closed,294,20,"M. Cho, Billing Ops",2025-12-05,2025-12-11,True,Medium
9001668,FC-02,500554,2025-10,INVOICE_LATE,Invoice issued 12 business days after period end (limit 10),2025-11-18,Open,291,20,"M. Cho, Billing Ops",2025-12-08,,True,Medium
9001669,FC-02,500565,2025-10,INVOICE_LATE,Invoice issued 11 business days after period end (limit 10),2025-11-15,Closed,294,20,"M. Cho, Billing Ops",2025-12-05,2025-12-07,True,Medium
9001670,FC-02,500590,2025-10,INVOICE_LATE,Invoice issued 11 business days after period end (limit 10),2025-11-15,Closed,294,20,"M. Cho, Billing Ops",2025-12-05,2025-12-03,False,Medium
9001671,FC-02,500615,2025-11,INVOICE_LATE,Invoice issued 13 business days after period end (limit 10),2025-12-18,Closed,261,20,"M. Cho, Billing Ops",2026-01-07,2026-01-16,True,Medium
9001672,FC-02,500619,2025-11,INVOICE_LATE,Invoice issued 15 business days after period end (limit 10),2025-12-20,Closed,259,20,"M. Cho, Billing Ops",2026-01-09,2026-01-03,False,Medium
9001673,FC-02,500623,2025-11,INVOICE_LATE,Invoice issued 15 business days after period end (limit 10),2025-12-20,Open,259,20,"M. Cho, Billing Ops",2026-01-09,,True,Medium
9001674,FC-02,500642,2025-11,INVOICE_LATE,Invoice issued 11 business days after period end (limit 10),2025-12-16,Closed,263,20,"M. Cho, Billing Ops",2026-01-05,2026-01-02,False,Medium
9001675,FC-02,500651,2025-11,INVOICE_LATE,Invoice issued 12 business days after period end (limit 10),2025-12-17,Closed,262,20,"M. Cho, Billing Ops",2026-01-06,2025-12-31,False,Medium
9001676,FC-02,500663,2025-11,INVOICE_LATE,Invoice issued 12 business days after period end (limit 10),2025-12-17,Closed,262,20,"M. Cho, Billing Ops",2026-01-06,2026-01-11,True,Medium
9001677,FC-02,500669,2025-11,INVOICE_LATE,Invoice issued 11 business days after period end (limit 10),2025-12-16,Closed,263,20,"M. Cho, Billing Ops",2026-01-05,2026-01-09,True,Medium
9001678,FC-02,500743,2025-11,INVOICE_LATE,Invoice issued 15 business days after period end (limit 10),2025-12-20,Closed,259,20,"M. Cho, Billing Ops",2026-01-09,2025-12-24,False,Medium
9001679,FC-02,500776,2025-11,INVOICE_LATE,Invoice issued 13 business days after period end (limit 10),2025-12-18,Closed,261,20,"M. Cho, Billing Ops",2026-01-07,2026-01-09,True,Medium
9001680,FC-02,500901,2025-12,INVOICE_LATE,Invoice issued 13 business days after period end (limit 10),2026-01-17,Closed,231,20,"M. Cho, Billing Ops",2026-02-06,2026-01-26,False,Medium
9001681,FC-02,500961,2025-12,INVOICE_LATE,Invoice issued 12 business days after period end (limit 10),2026-01-16,Closed,232,20,"M. Cho, Billing Ops",2026-02-05,2026-01-29,False,Medium
9001682,FC-02,500979,2025-12,INVOICE_LATE,Invoice issued 13 business days after period end (limit 10),2026-01-18,Closed,230,20,"M. Cho, Billing Ops",2026-02-07,2026-02-13,True,Medium
9001683,FC-02,500997,2025-12,INVOICE_LATE,Invoice issued 13 business days after period end (limit 10),2026-01-17,Closed,231,20,"M. Cho, Billing Ops",2026-02-06,2026-01-30,False,Medium
9001684,FC-02,501016,2025-12,INVOICE_LATE,Invoice issued 11 business days after period end (limit 10),2026-01-15,Open,233,20,"M. Cho, Billing Ops",2026-02-04,,True,Medium
9001685,FC-02,501037,2025-12,INVOICE_LATE,Invoice issued 14 business days after period end (limit 10),2026-01-20,Closed,228,20,"M. Cho, Billing Ops",2026-02-09,2026-02-06,False,Medium
9001686,FC-02,501114,2025-12,INVOICE_LATE,Invoice issued 13 business days after period end (limit 10),2026-01-18,Closed,230,20,"M. Cho, Billing Ops",2026-02-07,2026-02-23,True,Medium
9001687,FC-02,501228,2026-01,INVOICE_LATE,Invoice issued 12 business days after period end (limit 10),2026-02-18,Closed,199,20,"M. Cho, Billing Ops",2026-03-10,2026-03-09,False,Medium
9001688,FC-02,501241,2026-01,INVOICE_LATE,Invoice issued 11 business days after period end (limit 10),2026-02-17,Open,200,20,"M. Cho, Billing Ops",2026-03-09,,True,Medium
9001689,FC-02,501293,2026-01,INVOICE_LATE,Invoice issued 15 business days after period end (limit 10),2026-02-21,Closed,196,20,"M. Cho, Billing Ops",2026-03-13,2026-03-04,False,Medium
9001690,FC-02,501300,2026-01,INVOICE_LATE,Invoice issued 15 business days after period end (limit 10),2026-02-21,Closed,196,20,"M. Cho, Billing Ops",2026-03-13,2026-03-06,False,Medium
9001691,FC-02,501374,2026-01,INVOICE_LATE,Invoice issued 14 business days after period end (limit 10),2026-02-20,Open,197,20,"M. Cho, Billing Ops",2026-03-12,,True,Medium
9001692,FC-02,501378,2026-01,INVOICE_LATE,Invoice issued 12 business days after period end (limit 10),2026-02-18,Closed,199,20,"M. Cho, Billing Ops",2026-03-10,2026-03-10,False,Medium
9001693,FC-02,501390,2026-01,INVOICE_LATE,Invoice issued 14 business days after period end (limit 10),2026-02-20,Closed,197,20,"M. Cho, Billing Ops",2026-03-12,2026-03-20,True,Medium
9001694,FC-02,501391,2026-01,INVOICE_LATE,Invoice issued 14 business days after period end (limit 10),2026-02-20,Closed,197,20,"M. Cho, Billing Ops",2026-03-12,2026-03-13,True,Medium
9001695,FC-02,501502,2026-02,INVOICE_LATE,Invoice issued 13 business days after period end (limit 10),2026-03-19,Closed,170,20,"M. Cho, Billing Ops",2026-04-08,2026-04-09,True,Medium
9001696,FC-02,501542,2026-02,INVOICE_LATE,Invoice issued 12 business days after period end (limit 10),2026-03-18,Open,171,20,"M. Cho, Billing Ops",2026-04-07,,True,Medium
9001697,FC-02,501544,2026-02,INVOICE_LATE,Invoice issued 14 business days after period end (limit 10),2026-03-20,Closed,169,20,"M. Cho, Billing Ops",2026-04-09,2026-04-08,False,Medium
9001698,FC-02,501571,2026-02,INVOICE_LATE,Invoice issued 11 business days after period end (limit 10),2026-03-17,Closed,172,20,"M. Cho, Billing Ops",2026-04-06,2026-04-08,True,Medium
9001699,FC-02,501582,2026-02,INVOICE_LATE,Invoice issued 12 business days after period end (limit 10),2026-03-18,Closed,171,20,"M. Cho, Billing Ops",2026-04-07,2026-04-13,True,Medium
9001700,FC-02,501590,2026-02,INVOICE_LATE,Invoice issued 12 business days after period end (limit 10),2026-03-18,Closed,171,20,"M. Cho, Billing Ops",2026-04-07,2026-04-13,True,Medium
9001701,FC-02,501652,2026-02,INVOICE_LATE,Invoice issued 12 business days after period end (limit 10),2026-03-18,Closed,171,20,"M. Cho, Billing Ops",2026-04-07,2026-04-03,False,Medium
9001702,FC-02,501670,2026-02,INVOICE_LATE,Invoice issued 14 business days after period end (limit 10),2026-03-20,Closed,169,20,"M. Cho, Billing Ops",2026-04-09,2026-03-26,False,Medium
9001703,FC-02,501694,2026-02,INVOICE_LATE,Invoice issued 13 business days after period end (limit 10),2026-03-19,Closed,170,20,"M. Cho, Billing Ops",2026-04-08,2026-04-02,False,Medium
9001704,FC-02,501713,2026-02,INVOICE_LATE,Invoice issued 15 business days after period end (limit 10),2026-03-21,Closed,168,20,"M. Cho, Billing Ops",2026-04-10,2026-04-12,True,Medium
9001705,FC-02,501796,2026-02,INVOICE_LATE,Invoice issued 14 business days after period end (limit 10),2026-03-20,Closed,169,20,"M. Cho, Billing Ops",2026-04-09,2026-03-21,False,Medium
9001706,FC-02,501818,2026-03,INVOICE_LATE,Invoice issued 14 business days after period end (limit 10),2026-04-18,Closed,140,20,"M. Cho, Billing Ops",2026-05-08,2026-05-04,False,Medium
9001707,FC-02,501826,2026-03,INVOICE_LATE,Invoice issued 15 business days after period end (limit 10),2026-04-21,Closed,137,20,"M. Cho, Billing Ops",2026-05-11,2026-05-15,True,Medium
9001708,FC-02,501849,2026-03,INVOICE_LATE,Invoice issued 12 business days after period end (limit 10),2026-04-16,Closed,142,20,"M. Cho, Billing Ops",2026-05-06,2026-05-01,False,Medium
9001709,FC-02,501980,2026-03,INVOICE_LATE,Invoice issued 14 business days after period end (limit 10),2026-04-19,Closed,139,20,"M. Cho, Billing Ops",2026-05-09,2026-04-30,False,Medium
9001710,FC-02,502076,2026-03,INVOICE_LATE,Invoice issued 12 business days after period end (limit 10),2026-04-16,Closed,142,20,"M. Cho, Billing Ops",2026-05-06,2026-05-20,True,Medium
9001711,FC-02,502091,2026-03,INVOICE_LATE,Invoice issued 14 business days after period end (limit 10),2026-04-20,Closed,138,20,"M. Cho, Billing Ops",2026-05-10,2026-05-21,True,Medium
9001712,FC-02,502158,2026-04,INVOICE_LATE,Invoice issued 12 business days after period end (limit 10),2026-05-18,Closed,110,20,"M. Cho, Billing Ops",2026-06-07,2026-06-05,False,Medium
9001713,FC-02,502176,2026-04,INVOICE_LATE,Invoice issued 15 business days after period end (limit 10),2026-05-21,Closed,107,20,"M. Cho, Billing Ops",2026-06-10,2026-06-21,True,Medium
9001714,FC-02,502177,2026-04,INVOICE_LATE,Invoice issued 11 business days after period end (limit 10),2026-05-15,Closed,113,20,"M. Cho, Billing Ops",2026-06-04,2026-06-14,True,Medium
9001715,FC-02,502198,2026-04,INVOICE_LATE,Invoice issued 11 business days after period end (limit 10),2026-05-15,Closed,113,20,"M. Cho, Billing Ops",2026-06-04,2026-05-26,False,Medium
9001716,FC-02,502201,2026-04,INVOICE_LATE,Invoice issued 15 business days after period end (limit 10),2026-05-21,Closed,107,20,"M. Cho, Billing Ops",2026-06-10,2026-07-01,True,Medium
9001717,FC-02,502206,2026-04,INVOICE_LATE,Invoice issued 12 business days after period end (limit 10),2026-05-16,Closed,112,20,"M. Cho, Billing Ops",2026-06-05,2026-05-28,False,Medium
9001718,FC-02,502239,2026-04,INVOICE_LATE,Invoice issued 12 business days after period end (limit 10),2026-05-16,Closed,112,20,"M. Cho, Billing Ops",2026-06-05,2026-06-03,False,Medium
9001719,FC-02,502242,2026-04,INVOICE_LATE,Invoice issued 15 business days after period end (limit 10),2026-05-21,Closed,107,20,"M. Cho, Billing Ops",2026-06-10,2026-06-01,False,Medium
9001720,FC-02,502288,2026-04,INVOICE_LATE,Invoice issued 12 business days after period end (limit 10),2026-05-16,Closed,112,20,"M. Cho, Billing Ops",2026-06-05,2026-06-06,True,Medium
9001721,FC-02,502289,2026-04,INVOICE_LATE,Invoice issued 13 business days after period end (limit 10),2026-05-19,Closed,109,20,"M. Cho, Billing Ops",2026-06-08,2026-05-28,False,Medium
9001722,FC-02,502291,2026-04,INVOICE_LATE,Invoice issued 12 business days after period end (limit 10),2026-05-16,Closed,112,20,"M. Cho, Billing Ops",2026-06-05,2026-06-05,False,Medium
9001723,FC-02,502315,2026-04,INVOICE_LATE,Invoice issued 12 business days after period end (limit 10),2026-05-18,Closed,110,20,"M. Cho, Billing Ops",2026-06-07,2026-06-16,True,Medium
9001724,FC-02,502322,2026-04,INVOICE_LATE,Invoice issued 14 business days after period end (limit 10),2026-05-20,Closed,108,20,"M. Cho, Billing Ops",2026-06-09,2026-06-11,True,Medium
9001725,FC-02,502337,2026-04,INVOICE_LATE,Invoice issued 13 business days after period end (limit 10),2026-05-19,Closed,109,20,"M. Cho, Billing Ops",2026-06-08,2026-06-06,False,Medium
9001726,FC-02,502349,2026-04,INVOICE_LATE,Invoice issued 12 business days after period end (limit 10),2026-05-17,Closed,111,20,"M. Cho, Billing Ops",2026-06-06,2026-06-18,True,Medium
9001727,FC-02,502362,2026-04,INVOICE_LATE,Invoice issued 13 business days after period end (limit 10),2026-05-19,Closed,109,20,"M. Cho, Billing Ops",2026-06-08,2026-06-01,False,Medium
9001728,FC-02,502419,2026-05,INVOICE_LATE,Invoice issued 12 business days after period end (limit 10),2026-06-17,Closed,80,20,"M. Cho, Billing Ops",2026-07-07,2026-07-15,True,Medium
9001729,FC-02,502428,2026-05,INVOICE_LATE,Invoice issued 15 business days after period end (limit 10),2026-06-21,Closed,76,20,"M. Cho, Billing Ops",2026-07-11,2026-07-09,False,Medium
9001730,FC-02,502439,2026-05,INVOICE_LATE,Invoice issued 11 business days after period end (limit 10),2026-06-16,Closed,81,20,"M. Cho, Billing Ops",2026-07-06,2026-07-08,True,Medium
9001731,FC-02,502499,2026-05,INVOICE_LATE,Invoice issued 11 business days after period end (limit 10),2026-06-16,Closed,81,20,"M. Cho, Billing Ops",2026-07-06,2026-07-06,False,Medium
9001732,FC-02,502502,2026-05,INVOICE_LATE,Invoice issued 11 business days after period end (limit 10),2026-06-16,Closed,81,20,"M. Cho, Billing Ops",2026-07-06,2026-07-07,True,Medium
9001733,FC-02,502526,2026-05,INVOICE_LATE,Invoice issued 11 business days after period end (limit 10),2026-06-16,Closed,81,20,"M. Cho, Billing Ops",2026-07-06,2026-07-05,False,Medium
9001734,FC-02,502532,2026-05,INVOICE_LATE,Invoice issued 12 business days after period end (limit 10),2026-06-17,Closed,80,20,"M. Cho, Billing Ops",2026-07-07,2026-07-01,False,Medium
9001735,FC-02,502599,2026-05,INVOICE_LATE,Invoice issued 11 business days after period end (limit 10),2026-06-16,Closed,81,20,"M. Cho, Billing Ops",2026-07-06,2026-07-01,False,Medium
9001736,FC-02,502603,2026-05,INVOICE_LATE,Invoice issued 12 business days after period end (limit 10),2026-06-17,Closed,80,20,"M. Cho, Billing Ops",2026-07-07,2026-07-10,True,Medium
9001737,FC-02,502642,2026-05,INVOICE_LATE,Invoice issued 14 business days after period end (limit 10),2026-06-19,Closed,78,20,"M. Cho, Billing Ops",2026-07-09,2026-07-08,False,Medium
9001738,FC-02,502658,2026-05,INVOICE_LATE,Invoice issued 12 business days after period end (limit 10),2026-06-17,Closed,80,20,"M. Cho, Billing Ops",2026-07-07,2026-06-28,False,Medium
9001739,FC-02,502667,2026-05,INVOICE_LATE,Invoice issued 15 business days after period end (limit 10),2026-06-20,Closed,77,20,"M. Cho, Billing Ops",2026-07-10,2026-07-04,False,Medium
9001740,FC-02,502668,2026-05,INVOICE_LATE,Invoice issued 15 business days after period end (limit 10),2026-06-21,Closed,76,20,"M. Cho, Billing Ops",2026-07-11,2026-07-05,False,Medium
9001741,FC-02,502672,2026-05,INVOICE_LATE,Invoice issued 15 business days after period end (limit 10),2026-06-20,Closed,77,20,"M. Cho, Billing Ops",2026-07-10,2026-07-09,False,Medium
9001742,FC-02,502738,2026-06,INVOICE_LATE,Invoice issued 13 business days after period end (limit 10),2026-07-17,Closed,50,20,"M. Cho, Billing Ops",2026-08-06,2026-08-07,True,Medium
9001743,FC-02,502764,2026-06,INVOICE_LATE,Invoice issued 14 business days after period end (limit 10),2026-07-18,Closed,49,20,"M. Cho, Billing Ops",2026-08-07,2026-08-08,True,Medium
9001744,FC-02,502807,2026-06,INVOICE_LATE,Invoice issued 14 business days after period end (limit 10),2026-07-19,Closed,48,20,"M. Cho, Billing Ops",2026-08-08,2026-08-03,False,Medium
9001745,FC-02,502831,2026-06,INVOICE_LATE,Invoice issued 14 business days after period end (limit 10),2026-07-18,Closed,49,20,"M. Cho, Billing Ops",2026-08-07,2026-08-07,False,Medium
9001746,FC-02,502866,2026-06,INVOICE_LATE,Invoice issued 13 business days after period end (limit 10),2026-07-17,Closed,50,20,"M. Cho, Billing Ops",2026-08-06,2026-07-26,False,Medium
9001747,FC-02,502888,2026-06,INVOICE_LATE,Invoice issued 12 business days after period end (limit 10),2026-07-16,Closed,51,20,"M. Cho, Billing Ops",2026-08-05,2026-07-17,False,Medium
9001748,FC-02,502893,2026-06,INVOICE_LATE,Invoice issued 12 business days after period end (limit 10),2026-07-16,Closed,51,20,"M. Cho, Billing Ops",2026-08-05,2026-08-04,False,Medium
9001749,FC-02,502915,2026-06,INVOICE_LATE,Invoice issued 13 business days after period end (limit 10),2026-07-17,Closed,50,20,"M. Cho, Billing Ops",2026-08-06,2026-07-24,False,Medium
9001750,FC-02,502932,2026-06,INVOICE_LATE,Invoice issued 15 business days after period end (limit 10),2026-07-21,Closed,46,20,"M. Cho, Billing Ops",2026-08-10,2026-08-02,False,Medium
9001751,FC-02,502974,2026-06,INVOICE_LATE,Invoice issued 14 business days after period end (limit 10),2026-07-19,Closed,48,20,"M. Cho, Billing Ops",2026-08-08,2026-07-29,False,Medium
9001752,FC-02,502976,2026-06,INVOICE_LATE,Invoice issued 13 business days after period end (limit 10),2026-07-17,Closed,50,20,"M. Cho, Billing Ops",2026-08-06,2026-08-11,True,Medium
9001753,FC-02,502987,2026-06,INVOICE_LATE,Invoice issued 14 business days after period end (limit 10),2026-07-18,Closed,49,20,"M. Cho, Billing Ops",2026-08-07,2026-07-28,False,Medium
9001754,FC-02,503009,2026-07,INVOICE_LATE,Invoice issued 11 business days after period end (limit 10),2026-08-16,Open,20,20,"M. Cho, Billing Ops",2026-09-05,,False,Medium
9001755,FC-02,503040,2026-07,INVOICE_LATE,Invoice issued 14 business days after period end (limit 10),2026-08-20,Open,16,20,"M. Cho, Billing Ops",2026-09-09,,False,Medium
9001756,FC-02,503069,2026-07,INVOICE_LATE,Invoice issued 11 business days after period end (limit 10),2026-08-15,Open,21,20,"M. Cho, Billing Ops",2026-09-04,,True,Medium
9001757,FC-02,503102,2026-07,INVOICE_LATE,Invoice issued 11 business days after period end (limit 10),2026-08-16,Open,20,20,"M. Cho, Billing Ops",2026-09-05,,False,Medium
9001758,FC-02,503123,2026-07,INVOICE_LATE,Invoice issued 12 business days after period end (limit 10),2026-08-18,Open,18,20,"M. Cho, Billing Ops",2026-09-07,,False,Medium
9001759,FC-02,503124,2026-07,INVOICE_LATE,Invoice issued 14 business days after period end (limit 10),2026-08-20,Closed,16,20,"M. Cho, Billing Ops",2026-09-09,2026-09-05,False,Medium
9001760,FC-02,503146,2026-07,INVOICE_LATE,Invoice issued 11 business days after period end (limit 10),2026-08-16,Open,20,20,"M. Cho, Billing Ops",2026-09-05,,False,Medium
9001761,FC-02,503147,2026-07,INVOICE_LATE,Invoice issued 11 business days after period end (limit 10),2026-08-16,Closed,20,20,"M. Cho, Billing Ops",2026-09-05,2026-09-05,False,Medium
9001762,FC-02,503179,2026-07,INVOICE_LATE,Invoice issued 15 business days after period end (limit 10),2026-08-21,Closed,15,20,"M. Cho, Billing Ops",2026-09-10,2026-09-05,False,Medium
9001763,FC-02,503226,2026-07,INVOICE_LATE,Invoice issued 11 business days after period end (limit 10),2026-08-17,Open,19,20,"M. Cho, Billing Ops",2026-09-06,,False,Medium
9001764,FC-02,503261,2026-07,INVOICE_LATE,Invoice issued 13 business days after period end (limit 10),2026-08-19,Closed,17,20,"M. Cho, Billing Ops",2026-09-08,2026-09-05,False,Medium
9001765,FC-02,503264,2026-07,INVOICE_LATE,Invoice issued 15 business days after period end (limit 10),2026-08-21,Closed,15,20,"M. Cho, Billing Ops",2026-09-10,2026-09-05,False,Medium
9001766,FC-02,503266,2026-07,INVOICE_LATE,Invoice issued 11 business days after period end (limit 10),2026-08-15,Open,21,20,"M. Cho, Billing Ops",2026-09-04,,True,Medium
9001767,FC-02,503291,2026-07,INVOICE_LATE,Invoice issued 12 business days after period end (limit 10),2026-08-18,Open,18,20,"M. Cho, Billing Ops",2026-09-07,,False,Medium
9001768,FC-02,503308,2026-08,INVOICE_LATE,Invoice issued 13 business days after period end (limit 10),2026-09-17,Open,-12,20,"M. Cho, Billing Ops",2026-10-07,,False,Medium
9001769,FC-02,503322,2026-08,INVOICE_LATE,Invoice issued 15 business days after period end (limit 10),2026-09-21,Open,-16,20,"M. Cho, Billing Ops",2026-10-11,,False,Medium
9001770,FC-02,503414,2026-08,INVOICE_LATE,Invoice issued 15 business days after period end (limit 10),2026-09-21,Open,-16,20,"M. Cho, Billing Ops",2026-10-11,,False,Medium
9001771,FC-02,503421,2026-08,INVOICE_LATE,Invoice issued 11 business days after period end (limit 10),2026-09-15,Open,-10,20,"M. Cho, Billing Ops",2026-10-05,,False,Medium
9001772,FC-02,503434,2026-08,INVOICE_LATE,Invoice issued 12 business days after period end (limit 10),2026-09-16,Open,-11,20,"M. Cho, Billing Ops",2026-10-06,,False,Medium
9001773,FC-02,503438,2026-08,INVOICE_LATE,Invoice issued 15 business days after period end (limit 10),2026-09-20,Open,-15,20,"M. Cho, Billing Ops",2026-10-10,,False,Medium
9001774,FC-02,503459,2026-08,INVOICE_LATE,Invoice issued 14 business days after period end (limit 10),2026-09-18,Open,-13,20,"M. Cho, Billing Ops",2026-10-08,,False,Medium
9001775,FC-02,503479,2026-08,INVOICE_LATE,Invoice issued 14 business days after period end (limit 10),2026-09-18,Open,-13,20,"M. Cho, Billing Ops",2026-10-08,,False,Medium
9001776,FC-02,503487,2026-08,INVOICE_LATE,Invoice issued 12 business days after period end (limit 10),2026-09-16,Open,-11,20,"M. Cho, Billing Ops",2026-10-06,,False,Medium
9001777,FC-02,503499,2026-08,INVOICE_LATE,Invoice issued 12 business days after period end (limit 10),2026-09-16,Open,-11,20,"M. Cho, Billing Ops",2026-10-06,,False,Medium
9001778,FC-02,503544,2026-08,INVOICE_LATE,Invoice issued 11 business days after period end (limit 10),2026-09-15,Open,-10,20,"M. Cho, Billing Ops",2026-10-05,,False,Medium
9001779,FC-02,503559,2026-08,INVOICE_LATE,Invoice issued 15 business days after period end (limit 10),2026-09-19,Open,-14,20,"M. Cho, Billing Ops",2026-10-09,,False,Medium
9001780,KC-01,700013,2025-10,KYC_LATE,36 days late vs. due date,2025-10-02,Closed,338,30,"R. Alavi, Compliance Ops",2025-11-01,2025-11-09,True,Low
9001781,KC-01,700091,2025-10,KYC_LATE,3 days late vs. due date,2025-10-02,Closed,338,30,"R. Alavi, Compliance Ops",2025-11-01,2025-10-19,False,Low
9001782,KC-01,700096,2025-10,KYC_OPEN_PAST_DUE,Refresh still open past due date 2025-10-03,2025-10-03,Closed,337,15,"R. Alavi, Compliance Ops",2025-10-18,2025-10-20,True,Medium
9001783,KC-01,700144,2025-10,KYC_LATE,24 days late vs. due date,2025-10-04,Closed,336,30,"R. Alavi, Compliance Ops",2025-11-03,2025-10-26,False,Low
9001784,KC-01,700149,2025-10,KYC_OPEN_PAST_DUE,Refresh still open past due date 2025-10-04,2025-10-04,Closed,336,15,"R. Alavi, Compliance Ops",2025-10-19,2025-10-21,True,Medium
9001785,KC-01,700174,2025-11,KYC_LATE,21 days late vs. due date,2025-11-04,Closed,305,30,"R. Alavi, Compliance Ops",2025-12-04,2025-12-04,False,Low
9001786,KC-01,700177,2025-11,KYC_OPEN_PAST_DUE,Refresh still open past due date 2025-11-03,2025-11-03,Closed,306,15,"R. Alavi, Compliance Ops",2025-11-18,2025-11-19,True,Medium
9001787,KC-01,700197,2025-11,KYC_OPEN_PAST_DUE,Refresh still open past due date 2025-11-01,2025-11-01,Closed,308,15,"R. Alavi, Compliance Ops",2025-11-16,2025-11-10,False,Medium
9001788,KC-01,700199,2025-11,KYC_OPEN_PAST_DUE,Refresh still open past due date 2025-11-02,2025-11-02,Open,307,15,"R. Alavi, Compliance Ops",2025-11-17,,True,Medium
9001789,KC-01,700200,2025-11,KYC_OPEN_PAST_DUE,Refresh still open past due date 2025-11-03,2025-11-03,Closed,306,15,"R. Alavi, Compliance Ops",2025-11-18,2025-11-12,False,Medium
9001790,KC-01,700262,2025-10,KYC_LATE,14 days late vs. due date,2025-10-31,Closed,309,30,"R. Alavi, Compliance Ops",2025-11-30,2025-12-02,True,Low
9001791,KC-01,700273,2025-11,KYC_LATE,22 days late vs. due date,2025-11-04,Closed,305,30,"R. Alavi, Compliance Ops",2025-12-04,2025-12-12,True,Low
9001792,KC-01,700286,2025-11,KYC_OPEN_PAST_DUE,Refresh still open past due date 2025-11-03,2025-11-03,Closed,306,15,"R. Alavi, Compliance Ops",2025-11-18,2025-11-24,True,Medium
9001793,KC-01,700315,2025-12,KYC_OPEN_PAST_DUE,Refresh still open past due date 2025-12-01,2025-12-01,Closed,278,15,"R. Alavi, Compliance Ops",2025-12-16,2025-12-12,False,Medium
9001794,KC-01,700326,2025-12,KYC_LATE,42 days late vs. due date,2025-12-01,Open,278,30,"R. Alavi, Compliance Ops",2025-12-31,,True,Low
9001795,KC-01,700361,2025-11,KYC_LATE,28 days late vs. due date,2025-11-30,Closed,279,30,"R. Alavi, Compliance Ops",2025-12-30,2025-12-10,False,Low
9001796,KC-01,700494,2026-01,KYC_LATE,9 days late vs. due date,2026-01-02,Closed,246,30,"R. Alavi, Compliance Ops",2026-02-01,2026-01-05,False,Low
9001797,KC-01,700508,2026-01,KYC_OPEN_PAST_DUE,Refresh still open past due date 2026-01-04,2026-01-04,Closed,244,15,"R. Alavi, Compliance Ops",2026-01-19,2026-01-13,False,Medium
9001798,KC-01,700550,2026-01,KYC_LATE,11 days late vs. due date,2026-01-01,Closed,247,30,"R. Alavi, Compliance Ops",2026-01-31,2026-01-22,False,Low
9001799,KC-01,700566,2026-01,KYC_LATE,30 days late vs. due date,2026-01-03,Closed,245,30,"R. Alavi, Compliance Ops",2026-02-02,2026-01-14,False,Low
9001800,KC-01,700581,2026-01,KYC_LATE,21 days late vs. due date,2026-01-02,Closed,246,30,"R. Alavi, Compliance Ops",2026-02-01,2026-01-10,False,Low
9001801,KC-01,700630,2026-01,KYC_LATE,29 days late vs. due date,2026-01-31,Closed,217,30,"R. Alavi, Compliance Ops",2026-03-02,2026-03-08,True,Low
9001802,KC-01,700643,2026-02,KYC_LATE,28 days late vs. due date,2026-02-04,Closed,213,30,"R. Alavi, Compliance Ops",2026-03-06,2026-02-24,False,Low
9001803,KC-01,700680,2026-02,KYC_LATE,3 days late vs. due date,2026-02-04,Open,213,30,"R. Alavi, Compliance Ops",2026-03-06,,True,Low
9001804,KC-01,700699,2026-02,KYC_OPEN_PAST_DUE,Refresh still open past due date 2026-02-04,2026-02-04,Closed,213,15,"R. Alavi, Compliance Ops",2026-02-19,2026-03-04,True,Medium
9001805,KC-01,700740,2026-02,KYC_LATE,7 days late vs. due date,2026-02-04,Closed,213,30,"R. Alavi, Compliance Ops",2026-03-06,2026-03-07,True,Low
9001806,KC-01,700772,2026-03,KYC_LATE,19 days late vs. due date,2026-03-03,Closed,186,30,"R. Alavi, Compliance Ops",2026-04-02,2026-03-29,False,Low
9001807,KC-01,700778,2026-02,KYC_OPEN_PAST_DUE,Refresh still open past due date 2026-02-28,2026-02-28,Closed,189,15,"R. Alavi, Compliance Ops",2026-03-15,2026-03-18,True,Medium
9001808,KC-01,700785,2026-03,KYC_LATE,40 days late vs. due date,2026-03-04,Closed,185,30,"R. Alavi, Compliance Ops",2026-04-03,2026-03-24,False,Low
9001809,KC-01,700837,2026-03,KYC_OPEN_PAST_DUE,Refresh still open past due date 2026-03-04,2026-03-04,Closed,185,15,"R. Alavi, Compliance Ops",2026-03-19,2026-03-28,True,Medium
9001810,KC-01,700852,2026-03,KYC_LATE,9 days late vs. due date,2026-03-02,Closed,187,30,"R. Alavi, Compliance Ops",2026-04-01,2026-03-13,False,Low
9001811,KC-01,700875,2026-02,KYC_LATE,27 days late vs. due date,2026-02-28,Closed,189,30,"R. Alavi, Compliance Ops",2026-03-30,2026-03-14,False,Low
9001812,KC-01,700900,2026-02,KYC_LATE,8 days late vs. due date,2026-02-28,Closed,189,30,"R. Alavi, Compliance Ops",2026-03-30,2026-03-28,False,Low
9001813,KC-01,700927,2026-03,KYC_OPEN_PAST_DUE,Refresh still open past due date 2026-03-31,2026-03-31,Closed,158,15,"R. Alavi, Compliance Ops",2026-04-15,2026-04-10,False,Medium
9001814,KC-01,700945,2026-03,KYC_OPEN_PAST_DUE,Refresh still open past due date 2026-03-31,2026-03-31,Closed,158,15,"R. Alavi, Compliance Ops",2026-04-15,2026-04-23,True,Medium
9001815,KC-01,700961,2026-04,KYC_LATE,5 days late vs. due date,2026-04-02,Closed,156,30,"R. Alavi, Compliance Ops",2026-05-02,2026-04-12,False,Low
9001816,KC-01,700978,2026-03,KYC_OPEN_PAST_DUE,Refresh still open past due date 2026-03-31,2026-03-31,Closed,158,15,"R. Alavi, Compliance Ops",2026-04-15,2026-04-10,False,Medium
9001817,KC-01,700987,2026-04,KYC_LATE,12 days late vs. due date,2026-04-02,Closed,156,30,"R. Alavi, Compliance Ops",2026-05-02,2026-05-04,True,Low
9001818,KC-01,701016,2026-04,KYC_LATE,18 days late vs. due date,2026-04-01,Closed,157,30,"R. Alavi, Compliance Ops",2026-05-01,2026-05-07,True,Low
9001819,KC-01,701039,2026-04,KYC_LATE,38 days late vs. due date,2026-04-02,Closed,156,30,"R. Alavi, Compliance Ops",2026-05-02,2026-05-13,True,Low
9001820,KC-01,701041,2026-04,KYC_OPEN_PAST_DUE,Refresh still open past due date 2026-04-02,2026-04-02,Closed,156,15,"R. Alavi, Compliance Ops",2026-04-17,2026-04-18,True,Medium
9001821,KC-01,701043,2026-04,KYC_LATE,44 days late vs. due date,2026-04-04,Closed,154,30,"R. Alavi, Compliance Ops",2026-05-04,2026-05-30,True,Low
9001822,KC-01,701044,2026-04,KYC_LATE,32 days late vs. due date,2026-04-04,Closed,154,30,"R. Alavi, Compliance Ops",2026-05-04,2026-04-27,False,Low
9001823,KC-01,701050,2026-04,KYC_LATE,13 days late vs. due date,2026-04-04,Closed,154,30,"R. Alavi, Compliance Ops",2026-05-04,2026-05-05,True,Low
9001824,KC-01,701054,2026-05,KYC_LATE,10 days late vs. due date,2026-05-04,Closed,124,30,"R. Alavi, Compliance Ops",2026-06-03,2026-06-12,True,Low
9001825,KC-01,701072,2026-05,KYC_OPEN_PAST_DUE,Refresh still open past due date 2026-05-01,2026-05-01,Closed,127,15,"R. Alavi, Compliance Ops",2026-05-16,2026-05-13,False,Medium
9001826,KC-01,701099,2026-05,KYC_LATE,33 days late vs. due date,2026-05-02,Closed,126,30,"R. Alavi, Compliance Ops",2026-06-01,2026-05-28,False,Low
9001827,KC-01,701109,2026-05,KYC_LATE,37 days late vs. due date,2026-05-04,Closed,124,30,"R. Alavi, Compliance Ops",2026-06-03,2026-05-28,False,Low
9001828,KC-01,701111,2026-05,KYC_LATE,13 days late vs. due date,2026-05-03,Closed,125,30,"R. Alavi, Compliance Ops",2026-06-02,2026-05-24,False,Low
9001829,KC-01,701112,2026-05,KYC_LATE,6 days late vs. due date,2026-05-04,Closed,124,30,"R. Alavi, Compliance Ops",2026-06-03,2026-05-20,False,Low
9001830,KC-01,701123,2026-05,KYC_OPEN_PAST_DUE,Refresh still open past due date 2026-05-02,2026-05-02,Closed,126,15,"R. Alavi, Compliance Ops",2026-05-17,2026-05-13,False,Medium
9001831,KC-01,701129,2026-05,KYC_LATE,39 days late vs. due date,2026-05-04,Closed,124,30,"R. Alavi, Compliance Ops",2026-06-03,2026-05-15,False,Low
9001832,KC-01,701135,2026-05,KYC_LATE,41 days late vs. due date,2026-05-03,Closed,125,30,"R. Alavi, Compliance Ops",2026-06-02,2026-06-06,True,Low
9001833,KC-01,701173,2026-05,KYC_OPEN_PAST_DUE,Refresh still open past due date 2026-05-03,2026-05-03,Closed,125,15,"R. Alavi, Compliance Ops",2026-05-18,2026-05-08,False,Medium
9001834,KC-01,701194,2026-05,KYC_OPEN_PAST_DUE,Refresh still open past due date 2026-05-01,2026-05-01,Closed,127,15,"R. Alavi, Compliance Ops",2026-05-16,2026-05-28,True,Medium
9001835,KC-01,701198,2026-05,KYC_OPEN_PAST_DUE,Refresh still open past due date 2026-05-04,2026-05-04,Closed,124,15,"R. Alavi, Compliance Ops",2026-05-19,2026-05-28,True,Medium
9001836,KC-01,701211,2026-05,KYC_LATE,4 days late vs. due date,2026-05-31,Open,97,30,"R. Alavi, Compliance Ops",2026-06-30,,True,Low
9001837,KC-01,701225,2026-06,KYC_LATE,42 days late vs. due date,2026-06-03,Closed,94,30,"R. Alavi, Compliance Ops",2026-07-03,2026-06-29,False,Low
9001838,KC-01,701257,2026-06,KYC_LATE,44 days late vs. due date,2026-06-01,Closed,96,30,"R. Alavi, Compliance Ops",2026-07-01,2026-06-23,False,Low
9001839,KC-01,701272,2026-06,KYC_LATE,27 days late vs. due date,2026-06-04,Closed,93,30,"R. Alavi, Compliance Ops",2026-07-04,2026-07-18,True,Low
9001840,KC-01,701305,2026-06,KYC_LATE,38 days late vs. due date,2026-06-02,Closed,95,30,"R. Alavi, Compliance Ops",2026-07-02,2026-07-03,True,Low
9001841,KC-01,701319,2026-06,KYC_OPEN_PAST_DUE,Refresh still open past due date 2026-06-04,2026-06-04,Closed,93,15,"R. Alavi, Compliance Ops",2026-06-19,2026-06-22,True,Medium
9001842,KC-01,701356,2026-07,KYC_LATE,33 days late vs. due date,2026-07-03,Closed,64,30,"R. Alavi, Compliance Ops",2026-08-02,2026-07-23,False,Low
9001843,KC-01,701359,2026-07,KYC_LATE,21 days late vs. due date,2026-07-02,Closed,65,30,"R. Alavi, Compliance Ops",2026-08-01,2026-08-13,True,Low
9001844,KC-01,701363,2026-07,KYC_OPEN_PAST_DUE,Refresh still open past due date 2026-07-04,2026-07-04,Closed,63,15,"R. Alavi, Compliance Ops",2026-07-19,2026-07-13,False,Medium
9001845,KC-01,701368,2026-07,KYC_LATE,21 days late vs. due date,2026-07-04,Closed,63,30,"R. Alavi, Compliance Ops",2026-08-03,2026-08-03,False,Low
9001846,KC-01,701372,2026-07,KYC_LATE,20 days late vs. due date,2026-07-01,Closed,66,30,"R. Alavi, Compliance Ops",2026-07-31,2026-07-09,False,Low
9001847,KC-01,701373,2026-07,KYC_OPEN_PAST_DUE,Refresh still open past due date 2026-07-01,2026-07-01,Closed,66,15,"R. Alavi, Compliance Ops",2026-07-16,2026-07-11,False,Medium
9001848,KC-01,701388,2026-06,KYC_LATE,43 days late vs. due date,2026-06-30,Closed,67,30,"R. Alavi, Compliance Ops",2026-07-30,2026-08-04,True,Low
9001849,KC-01,701411,2026-07,KYC_OPEN_PAST_DUE,Refresh still open past due date 2026-07-01,2026-07-01,Closed,66,15,"R. Alavi, Compliance Ops",2026-07-16,2026-07-13,False,Medium
9001850,KC-01,701427,2026-07,KYC_LATE,37 days late vs. due date,2026-07-02,Closed,65,30,"R. Alavi, Compliance Ops",2026-08-01,2026-07-26,False,Low
9001851,KC-01,701430,2026-07,KYC_LATE,4 days late vs. due date,2026-07-04,Closed,63,30,"R. Alavi, Compliance Ops",2026-08-03,2026-08-11,True,Low
9001852,KC-01,701432,2026-06,KYC_OPEN_PAST_DUE,Refresh still open past due date 2026-06-30,2026-06-30,Closed,67,15,"R. Alavi, Compliance Ops",2026-07-15,2026-07-14,False,Medium
9001853,KC-01,701435,2026-07,KYC_LATE,36 days late vs. due date,2026-07-03,Closed,64,30,"R. Alavi, Compliance Ops",2026-08-02,2026-08-16,True,Low
9001854,KC-01,701437,2026-07,KYC_LATE,29 days late vs. due date,2026-07-02,Closed,65,30,"R. Alavi, Compliance Ops",2026-08-01,2026-07-03,False,Low
9001855,KC-01,701454,2026-07,KYC_LATE,35 days late vs. due date,2026-07-03,Closed,64,30,"R. Alavi, Compliance Ops",2026-08-02,2026-08-08,True,Low
9001856,KC-01,701468,2026-07,KYC_LATE,18 days late vs. due date,2026-07-03,Closed,64,30,"R. Alavi, Compliance Ops",2026-08-02,2026-08-07,True,Low
9001857,KC-01,701470,2026-07,KYC_LATE,25 days late vs. due date,2026-07-03,Closed,64,30,"R. Alavi, Compliance Ops",2026-08-02,2026-07-13,False,Low
9001858,KC-01,701471,2026-07,KYC_LATE,39 days late vs. due date,2026-07-02,Closed,65,30,"R. Alavi, Compliance Ops",2026-08-01,2026-07-15,False,Low
9001859,KC-01,701479,2026-07,KYC_LATE,4 days late vs. due date,2026-07-02,Closed,65,30,"R. Alavi, Compliance Ops",2026-08-01,2026-08-10,True,Low
9001860,KC-01,701487,2026-07,KYC_LATE,12 days late vs. due date,2026-07-03,Closed,64,30,"R. Alavi, Compliance Ops",2026-08-02,2026-07-19,False,Low
9001861,KC-01,701497,2026-07,KYC_LATE,36 days late vs. due date,2026-07-03,Open,64,30,"R. Alavi, Compliance Ops",2026-08-02,,True,Low
9001862,KC-01,701501,2026-08,KYC_OPEN_PAST_DUE,Refresh still open past due date 2026-08-04,2026-08-04,Closed,32,15,"R. Alavi, Compliance Ops",2026-08-19,2026-08-22,True,Medium
9001863,KC-01,701502,2026-08,KYC_LATE,33 days late vs. due date,2026-08-01,Closed,35,30,"R. Alavi, Compliance Ops",2026-08-31,2026-08-26,False,Low
9001864,KC-01,701504,2026-07,KYC_LATE,12 days late vs. due date,2026-07-31,Closed,36,30,"R. Alavi, Compliance Ops",2026-08-30,2026-09-04,True,Low
9001865,KC-01,701517,2026-08,KYC_LATE,6 days late vs. due date,2026-08-03,Open,33,30,"R. Alavi, Compliance Ops",2026-09-02,,True,Low
9001866,KC-01,701522,2026-08,KYC_LATE,5 days late vs. due date,2026-08-03,Open,33,30,"R. Alavi, Compliance Ops",2026-09-02,,True,Low
9001867,KC-01,701524,2026-08,KYC_LATE,37 days late vs. due date,2026-08-01,Open,35,30,"R. Alavi, Compliance Ops",2026-08-31,,True,Low
9001868,KC-01,701530,2026-08,KYC_LATE,11 days late vs. due date,2026-08-01,Open,35,30,"R. Alavi, Compliance Ops",2026-08-31,,True,Low
9001869,KC-01,701533,2026-07,KYC_LATE,13 days late vs. due date,2026-07-31,Open,36,30,"R. Alavi, Compliance Ops",2026-08-30,,True,Low
9001870,KC-01,701541,2026-08,KYC_LATE,33 days late vs. due date,2026-08-04,Open,32,30,"R. Alavi, Compliance Ops",2026-09-03,,True,Low
9001871,KC-01,701545,2026-08,KYC_LATE,38 days late vs. due date,2026-08-04,Closed,32,30,"R. Alavi, Compliance Ops",2026-09-03,2026-09-03,False,Low
9001872,KC-01,701547,2026-08,KYC_OPEN_PAST_DUE,Refresh still open past due date 2026-08-03,2026-08-03,Closed,33,15,"R. Alavi, Compliance Ops",2026-08-18,2026-08-12,False,Medium
9001873,KC-01,701550,2026-08,KYC_LATE,23 days late vs. due date,2026-08-02,Closed,34,30,"R. Alavi, Compliance Ops",2026-09-01,2026-09-05,True,Low
9001874,KC-01,701551,2026-07,KYC_LATE,11 days late vs. due date,2026-07-31,Closed,36,30,"R. Alavi, Compliance Ops",2026-08-30,2026-08-08,False,Low
9001875,KC-01,701555,2026-08,KYC_LATE,7 days late vs. due date,2026-08-01,Closed,35,30,"R. Alavi, Compliance Ops",2026-08-31,2026-09-05,True,Low
9001876,KC-01,701568,2026-08,KYC_LATE,36 days late vs. due date,2026-08-03,Open,33,30,"R. Alavi, Compliance Ops",2026-09-02,,True,Low
9001877,KC-01,701579,2026-08,KYC_LATE,34 days late vs. due date,2026-08-04,Open,32,30,"R. Alavi, Compliance Ops",2026-09-03,,True,Low
9001878,KC-01,701581,2026-08,KYC_LATE,22 days late vs. due date,2026-08-01,Closed,35,30,"R. Alavi, Compliance Ops",2026-08-31,2026-08-29,False,Low
9001879,KC-01,701591,2026-08,KYC_LATE,29 days late vs. due date,2026-08-02,Closed,34,30,"R. Alavi, Compliance Ops",2026-09-01,2026-08-15,False,Low
9001880,KC-01,701609,2026-08,KYC_LATE,22 days late vs. due date,2026-08-04,Open,32,30,"R. Alavi, Compliance Ops",2026-09-03,,True,Low
9001881,KC-01,701619,2026-08,KYC_LATE,15 days late vs. due date,2026-08-04,Closed,32,30,"R. Alavi, Compliance Ops",2026-09-03,2026-09-05,True,Low
9001882,KC-01,701624,2026-08,KYC_LATE,23 days late vs. due date,2026-08-02,Open,34,30,"R. Alavi, Compliance Ops",2026-09-01,,True,Low
9001883,KC-01,701632,2026-07,KYC_LATE,19 days late vs. due date,2026-07-31,Closed,36,30,"R. Alavi, Compliance Ops",2026-08-30,2026-09-05,True,Low
9001884,KC-01,701641,2026-08,KYC_OPEN_PAST_DUE,Refresh still open past due date 2026-08-02,2026-08-02,Closed,34,15,"R. Alavi, Compliance Ops",2026-08-17,2026-08-11,False,Medium
9001885,KC-01,701644,2026-08,KYC_LATE,36 days late vs. due date,2026-08-01,Closed,35,30,"R. Alavi, Compliance Ops",2026-08-31,2026-09-05,True,Low
9001886,KC-01,701647,2026-08,KYC_LATE,43 days late vs. due date,2026-08-01,Closed,35,30,"R. Alavi, Compliance Ops",2026-08-31,2026-09-05,True,Low
9001887,KC-01,701648,2026-08,KYC_LATE,40 days late vs. due date,2026-08-04,Open,32,30,"R. Alavi, Compliance Ops",2026-09-03,,True,Low
9001888,KC-01,701649,2026-08,KYC_LATE,4 days late vs. due date,2026-08-04,Closed,32,30,"R. Alavi, Compliance Ops",2026-09-03,2026-08-22,False,Low
9001889,KC-01,701651,2026-09,KYC_LATE,34 days late vs. due date,2026-09-04,Open,1,30,"R. Alavi, Compliance Ops",2026-10-04,,False,Low
9001890,KC-01,701655,2026-09,KYC_LATE,3 days late vs. due date,2026-09-04,Open,1,30,"R. Alavi, Compliance Ops",2026-10-04,,False,Low
9001891,KC-01,701656,2026-09,KYC_LATE,37 days late vs. due date,2026-09-01,Open,4,30,"R. Alavi, Compliance Ops",2026-10-01,,False,Low
9001892,KC-01,701658,2026-09,KYC_LATE,34 days late vs. due date,2026-09-02,Open,3,30,"R. Alavi, Compliance Ops",2026-10-02,,False,Low
9001893,KC-01,701662,2026-09,KYC_LATE,18 days late vs. due date,2026-09-03,Open,2,30,"R. Alavi, Compliance Ops",2026-10-03,,False,Low
9001894,KC-01,701663,2026-09,KYC_LATE,15 days late vs. due date,2026-09-04,Open,1,30,"R. Alavi, Compliance Ops",2026-10-04,,False,Low
9001895,KC-01,701664,2026-09,KYC_LATE,26 days late vs. due date,2026-09-03,Open,2,30,"R. Alavi, Compliance Ops",2026-10-03,,False,Low
9001896,KC-01,701665,2026-09,KYC_LATE,33 days late vs. due date,2026-09-02,Open,3,30,"R. Alavi, Compliance Ops",2026-10-02,,False,Low
9001897,KC-01,701666,2026-09,KYC_LATE,13 days late vs. due date,2026-09-01,Open,4,30,"R. Alavi, Compliance Ops",2026-10-01,,False,Low
9001898,KC-01,701667,2026-09,KYC_LATE,7 days late vs. due date,2026-09-02,Open,3,30,"R. Alavi, Compliance Ops",2026-10-02,,False,Low
9001899,KC-01,701672,2026-09,KYC_LATE,26 days late vs. due date,2026-09-03,Open,2,30,"R. Alavi, Compliance Ops",2026-10-03,,False,Low
9001900,KC-01,701674,2026-09,KYC_LATE,16 days late vs. due date,2026-09-01,Open,4,30,"R. Alavi, Compliance Ops",2026-10-01,,False,Low
9001901,KC-01,701684,2026-09,KYC_LATE,32 days late vs. due date,2026-09-02,Open,3,30,"R. Alavi, Compliance Ops",2026-10-02,,False,Low
9001902,KC-01,701688,2026-09,KYC_LATE,43 days late vs. due date,2026-09-04,Open,1,30,"R. Alavi, Compliance Ops",2026-10-04,,False,Low
9001903,KC-01,701693,2026-08,KYC_LATE,12 days late vs. due date,2026-08-31,Open,5,30,"R. Alavi, Compliance Ops",2026-09-30,,False,Low
9001904,KC-01,701694,2026-09,KYC_LATE,29 days late vs. due date,2026-09-04,Open,1,30,"R. Alavi, Compliance Ops",2026-10-04,,False,Low
9001905,KC-01,701696,2026-09,KYC_LATE,38 days late vs. due date,2026-09-02,Open,3,30,"R. Alavi, Compliance Ops",2026-10-02,,False,Low
9001906,KC-01,701700,2026-09,KYC_LATE,31 days late vs. due date,2026-09-02,Open,3,30,"R. Alavi, Compliance Ops",2026-10-02,,False,Low
9001907,KC-01,701701,2026-09,KYC_LATE,6 days late vs. due date,2026-09-04,Open,1,30,"R. Alavi, Compliance Ops",2026-10-04,,False,Low
9001908,KC-01,701705,2026-09,KYC_LATE,8 days late vs. due date,2026-09-04,Open,1,30,"R. Alavi, Compliance Ops",2026-10-04,,False,Low
9001909,KC-01,701707,2026-09,KYC_OPEN_PAST_DUE,Refresh still open past due date 2026-09-04,2026-09-04,Open,1,15,"R. Alavi, Compliance Ops",2026-09-19,,False,Medium
9001910,KC-01,701708,2026-08,KYC_LATE,36 days late vs. due date,2026-08-31,Open,5,30,"R. Alavi, Compliance Ops",2026-09-30,,False,Low
9001911,KC-01,701717,2026-09,KYC_LATE,16 days late vs. due date,2026-09-01,Open,4,30,"R. Alavi, Compliance Ops",2026-10-01,,False,Low
9001912,KC-01,701725,2026-09,KYC_LATE,5 days late vs. due date,2026-09-03,Open,2,30,"R. Alavi, Compliance Ops",2026-10-03,,False,Low
9001913,KC-01,701733,2026-09,KYC_LATE,18 days late vs. due date,2026-09-01,Open,4,30,"R. Alavi, Compliance Ops",2026-10-01,,False,Low
9001914,KC-01,701734,2026-08,KYC_LATE,8 days late vs. due date,2026-08-31,Open,5,30,"R. Alavi, Compliance Ops",2026-09-30,,False,Low
9001915,KC-01,701737,2026-08,KYC_LATE,41 days late vs. due date,2026-08-31,Open,5,30,"R. Alavi, Compliance Ops",2026-09-30,,False,Low
9001916,KC-01,701753,2026-09,KYC_LATE,27 days late vs. due date,2026-09-03,Open,2,30,"R. Alavi, Compliance Ops",2026-10-03,,False,Low
9001917,KC-01,701754,2026-09,KYC_LATE,27 days late vs. due date,2026-09-02,Open,3,30,"R. Alavi, Compliance Ops",2026-10-02,,False,Low
9001918,KC-01,701759,2026-09,KYC_LATE,25 days late vs. due date,2026-09-02,Open,3,30,"R. Alavi, Compliance Ops",2026-10-02,,False,Low
9001919,KC-01,701760,2026-09,KYC_LATE,8 days late vs. due date,2026-09-04,Open,1,30,"R. Alavi, Compliance Ops",2026-10-04,,False,Low
9001920,KC-01,701761,2026-09,KYC_LATE,10 days late vs. due date,2026-09-01,Open,4,30,"R. Alavi, Compliance Ops",2026-10-01,,False,Low
9001921,KC-01,701765,2026-09,KYC_LATE,40 days late vs. due date,2026-09-04,Open,1,30,"R. Alavi, Compliance Ops",2026-10-04,,False,Low
9001922,KC-01,701768,2026-09,KYC_OPEN_PAST_DUE,Refresh still open past due date 2026-09-03,2026-09-03,Open,2,15,"R. Alavi, Compliance Ops",2026-09-18,,False,Medium
9001923,KC-01,701769,2026-09,KYC_LATE,18 days late vs. due date,2026-09-01,Open,4,30,"R. Alavi, Compliance Ops",2026-10-01,,False,Low
9001924,KC-01,701773,2026-09,KYC_LATE,33 days late vs. due date,2026-09-04,Open,1,30,"R. Alavi, Compliance Ops",2026-10-04,,False,Low
9001925,KC-01,701774,2026-09,KYC_LATE,34 days late vs. due date,2026-09-03,Closed,2,30,"R. Alavi, Compliance Ops",2026-10-03,2026-09-05,False,Low
9001926,KC-01,701775,2026-09,KYC_LATE,24 days late vs. due date,2026-09-01,Open,4,30,"R. Alavi, Compliance Ops",2026-10-01,,False,Low
9001927,KC-01,701778,2026-09,KYC_LATE,32 days late vs. due date,2026-09-03,Open,2,30,"R. Alavi, Compliance Ops",2026-10-03,,False,Low
9001928,KC-01,701784,2026-08,KYC_LATE,21 days late vs. due date,2026-08-31,Open,5,30,"R. Alavi, Compliance Ops",2026-09-30,,False,Low
9001929,KC-01,701785,2026-08,KYC_LATE,44 days late vs. due date,2026-08-31,Open,5,30,"R. Alavi, Compliance Ops",2026-09-30,,False,Low
9001930,KC-01,701786,2026-09,KYC_LATE,39 days late vs. due date,2026-09-03,Open,2,30,"R. Alavi, Compliance Ops",2026-10-03,,False,Low
9001931,KC-01,701793,2026-09,KYC_LATE,5 days late vs. due date,2026-09-03,Open,2,30,"R. Alavi, Compliance Ops",2026-10-03,,False,Low
9001932,KC-01,701794,2026-09,KYC_LATE,33 days late vs. due date,2026-09-01,Open,4,30,"R. Alavi, Compliance Ops",2026-10-01,,False,Low
9001933,KC-01,701797,2026-08,KYC_LATE,27 days late vs. due date,2026-08-31,Open,5,30,"R. Alavi, Compliance Ops",2026-09-30,,False,Low
9001934,KC-01,701798,2026-09,KYC_LATE,20 days late vs. due date,2026-09-03,Open,2,30,"R. Alavi, Compliance Ops",2026-10-03,,False,Low
9001935,KC-01,701799,2026-09,KYC_LATE,25 days late vs. due date,2026-09-03,Closed,2,30,"R. Alavi, Compliance Ops",2026-10-03,2026-09-05,False,Low
9001936,KC-02,700006,2025-10,KYC_DOCS_INCOMPLETE,Required KYC documentation incomplete at review closure,2025-10-03,Closed,337,20,"R. Alavi, Compliance Ops",2025-10-23,2025-10-17,False,Medium
9001937,KC-02,700019,2025-10,KYC_DOCS_INCOMPLETE,Required KYC documentation incomplete at review closure,2025-10-03,Closed,337,20,"R. Alavi, Compliance Ops",2025-10-23,2025-10-07,False,Medium
9001938,KC-02,700024,2025-10,KYC_DOCS_INCOMPLETE,Required KYC documentation incomplete at review closure,2025-10-03,Closed,337,20,"R. Alavi, Compliance Ops",2025-10-23,2025-10-28,True,Medium
9001939,KC-02,700027,2025-10,KYC_DOCS_INCOMPLETE,Required KYC documentation incomplete at review closure,2025-10-02,Closed,338,20,"R. Alavi, Compliance Ops",2025-10-22,2025-10-16,False,Medium
9001940,KC-02,700028,2025-10,KYC_DOCS_INCOMPLETE,Required KYC documentation incomplete at review closure,2025-10-01,Closed,339,20,"R. Alavi, Compliance Ops",2025-10-21,2025-10-12,False,Medium
9001941,KC-02,700049,2025-10,KYC_DOCS_INCOMPLETE,Required KYC documentation incomplete at review closure,2025-10-04,Closed,336,20,"R. Alavi, Compliance Ops",2025-10-24,2025-10-12,False,Medium
9001942,KC-02,700142,2025-10,KYC_DOCS_INCOMPLETE,Required KYC documentation incomplete at review closure,2025-10-04,Closed,336,20,"R. Alavi, Compliance Ops",2025-10-24,2025-10-25,True,Medium
9001943,KC-02,700146,2025-10,KYC_DOCS_INCOMPLETE,Required KYC documentation incomplete at review closure,2025-10-01,Closed,339,20,"R. Alavi, Compliance Ops",2025-10-21,2025-10-14,False,Medium
9001944,KC-02,700158,2025-11,KYC_DOCS_INCOMPLETE,Required KYC documentation incomplete at review closure,2025-11-01,Closed,308,20,"R. Alavi, Compliance Ops",2025-11-21,2025-11-25,True,Medium
9001945,KC-02,700173,2025-11,KYC_DOCS_INCOMPLETE,Required KYC documentation incomplete at review closure,2025-11-04,Closed,305,20,"R. Alavi, Compliance Ops",2025-11-24,2025-11-21,False,Medium
9001946,KC-02,700183,2025-11,KYC_DOCS_INCOMPLETE,Required KYC documentation incomplete at review closure,2025-11-03,Closed,306,20,"R. Alavi, Compliance Ops",2025-11-23,2025-12-01,True,Medium
9001947,KC-02,700199,2025-11,KYC_DOCS_INCOMPLETE,Required KYC documentation incomplete at review closure,2025-11-02,Closed,307,20,"R. Alavi, Compliance Ops",2025-11-22,2025-11-18,False,Medium
9001948,KC-02,700212,2025-10,KYC_DOCS_INCOMPLETE,Required KYC documentation incomplete at review closure,2025-10-31,Closed,309,20,"R. Alavi, Compliance Ops",2025-11-20,2025-11-14,False,Medium
9001949,KC-02,700272,2025-10,KYC_DOCS_INCOMPLETE,Required KYC documentation incomplete at review closure,2025-10-31,Closed,309,20,"R. Alavi, Compliance Ops",2025-11-20,2025-11-03,False,Medium
9001950,KC-02,700304,2025-12,KYC_DOCS_INCOMPLETE,Required KYC documentation incomplete at review closure,2025-12-02,Closed,277,20,"R. Alavi, Compliance Ops",2025-12-22,2025-12-12,False,Medium
9001951,KC-02,700315,2025-12,KYC_DOCS_INCOMPLETE,Required KYC documentation incomplete at review closure,2025-12-01,Closed,278,20,"R. Alavi, Compliance Ops",2025-12-21,2025-12-26,True,Medium
9001952,KC-02,700332,2025-12,KYC_DOCS_INCOMPLETE,Required KYC documentation incomplete at review closure,2025-12-03,Closed,276,20,"R. Alavi, Compliance Ops",2025-12-23,2026-01-15,True,Medium
9001953,KC-02,700336,2025-12,KYC_DOCS_INCOMPLETE,Required KYC documentation incomplete at review closure,2025-12-03,Closed,276,20,"R. Alavi, Compliance Ops",2025-12-23,2025-12-12,False,Medium
9001954,KC-02,700379,2025-11,KYC_DOCS_INCOMPLETE,Required KYC documentation incomplete at review closure,2025-11-30,Closed,279,20,"R. Alavi, Compliance Ops",2025-12-20,2025-12-11,False,Medium
9001955,KC-02,700424,2025-12,KYC_DOCS_INCOMPLETE,Required KYC documentation incomplete at review closure,2025-12-01,Closed,278,20,"R. Alavi, Compliance Ops",2025-12-21,2025-12-23,True,Medium
9001956,KC-02,700495,2026-01,KYC_DOCS_INCOMPLETE,Required KYC documentation incomplete at review closure,2026-01-02,Closed,246,20,"R. Alavi, Compliance Ops",2026-01-22,2026-01-25,True,Medium
9001957,KC-02,700498,2026-01,KYC_DOCS_INCOMPLETE,Required KYC documentation incomplete at review closure,2026-01-04,Closed,244,20,"R. Alavi, Compliance Ops",2026-01-24,2026-01-18,False,Medium
9001958,KC-02,700505,2026-01,KYC_DOCS_INCOMPLETE,Required KYC documentation incomplete at review closure,2026-01-02,Closed,246,20,"R. Alavi, Compliance Ops",2026-01-22,2026-01-22,False,Medium
9001959,KC-02,700530,2026-01,KYC_DOCS_INCOMPLETE,Required KYC documentation incomplete at review closure,2026-01-04,Closed,244,20,"R. Alavi, Compliance Ops",2026-01-24,2026-01-10,False,Medium
9001960,KC-02,700534,2026-01,KYC_DOCS_INCOMPLETE,Required KYC documentation incomplete at review closure,2026-01-02,Closed,246,20,"R. Alavi, Compliance Ops",2026-01-22,2026-01-19,False,Medium
9001961,KC-02,700536,2025-12,KYC_DOCS_INCOMPLETE,Required KYC documentation incomplete at review closure,2025-12-31,Closed,248,20,"R. Alavi, Compliance Ops",2026-01-20,2026-01-26,True,Medium
9001962,KC-02,700542,2025-12,KYC_DOCS_INCOMPLETE,Required KYC documentation incomplete at review closure,2025-12-31,Closed,248,20,"R. Alavi, Compliance Ops",2026-01-20,2026-02-01,True,Medium
9001963,KC-02,700626,2026-02,KYC_DOCS_INCOMPLETE,Required KYC documentation incomplete at review closure,2026-02-01,Closed,216,20,"R. Alavi, Compliance Ops",2026-02-21,2026-02-19,False,Medium
9001964,KC-02,700630,2026-01,KYC_DOCS_INCOMPLETE,Required KYC documentation incomplete at review closure,2026-01-31,Closed,217,20,"R. Alavi, Compliance Ops",2026-02-20,2026-02-17,False,Medium
9001965,KC-02,700645,2026-02,KYC_DOCS_INCOMPLETE,Required KYC documentation incomplete at review closure,2026-02-04,Closed,213,20,"R. Alavi, Compliance Ops",2026-02-24,2026-02-27,True,Medium
9001966,KC-02,700662,2026-02,KYC_DOCS_INCOMPLETE,Required KYC documentation incomplete at review closure,2026-02-03,Closed,214,20,"R. Alavi, Compliance Ops",2026-02-23,2026-03-03,True,Medium
9001967,KC-02,700691,2026-02,KYC_DOCS_INCOMPLETE,Required KYC documentation incomplete at review closure,2026-02-02,Closed,215,20,"R. Alavi, Compliance Ops",2026-02-22,2026-02-25,True,Medium
9001968,KC-02,700773,2026-03,KYC_DOCS_INCOMPLETE,Required KYC documentation incomplete at review closure,2026-03-02,Closed,187,20,"R. Alavi, Compliance Ops",2026-03-22,2026-03-15,False,Medium
9001969,KC-02,700820,2026-03,KYC_DOCS_INCOMPLETE,Required KYC documentation incomplete at review closure,2026-03-04,Closed,185,20,"R. Alavi, Compliance Ops",2026-03-24,2026-03-26,True,Medium
9001970,KC-02,700839,2026-03,KYC_DOCS_INCOMPLETE,Required KYC documentation incomplete at review closure,2026-03-04,Closed,185,20,"R. Alavi, Compliance Ops",2026-03-24,2026-03-31,True,Medium
9001971,KC-02,700845,2026-03,KYC_DOCS_INCOMPLETE,Required KYC documentation incomplete at review closure,2026-03-01,Closed,188,20,"R. Alavi, Compliance Ops",2026-03-21,2026-03-14,False,Medium
9001972,KC-02,700871,2026-03,KYC_DOCS_INCOMPLETE,Required KYC documentation incomplete at review closure,2026-03-03,Closed,186,20,"R. Alavi, Compliance Ops",2026-03-23,2026-03-11,False,Medium
9001973,KC-02,700876,2026-03,KYC_DOCS_INCOMPLETE,Required KYC documentation incomplete at review closure,2026-03-04,Closed,185,20,"R. Alavi, Compliance Ops",2026-03-24,2026-03-27,True,Medium
9001974,KC-02,700891,2026-03,KYC_DOCS_INCOMPLETE,Required KYC documentation incomplete at review closure,2026-03-01,Closed,188,20,"R. Alavi, Compliance Ops",2026-03-21,2026-03-23,True,Medium
9001975,KC-02,700984,2026-04,KYC_DOCS_INCOMPLETE,Required KYC documentation incomplete at review closure,2026-04-04,Closed,154,20,"R. Alavi, Compliance Ops",2026-04-24,2026-05-01,True,Medium
9001976,KC-02,701013,2026-03,KYC_DOCS_INCOMPLETE,Required KYC documentation incomplete at review closure,2026-03-31,Closed,158,20,"R. Alavi, Compliance Ops",2026-04-20,2026-04-20,False,Medium
9001977,KC-02,701069,2026-05,KYC_DOCS_INCOMPLETE,Required KYC documentation incomplete at review closure,2026-05-04,Closed,124,20,"R. Alavi, Compliance Ops",2026-05-24,2026-05-18,False,Medium
9001978,KC-02,701074,2026-04,KYC_DOCS_INCOMPLETE,Required KYC documentation incomplete at review closure,2026-04-30,Closed,128,20,"R. Alavi, Compliance Ops",2026-05-20,2026-05-16,False,Medium
9001979,KC-02,701084,2026-05,KYC_DOCS_INCOMPLETE,Required KYC documentation incomplete at review closure,2026-05-03,Closed,125,20,"R. Alavi, Compliance Ops",2026-05-23,2026-05-14,False,Medium
9001980,KC-02,701089,2026-05,KYC_DOCS_INCOMPLETE,Required KYC documentation incomplete at review closure,2026-05-03,Closed,125,20,"R. Alavi, Compliance Ops",2026-05-23,2026-05-15,False,Medium
9001981,KC-02,701110,2026-04,KYC_DOCS_INCOMPLETE,Required KYC documentation incomplete at review closure,2026-04-30,Closed,128,20,"R. Alavi, Compliance Ops",2026-05-20,2026-05-15,False,Medium
9001982,KC-02,701129,2026-05,KYC_DOCS_INCOMPLETE,Required KYC documentation incomplete at review closure,2026-05-04,Closed,124,20,"R. Alavi, Compliance Ops",2026-05-24,2026-05-19,False,Medium
9001983,KC-02,701182,2026-05,KYC_DOCS_INCOMPLETE,Required KYC documentation incomplete at review closure,2026-05-01,Closed,127,20,"R. Alavi, Compliance Ops",2026-05-21,2026-05-29,True,Medium
9001984,KC-02,701198,2026-05,KYC_DOCS_INCOMPLETE,Required KYC documentation incomplete at review closure,2026-05-04,Closed,124,20,"R. Alavi, Compliance Ops",2026-05-24,2026-05-13,False,Medium
9001985,KC-02,701207,2026-05,KYC_DOCS_INCOMPLETE,Required KYC documentation incomplete at review closure,2026-05-31,Closed,97,20,"R. Alavi, Compliance Ops",2026-06-20,2026-06-19,False,Medium
9001986,KC-02,701225,2026-06,KYC_DOCS_INCOMPLETE,Required KYC documentation incomplete at review closure,2026-06-03,Open,94,20,"R. Alavi, Compliance Ops",2026-06-23,,True,Medium
9001987,KC-02,701271,2026-06,KYC_DOCS_INCOMPLETE,Required KYC documentation incomplete at review closure,2026-06-04,Closed,93,20,"R. Alavi, Compliance Ops",2026-06-24,2026-07-05,True,Medium
9001988,KC-02,701291,2026-06,KYC_DOCS_INCOMPLETE,Required KYC documentation incomplete at review closure,2026-06-02,Closed,95,20,"R. Alavi, Compliance Ops",2026-06-22,2026-06-23,True,Medium
9001989,KC-02,701314,2026-06,KYC_DOCS_INCOMPLETE,Required KYC documentation incomplete at review closure,2026-06-04,Closed,93,20,"R. Alavi, Compliance Ops",2026-06-24,2026-06-20,False,Medium
9001990,KC-02,701343,2026-06,KYC_DOCS_INCOMPLETE,Required KYC documentation incomplete at review closure,2026-06-01,Closed,96,20,"R. Alavi, Compliance Ops",2026-06-21,2026-06-27,True,Medium
9001991,KC-02,701355,2026-07,KYC_DOCS_INCOMPLETE,Required KYC documentation incomplete at review closure,2026-07-04,Open,63,20,"R. Alavi, Compliance Ops",2026-07-24,,True,Medium
9001992,KC-02,701365,2026-07,KYC_DOCS_INCOMPLETE,Required KYC documentation incomplete at review closure,2026-07-01,Closed,66,20,"R. Alavi, Compliance Ops",2026-07-21,2026-07-16,False,Medium
9001993,KC-02,701381,2026-07,KYC_DOCS_INCOMPLETE,Required KYC documentation incomplete at review closure,2026-07-01,Closed,66,20,"R. Alavi, Compliance Ops",2026-07-21,2026-08-01,True,Medium
9001994,KC-02,701405,2026-06,KYC_DOCS_INCOMPLETE,Required KYC documentation incomplete at review closure,2026-06-30,Closed,67,20,"R. Alavi, Compliance Ops",2026-07-20,2026-07-25,True,Medium
9001995,KC-02,701434,2026-07,KYC_DOCS_INCOMPLETE,Required KYC documentation incomplete at review closure,2026-07-02,Closed,65,20,"R. Alavi, Compliance Ops",2026-07-22,2026-08-04,True,Medium
9001996,KC-02,701436,2026-07,KYC_DOCS_INCOMPLETE,Required KYC documentation incomplete at review closure,2026-07-01,Closed,66,20,"R. Alavi, Compliance Ops",2026-07-21,2026-07-29,True,Medium
9001997,KC-02,701476,2026-06,KYC_DOCS_INCOMPLETE,Required KYC documentation incomplete at review closure,2026-06-30,Closed,67,20,"R. Alavi, Compliance Ops",2026-07-20,2026-07-25,True,Medium
9001998,KC-02,701504,2026-07,KYC_DOCS_INCOMPLETE,Required KYC documentation incomplete at review closure,2026-07-31,Closed,36,20,"R. Alavi, Compliance Ops",2026-08-20,2026-08-20,False,Medium
9001999,KC-02,701510,2026-08,KYC_DOCS_INCOMPLETE,Required KYC documentation incomplete at review closure,2026-08-01,Closed,35,20,"R. Alavi, Compliance Ops",2026-08-21,2026-08-11,False,Medium
9002000,KC-02,701554,2026-08,KYC_DOCS_INCOMPLETE,Required KYC documentation incomplete at review closure,2026-08-04,Closed,32,20,"R. Alavi, Compliance Ops",2026-08-24,2026-08-29,True,Medium
9002001,KC-02,701556,2026-08,KYC_DOCS_INCOMPLETE,Required KYC documentation incomplete at review closure,2026-08-04,Closed,32,20,"R. Alavi, Compliance Ops",2026-08-24,2026-08-24,False,Medium
9002002,KC-02,701584,2026-08,KYC_DOCS_INCOMPLETE,Required KYC documentation incomplete at review closure,2026-08-02,Closed,34,20,"R. Alavi, Compliance Ops",2026-08-22,2026-08-27,True,Medium
9002003,KC-02,701611,2026-08,KYC_DOCS_INCOMPLETE,Required KYC documentation incomplete at review closure,2026-08-01,Closed,35,20,"R. Alavi, Compliance Ops",2026-08-21,2026-08-20,False,Medium
9002004,KC-02,701619,2026-08,KYC_DOCS_INCOMPLETE,Required KYC documentation incomplete at review closure,2026-08-04,Closed,32,20,"R. Alavi, Compliance Ops",2026-08-24,2026-08-18,False,Medium
9002005,KC-02,701638,2026-07,KYC_DOCS_INCOMPLETE,Required KYC documentation incomplete at review closure,2026-07-31,Open,36,20,"R. Alavi, Compliance Ops",2026-08-20,,True,Medium
9002006,KC-02,701651,2026-09,KYC_DOCS_INCOMPLETE,Required KYC documentation incomplete at review closure,2026-09-04,Open,1,20,"R. Alavi, Compliance Ops",2026-09-24,,False,Medium
9002007,KC-02,701661,2026-09,KYC_DOCS_INCOMPLETE,Required KYC documentation incomplete at review closure,2026-09-03,Open,2,20,"R. Alavi, Compliance Ops",2026-09-23,,False,Medium
9002008,KC-02,701686,2026-09,KYC_DOCS_INCOMPLETE,Required KYC documentation incomplete at review closure,2026-09-01,Open,4,20,"R. Alavi, Compliance Ops",2026-09-21,,False,Medium
9002009,KC-02,701690,2026-08,KYC_DOCS_INCOMPLETE,Required KYC documentation incomplete at review closure,2026-08-31,Open,5,20,"R. Alavi, Compliance Ops",2026-09-20,,False,Medium
9002010,KC-02,701752,2026-09,KYC_DOCS_INCOMPLETE,Required KYC documentation incomplete at review closure,2026-09-04,Open,1,20,"R. Alavi, Compliance Ops",2026-09-24,,False,Medium
9002011,KC-02,701792,2026-09,KYC_DOCS_INCOMPLETE,Required KYC documentation incomplete at review closure,2026-09-04,Open,1,20,"R. Alavi, Compliance Ops",2026-09-24,,False,Medium
9002012,NV-01,900014,2025-09,PRICE_BREAK,Price variance 107.8 bps vs independent source (limit 25bps),2025-09-01,Closed,369,10,"S. Okonjo, Valuation Control",2025-09-11,2025-09-09,False,High
9002013,NV-01,900039,2025-09,PRICE_BREAK,Price variance 92.6 bps vs independent source (limit 25bps),2025-09-02,Closed,368,10,"S. Okonjo, Valuation Control",2025-09-12,2025-09-07,False,High
9002014,NV-01,900085,2025-09,PRICE_BREAK,Price variance 110.2 bps vs independent source (limit 25bps),2025-09-05,Closed,365,10,"S. Okonjo, Valuation Control",2025-09-15,2025-09-19,True,High
9002015,NV-01,900144,2025-09,PRICE_BREAK,Price variance 89.2 bps vs independent source (limit 25bps),2025-09-10,Open,360,10,"S. Okonjo, Valuation Control",2025-09-20,,True,High
9002016,NV-01,900145,2025-09,PRICE_BREAK,Price variance 126.7 bps vs independent source (limit 25bps),2025-09-10,Closed,360,10,"S. Okonjo, Valuation Control",2025-09-20,2025-09-17,False,High
9002017,NV-01,900152,2025-09,PRICE_BREAK,Price variance 86.9 bps vs independent source (limit 25bps),2025-09-10,Closed,360,10,"S. Okonjo, Valuation Control",2025-09-20,2025-09-13,False,High
9002018,NV-01,900154,2025-09,PRICE_BREAK,Price variance 88.3 bps vs independent source (limit 25bps),2025-09-10,Closed,360,10,"S. Okonjo, Valuation Control",2025-09-20,2025-09-19,False,High
9002019,NV-01,900256,2025-09,PRICE_BREAK,Price variance 66.8 bps vs independent source (limit 25bps),2025-09-17,Closed,353,10,"S. Okonjo, Valuation Control",2025-09-27,2025-09-30,True,High
9002020,NV-01,900258,2025-09,PRICE_BREAK,Price variance 87.8 bps vs independent source (limit 25bps),2025-09-17,Closed,353,10,"S. Okonjo, Valuation Control",2025-09-27,2025-09-25,False,High
9002021,NV-01,900270,2025-09,PRICE_BREAK,Price variance 120.8 bps vs independent source (limit 25bps),2025-09-18,Closed,352,10,"S. Okonjo, Valuation Control",2025-09-28,2025-09-26,False,High
9002022,NV-01,900467,2025-10,PRICE_BREAK,Price variance 115.8 bps vs independent source (limit 25bps),2025-10-02,Closed,338,10,"S. Okonjo, Valuation Control",2025-10-12,2025-10-14,True,High
9002023,NV-01,900470,2025-10,PRICE_BREAK,Price variance 140.5 bps vs independent source (limit 25bps),2025-10-02,Closed,338,10,"S. Okonjo, Valuation Control",2025-10-12,2025-10-06,False,High
9002024,NV-01,900534,2025-10,PRICE_BREAK,Price variance 79.3 bps vs independent source (limit 25bps),2025-10-07,Closed,333,10,"S. Okonjo, Valuation Control",2025-10-17,2025-10-17,False,High
9002025,NV-01,900614,2025-10,PRICE_BREAK,Price variance 130.5 bps vs independent source (limit 25bps),2025-10-13,Closed,327,10,"S. Okonjo, Valuation Control",2025-10-23,2025-10-25,True,High
9002026,NV-01,900635,2025-10,PRICE_BREAK,Price variance 113.5 bps vs independent source (limit 25bps),2025-10-14,Closed,326,10,"S. Okonjo, Valuation Control",2025-10-24,2025-10-20,False,High
9002027,NV-01,900981,2025-11,PRICE_BREAK,Price variance 82.4 bps vs independent source (limit 25bps),2025-11-07,Closed,302,10,"S. Okonjo, Valuation Control",2025-11-17,2025-11-13,False,High
9002028,NV-01,901022,2025-11,PRICE_BREAK,Price variance 97.4 bps vs independent source (limit 25bps),2025-11-11,Closed,298,10,"S. Okonjo, Valuation Control",2025-11-21,2025-11-21,False,High
9002029,NV-01,901098,2025-11,PRICE_BREAK,Price variance 83.4 bps vs independent source (limit 25bps),2025-11-14,Closed,295,10,"S. Okonjo, Valuation Control",2025-11-24,2025-11-23,False,High
9002030,NV-01,901134,2025-11,PRICE_BREAK,Price variance 94.6 bps vs independent source (limit 25bps),2025-11-18,Closed,291,10,"S. Okonjo, Valuation Control",2025-11-28,2025-11-26,False,High
9002031,NV-01,901218,2025-11,PRICE_BREAK,Price variance 97.6 bps vs independent source (limit 25bps),2025-11-24,Closed,285,10,"S. Okonjo, Valuation Control",2025-12-04,2025-12-04,False,High
9002032,NV-01,901240,2025-11,PRICE_BREAK,Price variance 100.6 bps vs independent source (limit 25bps),2025-11-25,Closed,284,10,"S. Okonjo, Valuation Control",2025-12-05,2025-12-05,False,High
9002033,NV-01,901303,2025-12,PRICE_BREAK,Price variance 75.2 bps vs independent source (limit 25bps),2025-12-01,Open,278,10,"S. Okonjo, Valuation Control",2025-12-11,,True,High
9002034,NV-01,901326,2025-12,PRICE_BREAK,Price variance 81.4 bps vs independent source (limit 25bps),2025-12-02,Closed,277,10,"S. Okonjo, Valuation Control",2025-12-12,2025-12-09,False,High
9002035,NV-01,901516,2025-12,PRICE_BREAK,Price variance 77.3 bps vs independent source (limit 25bps),2025-12-15,Closed,264,10,"S. Okonjo, Valuation Control",2025-12-25,2025-12-26,True,High
9002036,NV-01,901520,2025-12,PRICE_BREAK,Price variance 146.3 bps vs independent source (limit 25bps),2025-12-15,Closed,264,10,"S. Okonjo, Valuation Control",2025-12-25,2025-12-29,True,High
9002037,NV-01,901537,2025-12,PRICE_BREAK,Price variance 71.4 bps vs independent source (limit 25bps),2025-12-16,Closed,263,10,"S. Okonjo, Valuation Control",2025-12-26,2025-12-31,True,High
9002038,NV-01,901673,2025-12,PRICE_BREAK,Price variance 132.4 bps vs independent source (limit 25bps),2025-12-25,Closed,254,10,"S. Okonjo, Valuation Control",2026-01-04,2025-12-31,False,High
9002039,NV-01,901676,2025-12,PRICE_BREAK,Price variance 116.0 bps vs independent source (limit 25bps),2025-12-25,Closed,254,10,"S. Okonjo, Valuation Control",2026-01-04,2026-01-08,True,High
9002040,NV-01,901685,2025-12,PRICE_BREAK,Price variance 86.5 bps vs independent source (limit 25bps),2025-12-26,Closed,253,10,"S. Okonjo, Valuation Control",2026-01-05,2026-01-07,True,High
9002041,NV-01,901797,2026-01,PRICE_BREAK,Price variance 98.1 bps vs independent source (limit 25bps),2026-01-02,Open,246,10,"S. Okonjo, Valuation Control",2026-01-12,,True,High
9002042,NV-01,901808,2026-01,PRICE_BREAK,Price variance 71.9 bps vs independent source (limit 25bps),2026-01-05,Closed,243,10,"S. Okonjo, Valuation Control",2026-01-15,2026-01-16,True,High
9002043,NV-01,901840,2026-01,PRICE_BREAK,Price variance 95.8 bps vs independent source (limit 25bps),2026-01-06,Closed,242,10,"S. Okonjo, Valuation Control",2026-01-16,2026-01-19,True,High
9002044,NV-01,901918,2026-01,PRICE_BREAK,Price variance 106.3 bps vs independent source (limit 25bps),2026-01-12,Closed,236,10,"S. Okonjo, Valuation Control",2026-01-22,2026-01-28,True,High
9002045,NV-01,902007,2026-01,PRICE_BREAK,Price variance 69.6 bps vs independent source (limit 25bps),2026-01-19,Closed,229,10,"S. Okonjo, Valuation Control",2026-01-29,2026-01-24,False,High
9002046,NV-01,902067,2026-01,PRICE_BREAK,Price variance 93.3 bps vs independent source (limit 25bps),2026-01-22,Closed,226,10,"S. Okonjo, Valuation Control",2026-02-01,2026-02-03,True,High
9002047,NV-01,902127,2026-01,PRICE_BREAK,Price variance 58.0 bps vs independent source (limit 25bps),2026-01-27,Closed,221,10,"S. Okonjo, Valuation Control",2026-02-06,2026-02-05,False,High
9002048,NV-01,902165,2026-01,PRICE_BREAK,Price variance 73.2 bps vs independent source (limit 25bps),2026-01-29,Closed,219,10,"S. Okonjo, Valuation Control",2026-02-08,2026-02-07,False,High
9002049,NV-01,902183,2026-01,PRICE_BREAK,Price variance 68.6 bps vs independent source (limit 25bps),2026-01-30,Closed,218,10,"S. Okonjo, Valuation Control",2026-02-09,2026-02-13,True,High
9002050,NV-01,902248,2026-02,PRICE_BREAK,Price variance 108.2 bps vs independent source (limit 25bps),2026-02-04,Open,213,10,"S. Okonjo, Valuation Control",2026-02-14,,True,High
9002051,NV-01,902425,2026-02,PRICE_BREAK,Price variance 37.5 bps vs independent source (limit 25bps),2026-02-17,Closed,200,10,"S. Okonjo, Valuation Control",2026-02-27,2026-02-22,False,High
9002052,NV-01,902476,2026-02,PRICE_BREAK,Price variance 121.8 bps vs independent source (limit 25bps),2026-02-19,Closed,198,10,"S. Okonjo, Valuation Control",2026-03-01,2026-02-27,False,High
9002053,NV-01,902528,2026-02,PRICE_BREAK,Price variance 131.8 bps vs independent source (limit 25bps),2026-02-24,Open,193,10,"S. Okonjo, Valuation Control",2026-03-06,,True,High
9002054,NV-01,902537,2026-02,PRICE_BREAK,Price variance 98.6 bps vs independent source (limit 25bps),2026-02-24,Closed,193,10,"S. Okonjo, Valuation Control",2026-03-06,2026-02-28,False,High
9002055,NV-01,902541,2026-02,PRICE_BREAK,Price variance 51.6 bps vs independent source (limit 25bps),2026-02-25,Closed,192,10,"S. Okonjo, Valuation Control",2026-03-07,2026-03-10,True,High
9002056,NV-01,902607,2026-03,PRICE_BREAK,Price variance 45.9 bps vs independent source (limit 25bps),2026-03-02,Closed,187,10,"S. Okonjo, Valuation Control",2026-03-12,2026-03-11,False,High
9002057,NV-01,902631,2026-03,PRICE_BREAK,Price variance 60.6 bps vs independent source (limit 25bps),2026-03-03,Closed,186,10,"S. Okonjo, Valuation Control",2026-03-13,2026-03-13,False,High
9002058,NV-01,902759,2026-03,PRICE_BREAK,Price variance 55.3 bps vs independent source (limit 25bps),2026-03-11,Closed,178,10,"S. Okonjo, Valuation Control",2026-03-21,2026-03-22,True,High
9002059,NV-01,902803,2026-03,PRICE_BREAK,Price variance 42.7 bps vs independent source (limit 25bps),2026-03-16,Closed,173,10,"S. Okonjo, Valuation Control",2026-03-26,2026-04-02,True,High
9002060,NV-01,902823,2026-03,PRICE_BREAK,Price variance 70.7 bps vs independent source (limit 25bps),2026-03-17,Closed,172,10,"S. Okonjo, Valuation Control",2026-03-27,2026-03-27,False,High
9002061,NV-01,902828,2026-03,PRICE_BREAK,Price variance 109.4 bps vs independent source (limit 25bps),2026-03-17,Closed,172,10,"S. Okonjo, Valuation Control",2026-03-27,2026-03-25,False,High
9002062,NV-01,902851,2026-03,PRICE_BREAK,Price variance 41.4 bps vs independent source (limit 25bps),2026-03-18,Closed,171,10,"S. Okonjo, Valuation Control",2026-03-28,2026-04-03,True,High
9002063,NV-01,902880,2026-03,PRICE_BREAK,Price variance 113.2 bps vs independent source (limit 25bps),2026-03-19,Closed,170,10,"S. Okonjo, Valuation Control",2026-03-29,2026-03-26,False,High
9002064,NV-01,902881,2026-03,PRICE_BREAK,Price variance 59.2 bps vs independent source (limit 25bps),2026-03-20,Closed,169,10,"S. Okonjo, Valuation Control",2026-03-30,2026-03-27,False,High
9002065,NV-01,902987,2026-03,PRICE_BREAK,Price variance 98.3 bps vs independent source (limit 25bps),2026-03-27,Closed,162,10,"S. Okonjo, Valuation Control",2026-04-06,2026-03-31,False,High
9002066,NV-01,903030,2026-03,PRICE_BREAK,Price variance 55.5 bps vs independent source (limit 25bps),2026-03-31,Closed,158,10,"S. Okonjo, Valuation Control",2026-04-10,2026-04-14,True,High
9002067,NV-01,903069,2026-04,PRICE_BREAK,Price variance 54.0 bps vs independent source (limit 25bps),2026-04-02,Open,156,10,"S. Okonjo, Valuation Control",2026-04-12,,True,High
9002068,NV-01,903084,2026-04,PRICE_BREAK,Price variance 58.5 bps vs independent source (limit 25bps),2026-04-03,Closed,155,10,"S. Okonjo, Valuation Control",2026-04-13,2026-04-14,True,High
9002069,NV-01,903112,2026-04,PRICE_BREAK,Price variance 104.3 bps vs independent source (limit 25bps),2026-04-06,Closed,152,10,"S. Okonjo, Valuation Control",2026-04-16,2026-04-16,False,High
9002070,NV-01,903340,2026-04,PRICE_BREAK,Price variance 104.9 bps vs independent source (limit 25bps),2026-04-21,Closed,137,10,"S. Okonjo, Valuation Control",2026-05-01,2026-04-30,False,High
9002071,NV-01,903428,2026-04,PRICE_BREAK,Price variance 92.9 bps vs independent source (limit 25bps),2026-04-28,Closed,130,10,"S. Okonjo, Valuation Control",2026-05-08,2026-05-04,False,High
9002072,NV-01,903476,2026-04,PRICE_BREAK,Price variance 94.8 bps vs independent source (limit 25bps),2026-04-30,Closed,128,10,"S. Okonjo, Valuation Control",2026-05-10,2026-05-06,False,High
9002073,NV-01,903702,2026-05,PRICE_BREAK,Price variance 47.9 bps vs independent source (limit 25bps),2026-05-18,Closed,110,10,"S. Okonjo, Valuation Control",2026-05-28,2026-05-29,True,High
9002074,NV-01,903746,2026-05,PRICE_BREAK,Price variance 110.2 bps vs independent source (limit 25bps),2026-05-20,Closed,108,10,"S. Okonjo, Valuation Control",2026-05-30,2026-05-30,False,High
9002075,NV-01,903750,2026-05,PRICE_BREAK,Price variance 33.9 bps vs independent source (limit 25bps),2026-05-20,Closed,108,10,"S. Okonjo, Valuation Control",2026-05-30,2026-06-05,True,High
9002076,NV-01,903781,2026-05,PRICE_BREAK,Price variance 92.2 bps vs independent source (limit 25bps),2026-05-22,Closed,106,10,"S. Okonjo, Valuation Control",2026-06-01,2026-05-28,False,High
9002077,NV-01,903793,2026-05,PRICE_BREAK,Price variance 58.5 bps vs independent source (limit 25bps),2026-05-22,Closed,106,10,"S. Okonjo, Valuation Control",2026-06-01,2026-05-29,False,High
9002078,NV-01,903800,2026-05,PRICE_BREAK,Price variance 51.7 bps vs independent source (limit 25bps),2026-05-22,Closed,106,10,"S. Okonjo, Valuation Control",2026-06-01,2026-05-27,False,High
9002079,NV-01,903842,2026-05,PRICE_BREAK,Price variance 106.7 bps vs independent source (limit 25bps),2026-05-27,Closed,101,10,"S. Okonjo, Valuation Control",2026-06-06,2026-06-11,True,High
9002080,NV-01,903888,2026-05,PRICE_BREAK,Price variance 119.2 bps vs independent source (limit 25bps),2026-05-29,Closed,99,10,"S. Okonjo, Valuation Control",2026-06-08,2026-06-03,False,High
9002081,NV-01,903891,2026-05,PRICE_BREAK,Price variance 99.0 bps vs independent source (limit 25bps),2026-05-29,Closed,99,10,"S. Okonjo, Valuation Control",2026-06-08,2026-06-10,True,High
9002082,NV-01,903896,2026-05,PRICE_BREAK,Price variance 82.8 bps vs independent source (limit 25bps),2026-05-29,Closed,99,10,"S. Okonjo, Valuation Control",2026-06-08,2026-06-13,True,High
9002083,NV-01,903976,2026-06,PRICE_BREAK,Price variance 42.9 bps vs independent source (limit 25bps),2026-06-04,Closed,93,10,"S. Okonjo, Valuation Control",2026-06-14,2026-06-13,False,High
9002084,NV-01,904041,2026-06,PRICE_BREAK,Price variance 140.6 bps vs independent source (limit 25bps),2026-06-10,Closed,87,10,"S. Okonjo, Valuation Control",2026-06-20,2026-06-22,True,High
9002085,NV-01,904050,2026-06,PRICE_BREAK,Price variance 65.5 bps vs independent source (limit 25bps),2026-06-10,Open,87,10,"S. Okonjo, Valuation Control",2026-06-20,,True,High
9002086,NV-01,904079,2026-06,PRICE_BREAK,Price variance 143.3 bps vs independent source (limit 25bps),2026-06-11,Closed,86,10,"S. Okonjo, Valuation Control",2026-06-21,2026-06-19,False,High
9002087,NV-01,904084,2026-06,PRICE_BREAK,Price variance 114.1 bps vs independent source (limit 25bps),2026-06-12,Open,85,10,"S. Okonjo, Valuation Control",2026-06-22,,True,High
9002088,NV-01,904127,2026-06,PRICE_BREAK,Price variance 128.2 bps vs independent source (limit 25bps),2026-06-16,Closed,81,10,"S. Okonjo, Valuation Control",2026-06-26,2026-06-26,False,High
9002089,NV-01,904133,2026-06,PRICE_BREAK,Price variance 92.8 bps vs independent source (limit 25bps),2026-06-16,Closed,81,10,"S. Okonjo, Valuation Control",2026-06-26,2026-06-25,False,High
9002090,NV-01,904150,2026-06,PRICE_BREAK,Price variance 75.7 bps vs independent source (limit 25bps),2026-06-17,Closed,80,10,"S. Okonjo, Valuation Control",2026-06-27,2026-06-23,False,High
9002091,NV-01,904177,2026-06,PRICE_BREAK,Price variance 116.2 bps vs independent source (limit 25bps),2026-06-18,Closed,79,10,"S. Okonjo, Valuation Control",2026-06-28,2026-07-01,True,High
9002092,NV-01,904181,2026-06,PRICE_BREAK,Price variance 74.8 bps vs independent source (limit 25bps),2026-06-19,Closed,78,10,"S. Okonjo, Valuation Control",2026-06-29,2026-06-30,True,High
9002093,NV-01,904221,2026-06,PRICE_BREAK,Price variance 41.3 bps vs independent source (limit 25bps),2026-06-23,Closed,74,10,"S. Okonjo, Valuation Control",2026-07-03,2026-06-30,False,High
9002094,NV-01,904317,2026-06,PRICE_BREAK,Price variance 60.6 bps vs independent source (limit 25bps),2026-06-29,Closed,68,10,"S. Okonjo, Valuation Control",2026-07-09,2026-07-06,False,High
9002095,NV-01,904387,2026-07,PRICE_BREAK,Price variance 56.5 bps vs independent source (limit 25bps),2026-07-03,Closed,64,10,"S. Okonjo, Valuation Control",2026-07-13,2026-07-07,False,High
9002096,NV-01,904395,2026-07,PRICE_BREAK,Price variance 39.8 bps vs independent source (limit 25bps),2026-07-03,Closed,64,10,"S. Okonjo, Valuation Control",2026-07-13,2026-07-12,False,High
9002097,NV-01,904422,2026-07,PRICE_BREAK,Price variance 47.9 bps vs independent source (limit 25bps),2026-07-07,Open,60,10,"S. Okonjo, Valuation Control",2026-07-17,,True,High
9002098,NV-01,904437,2026-07,PRICE_BREAK,Price variance 98.5 bps vs independent source (limit 25bps),2026-07-07,Closed,60,10,"S. Okonjo, Valuation Control",2026-07-17,2026-07-14,False,High
9002099,NV-01,904515,2026-07,PRICE_BREAK,Price variance 47.1 bps vs independent source (limit 25bps),2026-07-13,Closed,54,10,"S. Okonjo, Valuation Control",2026-07-23,2026-07-24,True,High
9002100,NV-01,904532,2026-07,PRICE_BREAK,Price variance 77.4 bps vs independent source (limit 25bps),2026-07-14,Open,53,10,"S. Okonjo, Valuation Control",2026-07-24,,True,High
9002101,NV-01,904614,2026-07,PRICE_BREAK,Price variance 78.2 bps vs independent source (limit 25bps),2026-07-20,Closed,47,10,"S. Okonjo, Valuation Control",2026-07-30,2026-08-02,True,High
9002102,NV-01,904682,2026-07,PRICE_BREAK,Price variance 48.0 bps vs independent source (limit 25bps),2026-07-24,Closed,43,10,"S. Okonjo, Valuation Control",2026-08-03,2026-08-04,True,High
9002103,NV-01,904735,2026-07,PRICE_BREAK,Price variance 136.2 bps vs independent source (limit 25bps),2026-07-28,Closed,39,10,"S. Okonjo, Valuation Control",2026-08-07,2026-08-05,False,High
9002104,NV-01,904765,2026-07,PRICE_BREAK,Price variance 56.3 bps vs independent source (limit 25bps),2026-07-30,Closed,37,10,"S. Okonjo, Valuation Control",2026-08-09,2026-08-01,False,High
9002105,NV-01,904818,2026-08,PRICE_BREAK,Price variance 98.1 bps vs independent source (limit 25bps),2026-08-03,Closed,33,10,"S. Okonjo, Valuation Control",2026-08-13,2026-08-10,False,High
9002106,NV-01,904840,2026-08,PRICE_BREAK,Price variance 145.7 bps vs independent source (limit 25bps),2026-08-04,Closed,32,10,"S. Okonjo, Valuation Control",2026-08-14,2026-08-18,True,High
9002107,NV-01,904867,2026-08,PRICE_BREAK,Price variance 60.3 bps vs independent source (limit 25bps),2026-08-06,Closed,30,10,"S. Okonjo, Valuation Control",2026-08-16,2026-08-14,False,High
9002108,NV-01,904927,2026-08,PRICE_BREAK,Price variance 132.4 bps vs independent source (limit 25bps),2026-08-11,Closed,25,10,"S. Okonjo, Valuation Control",2026-08-21,2026-08-23,True,High
9002109,NV-01,904939,2026-08,PRICE_BREAK,Price variance 117.7 bps vs independent source (limit 25bps),2026-08-11,Closed,25,10,"S. Okonjo, Valuation Control",2026-08-21,2026-08-18,False,High
9002110,NV-01,905039,2026-08,PRICE_BREAK,Price variance 127.4 bps vs independent source (limit 25bps),2026-08-18,Closed,18,10,"S. Okonjo, Valuation Control",2026-08-28,2026-08-20,False,High
9002111,NV-01,905088,2026-08,PRICE_BREAK,Price variance 65.1 bps vs independent source (limit 25bps),2026-08-21,Closed,15,10,"S. Okonjo, Valuation Control",2026-08-31,2026-09-01,True,High
9002112,NV-01,905105,2026-08,PRICE_BREAK,Price variance 60.0 bps vs independent source (limit 25bps),2026-08-24,Closed,12,10,"S. Okonjo, Valuation Control",2026-09-03,2026-09-04,True,High
9002113,NV-01,905136,2026-08,PRICE_BREAK,Price variance 98.2 bps vs independent source (limit 25bps),2026-08-25,Open,11,10,"S. Okonjo, Valuation Control",2026-09-04,,True,High
9002114,NV-01,905152,2026-08,PRICE_BREAK,Price variance 44.6 bps vs independent source (limit 25bps),2026-08-26,Open,10,10,"S. Okonjo, Valuation Control",2026-09-05,,False,High
9002115,NV-02,900152,2025-09,BREAK_SLA_MISSED,5 business days to resolve (limit 3),2025-09-10,Closed,360,10,"S. Okonjo, Valuation Control",2025-09-20,2025-09-21,True,High
9002116,NV-02,900258,2025-09,BREAK_SLA_MISSED,4 business days to resolve (limit 3),2025-09-17,Closed,353,10,"S. Okonjo, Valuation Control",2025-09-27,2025-09-24,False,High
9002117,NV-02,901218,2025-11,BREAK_SLA_MISSED,7 business days to resolve (limit 3),2025-11-24,Closed,285,10,"S. Okonjo, Valuation Control",2025-12-04,2025-12-05,True,High
9002118,NV-02,902425,2026-02,BREAK_SLA_MISSED,6 business days to resolve (limit 3),2026-02-17,Closed,200,10,"S. Okonjo, Valuation Control",2026-02-27,2026-02-26,False,High
9002119,NV-02,902537,2026-02,BREAK_SLA_MISSED,4 business days to resolve (limit 3),2026-02-24,Closed,193,10,"S. Okonjo, Valuation Control",2026-03-06,2026-02-25,False,High
9002120,NV-02,903800,2026-05,BREAK_SLA_MISSED,6 business days to resolve (limit 3),2026-05-22,Closed,106,10,"S. Okonjo, Valuation Control",2026-06-01,2026-05-31,False,High
9002121,NV-02,903888,2026-05,BREAK_SLA_MISSED,4 business days to resolve (limit 3),2026-05-29,Closed,99,10,"S. Okonjo, Valuation Control",2026-06-08,2026-06-05,False,High
9002122,NV-02,904735,2026-07,BREAK_SLA_MISSED,4 business days to resolve (limit 3),2026-07-28,Closed,39,10,"S. Okonjo, Valuation Control",2026-08-07,2026-08-03,False,High
9002123,NV-02,904818,2026-08,BREAK_SLA_MISSED,5 business days to resolve (limit 3),2026-08-03,Closed,33,10,"S. Okonjo, Valuation Control",2026-08-13,2026-08-14,True,High
9002124,NV-02,904927,2026-08,BREAK_SLA_MISSED,4 business days to resolve (limit 3),2026-08-11,Closed,25,10,"S. Okonjo, Valuation Control",2026-08-21,2026-08-18,False,High
9002125,NV-02,904939,2026-08,BREAK_SLA_MISSED,4 business days to resolve (limit 3),2026-08-11,Open,25,10,"S. Okonjo, Valuation Control",2026-08-21,,True,High
9002126,NV-02,905039,2026-08,BREAK_SLA_MISSED,5 business days to resolve (limit 3),2026-08-18,Open,18,10,"S. Okonjo, Valuation Control",2026-08-28,,True,High
9002127,CM-01,1100006,2025-09,MISSING_DUAL_APPROVAL,"Movement of $477892 lacks second approver (threshold $250,000)",2025-09-01,Closed,369,10,"D. Weiss, Treasury Ops",2025-09-11,2025-09-11,False,High
9002128,CM-01,1100125,2025-09,MISSING_DUAL_APPROVAL,"Movement of $657721 lacks second approver (threshold $250,000)",2025-09-12,Closed,358,10,"D. Weiss, Treasury Ops",2025-09-22,2025-09-15,False,High
9002129,CM-01,1100135,2025-09,MISSING_DUAL_APPROVAL,"Movement of $379316 lacks second approver (threshold $250,000)",2025-09-12,Closed,358,10,"D. Weiss, Treasury Ops",2025-09-22,2025-09-19,False,High
9002130,CM-01,1100231,2025-09,MISSING_DUAL_APPROVAL,"Movement of $448098 lacks second approver (threshold $250,000)",2025-09-22,Closed,348,10,"D. Weiss, Treasury Ops",2025-10-02,2025-10-05,True,High
9002131,CM-01,1100363,2025-10,MISSING_DUAL_APPROVAL,"Movement of $350018 lacks second approver (threshold $250,000)",2025-10-02,Closed,338,10,"D. Weiss, Treasury Ops",2025-10-12,2025-10-10,False,High
9002132,CM-01,1100596,2025-10,MISSING_DUAL_APPROVAL,"Movement of $1014715 lacks second approver (threshold $250,000)",2025-10-22,Closed,318,10,"D. Weiss, Treasury Ops",2025-11-01,2025-10-28,False,High
9002133,CM-01,1100635,2025-10,MISSING_DUAL_APPROVAL,"Movement of $724480 lacks second approver (threshold $250,000)",2025-10-27,Closed,313,10,"D. Weiss, Treasury Ops",2025-11-06,2025-11-05,False,High
9002134,CM-01,1100663,2025-10,MISSING_DUAL_APPROVAL,"Movement of $351405 lacks second approver (threshold $250,000)",2025-10-29,Closed,311,10,"D. Weiss, Treasury Ops",2025-11-08,2025-11-09,True,High
9002135,CM-01,1100972,2025-11,MISSING_DUAL_APPROVAL,"Movement of $546675 lacks second approver (threshold $250,000)",2025-11-26,Closed,283,10,"D. Weiss, Treasury Ops",2025-12-06,2025-12-06,False,High
9002136,CM-01,1100997,2025-11,MISSING_DUAL_APPROVAL,"Movement of $303419 lacks second approver (threshold $250,000)",2025-11-28,Closed,281,10,"D. Weiss, Treasury Ops",2025-12-08,2025-12-10,True,High
9002137,CM-01,1101011,2025-12,MISSING_DUAL_APPROVAL,"Movement of $546665 lacks second approver (threshold $250,000)",2025-12-01,Closed,278,10,"D. Weiss, Treasury Ops",2025-12-11,2025-12-07,False,High
9002138,CM-01,1101092,2025-12,MISSING_DUAL_APPROVAL,"Movement of $475839 lacks second approver (threshold $250,000)",2025-12-09,Closed,270,10,"D. Weiss, Treasury Ops",2025-12-19,2025-12-17,False,High
9002139,CM-01,1101217,2025-12,MISSING_DUAL_APPROVAL,"Movement of $722537 lacks second approver (threshold $250,000)",2025-12-19,Closed,260,10,"D. Weiss, Treasury Ops",2025-12-29,2025-12-27,False,High
9002140,CM-01,1101350,2026-01,MISSING_DUAL_APPROVAL,"Movement of $335116 lacks second approver (threshold $250,000)",2026-01-01,Closed,247,10,"D. Weiss, Treasury Ops",2026-01-11,2026-01-10,False,High
9002141,CM-01,1101472,2026-01,MISSING_DUAL_APPROVAL,"Movement of $291878 lacks second approver (threshold $250,000)",2026-01-12,Closed,236,10,"D. Weiss, Treasury Ops",2026-01-22,2026-01-13,False,High
9002142,CM-01,1101504,2026-01,MISSING_DUAL_APPROVAL,"Movement of $295063 lacks second approver (threshold $250,000)",2026-01-15,Closed,233,10,"D. Weiss, Treasury Ops",2026-01-25,2026-01-23,False,High
9002143,CM-01,1101507,2026-01,MISSING_DUAL_APPROVAL,"Movement of $635307 lacks second approver (threshold $250,000)",2026-01-15,Closed,233,10,"D. Weiss, Treasury Ops",2026-01-25,2026-01-19,False,High
9002144,CM-01,1101670,2026-02,MISSING_DUAL_APPROVAL,"Movement of $335826 lacks second approver (threshold $250,000)",2026-02-02,Closed,215,10,"D. Weiss, Treasury Ops",2026-02-12,2026-02-17,True,High
9002145,CM-01,1101847,2026-02,MISSING_DUAL_APPROVAL,"Movement of $594530 lacks second approver (threshold $250,000)",2026-02-18,Closed,199,10,"D. Weiss, Treasury Ops",2026-02-28,2026-03-06,True,High
9002146,CM-01,1101915,2026-02,MISSING_DUAL_APPROVAL,"Movement of $472947 lacks second approver (threshold $250,000)",2026-02-25,Closed,192,10,"D. Weiss, Treasury Ops",2026-03-07,2026-03-13,True,High
9002147,CM-01,1102068,2026-03,MISSING_DUAL_APPROVAL,"Movement of $260931 lacks second approver (threshold $250,000)",2026-03-11,Closed,178,10,"D. Weiss, Treasury Ops",2026-03-21,2026-03-24,True,High
9002148,CM-01,1102174,2026-03,MISSING_DUAL_APPROVAL,"Movement of $842732 lacks second approver (threshold $250,000)",2026-03-20,Closed,169,10,"D. Weiss, Treasury Ops",2026-03-30,2026-03-28,False,High
9002149,CM-01,1102315,2026-04,MISSING_DUAL_APPROVAL,"Movement of $268313 lacks second approver (threshold $250,000)",2026-04-01,Closed,157,10,"D. Weiss, Treasury Ops",2026-04-11,2026-04-14,True,High
9002150,CM-01,1102344,2026-04,MISSING_DUAL_APPROVAL,"Movement of $771246 lacks second approver (threshold $250,000)",2026-04-03,Closed,155,10,"D. Weiss, Treasury Ops",2026-04-13,2026-04-12,False,High
9002151,CM-01,1102465,2026-04,MISSING_DUAL_APPROVAL,"Movement of $320003 lacks second approver (threshold $250,000)",2026-04-16,Closed,142,10,"D. Weiss, Treasury Ops",2026-04-26,2026-04-28,True,High
9002152,CM-01,1102490,2026-04,MISSING_DUAL_APPROVAL,"Movement of $368821 lacks second approver (threshold $250,000)",2026-04-17,Closed,141,10,"D. Weiss, Treasury Ops",2026-04-27,2026-04-23,False,High
9002153,CM-01,1102534,2026-04,MISSING_DUAL_APPROVAL,"Movement of $340699 lacks second approver (threshold $250,000)",2026-04-22,Closed,136,10,"D. Weiss, Treasury Ops",2026-05-02,2026-04-29,False,High
9002154,CM-01,1102558,2026-04,MISSING_DUAL_APPROVAL,"Movement of $256378 lacks second approver (threshold $250,000)",2026-04-24,Closed,134,10,"D. Weiss, Treasury Ops",2026-05-04,2026-05-05,True,High
9002155,CM-01,1102656,2026-05,MISSING_DUAL_APPROVAL,"Movement of $415350 lacks second approver (threshold $250,000)",2026-05-04,Closed,124,10,"D. Weiss, Treasury Ops",2026-05-14,2026-05-20,True,High
9002156,CM-01,1102757,2026-05,MISSING_DUAL_APPROVAL,"Movement of $594166 lacks second approver (threshold $250,000)",2026-05-13,Closed,115,10,"D. Weiss, Treasury Ops",2026-05-23,2026-05-22,False,High
9002157,CM-01,1102768,2026-05,MISSING_DUAL_APPROVAL,"Movement of $288501 lacks second approver (threshold $250,000)",2026-05-14,Closed,114,10,"D. Weiss, Treasury Ops",2026-05-24,2026-06-01,True,High
9002158,CM-01,1102773,2026-05,MISSING_DUAL_APPROVAL,"Movement of $401135 lacks second approver (threshold $250,000)",2026-05-15,Closed,113,10,"D. Weiss, Treasury Ops",2026-05-25,2026-06-04,True,High
9002159,CM-01,1102938,2026-06,MISSING_DUAL_APPROVAL,"Movement of $309163 lacks second approver (threshold $250,000)",2026-06-03,Closed,94,10,"D. Weiss, Treasury Ops",2026-06-13,2026-06-07,False,High
9002160,CM-01,1103130,2026-06,MISSING_DUAL_APPROVAL,"Movement of $387218 lacks second approver (threshold $250,000)",2026-06-19,Closed,78,10,"D. Weiss, Treasury Ops",2026-06-29,2026-06-28,False,High
9002161,CM-01,1103149,2026-06,MISSING_DUAL_APPROVAL,"Movement of $941534 lacks second approver (threshold $250,000)",2026-06-22,Closed,75,10,"D. Weiss, Treasury Ops",2026-07-02,2026-06-28,False,High
9002162,CM-01,1103226,2026-06,MISSING_DUAL_APPROVAL,"Movement of $296394 lacks second approver (threshold $250,000)",2026-06-29,Closed,68,10,"D. Weiss, Treasury Ops",2026-07-09,2026-07-08,False,High
9002163,CM-01,1103395,2026-07,MISSING_DUAL_APPROVAL,"Movement of $2798921 lacks second approver (threshold $250,000)",2026-07-15,Closed,52,10,"D. Weiss, Treasury Ops",2026-07-25,2026-07-22,False,High
9002164,CM-01,1103424,2026-07,MISSING_DUAL_APPROVAL,"Movement of $313445 lacks second approver (threshold $250,000)",2026-07-16,Closed,51,10,"D. Weiss, Treasury Ops",2026-07-26,2026-07-25,False,High
9002165,CM-01,1103552,2026-07,MISSING_DUAL_APPROVAL,"Movement of $421584 lacks second approver (threshold $250,000)",2026-07-30,Closed,37,10,"D. Weiss, Treasury Ops",2026-08-09,2026-08-12,True,High
9002166,CM-01,1103587,2026-08,MISSING_DUAL_APPROVAL,"Movement of $286262 lacks second approver (threshold $250,000)",2026-08-03,Closed,33,10,"D. Weiss, Treasury Ops",2026-08-13,2026-08-16,True,High
9002167,CM-01,1103598,2026-08,MISSING_DUAL_APPROVAL,"Movement of $266205 lacks second approver (threshold $250,000)",2026-08-04,Closed,32,10,"D. Weiss, Treasury Ops",2026-08-14,2026-08-14,False,High
9002168,CM-01,1103673,2026-08,MISSING_DUAL_APPROVAL,"Movement of $417929 lacks second approver (threshold $250,000)",2026-08-12,Closed,24,10,"D. Weiss, Treasury Ops",2026-08-22,2026-08-21,False,High
9002169,CM-01,1103715,2026-08,MISSING_DUAL_APPROVAL,"Movement of $252964 lacks second approver (threshold $250,000)",2026-08-17,Closed,19,10,"D. Weiss, Treasury Ops",2026-08-27,2026-08-27,False,High
9002170,CM-01,1103787,2026-08,MISSING_DUAL_APPROVAL,"Movement of $360915 lacks second approver (threshold $250,000)",2026-08-25,Closed,11,10,"D. Weiss, Treasury Ops",2026-09-04,2026-09-04,False,High
9002171,CM-01,1103794,2026-08,MISSING_DUAL_APPROVAL,"Movement of $485847 lacks second approver (threshold $250,000)",2026-08-25,Open,11,10,"D. Weiss, Treasury Ops",2026-09-04,,True,High
9002172,CM-02,1100055,2025-09,CUSTODIAN_BREAK,Movement does not match custodian statement,2025-09-05,Closed,365,15,"D. Weiss, Treasury Ops",2025-09-20,2025-09-19,False,Medium
9002173,CM-02,1100075,2025-09,CUSTODIAN_BREAK,Movement does not match custodian statement,2025-09-09,Closed,361,15,"D. Weiss, Treasury Ops",2025-09-24,2025-09-26,True,Medium
9002174,CM-02,1100177,2025-09,CUSTODIAN_BREAK,Movement does not match custodian statement,2025-09-17,Closed,353,15,"D. Weiss, Treasury Ops",2025-10-02,2025-09-24,False,Medium
9002175,CM-02,1100181,2025-09,CUSTODIAN_BREAK,Movement does not match custodian statement,2025-09-17,Closed,353,15,"D. Weiss, Treasury Ops",2025-10-02,2025-10-06,True,Medium
9002176,CM-02,1100236,2025-09,CUSTODIAN_BREAK,Movement does not match custodian statement,2025-09-22,Closed,348,15,"D. Weiss, Treasury Ops",2025-10-07,2025-10-17,True,Medium
9002177,CM-02,1100305,2025-09,CUSTODIAN_BREAK,Movement does not match custodian statement,2025-09-26,Closed,344,15,"D. Weiss, Treasury Ops",2025-10-11,2025-10-11,False,Medium
9002178,CM-02,1100364,2025-10,CUSTODIAN_BREAK,Movement does not match custodian statement,2025-10-02,Closed,338,15,"D. Weiss, Treasury Ops",2025-10-17,2025-10-08,False,Medium
9002179,CM-02,1100395,2025-10,CUSTODIAN_BREAK,Movement does not match custodian statement,2025-10-06,Closed,334,15,"D. Weiss, Treasury Ops",2025-10-21,2025-10-28,True,Medium
9002180,CM-02,1100465,2025-10,CUSTODIAN_BREAK,Movement does not match custodian statement,2025-10-13,Closed,327,15,"D. Weiss, Treasury Ops",2025-10-28,2025-10-25,False,Medium
9002181,CM-02,1100577,2025-10,CUSTODIAN_BREAK,Movement does not match custodian statement,2025-10-21,Closed,319,15,"D. Weiss, Treasury Ops",2025-11-05,2025-10-22,False,Medium
9002182,CM-02,1100582,2025-10,CUSTODIAN_BREAK,Movement does not match custodian statement,2025-10-21,Closed,319,15,"D. Weiss, Treasury Ops",2025-11-05,2025-11-03,False,Medium
9002183,CM-02,1100602,2025-10,CUSTODIAN_BREAK,Movement does not match custodian statement,2025-10-23,Closed,317,15,"D. Weiss, Treasury Ops",2025-11-07,2025-11-10,True,Medium
9002184,CM-02,1100605,2025-10,CUSTODIAN_BREAK,Movement does not match custodian statement,2025-10-23,Closed,317,15,"D. Weiss, Treasury Ops",2025-11-07,2025-11-09,True,Medium
9002185,CM-02,1100625,2025-10,CUSTODIAN_BREAK,Movement does not match custodian statement,2025-10-24,Closed,316,15,"D. Weiss, Treasury Ops",2025-11-08,2025-11-15,True,Medium
9002186,CM-02,1100733,2025-11,CUSTODIAN_BREAK,Movement does not match custodian statement,2025-11-04,Closed,305,15,"D. Weiss, Treasury Ops",2025-11-19,2025-11-22,True,Medium
9002187,CM-02,1100738,2025-11,CUSTODIAN_BREAK,Movement does not match custodian statement,2025-11-05,Closed,304,15,"D. Weiss, Treasury Ops",2025-11-20,2025-11-20,False,Medium
9002188,CM-02,1100760,2025-11,CUSTODIAN_BREAK,Movement does not match custodian statement,2025-11-06,Closed,303,15,"D. Weiss, Treasury Ops",2025-11-21,2025-11-09,False,Medium
9002189,CM-02,1100772,2025-11,CUSTODIAN_BREAK,Movement does not match custodian statement,2025-11-07,Closed,302,15,"D. Weiss, Treasury Ops",2025-11-22,2025-11-15,False,Medium
9002190,CM-02,1100794,2025-11,CUSTODIAN_BREAK,Movement does not match custodian statement,2025-11-10,Closed,299,15,"D. Weiss, Treasury Ops",2025-11-25,2025-11-25,False,Medium
9002191,CM-02,1100815,2025-11,CUSTODIAN_BREAK,Movement does not match custodian statement,2025-11-11,Closed,298,15,"D. Weiss, Treasury Ops",2025-11-26,2025-11-29,True,Medium
9002192,CM-02,1100896,2025-11,CUSTODIAN_BREAK,Movement does not match custodian statement,2025-11-19,Closed,290,15,"D. Weiss, Treasury Ops",2025-12-04,2025-11-27,False,Medium
9002193,CM-02,1100984,2025-11,CUSTODIAN_BREAK,Movement does not match custodian statement,2025-11-27,Closed,282,15,"D. Weiss, Treasury Ops",2025-12-12,2025-12-08,False,Medium
9002194,CM-02,1100989,2025-11,CUSTODIAN_BREAK,Movement does not match custodian statement,2025-11-27,Closed,282,15,"D. Weiss, Treasury Ops",2025-12-12,2025-12-14,True,Medium
9002195,CM-02,1101043,2025-12,CUSTODIAN_BREAK,Movement does not match custodian statement,2025-12-03,Closed,276,15,"D. Weiss, Treasury Ops",2025-12-18,2025-12-06,False,Medium
9002196,CM-02,1101129,2025-12,CUSTODIAN_BREAK,Movement does not match custodian statement,2025-12-11,Closed,268,15,"D. Weiss, Treasury Ops",2025-12-26,2025-12-14,False,Medium
9002197,CM-02,1101161,2025-12,CUSTODIAN_BREAK,Movement does not match custodian statement,2025-12-15,Closed,264,15,"D. Weiss, Treasury Ops",2025-12-30,2025-12-28,False,Medium
9002198,CM-02,1101250,2025-12,CUSTODIAN_BREAK,Movement does not match custodian statement,2025-12-23,Closed,256,15,"D. Weiss, Treasury Ops",2026-01-07,2026-01-08,True,Medium
9002199,CM-02,1101453,2026-01,CUSTODIAN_BREAK,Movement does not match custodian statement,2026-01-09,Closed,239,15,"D. Weiss, Treasury Ops",2026-01-24,2026-01-21,False,Medium
9002200,CM-02,1101559,2026-01,CUSTODIAN_BREAK,Movement does not match custodian statement,2026-01-21,Closed,227,15,"D. Weiss, Treasury Ops",2026-02-05,2026-01-22,False,Medium
9002201,CM-02,1101624,2026-01,CUSTODIAN_BREAK,Movement does not match custodian statement,2026-01-28,Closed,220,15,"D. Weiss, Treasury Ops",2026-02-12,2026-02-12,False,Medium
9002202,CM-02,1101627,2026-01,CUSTODIAN_BREAK,Movement does not match custodian statement,2026-01-28,Closed,220,15,"D. Weiss, Treasury Ops",2026-02-12,2026-02-04,False,Medium
9002203,CM-02,1101711,2026-02,CUSTODIAN_BREAK,Movement does not match custodian statement,2026-02-05,Closed,212,15,"D. Weiss, Treasury Ops",2026-02-20,2026-02-23,True,Medium
9002204,CM-02,1101798,2026-02,CUSTODIAN_BREAK,Movement does not match custodian statement,2026-02-13,Closed,204,15,"D. Weiss, Treasury Ops",2026-02-28,2026-02-27,False,Medium
9002205,CM-02,1101830,2026-02,CUSTODIAN_BREAK,Movement does not match custodian statement,2026-02-17,Closed,200,15,"D. Weiss, Treasury Ops",2026-03-04,2026-03-05,True,Medium
9002206,CM-02,1101869,2026-02,CUSTODIAN_BREAK,Movement does not match custodian statement,2026-02-19,Closed,198,15,"D. Weiss, Treasury Ops",2026-03-06,2026-03-09,True,Medium
9002207,CM-02,1102024,2026-03,CUSTODIAN_BREAK,Movement does not match custodian statement,2026-03-06,Open,183,15,"D. Weiss, Treasury Ops",2026-03-21,,True,Medium
9002208,CM-02,1102046,2026-03,CUSTODIAN_BREAK,Movement does not match custodian statement,2026-03-09,Closed,180,15,"D. Weiss, Treasury Ops",2026-03-24,2026-03-28,True,Medium
9002209,CM-02,1102223,2026-03,CUSTODIAN_BREAK,Movement does not match custodian statement,2026-03-25,Closed,164,15,"D. Weiss, Treasury Ops",2026-04-09,2026-04-16,True,Medium
9002210,CM-02,1102269,2026-03,CUSTODIAN_BREAK,Movement does not match custodian statement,2026-03-30,Open,159,15,"D. Weiss, Treasury Ops",2026-04-14,,True,Medium
9002211,CM-02,1102290,2026-03,CUSTODIAN_BREAK,Movement does not match custodian statement,2026-03-31,Closed,158,15,"D. Weiss, Treasury Ops",2026-04-15,2026-04-22,True,Medium
9002212,CM-02,1102320,2026-04,CUSTODIAN_BREAK,Movement does not match custodian statement,2026-04-02,Closed,156,15,"D. Weiss, Treasury Ops",2026-04-17,2026-04-13,False,Medium
9002213,CM-02,1102435,2026-04,CUSTODIAN_BREAK,Movement does not match custodian statement,2026-04-14,Closed,144,15,"D. Weiss, Treasury Ops",2026-04-29,2026-05-04,True,Medium
9002214,CM-02,1102445,2026-04,CUSTODIAN_BREAK,Movement does not match custodian statement,2026-04-14,Closed,144,15,"D. Weiss, Treasury Ops",2026-04-29,2026-04-30,True,Medium
9002215,CM-02,1102534,2026-04,CUSTODIAN_BREAK,Movement does not match custodian statement,2026-04-22,Closed,136,15,"D. Weiss, Treasury Ops",2026-05-07,2026-05-01,False,Medium
9002216,CM-02,1102564,2026-04,CUSTODIAN_BREAK,Movement does not match custodian statement,2026-04-27,Closed,131,15,"D. Weiss, Treasury Ops",2026-05-12,2026-05-11,False,Medium
9002217,CM-02,1102586,2026-04,CUSTODIAN_BREAK,Movement does not match custodian statement,2026-04-28,Closed,130,15,"D. Weiss, Treasury Ops",2026-05-13,2026-05-09,False,Medium
9002218,CM-02,1102632,2026-05,CUSTODIAN_BREAK,Movement does not match custodian statement,2026-05-01,Closed,127,15,"D. Weiss, Treasury Ops",2026-05-16,2026-05-12,False,Medium
9002219,CM-02,1102688,2026-05,CUSTODIAN_BREAK,Movement does not match custodian statement,2026-05-06,Closed,122,15,"D. Weiss, Treasury Ops",2026-05-21,2026-05-21,False,Medium
9002220,CM-02,1102732,2026-05,CUSTODIAN_BREAK,Movement does not match custodian statement,2026-05-11,Closed,117,15,"D. Weiss, Treasury Ops",2026-05-26,2026-06-01,True,Medium
9002221,CM-02,1102751,2026-05,CUSTODIAN_BREAK,Movement does not match custodian statement,2026-05-12,Closed,116,15,"D. Weiss, Treasury Ops",2026-05-27,2026-05-25,False,Medium
9002222,CM-02,1102775,2026-05,CUSTODIAN_BREAK,Movement does not match custodian statement,2026-05-15,Closed,113,15,"D. Weiss, Treasury Ops",2026-05-30,2026-05-30,False,Medium
9002223,CM-02,1102846,2026-05,CUSTODIAN_BREAK,Movement does not match custodian statement,2026-05-22,Closed,106,15,"D. Weiss, Treasury Ops",2026-06-06,2026-05-28,False,Medium
9002224,CM-02,1102953,2026-06,CUSTODIAN_BREAK,Movement does not match custodian statement,2026-06-03,Closed,94,15,"D. Weiss, Treasury Ops",2026-06-18,2026-06-18,False,Medium
9002225,CM-02,1102980,2026-06,CUSTODIAN_BREAK,Movement does not match custodian statement,2026-06-05,Closed,92,15,"D. Weiss, Treasury Ops",2026-06-20,2026-06-26,True,Medium
9002226,CM-02,1103023,2026-06,CUSTODIAN_BREAK,Movement does not match custodian statement,2026-06-10,Closed,87,15,"D. Weiss, Treasury Ops",2026-06-25,2026-06-29,True,Medium
9002227,CM-02,1103072,2026-06,CUSTODIAN_BREAK,Movement does not match custodian statement,2026-06-15,Closed,82,15,"D. Weiss, Treasury Ops",2026-06-30,2026-07-02,True,Medium
9002228,CM-02,1103167,2026-06,CUSTODIAN_BREAK,Movement does not match custodian statement,2026-06-23,Closed,74,15,"D. Weiss, Treasury Ops",2026-07-08,2026-07-04,False,Medium
9002229,CM-02,1103294,2026-07,CUSTODIAN_BREAK,Movement does not match custodian statement,2026-07-06,Open,61,15,"D. Weiss, Treasury Ops",2026-07-21,,True,Medium
9002230,CM-02,1103378,2026-07,CUSTODIAN_BREAK,Movement does not match custodian statement,2026-07-14,Closed,53,15,"D. Weiss, Treasury Ops",2026-07-29,2026-07-28,False,Medium
9002231,CM-02,1103500,2026-07,CUSTODIAN_BREAK,Movement does not match custodian statement,2026-07-24,Closed,43,15,"D. Weiss, Treasury Ops",2026-08-08,2026-07-30,False,Medium
9002232,CM-02,1103632,2026-08,CUSTODIAN_BREAK,Movement does not match custodian statement,2026-08-07,Closed,29,15,"D. Weiss, Treasury Ops",2026-08-22,2026-08-14,False,Medium
9002233,CM-02,1103704,2026-08,CUSTODIAN_BREAK,Movement does not match custodian statement,2026-08-14,Closed,22,15,"D. Weiss, Treasury Ops",2026-08-29,2026-09-03,True,Medium
9002234,CM-02,1103725,2026-08,CUSTODIAN_BREAK,Movement does not match custodian statement,2026-08-17,Open,19,15,"D. Weiss, Treasury Ops",2026-09-01,,True,Medium
9002235,CM-02,1103818,2026-08,CUSTODIAN_BREAK,Movement does not match custodian statement,2026-08-27,Open,9,15,"D. Weiss, Treasury Ops",2026-09-11,,False,Medium
9002236,CM-02,1103825,2026-08,CUSTODIAN_BREAK,Movement does not match custodian statement,2026-08-27,Open,9,15,"D. Weiss, Treasury Ops",2026-09-11,,False,Medium
9002237,SM-01,1300011,2026-08,GUIDELINE_BREACH,Bond weight 95.56% is above max for Conservative Income,2026-08-31,Open,5,20,"A. Petrova, Suitability Oversight",2026-09-20,,False,Medium
9002238,SM-01,1300013,2026-08,GUIDELINE_BREACH,Equity weight 61.57% is below min for Aggressive Growth,2026-08-31,Open,5,20,"A. Petrova, Suitability Oversight",2026-09-20,,False,Medium
9002239,SM-01,1300026,2026-08,GUIDELINE_BREACH,Bond weight 103.75% is above max for Fixed Income Core,2026-08-31,Open,5,20,"A. Petrova, Suitability Oversight",2026-09-20,,False,Medium
9002240,SM-01,1300029,2026-08,GUIDELINE_BREACH,Bond weight 105.92% is above max for Fixed Income Core,2026-08-31,Open,5,20,"A. Petrova, Suitability Oversight",2026-09-20,,False,Medium
9002241,SM-01,1300042,2026-08,GUIDELINE_BREACH,Cash weight 27.45% is above max for Conservative Income,2026-08-31,Closed,5,20,"A. Petrova, Suitability Oversight",2026-09-20,2026-09-05,False,Medium
9002242,SM-01,1300087,2026-08,GUIDELINE_BREACH,Cash weight 12.03% is above max for Aggressive Growth,2026-08-31,Open,5,20,"A. Petrova, Suitability Oversight",2026-09-20,,False,Medium
9002243,SM-01,1300098,2026-08,GUIDELINE_BREACH,Bond weight 32.94% is above max for Aggressive Growth,2026-08-31,Open,5,20,"A. Petrova, Suitability Oversight",2026-09-20,,False,Medium
9002244,SM-01,1300101,2026-08,GUIDELINE_BREACH,Bond weight 48.29% is below min for Conservative Income,2026-08-31,Open,5,20,"A. Petrova, Suitability Oversight",2026-09-20,,False,Medium
9002245,SM-01,1300105,2026-08,GUIDELINE_BREACH,Cash weight 17.21% is above max for Balanced Growth,2026-08-31,Closed,5,20,"A. Petrova, Suitability Oversight",2026-09-20,2026-09-05,False,Medium
9002246,SM-01,1300131,2026-08,GUIDELINE_BREACH,Bond weight 44.76% is below min for Conservative Income,2026-08-31,Open,5,20,"A. Petrova, Suitability Oversight",2026-09-20,,False,Medium
9002247,SM-01,1300134,2026-08,GUIDELINE_BREACH,Bond weight 30.45% is above max for Aggressive Growth,2026-08-31,Open,5,20,"A. Petrova, Suitability Oversight",2026-09-20,,False,Medium
9002248,SM-01,1300139,2026-08,GUIDELINE_BREACH,Equity weight 97.24% is above max for Aggressive Growth,2026-08-31,Closed,5,20,"A. Petrova, Suitability Oversight",2026-09-20,2026-09-05,False,Medium
9002249,SM-01,1300158,2026-08,GUIDELINE_BREACH,Bond weight 30.37% is above max for Aggressive Growth,2026-08-31,Open,5,20,"A. Petrova, Suitability Oversight",2026-09-20,,False,Medium
9002250,SM-01,1300172,2026-08,GUIDELINE_BREACH,Equity weight 61.51% is below min for Aggressive Growth,2026-08-31,Open,5,20,"A. Petrova, Suitability Oversight",2026-09-20,,False,Medium
9002251,SM-01,1300191,2026-08,GUIDELINE_BREACH,Bond weight 47.91% is below min for Conservative Income,2026-08-31,Open,5,20,"A. Petrova, Suitability Oversight",2026-09-20,,False,Medium
9002252,SM-01,1300214,2026-08,GUIDELINE_BREACH,Equity weight 67.56% is above max for Balanced Growth,2026-08-31,Open,5,20,"A. Petrova, Suitability Oversight",2026-09-20,,False,Medium
9002253,SM-01,1300266,2026-08,GUIDELINE_BREACH,Bond weight 97.57% is above max for Conservative Income,2026-08-31,Open,5,20,"A. Petrova, Suitability Oversight",2026-09-20,,False,Medium
9002254,SM-01,1300278,2026-08,GUIDELINE_BREACH,Bond weight 19.51% is below min for Balanced Growth,2026-08-31,Open,5,20,"A. Petrova, Suitability Oversight",2026-09-20,,False,Medium
9002255,SM-01,1300322,2026-08,GUIDELINE_BREACH,Equity weight 63.62% is below min for Aggressive Growth,2026-08-31,Open,5,20,"A. Petrova, Suitability Oversight",2026-09-20,,False,Medium
9002256,SM-01,1300344,2026-08,GUIDELINE_BREACH,Bond weight 48.68% is below min for Conservative Income,2026-08-31,Open,5,20,"A. Petrova, Suitability Oversight",2026-09-20,,False,Medium
9002257,SM-01,1300371,2026-08,GUIDELINE_BREACH,Bond weight 51.56% is above max for Balanced Growth,2026-08-31,Open,5,20,"A. Petrova, Suitability Oversight",2026-09-20,,False,Medium
9002258,SM-01,1300382,2026-08,GUIDELINE_BREACH,Equity weight 63.1% is below min for Aggressive Growth,2026-08-31,Open,5,20,"A. Petrova, Suitability Oversight",2026-09-20,,False,Medium
9002259,SM-01,1300386,2026-08,GUIDELINE_BREACH,Bond weight 77.75% is below min for Fixed Income Core,2026-08-31,Open,5,20,"A. Petrova, Suitability Oversight",2026-09-20,,False,Medium
9002260,SM-01,1300418,2026-08,GUIDELINE_BREACH,Equity weight 37.75% is below min for Balanced Growth,2026-08-31,Open,5,20,"A. Petrova, Suitability Oversight",2026-09-20,,False,Medium
9002261,SM-01,1300419,2026-08,GUIDELINE_BREACH,Bond weight 19.28% is below min for Balanced Growth,2026-08-31,Open,5,20,"A. Petrova, Suitability Oversight",2026-09-20,,False,Medium
9002262,SM-01,1300437,2026-08,GUIDELINE_BREACH,Bond weight 107.36% is above max for Fixed Income Core,2026-08-31,Open,5,20,"A. Petrova, Suitability Oversight",2026-09-20,,False,Medium
9002263,SM-02,1500003,2025-12,SUITABILITY_REVIEW_LATE,Suitability review completed late vs. annual cycle requirement,2025-12-26,Closed,253,25,"A. Petrova, Suitability Oversight",2026-01-20,2026-01-21,True,Low
9002264,SM-02,1500026,2026-01,SUITABILITY_REVIEW_LATE,Suitability review completed late vs. annual cycle requirement,2026-01-03,Closed,245,25,"A. Petrova, Suitability Oversight",2026-01-28,2026-01-29,True,Low
9002265,SM-02,1500039,2026-06,SUITABILITY_REVIEW_LATE,Suitability review completed late vs. annual cycle requirement,2026-06-14,Closed,83,25,"A. Petrova, Suitability Oversight",2026-07-09,2026-07-13,True,Low
9002266,SM-02,1500051,2025-10,SUITABILITY_REVIEW_LATE,Suitability review completed late vs. annual cycle requirement,2025-10-21,Closed,319,25,"A. Petrova, Suitability Oversight",2025-11-15,2025-10-30,False,Low
9002267,SM-02,1500065,2026-03,SUITABILITY_REVIEW_LATE,Suitability review completed late vs. annual cycle requirement,2026-03-28,Closed,161,25,"A. Petrova, Suitability Oversight",2026-04-22,2026-04-13,False,Low
9002268,SM-02,1500076,2026-02,SUITABILITY_REVIEW_LATE,Suitability review completed late vs. annual cycle requirement,2026-02-24,Closed,193,25,"A. Petrova, Suitability Oversight",2026-03-21,2026-03-24,True,Low
9002269,SM-02,1500081,2026-03,SUITABILITY_REVIEW_LATE,Suitability review completed late vs. annual cycle requirement,2026-03-21,Closed,168,25,"A. Petrova, Suitability Oversight",2026-04-15,2026-04-20,True,Low
9002270,SM-02,1500088,2026-02,SUITABILITY_REVIEW_LATE,Suitability review completed late vs. annual cycle requirement,2026-02-16,Closed,201,25,"A. Petrova, Suitability Oversight",2026-03-13,2026-03-03,False,Low
9002271,SM-02,1500150,2026-04,SUITABILITY_REVIEW_LATE,Suitability review completed late vs. annual cycle requirement,2026-04-16,Closed,142,25,"A. Petrova, Suitability Oversight",2026-05-11,2026-05-07,False,Low
