case_id,client_id,client_risk_rating,last_review_date,next_due_date,review_completed_date,status,documents_complete,is_open,days_late
700001,CLI02066,Low,2024-09-30,2025-10-01,2025-09-30,Completed-OnTime,True,False,0.0
700002,CLI00899,Low,2024-09-30,2025-10-03,2025-09-30,Completed-OnTime,True,False,0.0
700003,CLI01959,Low,2024-09-30,2025-09-30,2025-09-26,Completed-OnTime,True,False,0.0
700004,CLI02601,Medium,2024-09-30,2025-10-03,2025-10-02,Completed-OnTime,True,False,0.0
700005,CLI03246,Medium,2024-09-30,2025-10-04,2025-10-04,Completed-OnTime,True,False,0.0
700006,CLI00040,Low,2024-09-30,2025-10-03,2025-09-28,Completed-OnTime,False,False,0.0
700007,CLI03529,Low,2024-09-30,2025-10-01,2025-09-29,Completed-OnTime,True,False,0.0
700008,CLI00562,High,2024-09-30,2025-09-30,2025-09-28,Completed-OnTime,True,False,0.0
700009,CLI03079,Medium,2024-09-30,2025-10-04,2025-09-29,Completed-OnTime,True,False,0.0
700010,CLI03384,Medium,2024-09-30,2025-10-04,2025-09-30,Completed-OnTime,True,False,0.0
700011,CLI00895,High,2024-09-30,2025-10-03,2025-10-01,Completed-OnTime,True,False,0.0
700012,CLI00018,Low,2024-09-30,2025-10-02,2025-09-29,Completed-OnTime,True,False,0.0
700013,CLI00077,Low,2024-09-30,2025-10-02,2025-11-07,Completed-Late,True,False,36.0
700014,CLI03160,Low,2024-09-30,2025-10-01,2025-09-29,Completed-OnTime,True,False,0.0
700015,CLI01369,High,2024-09-30,2025-10-03,2025-10-01,Completed-OnTime,True,False,0.0
700016,CLI00926,Low,2024-09-30,2025-10-01,2025-09-30,Completed-OnTime,True,False,0.0
700017,CLI02708,Low,2024-09-30,2025-10-04,2025-10-01,Completed-OnTime,True,False,0.0
700018,CLI03331,Low,2024-09-30,2025-10-01,2025-10-01,Completed-OnTime,True,False,0.0
700019,CLI01389,Low,2024-09-30,2025-10-03,2025-09-28,Completed-OnTime,False,False,0.0
700020,CLI02202,Low,2024-09-30,2025-10-02,2025-10-02,Completed-OnTime,True,False,0.0
700021,CLI02311,Medium,2024-09-30,2025-10-04,2025-10-04,Completed-OnTime,True,False,0.0
700022,CLI02482,Medium,2024-09-30,2025-10-01,2025-09-28,Completed-OnTime,True,False,0.0
700023,CLI03161,Low,2024-09-30,2025-10-04,2025-10-04,Completed-OnTime,True,False,0.0
700024,CLI00874,Medium,2024-09-30,2025-10-03,2025-09-30,Completed-OnTime,False,False,0.0
700025,CLI02437,Medium,2024-09-30,2025-10-04,2025-10-03,Completed-OnTime,True,False,0.0
700026,CLI02775,Low,2024-09-30,2025-09-30,2025-09-30,Completed-OnTime,True,False,0.0
700027,CLI02560,Low,2024-09-30,2025-10-02,2025-10-02,Completed-OnTime,False,False,0.0
700028,CLI03127,Medium,2024-09-30,2025-10-01,2025-09-30,Completed-OnTime,False,False,0.0
700029,CLI01795,Low,2024-09-30,2025-09-30,2025-09-27,Completed-OnTime,True,False,0.0
700030,CLI02787,High,2024-09-30,2025-10-02,2025-10-02,Completed-OnTime,True,False,0.0
700031,CLI01554,Medium,2024-09-30,2025-10-03,2025-10-02,Completed-OnTime,True,False,0.0
700032,CLI01974,Low,2024-09-30,2025-09-30,2025-09-30,Completed-OnTime,True,False,0.0
700033,CLI02179,Medium,2024-09-30,2025-10-01,2025-09-29,Completed-OnTime,True,False,0.0
700034,CLI03750,Medium,2024-09-30,2025-10-02,2025-09-30,Completed-OnTime,True,False,0.0
700035,CLI00596,Medium,2024-09-30,2025-10-01,2025-09-26,Completed-OnTime,True,False,0.0
700036,CLI03860,Medium,2024-09-30,2025-10-02,2025-09-30,Completed-OnTime,True,False,0.0
700037,CLI03574,Low,2024-09-30,2025-10-04,2025-10-03,Completed-OnTime,True,False,0.0
700038,CLI03331,Low,2024-09-30,2025-09-30,2025-09-25,Completed-OnTime,True,False,0.0
700039,CLI01633,Medium,2024-09-30,2025-10-04,2025-09-30,Completed-OnTime,True,False,0.0
700040,CLI00205,Low,2024-09-30,2025-09-30,2025-09-28,Completed-OnTime,True,False,0.0
700041,CLI03382,Low,2024-09-30,2025-09-30,2025-09-29,Completed-OnTime,True,False,0.0
700042,CLI01994,Medium,2024-09-30,2025-10-04,2025-10-03,Completed-OnTime,True,False,0.0
700043,CLI00347,Low,2024-09-30,2025-10-02,2025-09-30,Completed-OnTime,True,False,0.0
700044,CLI01661,Medium,2024-09-30,2025-10-03,2025-09-30,Completed-OnTime,True,False,0.0
700045,CLI01361,Low,2024-09-30,2025-10-04,2025-10-03,Completed-OnTime,True,False,0.0
700046,CLI02130,Low,2024-09-30,2025-10-01,2025-10-01,Completed-OnTime,True,False,0.0
700047,CLI02405,Low,2024-09-30,2025-10-03,2025-10-03,Completed-OnTime,True,False,0.0
700048,CLI01824,Low,2024-09-30,2025-10-02,2025-10-02,Completed-OnTime,True,False,0.0
700049,CLI00548,Low,2024-09-30,2025-10-04,2025-10-02,Completed-OnTime,False,False,0.0
700050,CLI03944,Low,2024-09-30,2025-10-02,2025-10-01,Completed-OnTime,True,False,0.0
700051,CLI02116,Low,2024-09-30,2025-10-01,2025-09-27,Completed-OnTime,True,False,0.0
700052,CLI00136,Medium,2024-09-30,2025-10-02,2025-09-28,Completed-OnTime,True,False,0.0
700053,CLI03205,Low,2024-09-30,2025-10-03,2025-10-02,Completed-OnTime,True,False,0.0
700054,CLI03812,Medium,2024-09-30,2025-10-01,2025-09-29,Completed-OnTime,True,False,0.0
700055,CLI02191,Low,2024-09-30,2025-10-03,2025-10-02,Completed-OnTime,True,False,0.0
700056,CLI01612,Medium,2024-09-30,2025-09-30,2025-09-25,Completed-OnTime,True,False,0.0
700057,CLI01841,Low,2024-09-30,2025-10-02,2025-10-01,Completed-OnTime,True,False,0.0
700058,CLI00045,Low,2024-09-30,2025-10-01,2025-09-29,Completed-OnTime,True,False,0.0
700059,CLI01172,Low,2024-09-30,2025-10-02,2025-10-01,Completed-OnTime,True,False,0.0
700060,CLI02446,High,2024-09-30,2025-10-03,2025-09-28,Completed-OnTime,True,False,0.0
700061,CLI02927,Low,2024-09-30,2025-10-03,2025-09-30,Completed-OnTime,True,False,0.0
700062,CLI02516,Low,2024-09-30,2025-10-01,2025-09-30,Completed-OnTime,True,False,0.0
700063,CLI02841,Medium,2024-09-30,2025-10-01,2025-09-27,Completed-OnTime,True,False,0.0
700064,CLI02768,Low,2024-09-30,2025-09-30,2025-09-29,Completed-OnTime,True,False,0.0
700065,CLI02619,Low,2024-09-30,2025-10-04,2025-10-03,Completed-OnTime,True,False,0.0
700066,CLI02152,Medium,2024-09-30,2025-10-04,2025-10-04,Completed-OnTime,True,False,0.0
700067,CLI02279,High,2024-09-30,2025-10-04,2025-10-03,Completed-OnTime,True,False,0.0
700068,CLI03639,Low,2024-09-30,2025-10-01,2025-09-28,Completed-OnTime,True,False,0.0
700069,CLI00262,Low,2024-09-30,2025-09-30,2025-09-29,Completed-OnTime,True,False,0.0
700070,CLI02968,Low,2024-09-30,2025-10-04,2025-09-29,Completed-OnTime,True,False,0.0
700071,CLI03423,Medium,2024-09-30,2025-09-30,2025-09-30,Completed-OnTime,True,False,0.0
700072,CLI01697,Medium,2024-09-30,2025-10-03,2025-10-03,Completed-OnTime,True,False,0.0
700073,CLI01227,Medium,2024-09-30,2025-10-04,2025-10-02,Completed-OnTime,True,False,0.0
700074,CLI01415,Low,2024-09-30,2025-10-04,2025-10-03,Completed-OnTime,True,False,0.0
700075,CLI01561,Medium,2024-09-30,2025-10-01,2025-09-30,Completed-OnTime,True,False,0.0
700076,CLI03141,Medium,2024-09-30,2025-10-04,2025-09-29,Completed-OnTime,True,False,0.0
700077,CLI00811,Low,2024-09-30,2025-10-02,2025-10-01,Completed-OnTime,True,False,0.0
700078,CLI01184,Low,2024-09-30,2025-10-02,2025-09-28,Completed-OnTime,True,False,0.0
700079,CLI00707,High,2024-09-30,2025-10-01,2025-09-29,Completed-OnTime,True,False,0.0
700080,CLI03397,Low,2024-09-30,2025-10-03,2025-10-01,Completed-OnTime,True,False,0.0
700081,CLI02309,Low,2024-09-30,2025-10-02,2025-09-28,Completed-OnTime,True,False,0.0
700082,CLI03424,Low,2024-09-30,2025-10-01,2025-09-28,Completed-OnTime,True,False,0.0
700083,CLI01386,Low,2024-09-30,2025-10-04,2025-09-30,Completed-OnTime,True,False,0.0
700084,CLI02636,Low,2024-09-30,2025-10-03,2025-10-02,Completed-OnTime,True,False,0.0
700085,CLI01045,Medium,2024-09-30,2025-10-04,2025-10-01,Completed-OnTime,True,False,0.0
700086,CLI01780,Low,2024-09-30,2025-10-04,2025-10-01,Completed-OnTime,True,False,0.0
700087,CLI02548,High,2024-09-30,2025-10-04,2025-10-03,Completed-OnTime,True,False,0.0
700088,CLI01012,Low,2024-09-30,2025-10-04,2025-10-04,Completed-OnTime,True,False,0.0
700089,CLI01237,Medium,2024-09-30,2025-10-03,2025-09-30,Completed-OnTime,True,False,0.0
700090,CLI00551,Medium,2024-09-30,2025-10-03,2025-09-29,Completed-OnTime,True,False,0.0
700091,CLI00866,Medium,2024-09-30,2025-10-02,2025-10-05,Completed-Late,True,False,3.0
700092,CLI02352,Low,2024-09-30,2025-10-04,2025-09-30,Completed-OnTime,True,False,0.0
700093,CLI01951,Medium,2024-09-30,2025-10-03,2025-10-02,Completed-OnTime,True,False,0.0
700094,CLI03064,Medium,2024-09-30,2025-10-04,2025-10-04,Completed-OnTime,True,False,0.0
700095,CLI00272,Low,2024-09-30,2025-10-02,2025-09-29,Completed-OnTime,True,False,0.0
700096,CLI02119,Low,2024-09-30,2025-10-03,,Open,True,True,
700097,CLI03435,Low,2024-09-30,2025-10-03,2025-10-01,Completed-OnTime,True,False,0.0
700098,CLI02657,Low,2024-09-30,2025-10-04,2025-10-03,Completed-OnTime,True,False,0.0
700099,CLI00173,Low,2024-09-30,2025-09-30,2025-09-27,Completed-OnTime,True,False,0.0
700100,CLI02663,Low,2024-09-30,2025-10-04,2025-10-01,Completed-OnTime,True,False,0.0
700101,CLI01158,Low,2024-09-30,2025-10-02,2025-10-01,Completed-OnTime,True,False,0.0
700102,CLI02330,Low,2024-09-30,2025-10-01,2025-09-28,Completed-OnTime,True,False,0.0
700103,CLI03285,High,2024-09-30,2025-10-01,2025-09-27,Completed-OnTime,True,False,0.0
700104,CLI01559,Medium,2024-09-30,2025-10-04,2025-10-02,Completed-OnTime,True,False,0.0
700105,CLI01276,Low,2024-09-30,2025-10-03,2025-09-30,Completed-OnTime,True,False,0.0
700106,CLI02737,Medium,2024-09-30,2025-10-04,2025-09-30,Completed-OnTime,True,False,0.0
700107,CLI00544,Low,2024-09-30,2025-10-01,2025-09-29,Completed-OnTime,True,False,0.0
700108,CLI03389,Medium,2024-09-30,2025-10-01,2025-09-28,Completed-OnTime,True,False,0.0
700109,CLI02948,Low,2024-09-30,2025-10-02,2025-10-01,Completed-OnTime,True,False,0.0
700110,CLI00605,Low,2024-09-30,2025-10-02,2025-10-01,Completed-OnTime,True,False,0.0
700111,CLI01865,Medium,2024-09-30,2025-10-02,2025-09-29,Completed-OnTime,True,False,0.0
700112,CLI03006,Medium,2024-09-30,2025-10-03,2025-09-28,Completed-OnTime,True,False,0.0
700113,CLI01465,Low,2024-09-30,2025-09-30,2025-09-30,Completed-OnTime,True,False,0.0
700114,CLI02455,Low,2024-09-30,2025-10-03,2025-10-03,Completed-OnTime,True,False,0.0
700115,CLI01894,Medium,2024-09-30,2025-10-01,2025-10-01,Completed-OnTime,True,False,0.0
700116,CLI02488,Medium,2024-09-30,2025-10-01,2025-09-30,Completed-OnTime,True,False,0.0
700117,CLI02171,Medium,2024-09-30,2025-10-03,2025-10-02,Completed-OnTime,True,False,0.0
700118,CLI02275,Medium,2024-09-30,2025-10-02,2025-10-02,Completed-OnTime,True,False,0.0
700119,CLI00570,High,2024-09-30,2025-09-30,2025-09-26,Completed-OnTime,True,False,0.0
700120,CLI00899,Low,2024-09-30,2025-10-04,2025-10-03,Completed-OnTime,True,False,0.0
700121,CLI03783,Medium,2024-09-30,2025-10-03,2025-09-30,Completed-OnTime,True,False,0.0
700122,CLI03529,Low,2024-09-30,2025-09-30,2025-09-25,Completed-OnTime,True,False,0.0
700123,CLI03119,Low,2024-09-30,2025-10-02,2025-10-02,Completed-OnTime,True,False,0.0
700124,CLI00206,Medium,2024-09-30,2025-10-03,2025-10-03,Completed-OnTime,True,False,0.0
700125,CLI02066,Low,2024-09-30,2025-10-04,2025-10-04,Completed-OnTime,True,False,0.0
700126,CLI02495,High,2024-09-30,2025-10-04,2025-10-03,Completed-OnTime,True,False,0.0
700127,CLI00685,Low,2024-09-30,2025-10-01,2025-09-28,Completed-OnTime,True,False,0.0
700128,CLI03445,Low,2024-09-30,2025-09-30,2025-09-25,Completed-OnTime,True,False,0.0
700129,CLI02685,Medium,2024-09-30,2025-09-30,2025-09-25,Completed-OnTime,True,False,0.0
700130,CLI03571,Low,2024-09-30,2025-10-04,2025-10-04,Completed-OnTime,True,False,0.0
700131,CLI01288,Low,2024-09-30,2025-10-03,2025-09-30,Completed-OnTime,True,False,0.0
700132,CLI02520,Low,2024-09-30,2025-10-01,2025-09-30,Completed-OnTime,True,False,0.0
700133,CLI02610,Low,2024-09-30,2025-10-02,2025-09-27,Completed-OnTime,True,False,0.0
700134,CLI00662,Medium,2024-09-30,2025-09-30,2025-09-27,Completed-OnTime,True,False,0.0
700135,CLI01887,Low,2024-09-30,2025-10-01,2025-09-30,Completed-OnTime,True,False,0.0
700136,CLI03991,Medium,2024-09-30,2025-10-04,2025-10-04,Completed-OnTime,True,False,0.0
700137,CLI03498,Medium,2024-09-30,2025-09-30,2025-09-27,Completed-OnTime,True,False,0.0
700138,CLI01063,Low,2024-09-30,2025-10-02,2025-10-02,Completed-OnTime,True,False,0.0
700139,CLI01643,Medium,2024-09-30,2025-10-04,2025-09-29,Completed-OnTime,True,False,0.0
700140,CLI01869,Medium,2024-09-30,2025-10-04,2025-09-30,Completed-OnTime,True,False,0.0
700141,CLI03647,Medium,2024-09-30,2025-10-03,2025-09-29,Completed-OnTime,True,False,0.0
700142,CLI02767,Low,2024-09-30,2025-10-04,2025-09-29,Completed-OnTime,False,False,0.0
700143,CLI01900,Low,2024-09-30,2025-10-02,2025-09-29,Completed-OnTime,True,False,0.0
700144,CLI02691,Low,2024-09-30,2025-10-04,2025-10-28,Completed-Late,True,False,24.0
700145,CLI03124,Low,2024-09-30,2025-09-30,2025-09-27,Completed-OnTime,True,False,0.0
700146,CLI02835,Low,2024-09-30,2025-10-01,2025-09-30,Completed-OnTime,False,False,0.0
700147,CLI01657,Low,2024-09-30,2025-10-01,2025-09-27,Completed-OnTime,True,False,0.0
700148,CLI02647,Low,2024-09-30,2025-10-03,2025-10-02,Completed-OnTime,True,False,0.0
700149,CLI00389,Low,2024-09-30,2025-10-04,,Open,True,True,
700150,CLI00099,Low,2024-09-30,2025-10-01,2025-09-27,Completed-OnTime,True,False,0.0
700151,CLI00539,Low,2024-10-31,2025-11-02,2025-10-29,Completed-OnTime,True,False,0.0
700152,CLI01826,High,2024-10-31,2025-11-03,2025-11-02,Completed-OnTime,True,False,0.0
700153,CLI03306,Low,2024-10-31,2025-11-01,2025-10-31,Completed-OnTime,True,False,0.0
700154,CLI00403,Low,2024-10-31,2025-11-03,2025-10-30,Completed-OnTime,True,False,0.0
700155,CLI00891,Low,2024-10-31,2025-10-31,2025-10-27,Completed-OnTime,True,False,0.0
700156,CLI00278,Low,2024-10-31,2025-11-03,2025-10-31,Completed-OnTime,True,False,0.0
700157,CLI03987,Low,2024-10-31,2025-11-02,2025-10-28,Completed-OnTime,True,False,0.0
700158,CLI03351,Low,2024-10-31,2025-11-01,2025-10-29,Completed-OnTime,False,False,0.0
700159,CLI01534,Medium,2024-10-31,2025-11-01,2025-10-31,Completed-OnTime,True,False,0.0
700160,CLI01030,Medium,2024-10-31,2025-11-01,2025-10-28,Completed-OnTime,True,False,0.0
700161,CLI00265,Medium,2024-10-31,2025-11-04,2025-11-02,Completed-OnTime,True,False,0.0
700162,CLI00451,Low,2024-10-31,2025-11-04,2025-11-03,Completed-OnTime,True,False,0.0
700163,CLI01457,Low,2024-10-31,2025-11-04,2025-10-30,Completed-OnTime,True,False,0.0
700164,CLI03679,Medium,2024-10-31,2025-11-04,2025-10-31,Completed-OnTime,True,False,0.0
700165,CLI03942,Medium,2024-10-31,2025-11-01,2025-10-31,Completed-OnTime,True,False,0.0
700166,CLI03769,Low,2024-10-31,2025-11-03,2025-11-03,Completed-OnTime,True,False,0.0
700167,CLI01096,Medium,2024-10-31,2025-11-03,2025-10-29,Completed-OnTime,True,False,0.0
700168,CLI03632,Low,2024-10-31,2025-10-31,2025-10-26,Completed-OnTime,True,False,0.0
700169,CLI03054,Medium,2024-10-31,2025-10-31,2025-10-26,Completed-OnTime,True,False,0.0
700170,CLI01435,Low,2024-10-31,2025-11-01,2025-10-27,Completed-OnTime,True,False,0.0
700171,CLI01943,Low,2024-10-31,2025-10-31,2025-10-29,Completed-OnTime,True,False,0.0
700172,CLI02925,Medium,2024-10-31,2025-10-31,2025-10-28,Completed-OnTime,True,False,0.0
700173,CLI03231,Medium,2024-10-31,2025-11-04,2025-10-31,Completed-OnTime,False,False,0.0
700174,CLI02088,High,2024-10-31,2025-11-04,2025-11-25,Completed-Late,True,False,21.0
700175,CLI00862,Medium,2024-10-31,2025-11-04,2025-11-01,Completed-OnTime,True,False,0.0
700176,CLI00087,High,2024-10-31,2025-11-01,2025-10-31,Completed-OnTime,True,False,0.0
700177,CLI02632,Medium,2024-10-31,2025-11-03,,Open,True,True,
700178,CLI02246,High,2024-10-31,2025-11-03,2025-11-03,Completed-OnTime,True,False,0.0
700179,CLI03713,Low,2024-10-31,2025-11-03,2025-11-02,Completed-OnTime,True,False,0.0
700180,CLI00197,Low,2024-10-31,2025-11-02,2025-11-02,Completed-OnTime,True,False,0.0
700181,CLI01501,Low,2024-10-31,2025-11-02,2025-10-28,Completed-OnTime,True,False,0.0
700182,CLI03013,High,2024-10-31,2025-11-04,2025-11-04,Completed-OnTime,True,False,0.0
700183,CLI02086,Medium,2024-10-31,2025-11-03,2025-10-30,Completed-OnTime,False,False,0.0
700184,CLI02335,Low,2024-10-31,2025-11-03,2025-11-02,Completed-OnTime,True,False,0.0
700185,CLI03046,Low,2024-10-31,2025-11-02,2025-11-01,Completed-OnTime,True,False,0.0
700186,CLI01632,Low,2024-10-31,2025-10-31,2025-10-26,Completed-OnTime,True,False,0.0
700187,CLI03886,Medium,2024-10-31,2025-11-03,2025-11-01,Completed-OnTime,True,False,0.0
700188,CLI03441,Medium,2024-10-31,2025-10-31,2025-10-27,Completed-OnTime,True,False,0.0
700189,CLI03152,High,2024-10-31,2025-11-01,2025-11-01,Completed-OnTime,True,False,0.0
700190,CLI02407,Medium,2024-10-31,2025-11-04,2025-11-02,Completed-OnTime,True,False,0.0
700191,CLI03993,Medium,2024-10-31,2025-11-01,2025-10-29,Completed-OnTime,True,False,0.0
700192,CLI01252,Low,2024-10-31,2025-11-04,2025-10-31,Completed-OnTime,True,False,0.0
700193,CLI01388,Medium,2024-10-31,2025-11-03,2025-11-02,Completed-OnTime,True,False,0.0
700194,CLI03291,Low,2024-10-31,2025-11-04,2025-11-04,Completed-OnTime,True,False,0.0
700195,CLI00005,Low,2024-10-31,2025-11-02,2025-10-28,Completed-OnTime,True,False,0.0
700196,CLI01902,Medium,2024-10-31,2025-11-02,2025-11-02,Completed-OnTime,True,False,0.0
700197,CLI00764,Medium,2024-10-31,2025-11-01,,Open,True,True,
700198,CLI01887,Medium,2024-10-31,2025-10-31,2025-10-29,Completed-OnTime,True,False,0.0
700199,CLI01040,Low,2024-10-31,2025-11-02,,Open,False,True,
700200,CLI03728,Low,2024-10-31,2025-11-03,,Open,True,True,
700201,CLI03400,Low,2024-10-31,2025-11-04,2025-11-04,Completed-OnTime,True,False,0.0
700202,CLI02451,Low,2024-10-31,2025-11-02,2025-11-02,Completed-OnTime,True,False,0.0
700203,CLI00462,High,2024-10-31,2025-11-04,2025-11-02,Completed-OnTime,True,False,0.0
700204,CLI02470,Low,2024-10-31,2025-11-03,2025-10-31,Completed-OnTime,True,False,0.0
700205,CLI02635,Medium,2024-10-31,2025-11-04,2025-10-31,Completed-OnTime,True,False,0.0
700206,CLI00134,Low,2024-10-31,2025-11-03,2025-10-30,Completed-OnTime,True,False,0.0
700207,CLI01186,High,2024-10-31,2025-10-31,2025-10-29,Completed-OnTime,True,False,0.0
700208,CLI01787,Medium,2024-10-31,2025-10-31,2025-10-31,Completed-OnTime,True,False,0.0
700209,CLI03779,Medium,2024-10-31,2025-11-02,2025-10-28,Completed-OnTime,True,False,0.0
700210,CLI00875,Medium,2024-10-31,2025-11-04,2025-10-31,Completed-OnTime,True,False,0.0
700211,CLI02928,Medium,2024-10-31,2025-11-04,2025-10-30,Completed-OnTime,True,False,0.0
700212,CLI03369,Low,2024-10-31,2025-10-31,2025-10-27,Completed-OnTime,False,False,0.0
700213,CLI01316,High,2024-10-31,2025-11-01,2025-10-29,Completed-OnTime,True,False,0.0
700214,CLI00925,High,2024-10-31,2025-10-31,2025-10-30,Completed-OnTime,True,False,0.0
700215,CLI00269,Low,2024-10-31,2025-11-03,2025-11-03,Completed-OnTime,True,False,0.0
700216,CLI00809,Medium,2024-10-31,2025-11-02,2025-11-01,Completed-OnTime,True,False,0.0
700217,CLI03599,Low,2024-10-31,2025-11-04,2025-11-03,Completed-OnTime,True,False,0.0
700218,CLI02039,Low,2024-10-31,2025-11-01,2025-10-28,Completed-OnTime,True,False,0.0
700219,CLI00178,Low,2024-10-31,2025-10-31,2025-10-26,Completed-OnTime,True,False,0.0
700220,CLI02850,Low,2024-10-31,2025-10-31,2025-10-27,Completed-OnTime,True,False,0.0
700221,CLI02984,Low,2024-10-31,2025-11-01,2025-10-31,Completed-OnTime,True,False,0.0
700222,CLI03166,High,2024-10-31,2025-11-04,2025-10-30,Completed-OnTime,True,False,0.0
700223,CLI01490,Medium,2024-10-31,2025-11-01,2025-10-27,Completed-OnTime,True,False,0.0
700224,CLI01812,Low,2024-10-31,2025-10-31,2025-10-27,Completed-OnTime,True,False,0.0
700225,CLI02889,Low,2024-10-31,2025-11-02,2025-10-28,Completed-OnTime,True,False,0.0
700226,CLI02202,Low,2024-10-31,2025-11-04,2025-11-01,Completed-OnTime,True,False,0.0
700227,CLI01669,Low,2024-10-31,2025-11-02,2025-10-30,Completed-OnTime,True,False,0.0
700228,CLI03282,Medium,2024-10-31,2025-11-04,2025-11-01,Completed-OnTime,True,False,0.0
700229,CLI01329,Low,2024-10-31,2025-11-03,2025-11-01,Completed-OnTime,True,False,0.0
700230,CLI03863,Medium,2024-10-31,2025-11-03,2025-11-03,Completed-OnTime,True,False,0.0
700231,CLI01948,Medium,2024-10-31,2025-11-04,2025-11-01,Completed-OnTime,True,False,0.0
700232,CLI03310,Medium,2024-10-31,2025-10-31,2025-10-31,Completed-OnTime,True,False,0.0
700233,CLI00402,Low,2024-10-31,2025-11-01,2025-10-31,Completed-OnTime,True,False,0.0
700234,CLI03613,Low,2024-10-31,2025-11-04,2025-11-03,Completed-OnTime,True,False,0.0
700235,CLI02930,Low,2024-10-31,2025-11-02,2025-10-28,Completed-OnTime,True,False,0.0
700236,CLI00666,Medium,2024-10-31,2025-11-03,2025-10-31,Completed-OnTime,True,False,0.0
700237,CLI00144,Medium,2024-10-31,2025-11-03,2025-11-02,Completed-OnTime,True,False,0.0
700238,CLI00453,Low,2024-10-31,2025-10-31,2025-10-27,Completed-OnTime,True,False,0.0
700239,CLI03265,High,2024-10-31,2025-11-04,2025-11-03,Completed-OnTime,True,False,0.0
700240,CLI03723,Low,2024-10-31,2025-11-04,2025-11-04,Completed-OnTime,True,False,0.0
700241,CLI03048,Low,2024-10-31,2025-11-04,2025-10-31,Completed-OnTime,True,False,0.0
700242,CLI01834,Medium,2024-10-31,2025-10-31,2025-10-28,Completed-OnTime,True,False,0.0
700243,CLI03674,Medium,2024-10-31,2025-10-31,2025-10-29,Completed-OnTime,True,False,0.0
700244,CLI03222,Medium,2024-10-31,2025-10-31,2025-10-29,Completed-OnTime,True,False,0.0
700245,CLI02486,Low,2024-10-31,2025-11-04,2025-11-01,Completed-OnTime,True,False,0.0
700246,CLI01694,Medium,2024-10-31,2025-11-02,2025-10-31,Completed-OnTime,True,False,0.0
700247,CLI02085,Medium,2024-10-31,2025-11-03,2025-11-02,Completed-OnTime,True,False,0.0
700248,CLI02321,Low,2024-10-31,2025-11-04,2025-11-03,Completed-OnTime,True,False,0.0
700249,CLI03635,Low,2024-10-31,2025-11-01,2025-11-01,Completed-OnTime,True,False,0.0
700250,CLI02568,Low,2024-10-31,2025-11-01,2025-10-29,Completed-OnTime,True,False,0.0
700251,CLI00620,Low,2024-10-31,2025-11-01,2025-10-27,Completed-OnTime,True,False,0.0
700252,CLI03593,Low,2024-10-31,2025-11-01,2025-10-28,Completed-OnTime,True,False,0.0
700253,CLI00515,Medium,2024-10-31,2025-11-03,2025-10-29,Completed-OnTime,True,False,0.0
700254,CLI02697,Medium,2024-10-31,2025-10-31,2025-10-31,Completed-OnTime,True,False,0.0
700255,CLI00756,Low,2024-10-31,2025-11-04,2025-10-30,Completed-OnTime,True,False,0.0
700256,CLI03669,Low,2024-10-31,2025-11-04,2025-11-04,Completed-OnTime,True,False,0.0
700257,CLI03619,High,2024-10-31,2025-11-04,2025-10-30,Completed-OnTime,True,False,0.0
700258,CLI00248,Low,2024-10-31,2025-11-03,2025-10-30,Completed-OnTime,True,False,0.0
700259,CLI02578,Medium,2024-10-31,2025-11-04,2025-11-01,Completed-OnTime,True,False,0.0
700260,CLI03121,Low,2024-10-31,2025-11-02,2025-11-01,Completed-OnTime,True,False,0.0
700261,CLI02765,Low,2024-10-31,2025-11-04,2025-11-02,Completed-OnTime,True,False,0.0
700262,CLI03130,Medium,2024-10-31,2025-10-31,2025-11-14,Completed-Late,True,False,14.0
700263,CLI01053,High,2024-10-31,2025-10-31,2025-10-31,Completed-OnTime,True,False,0.0
700264,CLI02186,Medium,2024-10-31,2025-11-03,2025-11-03,Completed-OnTime,True,False,0.0
700265,CLI02107,High,2024-10-31,2025-11-01,2025-10-29,Completed-OnTime,True,False,0.0
700266,CLI03400,Medium,2024-10-31,2025-11-03,2025-10-31,Completed-OnTime,True,False,0.0
700267,CLI01682,Low,2024-10-31,2025-10-31,2025-10-30,Completed-OnTime,True,False,0.0
700268,CLI00131,High,2024-10-31,2025-11-02,2025-10-31,Completed-OnTime,True,False,0.0
700269,CLI03261,Medium,2024-10-31,2025-10-31,2025-10-28,Completed-OnTime,True,False,0.0
700270,CLI00835,Medium,2024-10-31,2025-10-31,2025-10-26,Completed-OnTime,True,False,0.0
700271,CLI03191,Low,2024-10-31,2025-11-04,2025-11-04,Completed-OnTime,True,False,0.0
700272,CLI01733,Medium,2024-10-31,2025-10-31,2025-10-26,Completed-OnTime,False,False,0.0
700273,CLI02719,High,2024-10-31,2025-11-04,2025-11-26,Completed-Late,True,False,22.0
700274,CLI03452,Low,2024-10-31,2025-10-31,2025-10-26,Completed-OnTime,True,False,0.0
700275,CLI01310,High,2024-10-31,2025-11-04,2025-11-02,Completed-OnTime,True,False,0.0
700276,CLI01753,Low,2024-10-31,2025-11-01,2025-10-31,Completed-OnTime,True,False,0.0
700277,CLI03715,Low,2024-10-31,2025-11-04,2025-11-04,Completed-OnTime,True,False,0.0
700278,CLI01344,Low,2024-10-31,2025-10-31,2025-10-27,Completed-OnTime,True,False,0.0
700279,CLI00178,Low,2024-10-31,2025-10-31,2025-10-28,Completed-OnTime,True,False,0.0
700280,CLI02105,Low,2024-10-31,2025-11-02,2025-10-30,Completed-OnTime,True,False,0.0
700281,CLI00146,Low,2024-10-31,2025-11-03,2025-11-03,Completed-OnTime,True,False,0.0
700282,CLI03721,Low,2024-10-31,2025-11-02,2025-11-02,Completed-OnTime,True,False,0.0
700283,CLI00406,Low,2024-10-31,2025-11-04,2025-11-04,Completed-OnTime,True,False,0.0
700284,CLI02390,Low,2024-10-31,2025-10-31,2025-10-29,Completed-OnTime,True,False,0.0
700285,CLI03208,Low,2024-10-31,2025-11-01,2025-11-01,Completed-OnTime,True,False,0.0
700286,CLI02814,High,2024-10-31,2025-11-03,,Open,True,True,
700287,CLI03936,Medium,2024-10-31,2025-11-03,2025-11-03,Completed-OnTime,True,False,0.0
700288,CLI03455,Medium,2024-10-31,2025-11-03,2025-10-30,Completed-OnTime,True,False,0.0
700289,CLI03239,Medium,2024-10-31,2025-10-31,2025-10-31,Completed-OnTime,True,False,0.0
700290,CLI00453,Medium,2024-10-31,2025-11-03,2025-10-30,Completed-OnTime,True,False,0.0
700291,CLI01414,Low,2024-10-31,2025-11-02,2025-10-29,Completed-OnTime,True,False,0.0
700292,CLI01267,High,2024-10-31,2025-11-02,2025-10-30,Completed-OnTime,True,False,0.0
700293,CLI01392,Low,2024-10-31,2025-10-31,2025-10-30,Completed-OnTime,True,False,0.0
700294,CLI02909,Low,2024-10-31,2025-11-03,2025-11-01,Completed-OnTime,True,False,0.0
700295,CLI00968,Low,2024-10-31,2025-10-31,2025-10-29,Completed-OnTime,True,False,0.0
700296,CLI03398,Low,2024-10-31,2025-11-01,2025-11-01,Completed-OnTime,True,False,0.0
700297,CLI02920,Low,2024-10-31,2025-11-01,2025-10-28,Completed-OnTime,True,False,0.0
700298,CLI03505,Medium,2024-10-31,2025-11-01,2025-11-01,Completed-OnTime,True,False,0.0
700299,CLI00118,Low,2024-10-31,2025-11-02,2025-10-29,Completed-OnTime,True,False,0.0
700300,CLI02702,Medium,2024-10-31,2025-11-01,2025-10-31,Completed-OnTime,True,False,0.0
700301,CLI01576,Low,2024-11-30,2025-12-02,2025-11-27,Completed-OnTime,True,False,0.0
700302,CLI02846,Medium,2024-11-30,2025-12-03,2025-11-28,Completed-OnTime,True,False,0.0
700303,CLI01864,Medium,2024-11-30,2025-12-01,2025-11-29,Completed-OnTime,True,False,0.0
700304,CLI00350,Medium,2024-11-30,2025-12-02,2025-12-01,Completed-OnTime,False,False,0.0
700305,CLI03762,Low,2024-11-30,2025-12-04,2025-11-29,Completed-OnTime,True,False,0.0
700306,CLI03613,High,2024-11-30,2025-12-01,2025-11-27,Completed-OnTime,True,False,0.0
700307,CLI01858,High,2024-11-30,2025-11-30,2025-11-30,Completed-OnTime,True,False,0.0
700308,CLI00575,Medium,2024-11-30,2025-12-04,2025-11-30,Completed-OnTime,True,False,0.0
700309,CLI03366,Low,2024-11-30,2025-12-01,2025-12-01,Completed-OnTime,True,False,0.0
700310,CLI00377,Low,2024-11-30,2025-12-03,2025-11-29,Completed-OnTime,True,False,0.0
700311,CLI01391,Low,2024-11-30,2025-12-01,2025-11-27,Completed-OnTime,True,False,0.0
700312,CLI02155,Low,2024-11-30,2025-12-04,2025-12-01,Completed-OnTime,True,False,0.0
700313,CLI00186,Medium,2024-11-30,2025-11-30,2025-11-27,Completed-OnTime,True,False,0.0
700314,CLI00877,Low,2024-11-30,2025-11-30,2025-11-26,Completed-OnTime,True,False,0.0
700315,CLI00028,Medium,2024-11-30,2025-12-01,,Open,False,True,
700316,CLI01218,Medium,2024-11-30,2025-12-04,2025-12-03,Completed-OnTime,True,False,0.0
700317,CLI00234,Low,2024-11-30,2025-12-03,2025-11-30,Completed-OnTime,True,False,0.0
700318,CLI03605,Low,2024-11-30,2025-12-02,2025-11-30,Completed-OnTime,True,False,0.0
700319,CLI02654,Low,2024-11-30,2025-11-30,2025-11-27,Completed-OnTime,True,False,0.0
700320,CLI00763,Medium,2024-11-30,2025-12-02,2025-11-30,Completed-OnTime,True,False,0.0
700321,CLI02949,Medium,2024-11-30,2025-12-02,2025-11-28,Completed-OnTime,True,False,0.0
700322,CLI00026,Medium,2024-11-30,2025-12-04,2025-12-01,Completed-OnTime,True,False,0.0
700323,CLI00200,Low,2024-11-30,2025-12-04,2025-11-30,Completed-OnTime,True,False,0.0
700324,CLI03974,Low,2024-11-30,2025-11-30,2025-11-29,Completed-OnTime,True,False,0.0
700325,CLI00983,Low,2024-11-30,2025-12-02,2025-11-27,Completed-OnTime,True,False,0.0
700326,CLI01210,High,2024-11-30,2025-12-01,2026-01-12,Completed-Late,True,False,42.0
700327,CLI02437,High,2024-11-30,2025-12-01,2025-12-01,Completed-OnTime,True,False,0.0
700328,CLI00961,Low,2024-11-30,2025-12-03,2025-12-01,Completed-OnTime,True,False,0.0
700329,CLI03836,Medium,2024-11-30,2025-12-03,2025-12-02,Completed-OnTime,True,False,0.0
700330,CLI01878,Low,2024-11-30,2025-12-01,2025-11-30,Completed-OnTime,True,False,0.0
700331,CLI00022,Medium,2024-11-30,2025-12-03,2025-12-01,Completed-OnTime,True,False,0.0
700332,CLI03877,Low,2024-11-30,2025-12-03,2025-12-01,Completed-OnTime,False,False,0.0
700333,CLI02255,Low,2024-11-30,2025-11-30,2025-11-27,Completed-OnTime,True,False,0.0
700334,CLI01509,High,2024-11-30,2025-12-02,2025-12-02,Completed-OnTime,True,False,0.0
700335,CLI01598,Medium,2024-11-30,2025-11-30,2025-11-27,Completed-OnTime,True,False,0.0
700336,CLI01971,High,2024-11-30,2025-12-03,2025-12-02,Completed-OnTime,False,False,0.0
700337,CLI00302,High,2024-11-30,2025-12-03,2025-12-01,Completed-OnTime,True,False,0.0
700338,CLI03236,Low,2024-11-30,2025-12-03,2025-12-02,Completed-OnTime,True,False,0.0
700339,CLI03462,Medium,2024-11-30,2025-12-03,2025-11-29,Completed-OnTime,True,False,0.0
700340,CLI00684,Low,2024-11-30,2025-12-04,2025-11-30,Completed-OnTime,True,False,0.0
700341,CLI02312,Low,2024-11-30,2025-12-02,2025-12-02,Completed-OnTime,True,False,0.0
700342,CLI03331,Low,2024-11-30,2025-11-30,2025-11-27,Completed-OnTime,True,False,0.0
700343,CLI01231,Low,2024-11-30,2025-11-30,2025-11-29,Completed-OnTime,True,False,0.0
700344,CLI01950,Low,2024-11-30,2025-11-30,2025-11-28,Completed-OnTime,True,False,0.0
700345,CLI00397,Low,2024-11-30,2025-11-30,2025-11-28,Completed-OnTime,True,False,0.0
700346,CLI01219,Low,2024-11-30,2025-12-02,2025-12-02,Completed-OnTime,True,False,0.0
700347,CLI00032,Medium,2024-11-30,2025-11-30,2025-11-25,Completed-OnTime,True,False,0.0
700348,CLI03063,Low,2024-11-30,2025-12-03,2025-11-30,Completed-OnTime,True,False,0.0
700349,CLI02397,Medium,2024-11-30,2025-12-02,2025-12-01,Completed-OnTime,True,False,0.0
700350,CLI03641,Medium,2024-11-30,2025-12-02,2025-11-28,Completed-OnTime,True,False,0.0
700351,CLI01069,Low,2024-11-30,2025-12-03,2025-12-01,Completed-OnTime,True,False,0.0
700352,CLI00460,Low,2024-11-30,2025-11-30,2025-11-25,Completed-OnTime,True,False,0.0
700353,CLI02803,High,2024-11-30,2025-12-02,2025-11-30,Completed-OnTime,True,False,0.0
700354,CLI01365,Low,2024-11-30,2025-11-30,2025-11-26,Completed-OnTime,True,False,0.0
700355,CLI00993,Low,2024-11-30,2025-12-01,2025-12-01,Completed-OnTime,True,False,0.0
700356,CLI00760,Low,2024-11-30,2025-12-04,2025-12-04,Completed-OnTime,True,False,0.0
700357,CLI03887,Low,2024-11-30,2025-12-04,2025-12-01,Completed-OnTime,True,False,0.0
700358,CLI02876,Low,2024-11-30,2025-12-04,2025-12-01,Completed-OnTime,True,False,0.0
700359,CLI02734,Low,2024-11-30,2025-12-03,2025-11-30,Completed-OnTime,True,False,0.0
700360,CLI00644,Medium,2024-11-30,2025-12-01,2025-11-28,Completed-OnTime,True,False,0.0
700361,CLI02941,Low,2024-11-30,2025-11-30,2025-12-28,Completed-Late,True,False,28.0
700362,CLI00422,Low,2024-11-30,2025-12-04,2025-12-04,Completed-OnTime,True,False,0.0
700363,CLI00247,Medium,2024-11-30,2025-12-04,2025-12-03,Completed-OnTime,True,False,0.0
700364,CLI00748,High,2024-11-30,2025-11-30,2025-11-25,Completed-OnTime,True,False,0.0
700365,CLI03838,Medium,2024-11-30,2025-12-02,2025-11-29,Completed-OnTime,True,False,0.0
700366,CLI00293,Low,2024-11-30,2025-12-04,2025-12-02,Completed-OnTime,True,False,0.0
700367,CLI00761,Low,2024-11-30,2025-12-02,2025-11-28,Completed-OnTime,True,False,0.0
700368,CLI02520,Low,2024-11-30,2025-12-01,2025-11-28,Completed-OnTime,True,False,0.0
700369,CLI03552,Low,2024-11-30,2025-11-30,2025-11-25,Completed-OnTime,True,False,0.0
700370,CLI01058,Medium,2024-11-30,2025-12-02,2025-12-01,Completed-OnTime,True,False,0.0
700371,CLI02729,High,2024-11-30,2025-11-30,2025-11-27,Completed-OnTime,True,False,0.0
700372,CLI02656,Medium,2024-11-30,2025-11-30,2025-11-25,Completed-OnTime,True,False,0.0
700373,CLI00468,Medium,2024-11-30,2025-12-02,2025-12-02,Completed-OnTime,True,False,0.0
700374,CLI00131,Low,2024-11-30,2025-12-03,2025-11-29,Completed-OnTime,True,False,0.0
700375,CLI02905,Medium,2024-11-30,2025-12-02,2025-12-02,Completed-OnTime,True,False,0.0
700376,CLI03881,Low,2024-11-30,2025-11-30,2025-11-30,Completed-OnTime,True,False,0.0
700377,CLI02214,High,2024-11-30,2025-11-30,2025-11-28,Completed-OnTime,True,False,0.0
700378,CLI01694,Low,2024-11-30,2025-12-03,2025-11-29,Completed-OnTime,True,False,0.0
700379,CLI03527,Low,2024-11-30,2025-11-30,2025-11-27,Completed-OnTime,False,False,0.0
700380,CLI02341,Medium,2024-11-30,2025-12-03,2025-12-02,Completed-OnTime,True,False,0.0
700381,CLI00745,Low,2024-11-30,2025-12-02,2025-12-01,Completed-OnTime,True,False,0.0
700382,CLI03148,Low,2024-11-30,2025-11-30,2025-11-27,Completed-OnTime,True,False,0.0
700383,CLI00379,High,2024-11-30,2025-12-03,2025-12-03,Completed-OnTime,True,False,0.0
700384,CLI00210,High,2024-11-30,2025-12-03,2025-11-30,Completed-OnTime,True,False,0.0
700385,CLI02169,Low,2024-11-30,2025-12-04,2025-12-02,Completed-OnTime,True,False,0.0
700386,CLI00691,Medium,2024-11-30,2025-12-04,2025-11-29,Completed-OnTime,True,False,0.0
700387,CLI03087,High,2024-11-30,2025-12-01,2025-11-29,Completed-OnTime,True,False,0.0
700388,CLI00394,Medium,2024-11-30,2025-12-04,2025-12-03,Completed-OnTime,True,False,0.0
700389,CLI03961,Low,2024-11-30,2025-12-03,2025-12-01,Completed-OnTime,True,False,0.0
700390,CLI02059,Low,2024-11-30,2025-12-01,2025-12-01,Completed-OnTime,True,False,0.0
700391,CLI01089,Low,2024-11-30,2025-12-01,2025-12-01,Completed-OnTime,True,False,0.0
700392,CLI03967,Low,2024-11-30,2025-12-03,2025-12-01,Completed-OnTime,True,False,0.0
700393,CLI00391,High,2024-11-30,2025-12-04,2025-11-29,Completed-OnTime,True,False,0.0
700394,CLI02377,Low,2024-11-30,2025-12-01,2025-11-29,Completed-OnTime,True,False,0.0
700395,CLI02751,Medium,2024-11-30,2025-11-30,2025-11-29,Completed-OnTime,True,False,0.0
700396,CLI00108,Low,2024-11-30,2025-11-30,2025-11-28,Completed-OnTime,True,False,0.0
700397,CLI02951,Low,2024-11-30,2025-11-30,2025-11-25,Completed-OnTime,True,False,0.0
700398,CLI02243,Low,2024-11-30,2025-12-02,2025-12-02,Completed-OnTime,True,False,0.0
700399,CLI02776,Low,2024-11-30,2025-12-04,2025-11-29,Completed-OnTime,True,False,0.0
700400,CLI02963,Low,2024-11-30,2025-12-03,2025-11-30,Completed-OnTime,True,False,0.0
700401,CLI03663,Low,2024-11-30,2025-12-02,2025-11-29,Completed-OnTime,True,False,0.0
700402,CLI03367,Medium,2024-11-30,2025-12-01,2025-12-01,Completed-OnTime,True,False,0.0
700403,CLI02956,Medium,2024-11-30,2025-11-30,2025-11-26,Completed-OnTime,True,False,0.0
700404,CLI01494,High,2024-11-30,2025-11-30,2025-11-30,Completed-OnTime,True,False,0.0
700405,CLI01057,Low,2024-11-30,2025-12-03,2025-11-29,Completed-OnTime,True,False,0.0
700406,CLI02990,Medium,2024-11-30,2025-12-03,2025-11-30,Completed-OnTime,True,False,0.0
700407,CLI01444,Low,2024-11-30,2025-12-03,2025-12-03,Completed-OnTime,True,False,0.0
700408,CLI01095,Medium,2024-11-30,2025-12-03,2025-11-29,Completed-OnTime,True,False,0.0
700409,CLI00377,Low,2024-11-30,2025-12-02,2025-11-29,Completed-OnTime,True,False,0.0
700410,CLI02395,Medium,2024-11-30,2025-12-03,2025-11-29,Completed-OnTime,True,False,0.0
700411,CLI01109,High,2024-11-30,2025-12-03,2025-12-03,Completed-OnTime,True,False,0.0
700412,CLI03763,Low,2024-11-30,2025-12-02,2025-11-30,Completed-OnTime,True,False,0.0
700413,CLI01852,Low,2024-11-30,2025-12-02,2025-11-29,Completed-OnTime,True,False,0.0
700414,CLI01283,Low,2024-11-30,2025-12-04,2025-12-01,Completed-OnTime,True,False,0.0
700415,CLI02736,Low,2024-11-30,2025-11-30,2025-11-27,Completed-OnTime,True,False,0.0
700416,CLI00195,Low,2024-11-30,2025-11-30,2025-11-27,Completed-OnTime,True,False,0.0
700417,CLI03565,High,2024-11-30,2025-12-03,2025-11-30,Completed-OnTime,True,False,0.0
700418,CLI01208,High,2024-11-30,2025-12-04,2025-11-29,Completed-OnTime,True,False,0.0
700419,CLI01283,Low,2024-11-30,2025-12-02,2025-12-02,Completed-OnTime,True,False,0.0
700420,CLI00721,Low,2024-11-30,2025-12-04,2025-12-01,Completed-OnTime,True,False,0.0
700421,CLI01135,Medium,2024-11-30,2025-12-02,2025-12-02,Completed-OnTime,True,False,0.0
700422,CLI00890,High,2024-11-30,2025-12-01,2025-11-26,Completed-OnTime,True,False,0.0
700423,CLI01617,Medium,2024-11-30,2025-12-03,2025-11-30,Completed-OnTime,True,False,0.0
700424,CLI01867,Low,2024-11-30,2025-12-01,2025-11-28,Completed-OnTime,False,False,0.0
700425,CLI02580,Medium,2024-11-30,2025-11-30,2025-11-27,Completed-OnTime,True,False,0.0
700426,CLI03559,High,2024-11-30,2025-12-01,2025-11-28,Completed-OnTime,True,False,0.0
700427,CLI01982,Low,2024-11-30,2025-12-04,2025-12-03,Completed-OnTime,True,False,0.0
700428,CLI03106,Low,2024-11-30,2025-12-04,2025-12-04,Completed-OnTime,True,False,0.0
700429,CLI02265,Medium,2024-11-30,2025-12-03,2025-11-28,Completed-OnTime,True,False,0.0
700430,CLI01840,Low,2024-11-30,2025-12-02,2025-12-01,Completed-OnTime,True,False,0.0
700431,CLI00678,Low,2024-11-30,2025-12-03,2025-11-30,Completed-OnTime,True,False,0.0
700432,CLI02599,Low,2024-11-30,2025-12-02,2025-11-27,Completed-OnTime,True,False,0.0
700433,CLI02234,Medium,2024-11-30,2025-12-03,2025-12-01,Completed-OnTime,True,False,0.0
700434,CLI01105,Medium,2024-11-30,2025-12-04,2025-11-30,Completed-OnTime,True,False,0.0
700435,CLI03431,Medium,2024-11-30,2025-12-04,2025-11-30,Completed-OnTime,True,False,0.0
700436,CLI01833,Low,2024-11-30,2025-12-04,2025-12-02,Completed-OnTime,True,False,0.0
700437,CLI01207,High,2024-11-30,2025-12-02,2025-11-29,Completed-OnTime,True,False,0.0
700438,CLI01294,Low,2024-11-30,2025-12-01,2025-11-28,Completed-OnTime,True,False,0.0
700439,CLI00031,Low,2024-11-30,2025-12-01,2025-12-01,Completed-OnTime,True,False,0.0
700440,CLI02577,Low,2024-11-30,2025-11-30,2025-11-29,Completed-OnTime,True,False,0.0
700441,CLI00256,Low,2024-11-30,2025-12-02,2025-11-27,Completed-OnTime,True,False,0.0
700442,CLI01747,High,2024-11-30,2025-12-02,2025-11-30,Completed-OnTime,True,False,0.0
700443,CLI01463,Low,2024-11-30,2025-12-01,2025-11-26,Completed-OnTime,True,False,0.0
700444,CLI03025,Medium,2024-11-30,2025-12-02,2025-11-30,Completed-OnTime,True,False,0.0
700445,CLI02804,Low,2024-11-30,2025-12-02,2025-12-02,Completed-OnTime,True,False,0.0
700446,CLI02467,Medium,2024-11-30,2025-11-30,2025-11-27,Completed-OnTime,True,False,0.0
700447,CLI01759,Low,2024-11-30,2025-12-03,2025-12-03,Completed-OnTime,True,False,0.0
700448,CLI00228,Low,2024-11-30,2025-12-04,2025-11-30,Completed-OnTime,True,False,0.0
700449,CLI01885,Medium,2024-11-30,2025-12-02,2025-12-02,Completed-OnTime,True,False,0.0
700450,CLI03188,High,2024-11-30,2025-12-01,2025-11-30,Completed-OnTime,True,False,0.0
700451,CLI03766,Low,2024-12-31,2026-01-03,2026-01-02,Completed-OnTime,True,False,0.0
700452,CLI01064,High,2024-12-31,2026-01-01,2026-01-01,Completed-OnTime,True,False,0.0
700453,CLI02597,Medium,2024-12-31,2026-01-01,2025-12-28,Completed-OnTime,True,False,0.0
700454,CLI00892,Medium,2024-12-31,2026-01-01,2025-12-29,Completed-OnTime,True,False,0.0
700455,CLI00570,Low,2024-12-31,2026-01-01,2025-12-31,Completed-OnTime,True,False,0.0
700456,CLI02648,Low,2024-12-31,2026-01-02,2025-12-31,Completed-OnTime,True,False,0.0
700457,CLI02141,Low,2024-12-31,2026-01-03,2026-01-02,Completed-OnTime,True,False,0.0
700458,CLI03779,Low,2024-12-31,2025-12-31,2025-12-28,Completed-OnTime,True,False,0.0
700459,CLI03064,Low,2024-12-31,2026-01-02,2025-12-30,Completed-OnTime,True,False,0.0
700460,CLI03439,Low,2024-12-31,2026-01-03,2026-01-03,Completed-OnTime,True,False,0.0
700461,CLI00518,Low,2024-12-31,2026-01-01,2026-01-01,Completed-OnTime,True,False,0.0
700462,CLI01699,Medium,2024-12-31,2026-01-01,2025-12-28,Completed-OnTime,True,False,0.0
700463,CLI02495,Low,2024-12-31,2026-01-03,2026-01-02,Completed-OnTime,True,False,0.0
700464,CLI03775,Low,2024-12-31,2026-01-03,2026-01-02,Completed-OnTime,True,False,0.0
700465,CLI02587,Medium,2024-12-31,2026-01-01,2025-12-27,Completed-OnTime,True,False,0.0
700466,CLI03388,Medium,2024-12-31,2026-01-03,2025-12-31,Completed-OnTime,True,False,0.0
700467,CLI01375,High,2024-12-31,2026-01-04,2026-01-01,Completed-OnTime,True,False,0.0
700468,CLI01839,Medium,2024-12-31,2026-01-03,2025-12-31,Completed-OnTime,True,False,0.0
700469,CLI02373,Low,2024-12-31,2025-12-31,2025-12-30,Completed-OnTime,True,False,0.0
700470,CLI03672,Low,2024-12-31,2026-01-03,2026-01-01,Completed-OnTime,True,False,0.0
700471,CLI03852,Medium,2024-12-31,2026-01-01,2026-01-01,Completed-OnTime,True,False,0.0
700472,CLI02609,Low,2024-12-31,2026-01-02,2026-01-02,Completed-OnTime,True,False,0.0
700473,CLI02021,Low,2024-12-31,2026-01-03,2026-01-01,Completed-OnTime,True,False,0.0
700474,CLI03683,Medium,2024-12-31,2025-12-31,2025-12-31,Completed-OnTime,True,False,0.0
700475,CLI03674,High,2024-12-31,2026-01-04,2026-01-01,Completed-OnTime,True,False,0.0
700476,CLI02960,Medium,2024-12-31,2025-12-31,2025-12-26,Completed-OnTime,True,False,0.0
700477,CLI02267,Low,2024-12-31,2026-01-02,2026-01-02,Completed-OnTime,True,False,0.0
700478,CLI00503,Medium,2024-12-31,2025-12-31,2025-12-27,Completed-OnTime,True,False,0.0
700479,CLI03233,Medium,2024-12-31,2026-01-03,2025-12-30,Completed-OnTime,True,False,0.0
700480,CLI03678,High,2024-12-31,2026-01-02,2025-12-29,Completed-OnTime,True,False,0.0
700481,CLI01296,Low,2024-12-31,2025-12-31,2025-12-29,Completed-OnTime,True,False,0.0
700482,CLI00331,Medium,2024-12-31,2026-01-03,2025-12-30,Completed-OnTime,True,False,0.0
700483,CLI00716,High,2024-12-31,2026-01-03,2026-01-03,Completed-OnTime,True,False,0.0
700484,CLI01422,Low,2024-12-31,2026-01-04,2026-01-03,Completed-OnTime,True,False,0.0
700485,CLI01759,Medium,2024-12-31,2026-01-03,2025-12-30,Completed-OnTime,True,False,0.0
700486,CLI01054,Low,2024-12-31,2026-01-02,2026-01-01,Completed-OnTime,True,False,0.0
700487,CLI02967,Low,2024-12-31,2025-12-31,2025-12-27,Completed-OnTime,True,False,0.0
700488,CLI00951,Medium,2024-12-31,2026-01-01,2025-12-27,Completed-OnTime,True,False,0.0
700489,CLI02388,Low,2024-12-31,2026-01-03,2026-01-02,Completed-OnTime,True,False,0.0
700490,CLI03978,Low,2024-12-31,2026-01-03,2025-12-30,Completed-OnTime,True,False,0.0
700491,CLI02372,Medium,2024-12-31,2025-12-31,2025-12-27,Completed-OnTime,True,False,0.0
700492,CLI02888,Low,2024-12-31,2026-01-03,2025-12-30,Completed-OnTime,True,False,0.0
700493,CLI03282,Medium,2024-12-31,2026-01-01,2025-12-29,Completed-OnTime,True,False,0.0
700494,CLI01893,Low,2024-12-31,2026-01-02,2026-01-11,Completed-Late,True,False,9.0
700495,CLI00719,Medium,2024-12-31,2026-01-02,2025-12-31,Completed-OnTime,False,False,0.0
700496,CLI00044,Low,2024-12-31,2026-01-04,2026-01-03,Completed-OnTime,True,False,0.0
700497,CLI00728,Medium,2024-12-31,2025-12-31,2025-12-26,Completed-OnTime,True,False,0.0
700498,CLI02157,Low,2024-12-31,2026-01-04,2026-01-04,Completed-OnTime,False,False,0.0
700499,CLI02253,Medium,2024-12-31,2026-01-03,2025-12-30,Completed-OnTime,True,False,0.0
700500,CLI01386,Medium,2024-12-31,2026-01-02,2025-12-28,Completed-OnTime,True,False,0.0
700501,CLI00063,Medium,2024-12-31,2025-12-31,2025-12-26,Completed-OnTime,True,False,0.0
700502,CLI02647,Low,2024-12-31,2025-12-31,2025-12-28,Completed-OnTime,True,False,0.0
700503,CLI01702,Medium,2024-12-31,2026-01-02,2026-01-01,Completed-OnTime,True,False,0.0
700504,CLI02838,Low,2024-12-31,2025-12-31,2025-12-30,Completed-OnTime,True,False,0.0
700505,CLI00679,Medium,2024-12-31,2026-01-02,2026-01-01,Completed-OnTime,False,False,0.0
700506,CLI01602,Low,2024-12-31,2025-12-31,2025-12-28,Completed-OnTime,True,False,0.0
700507,CLI03403,Medium,2024-12-31,2026-01-01,2025-12-27,Completed-OnTime,True,False,0.0
700508,CLI01732,Medium,2024-12-31,2026-01-04,,Open,True,True,
700509,CLI00762,High,2024-12-31,2026-01-04,2026-01-04,Completed-OnTime,True,False,0.0
700510,CLI03277,Medium,2024-12-31,2026-01-02,2025-12-30,Completed-OnTime,True,False,0.0
700511,CLI00562,Low,2024-12-31,2025-12-31,2025-12-27,Completed-OnTime,True,False,0.0
700512,CLI01505,High,2024-12-31,2026-01-01,2025-12-31,Completed-OnTime,True,False,0.0
700513,CLI00033,Medium,2024-12-31,2026-01-02,2026-01-01,Completed-OnTime,True,False,0.0
700514,CLI01812,Medium,2024-12-31,2026-01-04,2025-12-30,Completed-OnTime,True,False,0.0
700515,CLI00764,Low,2024-12-31,2026-01-01,2025-12-30,Completed-OnTime,True,False,0.0
700516,CLI02031,Low,2024-12-31,2026-01-01,2025-12-28,Completed-OnTime,True,False,0.0
700517,CLI01874,Medium,2024-12-31,2026-01-02,2025-12-30,Completed-OnTime,True,False,0.0
700518,CLI01164,Medium,2024-12-31,2026-01-04,2026-01-01,Completed-OnTime,True,False,0.0
700519,CLI02860,Low,2024-12-31,2026-01-04,2026-01-04,Completed-OnTime,True,False,0.0
700520,CLI00936,Low,2024-12-31,2026-01-03,2025-12-29,Completed-OnTime,True,False,0.0
700521,CLI03787,Low,2024-12-31,2026-01-02,2026-01-01,Completed-OnTime,True,False,0.0
700522,CLI01177,Low,2024-12-31,2026-01-03,2025-12-30,Completed-OnTime,True,False,0.0
700523,CLI01852,Medium,2024-12-31,2026-01-01,2025-12-28,Completed-OnTime,True,False,0.0
700524,CLI01265,Medium,2024-12-31,2026-01-02,2025-12-28,Completed-OnTime,True,False,0.0
700525,CLI02666,Medium,2024-12-31,2026-01-01,2026-01-01,Completed-OnTime,True,False,0.0
700526,CLI02939,Low,2024-12-31,2026-01-01,2025-12-30,Completed-OnTime,True,False,0.0
700527,CLI03742,High,2024-12-31,2026-01-01,2025-12-27,Completed-OnTime,True,False,0.0
700528,CLI01700,Medium,2024-12-31,2026-01-01,2025-12-28,Completed-OnTime,True,False,0.0
700529,CLI01495,Medium,2024-12-31,2026-01-03,2026-01-02,Completed-OnTime,True,False,0.0
700530,CLI01755,Low,2024-12-31,2026-01-04,2026-01-02,Completed-OnTime,False,False,0.0
700531,CLI03183,Medium,2024-12-31,2026-01-02,2026-01-01,Completed-OnTime,True,False,0.0
700532,CLI03621,Low,2024-12-31,2025-12-31,2025-12-30,Completed-OnTime,True,False,0.0
700533,CLI02248,Low,2024-12-31,2026-01-01,2025-12-31,Completed-OnTime,True,False,0.0
700534,CLI01604,Low,2024-12-31,2026-01-02,2025-12-30,Completed-OnTime,False,False,0.0
700535,CLI03511,Low,2024-12-31,2026-01-01,2025-12-29,Completed-OnTime,True,False,0.0
700536,CLI01371,Medium,2024-12-31,2025-12-31,2025-12-31,Completed-OnTime,False,False,0.0
700537,CLI00713,Low,2024-12-31,2025-12-31,2025-12-27,Completed-OnTime,True,False,0.0
700538,CLI01701,High,2024-12-31,2025-12-31,2025-12-28,Completed-OnTime,True,False,0.0
700539,CLI02824,Low,2024-12-31,2026-01-01,2026-01-01,Completed-OnTime,True,False,0.0
700540,CLI01937,Medium,2024-12-31,2025-12-31,2025-12-29,Completed-OnTime,True,False,0.0
700541,CLI01080,Medium,2024-12-31,2026-01-03,2025-12-31,Completed-OnTime,True,False,0.0
700542,CLI03650,Medium,2024-12-31,2025-12-31,2025-12-31,Completed-OnTime,False,False,0.0
700543,CLI02492,Medium,2024-12-31,2026-01-03,2026-01-01,Completed-OnTime,True,False,0.0
700544,CLI03826,High,2024-12-31,2026-01-03,2025-12-30,Completed-OnTime,True,False,0.0
700545,CLI00903,Medium,2024-12-31,2025-12-31,2025-12-27,Completed-OnTime,True,False,0.0
700546,CLI00407,High,2024-12-31,2026-01-04,2025-12-30,Completed-OnTime,True,False,0.0
700547,CLI01625,Medium,2024-12-31,2026-01-03,2026-01-03,Completed-OnTime,True,False,0.0
700548,CLI02901,Low,2024-12-31,2026-01-02,2026-01-01,Completed-OnTime,True,False,0.0
700549,CLI01720,Medium,2024-12-31,2026-01-01,2025-12-30,Completed-OnTime,True,False,0.0
700550,CLI00274,Low,2024-12-31,2026-01-01,2026-01-12,Completed-Late,True,False,11.0
700551,CLI02495,Low,2024-12-31,2026-01-03,2026-01-03,Completed-OnTime,True,False,0.0
700552,CLI02440,Medium,2024-12-31,2026-01-03,2025-12-30,Completed-OnTime,True,False,0.0
700553,CLI00582,High,2024-12-31,2026-01-01,2026-01-01,Completed-OnTime,True,False,0.0
700554,CLI03253,Low,2024-12-31,2026-01-03,2025-12-30,Completed-OnTime,True,False,0.0
700555,CLI00611,Medium,2024-12-31,2026-01-01,2025-12-27,Completed-OnTime,True,False,0.0
700556,CLI00868,Medium,2024-12-31,2026-01-03,2026-01-02,Completed-OnTime,True,False,0.0
700557,CLI02632,High,2024-12-31,2026-01-04,2026-01-03,Completed-OnTime,True,False,0.0
700558,CLI03092,Medium,2024-12-31,2026-01-04,2026-01-02,Completed-OnTime,True,False,0.0
700559,CLI03030,Low,2024-12-31,2026-01-04,2025-12-30,Completed-OnTime,True,False,0.0
700560,CLI01794,Medium,2024-12-31,2026-01-03,2026-01-01,Completed-OnTime,True,False,0.0
700561,CLI02167,Medium,2024-12-31,2026-01-02,2025-12-29,Completed-OnTime,True,False,0.0
700562,CLI02675,Low,2024-12-31,2026-01-04,2025-12-31,Completed-OnTime,True,False,0.0
700563,CLI01143,Low,2024-12-31,2026-01-02,2026-01-01,Completed-OnTime,True,False,0.0
700564,CLI03482,Low,2024-12-31,2026-01-04,2025-12-31,Completed-OnTime,True,False,0.0
700565,CLI01772,Medium,2024-12-31,2026-01-01,2025-12-31,Completed-OnTime,True,False,0.0
700566,CLI01893,Medium,2024-12-31,2026-01-03,2026-02-02,Completed-Late,True,False,30.0
700567,CLI01659,Low,2024-12-31,2026-01-04,2026-01-04,Completed-OnTime,True,False,0.0
700568,CLI01789,Medium,2024-12-31,2026-01-03,2026-01-03,Completed-OnTime,True,False,0.0
700569,CLI02488,Medium,2024-12-31,2026-01-04,2026-01-01,Completed-OnTime,True,False,0.0
700570,CLI00715,Low,2024-12-31,2026-01-01,2025-12-28,Completed-OnTime,True,False,0.0
700571,CLI03870,Low,2024-12-31,2026-01-04,2026-01-04,Completed-OnTime,True,False,0.0
700572,CLI03289,Low,2024-12-31,2026-01-04,2026-01-02,Completed-OnTime,True,False,0.0
700573,CLI01716,Medium,2024-12-31,2025-12-31,2025-12-26,Completed-OnTime,True,False,0.0
700574,CLI03893,Low,2024-12-31,2026-01-03,2026-01-03,Completed-OnTime,True,False,0.0
700575,CLI00550,Low,2024-12-31,2026-01-01,2025-12-28,Completed-OnTime,True,False,0.0
700576,CLI01307,Medium,2024-12-31,2026-01-03,2026-01-03,Completed-OnTime,True,False,0.0
700577,CLI02255,Low,2024-12-31,2025-12-31,2025-12-27,Completed-OnTime,True,False,0.0
700578,CLI03428,Medium,2024-12-31,2026-01-01,2025-12-29,Completed-OnTime,True,False,0.0
700579,CLI03802,Low,2024-12-31,2026-01-01,2025-12-28,Completed-OnTime,True,False,0.0
700580,CLI01644,Medium,2024-12-31,2026-01-01,2025-12-28,Completed-OnTime,True,False,0.0
700581,CLI00802,Low,2024-12-31,2026-01-02,2026-01-23,Completed-Late,True,False,21.0
700582,CLI01168,Medium,2024-12-31,2026-01-04,2026-01-01,Completed-OnTime,True,False,0.0
700583,CLI03250,Low,2024-12-31,2026-01-01,2025-12-31,Completed-OnTime,True,False,0.0
700584,CLI02279,Medium,2024-12-31,2026-01-03,2025-12-29,Completed-OnTime,True,False,0.0
700585,CLI00129,Low,2024-12-31,2026-01-02,2025-12-28,Completed-OnTime,True,False,0.0
700586,CLI03817,Medium,2024-12-31,2026-01-04,2025-12-30,Completed-OnTime,True,False,0.0
700587,CLI03661,Low,2024-12-31,2026-01-01,2025-12-28,Completed-OnTime,True,False,0.0
700588,CLI02446,High,2024-12-31,2026-01-02,2026-01-01,Completed-OnTime,True,False,0.0
700589,CLI03301,Low,2024-12-31,2025-12-31,2025-12-31,Completed-OnTime,True,False,0.0
700590,CLI02184,Low,2024-12-31,2026-01-01,2025-12-31,Completed-OnTime,True,False,0.0
700591,CLI00443,Low,2024-12-31,2026-01-02,2026-01-01,Completed-OnTime,True,False,0.0
700592,CLI02348,Low,2024-12-31,2026-01-01,2026-01-01,Completed-OnTime,True,False,0.0
700593,CLI03730,Low,2024-12-31,2026-01-02,2025-12-30,Completed-OnTime,True,False,0.0
700594,CLI01536,Low,2024-12-31,2026-01-03,2025-12-31,Completed-OnTime,True,False,0.0
700595,CLI02969,Medium,2024-12-31,2026-01-03,2026-01-02,Completed-OnTime,True,False,0.0
700596,CLI03995,Medium,2024-12-31,2026-01-04,2026-01-04,Completed-OnTime,True,False,0.0
700597,CLI00914,Low,2024-12-31,2025-12-31,2025-12-30,Completed-OnTime,True,False,0.0
700598,CLI00174,High,2024-12-31,2025-12-31,2025-12-29,Completed-OnTime,True,False,0.0
700599,CLI00121,Medium,2024-12-31,2026-01-03,2025-12-29,Completed-OnTime,True,False,0.0
700600,CLI02326,High,2024-12-31,2026-01-02,2025-12-29,Completed-OnTime,True,False,0.0
700601,CLI02148,Low,2025-01-31,2026-02-01,2026-02-01,Completed-OnTime,True,False,0.0
700602,CLI01626,High,2025-01-31,2026-01-31,2026-01-27,Completed-OnTime,True,False,0.0
700603,CLI02835,Low,2025-01-31,2026-02-01,2026-01-31,Completed-OnTime,True,False,0.0
700604,CLI01100,Low,2025-01-31,2026-02-02,2026-02-01,Completed-OnTime,True,False,0.0
700605,CLI01474,Low,2025-01-31,2026-02-03,2026-01-31,Completed-OnTime,True,False,0.0
700606,CLI02284,Low,2025-01-31,2026-02-02,2026-02-02,Completed-OnTime,True,False,0.0
700607,CLI01428,Low,2025-01-31,2026-02-01,2026-01-29,Completed-OnTime,True,False,0.0
700608,CLI01032,High,2025-01-31,2026-02-01,2026-02-01,Completed-OnTime,True,False,0.0
700609,CLI01909,Medium,2025-01-31,2026-02-01,2026-01-30,Completed-OnTime,True,False,0.0
700610,CLI01534,Medium,2025-01-31,2026-01-31,2026-01-30,Completed-OnTime,True,False,0.0
700611,CLI02500,Low,2025-01-31,2026-01-31,2026-01-29,Completed-OnTime,True,False,0.0
700612,CLI03098,Medium,2025-01-31,2026-02-04,2026-02-01,Completed-OnTime,True,False,0.0
700613,CLI01223,Low,2025-01-31,2026-02-02,2026-01-30,Completed-OnTime,True,False,0.0
700614,CLI03002,Medium,2025-01-31,2026-01-31,2026-01-27,Completed-OnTime,True,False,0.0
700615,CLI01525,Low,2025-01-31,2026-02-02,2026-01-29,Completed-OnTime,True,False,0.0
700616,CLI03413,Low,2025-01-31,2026-02-04,2026-02-01,Completed-OnTime,True,False,0.0
700617,CLI03278,Low,2025-01-31,2026-02-02,2026-01-28,Completed-OnTime,True,False,0.0
700618,CLI03953,Medium,2025-01-31,2026-02-04,2026-02-03,Completed-OnTime,True,False,0.0
700619,CLI03637,Low,2025-01-31,2026-02-02,2026-01-31,Completed-OnTime,True,False,0.0
700620,CLI00465,High,2025-01-31,2026-01-31,2026-01-30,Completed-OnTime,True,False,0.0
700621,CLI00765,Medium,2025-01-31,2026-01-31,2026-01-29,Completed-OnTime,True,False,0.0
700622,CLI01518,Low,2025-01-31,2026-02-03,2026-01-29,Completed-OnTime,True,False,0.0
700623,CLI03940,Low,2025-01-31,2026-02-03,2026-01-29,Completed-OnTime,True,False,0.0
700624,CLI02005,Medium,2025-01-31,2026-01-31,2026-01-30,Completed-OnTime,True,False,0.0
700625,CLI00597,Low,2025-01-31,2026-02-01,2026-01-29,Completed-OnTime,True,False,0.0
700626,CLI01481,Low,2025-01-31,2026-02-01,2026-01-29,Completed-OnTime,False,False,0.0
700627,CLI00546,Low,2025-01-31,2026-02-03,2026-01-29,Completed-OnTime,True,False,0.0
700628,CLI00262,Low,2025-01-31,2026-01-31,2026-01-31,Completed-OnTime,True,False,0.0
700629,CLI02209,Medium,2025-01-31,2026-01-31,2026-01-31,Completed-OnTime,True,False,0.0
700630,CLI01779,Low,2025-01-31,2026-01-31,2026-03-01,Completed-Late,False,False,29.0
700631,CLI00586,Low,2025-01-31,2026-02-02,2026-02-02,Completed-OnTime,True,False,0.0
700632,CLI01410,Low,2025-01-31,2026-02-02,2026-01-31,Completed-OnTime,True,False,0.0
700633,CLI01288,Medium,2025-01-31,2026-02-03,2026-01-31,Completed-OnTime,True,False,0.0
700634,CLI02295,Low,2025-01-31,2026-02-01,2026-02-01,Completed-OnTime,True,False,0.0
700635,CLI00598,Low,2025-01-31,2026-02-03,2026-01-30,Completed-OnTime,True,False,0.0
700636,CLI03081,Medium,2025-01-31,2026-02-04,2026-02-04,Completed-OnTime,True,False,0.0
700637,CLI01110,Low,2025-01-31,2026-01-31,2026-01-28,Completed-OnTime,True,False,0.0
700638,CLI00391,Low,2025-01-31,2026-02-03,2026-01-31,Completed-OnTime,True,False,0.0
700639,CLI00202,Low,2025-01-31,2026-02-04,2026-02-04,Completed-OnTime,True,False,0.0
700640,CLI03277,Medium,2025-01-31,2026-02-03,2026-01-31,Completed-OnTime,True,False,0.0
700641,CLI02319,Low,2025-01-31,2026-01-31,2026-01-29,Completed-OnTime,True,False,0.0
700642,CLI01855,Medium,2025-01-31,2026-02-04,2026-01-31,Completed-OnTime,True,False,0.0
700643,CLI03905,Medium,2025-01-31,2026-02-04,2026-03-04,Completed-Late,True,False,28.0
700644,CLI02614,Medium,2025-01-31,2026-02-04,2026-01-31,Completed-OnTime,True,False,0.0
700645,CLI01059,Low,2025-01-31,2026-02-04,2026-02-01,Completed-OnTime,False,False,0.0
700646,CLI01695,Low,2025-01-31,2026-02-04,2026-02-01,Completed-OnTime,True,False,0.0
700647,CLI02502,Low,2025-01-31,2026-02-03,2026-02-01,Completed-OnTime,True,False,0.0
700648,CLI02813,Low,2025-01-31,2026-02-03,2026-01-31,Completed-OnTime,True,False,0.0
700649,CLI01176,Low,2025-01-31,2026-02-01,2026-01-28,Completed-OnTime,True,False,0.0
700650,CLI03837,Medium,2025-01-31,2026-01-31,2026-01-28,Completed-OnTime,True,False,0.0
700651,CLI00740,Low,2025-01-31,2026-02-04,2026-01-31,Completed-OnTime,True,False,0.0
700652,CLI00815,Medium,2025-01-31,2026-02-04,2026-01-30,Completed-OnTime,True,False,0.0
700653,CLI03027,High,2025-01-31,2026-01-31,2026-01-26,Completed-OnTime,True,False,0.0
700654,CLI01496,Medium,2025-01-31,2026-02-03,2026-02-03,Completed-OnTime,True,False,0.0
700655,CLI03069,Low,2025-01-31,2026-02-04,2026-02-03,Completed-OnTime,True,False,0.0
700656,CLI01795,Medium,2025-01-31,2026-02-02,2026-01-28,Completed-OnTime,True,False,0.0
700657,CLI03759,High,2025-01-31,2026-02-03,2026-02-03,Completed-OnTime,True,False,0.0
700658,CLI02270,Medium,2025-01-31,2026-01-31,2026-01-26,Completed-OnTime,True,False,0.0
700659,CLI02322,Low,2025-01-31,2026-02-01,2026-01-29,Completed-OnTime,True,False,0.0
700660,CLI02916,Medium,2025-01-31,2026-02-01,2026-01-27,Completed-OnTime,True,False,0.0
700661,CLI01592,Medium,2025-01-31,2026-02-04,2026-01-30,Completed-OnTime,True,False,0.0
700662,CLI03264,Low,2025-01-31,2026-02-03,2026-02-03,Completed-OnTime,False,False,0.0
700663,CLI01891,Low,2025-01-31,2026-02-03,2026-02-01,Completed-OnTime,True,False,0.0
700664,CLI03299,Low,2025-01-31,2026-02-04,2026-02-03,Completed-OnTime,True,False,0.0
700665,CLI00040,Medium,2025-01-31,2026-01-31,2026-01-28,Completed-OnTime,True,False,0.0
700666,CLI00151,Low,2025-01-31,2026-02-04,2026-02-01,Completed-OnTime,True,False,0.0
700667,CLI02333,Medium,2025-01-31,2026-02-01,2026-01-30,Completed-OnTime,True,False,0.0
700668,CLI00633,Low,2025-01-31,2026-01-31,2026-01-26,Completed-OnTime,True,False,0.0
700669,CLI00566,Low,2025-01-31,2026-01-31,2026-01-28,Completed-OnTime,True,False,0.0
700670,CLI00694,Low,2025-01-31,2026-02-04,2026-01-31,Completed-OnTime,True,False,0.0
700671,CLI01537,High,2025-01-31,2026-02-04,2026-01-30,Completed-OnTime,True,False,0.0
700672,CLI01688,Low,2025-01-31,2026-02-02,2026-01-30,Completed-OnTime,True,False,0.0
700673,CLI02359,Medium,2025-01-31,2026-01-31,2026-01-26,Completed-OnTime,True,False,0.0
700674,CLI03650,High,2025-01-31,2026-02-02,2026-02-01,Completed-OnTime,True,False,0.0
700675,CLI01085,Medium,2025-01-31,2026-02-02,2026-01-30,Completed-OnTime,True,False,0.0
700676,CLI03343,Low,2025-01-31,2026-02-04,2026-02-03,Completed-OnTime,True,False,0.0
700677,CLI01762,High,2025-01-31,2026-02-02,2026-01-31,Completed-OnTime,True,False,0.0
700678,CLI02308,Low,2025-01-31,2026-02-04,2026-01-31,Completed-OnTime,True,False,0.0
700679,CLI01543,Low,2025-01-31,2026-01-31,2026-01-27,Completed-OnTime,True,False,0.0
700680,CLI01091,Low,2025-01-31,2026-02-04,2026-02-07,Completed-Late,True,False,3.0
700681,CLI03467,Medium,2025-01-31,2026-02-01,2026-01-27,Completed-OnTime,True,False,0.0
700682,CLI03480,Medium,2025-01-31,2026-02-01,2026-01-27,Completed-OnTime,True,False,0.0
700683,CLI01227,Medium,2025-01-31,2026-02-01,2026-01-27,Completed-OnTime,True,False,0.0
700684,CLI00920,Low,2025-01-31,2026-01-31,2026-01-31,Completed-OnTime,True,False,0.0
700685,CLI01091,Medium,2025-01-31,2026-02-03,2026-01-30,Completed-OnTime,True,False,0.0
700686,CLI02497,High,2025-01-31,2026-02-02,2026-02-01,Completed-OnTime,True,False,0.0
700687,CLI02274,Medium,2025-01-31,2026-02-03,2026-02-01,Completed-OnTime,True,False,0.0
700688,CLI01842,Low,2025-01-31,2026-02-01,2026-01-27,Completed-OnTime,True,False,0.0
700689,CLI01077,Medium,2025-01-31,2026-02-04,2026-02-04,Completed-OnTime,True,False,0.0
700690,CLI01385,Medium,2025-01-31,2026-02-02,2026-02-02,Completed-OnTime,True,False,0.0
700691,CLI00603,Low,2025-01-31,2026-02-02,2026-01-28,Completed-OnTime,False,False,0.0
700692,CLI00957,Low,2025-01-31,2026-02-03,2026-02-03,Completed-OnTime,True,False,0.0
700693,CLI02391,Medium,2025-01-31,2026-01-31,2026-01-26,Completed-OnTime,True,False,0.0
700694,CLI02442,Medium,2025-01-31,2026-02-01,2026-01-29,Completed-OnTime,True,False,0.0
700695,CLI02420,Low,2025-01-31,2026-02-04,2026-02-01,Completed-OnTime,True,False,0.0
700696,CLI01382,Low,2025-01-31,2026-02-01,2026-01-31,Completed-OnTime,True,False,0.0
700697,CLI02602,Low,2025-01-31,2026-02-02,2026-01-30,Completed-OnTime,True,False,0.0
700698,CLI03347,Low,2025-01-31,2026-02-02,2026-01-31,Completed-OnTime,True,False,0.0
700699,CLI01636,Low,2025-01-31,2026-02-04,,Open,True,True,
700700,CLI00148,Low,2025-01-31,2026-02-01,2026-02-01,Completed-OnTime,True,False,0.0
700701,CLI03610,Low,2025-01-31,2026-02-04,2026-02-01,Completed-OnTime,True,False,0.0
700702,CLI03780,Low,2025-01-31,2026-02-03,2026-02-01,Completed-OnTime,True,False,0.0
700703,CLI00754,Low,2025-01-31,2026-02-04,2026-02-04,Completed-OnTime,True,False,0.0
700704,CLI01293,Low,2025-01-31,2026-02-01,2026-01-29,Completed-OnTime,True,False,0.0
700705,CLI00149,Low,2025-01-31,2026-02-02,2026-01-29,Completed-OnTime,True,False,0.0
700706,CLI00209,High,2025-01-31,2026-02-02,2026-01-31,Completed-OnTime,True,False,0.0
700707,CLI01243,Low,2025-01-31,2026-02-01,2026-02-01,Completed-OnTime,True,False,0.0
700708,CLI00242,Low,2025-01-31,2026-02-01,2026-01-31,Completed-OnTime,True,False,0.0
700709,CLI00471,Medium,2025-01-31,2026-01-31,2026-01-30,Completed-OnTime,True,False,0.0
700710,CLI00508,Low,2025-01-31,2026-01-31,2026-01-27,Completed-OnTime,True,False,0.0
700711,CLI01078,Low,2025-01-31,2026-02-04,2026-02-01,Completed-OnTime,True,False,0.0
700712,CLI01156,High,2025-01-31,2026-02-01,2026-02-01,Completed-OnTime,True,False,0.0
700713,CLI03875,High,2025-01-31,2026-01-31,2026-01-30,Completed-OnTime,True,False,0.0
700714,CLI01918,Medium,2025-01-31,2026-02-04,2026-02-04,Completed-OnTime,True,False,0.0
700715,CLI00586,Medium,2025-01-31,2026-01-31,2026-01-27,Completed-OnTime,True,False,0.0
700716,CLI00537,Low,2025-01-31,2026-02-03,2026-02-02,Completed-OnTime,True,False,0.0
700717,CLI03287,Low,2025-01-31,2026-02-04,2026-01-31,Completed-OnTime,True,False,0.0
700718,CLI03565,Medium,2025-01-31,2026-02-02,2026-01-28,Completed-OnTime,True,False,0.0
700719,CLI00882,Medium,2025-01-31,2026-02-01,2026-01-27,Completed-OnTime,True,False,0.0
700720,CLI00915,High,2025-01-31,2026-01-31,2026-01-30,Completed-OnTime,True,False,0.0
700721,CLI02900,Low,2025-01-31,2026-01-31,2026-01-31,Completed-OnTime,True,False,0.0
700722,CLI01623,High,2025-01-31,2026-02-04,2026-02-01,Completed-OnTime,True,False,0.0
700723,CLI02482,Low,2025-01-31,2026-02-01,2026-01-28,Completed-OnTime,True,False,0.0
700724,CLI00440,Low,2025-01-31,2026-02-04,2026-01-30,Completed-OnTime,True,False,0.0
700725,CLI00321,Low,2025-01-31,2026-02-03,2026-02-03,Completed-OnTime,True,False,0.0
700726,CLI00118,Low,2025-01-31,2026-02-03,2026-01-29,Completed-OnTime,True,False,0.0
700727,CLI00891,Low,2025-01-31,2026-01-31,2026-01-31,Completed-OnTime,True,False,0.0
700728,CLI03863,Low,2025-01-31,2026-02-01,2026-01-31,Completed-OnTime,True,False,0.0
700729,CLI03654,Medium,2025-01-31,2026-02-03,2026-02-03,Completed-OnTime,True,False,0.0
700730,CLI00501,Medium,2025-01-31,2026-02-04,2026-02-01,Completed-OnTime,True,False,0.0
700731,CLI03559,Low,2025-01-31,2026-01-31,2026-01-30,Completed-OnTime,True,False,0.0
700732,CLI00042,Low,2025-01-31,2026-02-01,2026-01-31,Completed-OnTime,True,False,0.0
700733,CLI02056,Low,2025-01-31,2026-02-01,2026-01-31,Completed-OnTime,True,False,0.0
700734,CLI03035,Medium,2025-01-31,2026-02-04,2026-02-04,Completed-OnTime,True,False,0.0
700735,CLI01233,Low,2025-01-31,2026-02-01,2026-01-31,Completed-OnTime,True,False,0.0
700736,CLI01983,Low,2025-01-31,2026-02-04,2026-01-30,Completed-OnTime,True,False,0.0
700737,CLI03334,Low,2025-01-31,2026-01-31,2026-01-27,Completed-OnTime,True,False,0.0
700738,CLI02429,Medium,2025-01-31,2026-01-31,2026-01-29,Completed-OnTime,True,False,0.0
700739,CLI03021,Low,2025-01-31,2026-02-01,2026-02-01,Completed-OnTime,True,False,0.0
700740,CLI00005,Medium,2025-01-31,2026-02-04,2026-02-11,Completed-Late,True,False,7.0
700741,CLI02907,High,2025-01-31,2026-02-03,2026-02-03,Completed-OnTime,True,False,0.0
700742,CLI01779,Low,2025-01-31,2026-02-02,2026-01-31,Completed-OnTime,True,False,0.0
700743,CLI01021,High,2025-01-31,2026-02-02,2026-01-30,Completed-OnTime,True,False,0.0
700744,CLI03979,Medium,2025-01-31,2026-01-31,2026-01-30,Completed-OnTime,True,False,0.0
700745,CLI01964,High,2025-01-31,2026-02-03,2026-02-03,Completed-OnTime,True,False,0.0
700746,CLI03008,Medium,2025-01-31,2026-01-31,2026-01-27,Completed-OnTime,True,False,0.0
700747,CLI01928,Medium,2025-01-31,2026-02-02,2026-01-28,Completed-OnTime,True,False,0.0
700748,CLI01207,Medium,2025-01-31,2026-02-03,2026-01-31,Completed-OnTime,True,False,0.0
700749,CLI01949,Low,2025-01-31,2026-01-31,2026-01-31,Completed-OnTime,True,False,0.0
700750,CLI01341,Low,2025-01-31,2026-02-01,2026-02-01,Completed-OnTime,True,False,0.0
700751,CLI00075,Medium,2025-02-28,2026-03-02,2026-02-28,Completed-OnTime,True,False,0.0
700752,CLI00540,Low,2025-02-28,2026-03-02,2026-02-26,Completed-OnTime,True,False,0.0
700753,CLI00223,High,2025-02-28,2026-03-04,2026-02-28,Completed-OnTime,True,False,0.0
700754,CLI01541,Medium,2025-02-28,2026-03-02,2026-03-01,Completed-OnTime,True,False,0.0
700755,CLI01095,Low,2025-02-28,2026-02-28,2026-02-26,Completed-OnTime,True,False,0.0
700756,CLI01512,Low,2025-02-28,2026-02-28,2026-02-26,Completed-OnTime,True,False,0.0
700757,CLI00996,Medium,2025-02-28,2026-03-02,2026-02-27,Completed-OnTime,True,False,0.0
700758,CLI03173,Medium,2025-02-28,2026-03-02,2026-02-28,Completed-OnTime,True,False,0.0
700759,CLI02260,Low,2025-02-28,2026-03-02,2026-03-02,Completed-OnTime,True,False,0.0
700760,CLI00707,High,2025-02-28,2026-03-02,2026-03-02,Completed-OnTime,True,False,0.0
700761,CLI01493,Medium,2025-02-28,2026-03-01,2026-03-01,Completed-OnTime,True,False,0.0
700762,CLI00299,Medium,2025-02-28,2026-03-02,2026-02-28,Completed-OnTime,True,False,0.0
700763,CLI02049,Medium,2025-02-28,2026-03-04,2026-03-02,Completed-OnTime,True,False,0.0
700764,CLI03407,Low,2025-02-28,2026-03-03,2026-02-27,Completed-OnTime,True,False,0.0
700765,CLI00798,Low,2025-02-28,2026-03-04,2026-03-03,Completed-OnTime,True,False,0.0
700766,CLI00042,Low,2025-02-28,2026-03-02,2026-02-25,Completed-OnTime,True,False,0.0
700767,CLI01241,Low,2025-02-28,2026-03-03,2026-02-27,Completed-OnTime,True,False,0.0
700768,CLI03760,Low,2025-02-28,2026-02-28,2026-02-27,Completed-OnTime,True,False,0.0
700769,CLI01485,Low,2025-02-28,2026-02-28,2026-02-25,Completed-OnTime,True,False,0.0
700770,CLI00244,Medium,2025-02-28,2026-03-02,2026-02-25,Completed-OnTime,True,False,0.0
700771,CLI02265,Low,2025-02-28,2026-03-04,2026-03-02,Completed-OnTime,True,False,0.0
700772,CLI03109,Low,2025-02-28,2026-03-03,2026-03-22,Completed-Late,True,False,19.0
700773,CLI01888,Low,2025-02-28,2026-03-02,2026-02-25,Completed-OnTime,False,False,0.0
700774,CLI00836,High,2025-02-28,2026-03-02,2026-03-01,Completed-OnTime,True,False,0.0
700775,CLI01891,Medium,2025-02-28,2026-02-28,2026-02-27,Completed-OnTime,True,False,0.0
700776,CLI03446,Medium,2025-02-28,2026-03-01,2026-02-25,Completed-OnTime,True,False,0.0
700777,CLI02862,Low,2025-02-28,2026-03-03,2026-02-27,Completed-OnTime,True,False,0.0
700778,CLI03543,Low,2025-02-28,2026-02-28,,Open,True,True,
700779,CLI01934,Medium,2025-02-28,2026-03-04,2026-03-01,Completed-OnTime,True,False,0.0
700780,CLI01205,Low,2025-02-28,2026-03-02,2026-02-28,Completed-OnTime,True,False,0.0
700781,CLI01752,Low,2025-02-28,2026-03-01,2026-03-01,Completed-OnTime,True,False,0.0
700782,CLI00294,Medium,2025-02-28,2026-03-03,2026-03-02,Completed-OnTime,True,False,0.0
700783,CLI03234,High,2025-02-28,2026-03-01,2026-02-26,Completed-OnTime,True,False,0.0
700784,CLI01377,Low,2025-02-28,2026-03-03,2026-02-27,Completed-OnTime,True,False,0.0
700785,CLI02062,Low,2025-02-28,2026-03-04,2026-04-13,Completed-Late,True,False,40.0
700786,CLI02202,Medium,2025-02-28,2026-03-01,2026-02-28,Completed-OnTime,True,False,0.0
700787,CLI01629,Low,2025-02-28,2026-03-01,2026-02-27,Completed-OnTime,True,False,0.0
700788,CLI00117,Medium,2025-02-28,2026-02-28,2026-02-23,Completed-OnTime,True,False,0.0
700789,CLI02545,Low,2025-02-28,2026-03-04,2026-03-04,Completed-OnTime,True,False,0.0
700790,CLI01978,Medium,2025-02-28,2026-03-04,2026-03-02,Completed-OnTime,True,False,0.0
700791,CLI01547,High,2025-02-28,2026-02-28,2026-02-26,Completed-OnTime,True,False,0.0
700792,CLI02435,Low,2025-02-28,2026-03-01,2026-02-24,Completed-OnTime,True,False,0.0
700793,CLI01952,Low,2025-02-28,2026-03-03,2026-03-02,Completed-OnTime,True,False,0.0
700794,CLI03737,Low,2025-02-28,2026-03-03,2026-03-02,Completed-OnTime,True,False,0.0
700795,CLI02777,High,2025-02-28,2026-03-01,2026-03-01,Completed-OnTime,True,False,0.0
700796,CLI01128,Low,2025-02-28,2026-03-04,2026-02-27,Completed-OnTime,True,False,0.0
700797,CLI00286,Low,2025-02-28,2026-03-04,2026-02-27,Completed-OnTime,True,False,0.0
700798,CLI01431,High,2025-02-28,2026-02-28,2026-02-23,Completed-OnTime,True,False,0.0
700799,CLI01642,Low,2025-02-28,2026-03-01,2026-02-24,Completed-OnTime,True,False,0.0
700800,CLI02263,Low,2025-02-28,2026-03-02,2026-03-01,Completed-OnTime,True,False,0.0
700801,CLI01552,Low,2025-02-28,2026-03-01,2026-02-24,Completed-OnTime,True,False,0.0
700802,CLI02206,Low,2025-02-28,2026-03-04,2026-03-01,Completed-OnTime,True,False,0.0
700803,CLI03094,High,2025-02-28,2026-03-04,2026-03-02,Completed-OnTime,True,False,0.0
700804,CLI00970,Medium,2025-02-28,2026-03-02,2026-02-26,Completed-OnTime,True,False,0.0
700805,CLI02747,Low,2025-02-28,2026-03-04,2026-03-04,Completed-OnTime,True,False,0.0
700806,CLI02582,Medium,2025-02-28,2026-03-04,2026-03-01,Completed-OnTime,True,False,0.0
700807,CLI03730,Low,2025-02-28,2026-03-01,2026-02-25,Completed-OnTime,True,False,0.0
700808,CLI00384,High,2025-02-28,2026-03-02,2026-03-02,Completed-OnTime,True,False,0.0
700809,CLI01144,Low,2025-02-28,2026-02-28,2026-02-24,Completed-OnTime,True,False,0.0
700810,CLI02237,Low,2025-02-28,2026-03-01,2026-02-25,Completed-OnTime,True,False,0.0
700811,CLI03396,Low,2025-02-28,2026-03-01,2026-02-24,Completed-OnTime,True,False,0.0
700812,CLI03778,High,2025-02-28,2026-03-04,2026-03-03,Completed-OnTime,True,False,0.0
700813,CLI03802,Low,2025-02-28,2026-03-01,2026-02-24,Completed-OnTime,True,False,0.0
700814,CLI00650,Medium,2025-02-28,2026-03-01,2026-02-24,Completed-OnTime,True,False,0.0
700815,CLI00450,Low,2025-02-28,2026-03-03,2026-02-26,Completed-OnTime,True,False,0.0
700816,CLI00357,High,2025-02-28,2026-03-02,2026-02-26,Completed-OnTime,True,False,0.0
700817,CLI00462,Low,2025-02-28,2026-03-02,2026-03-02,Completed-OnTime,True,False,0.0
700818,CLI01323,High,2025-02-28,2026-02-28,2026-02-28,Completed-OnTime,True,False,0.0
700819,CLI03333,Low,2025-02-28,2026-03-03,2026-02-27,Completed-OnTime,True,False,0.0
700820,CLI02996,Low,2025-02-28,2026-03-04,2026-02-27,Completed-OnTime,False,False,0.0
700821,CLI03165,Low,2025-02-28,2026-03-01,2026-02-24,Completed-OnTime,True,False,0.0
700822,CLI02445,Low,2025-02-28,2026-02-28,2026-02-24,Completed-OnTime,True,False,0.0
700823,CLI01258,Medium,2025-02-28,2026-03-03,2026-03-03,Completed-OnTime,True,False,0.0
700824,CLI00948,Medium,2025-02-28,2026-03-03,2026-03-01,Completed-OnTime,True,False,0.0
700825,CLI02106,Low,2025-02-28,2026-02-28,2026-02-23,Completed-OnTime,True,False,0.0
700826,CLI01410,Low,2025-02-28,2026-03-03,2026-02-26,Completed-OnTime,True,False,0.0
700827,CLI03181,Low,2025-02-28,2026-03-04,2026-02-27,Completed-OnTime,True,False,0.0
700828,CLI03584,Medium,2025-02-28,2026-03-01,2026-02-28,Completed-OnTime,True,False,0.0
700829,CLI03823,Low,2025-02-28,2026-02-28,2026-02-26,Completed-OnTime,True,False,0.0
700830,CLI00118,Low,2025-02-28,2026-03-04,2026-03-03,Completed-OnTime,True,False,0.0
700831,CLI01623,Low,2025-02-28,2026-02-28,2026-02-26,Completed-OnTime,True,False,0.0
700832,CLI00225,Low,2025-02-28,2026-03-02,2026-02-28,Completed-OnTime,True,False,0.0
700833,CLI01254,Medium,2025-02-28,2026-03-04,2026-02-28,Completed-OnTime,True,False,0.0
700834,CLI03014,Medium,2025-02-28,2026-03-03,2026-02-28,Completed-OnTime,True,False,0.0
700835,CLI01872,Low,2025-02-28,2026-03-01,2026-02-25,Completed-OnTime,True,False,0.0
700836,CLI01405,Medium,2025-02-28,2026-02-28,2026-02-27,Completed-OnTime,True,False,0.0
700837,CLI02606,Medium,2025-02-28,2026-03-04,,Open,True,True,
700838,CLI01005,Medium,2025-02-28,2026-03-02,2026-02-26,Completed-OnTime,True,False,0.0
700839,CLI03962,Medium,2025-02-28,2026-03-04,2026-03-02,Completed-OnTime,False,False,0.0
700840,CLI03135,Low,2025-02-28,2026-02-28,2026-02-23,Completed-OnTime,True,False,0.0
700841,CLI02659,Medium,2025-02-28,2026-03-04,2026-03-04,Completed-OnTime,True,False,0.0
700842,CLI01309,Medium,2025-02-28,2026-03-04,2026-02-28,Completed-OnTime,True,False,0.0
700843,CLI02319,Medium,2025-02-28,2026-02-28,2026-02-24,Completed-OnTime,True,False,0.0
700844,CLI02106,Low,2025-02-28,2026-02-28,2026-02-23,Completed-OnTime,True,False,0.0
700845,CLI03898,Low,2025-02-28,2026-03-01,2026-02-26,Completed-OnTime,False,False,0.0
700846,CLI02540,Low,2025-02-28,2026-03-03,2026-02-26,Completed-OnTime,True,False,0.0
700847,CLI00212,Low,2025-02-28,2026-03-03,2026-02-27,Completed-OnTime,True,False,0.0
700848,CLI00861,Low,2025-02-28,2026-03-02,2026-02-28,Completed-OnTime,True,False,0.0
700849,CLI00456,High,2025-02-28,2026-03-03,2026-02-26,Completed-OnTime,True,False,0.0
700850,CLI01158,Medium,2025-02-28,2026-03-02,2026-02-25,Completed-OnTime,True,False,0.0
700851,CLI00587,Low,2025-02-28,2026-03-02,2026-03-01,Completed-OnTime,True,False,0.0
700852,CLI03960,High,2025-02-28,2026-03-02,2026-03-11,Completed-Late,True,False,9.0
700853,CLI02067,Medium,2025-02-28,2026-03-03,2026-02-27,Completed-OnTime,True,False,0.0
700854,CLI01387,High,2025-02-28,2026-03-03,2026-03-02,Completed-OnTime,True,False,0.0
700855,CLI02360,Low,2025-02-28,2026-03-01,2026-03-01,Completed-OnTime,True,False,0.0
700856,CLI00151,Low,2025-02-28,2026-03-03,2026-02-27,Completed-OnTime,True,False,0.0
700857,CLI01017,Low,2025-02-28,2026-03-03,2026-02-28,Completed-OnTime,True,False,0.0
700858,CLI00184,Low,2025-02-28,2026-03-04,2026-03-02,Completed-OnTime,True,False,0.0
700859,CLI02136,Low,2025-02-28,2026-03-04,2026-03-03,Completed-OnTime,True,False,0.0
700860,CLI01416,Low,2025-02-28,2026-03-03,2026-02-26,Completed-OnTime,True,False,0.0
700861,CLI03695,High,2025-02-28,2026-02-28,2026-02-23,Completed-OnTime,True,False,0.0
700862,CLI00732,Medium,2025-02-28,2026-03-01,2026-02-26,Completed-OnTime,True,False,0.0
700863,CLI02210,Low,2025-02-28,2026-03-01,2026-02-28,Completed-OnTime,True,False,0.0
700864,CLI00448,Medium,2025-02-28,2026-03-03,2026-02-27,Completed-OnTime,True,False,0.0
700865,CLI00759,Low,2025-02-28,2026-03-04,2026-02-27,Completed-OnTime,True,False,0.0
700866,CLI01629,Low,2025-02-28,2026-03-02,2026-02-25,Completed-OnTime,True,False,0.0
700867,CLI00228,Medium,2025-02-28,2026-03-01,2026-02-27,Completed-OnTime,True,False,0.0
700868,CLI01238,Low,2025-02-28,2026-03-04,2026-02-28,Completed-OnTime,True,False,0.0
700869,CLI02711,Medium,2025-02-28,2026-03-04,2026-03-03,Completed-OnTime,True,False,0.0
700870,CLI02434,Medium,2025-02-28,2026-03-04,2026-03-02,Completed-OnTime,True,False,0.0
700871,CLI01205,High,2025-02-28,2026-03-03,2026-02-26,Completed-OnTime,False,False,0.0
700872,CLI01812,Medium,2025-02-28,2026-03-03,2026-02-28,Completed-OnTime,True,False,0.0
700873,CLI01582,Medium,2025-02-28,2026-03-03,2026-03-03,Completed-OnTime,True,False,0.0
700874,CLI02884,Medium,2025-02-28,2026-02-28,2026-02-24,Completed-OnTime,True,False,0.0
700875,CLI01647,High,2025-02-28,2026-02-28,2026-03-27,Completed-Late,True,False,27.0
700876,CLI00242,Low,2025-02-28,2026-03-04,2026-03-04,Completed-OnTime,False,False,0.0
700877,CLI03988,Low,2025-02-28,2026-03-04,2026-02-28,Completed-OnTime,True,False,0.0
700878,CLI01974,Low,2025-02-28,2026-03-01,2026-02-25,Completed-OnTime,True,False,0.0
700879,CLI01112,Low,2025-02-28,2026-03-02,2026-02-25,Completed-OnTime,True,False,0.0
700880,CLI00030,Medium,2025-02-28,2026-03-04,2026-03-04,Completed-OnTime,True,False,0.0
700881,CLI02651,Low,2025-02-28,2026-03-01,2026-02-24,Completed-OnTime,True,False,0.0
700882,CLI01496,Medium,2025-02-28,2026-02-28,2026-02-25,Completed-OnTime,True,False,0.0
700883,CLI01574,Medium,2025-02-28,2026-03-04,2026-03-03,Completed-OnTime,True,False,0.0
700884,CLI00502,Medium,2025-02-28,2026-03-02,2026-03-02,Completed-OnTime,True,False,0.0
700885,CLI02941,Low,2025-02-28,2026-03-03,2026-03-02,Completed-OnTime,True,False,0.0
700886,CLI00336,Low,2025-02-28,2026-03-02,2026-02-27,Completed-OnTime,True,False,0.0
700887,CLI03650,Medium,2025-02-28,2026-03-02,2026-02-27,Completed-OnTime,True,False,0.0
700888,CLI03548,Medium,2025-02-28,2026-03-01,2026-02-24,Completed-OnTime,True,False,0.0
700889,CLI02857,Low,2025-02-28,2026-03-04,2026-03-03,Completed-OnTime,True,False,0.0
700890,CLI01905,Low,2025-02-28,2026-03-01,2026-02-25,Completed-OnTime,True,False,0.0
700891,CLI03218,Low,2025-02-28,2026-03-01,2026-02-25,Completed-OnTime,False,False,0.0
700892,CLI01761,Low,2025-02-28,2026-03-03,2026-02-28,Completed-OnTime,True,False,0.0
700893,CLI01970,Medium,2025-02-28,2026-03-04,2026-03-01,Completed-OnTime,True,False,0.0
700894,CLI02663,Low,2025-02-28,2026-02-28,2026-02-28,Completed-OnTime,True,False,0.0
700895,CLI03471,Low,2025-02-28,2026-03-02,2026-02-27,Completed-OnTime,True,False,0.0
700896,CLI03255,Low,2025-02-28,2026-03-02,2026-03-01,Completed-OnTime,True,False,0.0
700897,CLI01120,Medium,2025-02-28,2026-03-04,2026-02-27,Completed-OnTime,True,False,0.0
700898,CLI01641,Medium,2025-02-28,2026-03-04,2026-02-28,Completed-OnTime,True,False,0.0
700899,CLI01592,Low,2025-02-28,2026-03-03,2026-02-28,Completed-OnTime,True,False,0.0
700900,CLI01302,Low,2025-02-28,2026-02-28,2026-03-08,Completed-Late,True,False,8.0
700901,CLI03749,Low,2025-03-31,2026-04-02,2026-03-30,Completed-OnTime,True,False,0.0
700902,CLI01520,Medium,2025-03-31,2026-04-03,2026-03-30,Completed-OnTime,True,False,0.0
700903,CLI02358,Low,2025-03-31,2026-04-04,2026-04-01,Completed-OnTime,True,False,0.0
700904,CLI00959,High,2025-03-31,2026-04-03,2026-04-02,Completed-OnTime,True,False,0.0
700905,CLI03219,High,2025-03-31,2026-04-03,2026-03-30,Completed-OnTime,True,False,0.0
700906,CLI03003,Low,2025-03-31,2026-04-02,2026-03-31,Completed-OnTime,True,False,0.0
700907,CLI02713,High,2025-03-31,2026-03-31,2026-03-31,Completed-OnTime,True,False,0.0
700908,CLI00560,Medium,2025-03-31,2026-04-04,2026-03-30,Completed-OnTime,True,False,0.0
700909,CLI02039,Medium,2025-03-31,2026-03-31,2026-03-26,Completed-OnTime,True,False,0.0
700910,CLI01697,Low,2025-03-31,2026-04-01,2026-03-31,Completed-OnTime,True,False,0.0
700911,CLI00589,Medium,2025-03-31,2026-04-02,2026-04-02,Completed-OnTime,True,False,0.0
700912,CLI03374,Low,2025-03-31,2026-03-31,2026-03-29,Completed-OnTime,True,False,0.0
700913,CLI01274,Medium,2025-03-31,2026-04-04,2026-03-30,Completed-OnTime,True,False,0.0
700914,CLI00250,Medium,2025-03-31,2026-04-04,2026-03-30,Completed-OnTime,True,False,0.0
700915,CLI01760,Medium,2025-03-31,2026-04-01,2026-03-28,Completed-OnTime,True,False,0.0
700916,CLI00048,High,2025-03-31,2026-03-31,2026-03-31,Completed-OnTime,True,False,0.0
700917,CLI01021,Medium,2025-03-31,2026-04-03,2026-03-30,Completed-OnTime,True,False,0.0
700918,CLI02048,Medium,2025-03-31,2026-04-04,2026-04-03,Completed-OnTime,True,False,0.0
700919,CLI00170,Low,2025-03-31,2026-04-01,2026-03-31,Completed-OnTime,True,False,0.0
700920,CLI01772,Low,2025-03-31,2026-04-03,2026-04-03,Completed-OnTime,True,False,0.0
700921,CLI02313,Medium,2025-03-31,2026-04-04,2026-04-04,Completed-OnTime,True,False,0.0
700922,CLI00724,Low,2025-03-31,2026-04-02,2026-03-31,Completed-OnTime,True,False,0.0
700923,CLI01920,Medium,2025-03-31,2026-04-03,2026-04-02,Completed-OnTime,True,False,0.0
700924,CLI01928,Low,2025-03-31,2026-04-03,2026-03-30,Completed-OnTime,True,False,0.0
700925,CLI02344,Low,2025-03-31,2026-04-04,2026-04-03,Completed-OnTime,True,False,0.0
700926,CLI00107,Medium,2025-03-31,2026-04-02,2026-03-28,Completed-OnTime,True,False,0.0
700927,CLI01066,Low,2025-03-31,2026-03-31,,Open,True,True,
700928,CLI02518,Medium,2025-03-31,2026-04-04,2026-03-31,Completed-OnTime,True,False,0.0
700929,CLI01267,Low,2025-03-31,2026-03-31,2026-03-28,Completed-OnTime,True,False,0.0
700930,CLI00182,High,2025-03-31,2026-04-04,2026-03-31,Completed-OnTime,True,False,0.0
700931,CLI03023,Low,2025-03-31,2026-03-31,2026-03-31,Completed-OnTime,True,False,0.0
700932,CLI00935,Low,2025-03-31,2026-04-03,2026-04-02,Completed-OnTime,True,False,0.0
700933,CLI02587,Low,2025-03-31,2026-04-03,2026-04-02,Completed-OnTime,True,False,0.0
700934,CLI01598,Low,2025-03-31,2026-04-02,2026-03-29,Completed-OnTime,True,False,0.0
700935,CLI00157,Low,2025-03-31,2026-04-01,2026-03-27,Completed-OnTime,True,False,0.0
700936,CLI01883,Low,2025-03-31,2026-03-31,2026-03-28,Completed-OnTime,True,False,0.0
700937,CLI00971,Low,2025-03-31,2026-04-04,2026-03-30,Completed-OnTime,True,False,0.0
700938,CLI01585,Low,2025-03-31,2026-04-04,2026-04-02,Completed-OnTime,True,False,0.0
700939,CLI03883,Low,2025-03-31,2026-04-01,2026-03-29,Completed-OnTime,True,False,0.0
700940,CLI02623,Low,2025-03-31,2026-04-01,2026-04-01,Completed-OnTime,True,False,0.0
700941,CLI01269,Medium,2025-03-31,2026-04-01,2026-03-29,Completed-OnTime,True,False,0.0
700942,CLI02212,Low,2025-03-31,2026-03-31,2026-03-29,Completed-OnTime,True,False,0.0
700943,CLI03331,Low,2025-03-31,2026-04-01,2026-03-27,Completed-OnTime,True,False,0.0
700944,CLI01023,High,2025-03-31,2026-04-03,2026-04-03,Completed-OnTime,True,False,0.0
700945,CLI03994,Low,2025-03-31,2026-03-31,,Open,True,True,
700946,CLI03371,Low,2025-03-31,2026-04-02,2026-03-31,Completed-OnTime,True,False,0.0
700947,CLI03641,Low,2025-03-31,2026-04-01,2026-03-29,Completed-OnTime,True,False,0.0
700948,CLI00942,Low,2025-03-31,2026-04-02,2026-03-30,Completed-OnTime,True,False,0.0
700949,CLI01094,Low,2025-03-31,2026-04-04,2026-04-03,Completed-OnTime,True,False,0.0
700950,CLI02020,Medium,2025-03-31,2026-04-04,2026-03-31,Completed-OnTime,True,False,0.0
700951,CLI02899,Medium,2025-03-31,2026-04-03,2026-04-02,Completed-OnTime,True,False,0.0
700952,CLI03945,Medium,2025-03-31,2026-04-04,2026-04-04,Completed-OnTime,True,False,0.0
700953,CLI01042,Medium,2025-03-31,2026-04-01,2026-04-01,Completed-OnTime,True,False,0.0
700954,CLI03773,Medium,2025-03-31,2026-04-02,2026-03-30,Completed-OnTime,True,False,0.0
700955,CLI03792,Low,2025-03-31,2026-04-02,2026-03-28,Completed-OnTime,True,False,0.0
700956,CLI01112,Medium,2025-03-31,2026-04-02,2026-03-30,Completed-OnTime,True,False,0.0
700957,CLI03807,Low,2025-03-31,2026-04-03,2026-03-30,Completed-OnTime,True,False,0.0
700958,CLI02979,Low,2025-03-31,2026-04-02,2026-04-02,Completed-OnTime,True,False,0.0
700959,CLI03167,Low,2025-03-31,2026-04-03,2026-03-29,Completed-OnTime,True,False,0.0
700960,CLI02539,Low,2025-03-31,2026-04-02,2026-04-01,Completed-OnTime,True,False,0.0
700961,CLI02123,Medium,2025-03-31,2026-04-02,2026-04-07,Completed-Late,True,False,5.0
700962,CLI01376,Low,2025-03-31,2026-04-04,2026-03-30,Completed-OnTime,True,False,0.0
700963,CLI03437,Medium,2025-03-31,2026-03-31,2026-03-28,Completed-OnTime,True,False,0.0
700964,CLI00780,Medium,2025-03-31,2026-03-31,2026-03-28,Completed-OnTime,True,False,0.0
700965,CLI03078,Medium,2025-03-31,2026-04-02,2026-03-30,Completed-OnTime,True,False,0.0
700966,CLI00514,Medium,2025-03-31,2026-04-02,2026-04-01,Completed-OnTime,True,False,0.0
700967,CLI03337,Low,2025-03-31,2026-04-01,2026-04-01,Completed-OnTime,True,False,0.0
700968,CLI02553,Low,2025-03-31,2026-04-03,2026-03-29,Completed-OnTime,True,False,0.0
700969,CLI02102,Low,2025-03-31,2026-04-04,2026-04-02,Completed-OnTime,True,False,0.0
700970,CLI01460,Medium,2025-03-31,2026-04-03,2026-04-01,Completed-OnTime,True,False,0.0
700971,CLI03957,High,2025-03-31,2026-04-03,2026-04-01,Completed-OnTime,True,False,0.0
700972,CLI03065,Medium,2025-03-31,2026-04-01,2026-03-28,Completed-OnTime,True,False,0.0
700973,CLI00494,Low,2025-03-31,2026-03-31,2026-03-28,Completed-OnTime,True,False,0.0
700974,CLI02488,High,2025-03-31,2026-04-03,2026-04-01,Completed-OnTime,True,False,0.0
700975,CLI01697,Medium,2025-03-31,2026-04-04,2026-04-02,Completed-OnTime,True,False,0.0
700976,CLI01465,Low,2025-03-31,2026-04-02,2026-03-30,Completed-OnTime,True,False,0.0
700977,CLI00633,Medium,2025-03-31,2026-04-03,2026-03-29,Completed-OnTime,True,False,0.0
700978,CLI01831,Low,2025-03-31,2026-03-31,,Open,True,True,
700979,CLI03716,Low,2025-03-31,2026-04-02,2026-04-01,Completed-OnTime,True,False,0.0
700980,CLI00317,Medium,2025-03-31,2026-04-04,2026-04-03,Completed-OnTime,True,False,0.0
700981,CLI00404,Medium,2025-03-31,2026-04-02,2026-04-01,Completed-OnTime,True,False,0.0
700982,CLI03559,Medium,2025-03-31,2026-03-31,2026-03-30,Completed-OnTime,True,False,0.0
700983,CLI01327,High,2025-03-31,2026-04-03,2026-04-02,Completed-OnTime,True,False,0.0
700984,CLI03371,Medium,2025-03-31,2026-04-04,2026-04-03,Completed-OnTime,False,False,0.0
700985,CLI03005,Medium,2025-03-31,2026-04-02,2026-03-28,Completed-OnTime,True,False,0.0
700986,CLI00269,High,2025-03-31,2026-03-31,2026-03-27,Completed-OnTime,True,False,0.0
700987,CLI01000,Low,2025-03-31,2026-04-02,2026-04-14,Completed-Late,True,False,12.0
700988,CLI03531,Low,2025-03-31,2026-04-02,2026-03-31,Completed-OnTime,True,False,0.0
700989,CLI01558,Low,2025-03-31,2026-04-04,2026-03-31,Completed-OnTime,True,False,0.0
700990,CLI00654,Medium,2025-03-31,2026-04-04,2026-04-01,Completed-OnTime,True,False,0.0
700991,CLI00337,Medium,2025-03-31,2026-04-01,2026-03-27,Completed-OnTime,True,False,0.0
700992,CLI01562,Medium,2025-03-31,2026-04-03,2026-03-30,Completed-OnTime,True,False,0.0
700993,CLI01960,Low,2025-03-31,2026-04-03,2026-04-02,Completed-OnTime,True,False,0.0
700994,CLI02418,Low,2025-03-31,2026-04-04,2026-04-02,Completed-OnTime,True,False,0.0
700995,CLI01962,Medium,2025-03-31,2026-03-31,2026-03-31,Completed-OnTime,True,False,0.0
700996,CLI02291,Low,2025-03-31,2026-04-01,2026-03-28,Completed-OnTime,True,False,0.0
700997,CLI02236,Low,2025-03-31,2026-04-02,2026-03-28,Completed-OnTime,True,False,0.0
700998,CLI01793,High,2025-03-31,2026-04-02,2026-03-30,Completed-OnTime,True,False,0.0
700999,CLI01326,High,2025-03-31,2026-04-03,2026-03-31,Completed-OnTime,True,False,0.0
701000,CLI00983,Medium,2025-03-31,2026-04-03,2026-04-01,Completed-OnTime,True,False,0.0
701001,CLI03735,High,2025-03-31,2026-04-04,2026-04-01,Completed-OnTime,True,False,0.0
701002,CLI00210,Medium,2025-03-31,2026-03-31,2026-03-26,Completed-OnTime,True,False,0.0
701003,CLI00595,Medium,2025-03-31,2026-04-04,2026-04-03,Completed-OnTime,True,False,0.0
701004,CLI00892,Medium,2025-03-31,2026-04-04,2026-04-03,Completed-OnTime,True,False,0.0
701005,CLI00900,Medium,2025-03-31,2026-04-04,2026-04-03,Completed-OnTime,True,False,0.0
701006,CLI01021,Medium,2025-03-31,2026-04-02,2026-03-30,Completed-OnTime,True,False,0.0
701007,CLI03697,Low,2025-03-31,2026-04-03,2026-03-30,Completed-OnTime,True,False,0.0
701008,CLI00679,Low,2025-03-31,2026-04-01,2026-03-28,Completed-OnTime,True,False,0.0
701009,CLI00607,Low,2025-03-31,2026-04-04,2026-03-30,Completed-OnTime,True,False,0.0
701010,CLI03545,Medium,2025-03-31,2026-04-03,2026-04-01,Completed-OnTime,True,False,0.0
701011,CLI00839,Low,2025-03-31,2026-03-31,2026-03-30,Completed-OnTime,True,False,0.0
701012,CLI01167,Medium,2025-03-31,2026-04-03,2026-04-02,Completed-OnTime,True,False,0.0
701013,CLI00012,Low,2025-03-31,2026-03-31,2026-03-27,Completed-OnTime,False,False,0.0
701014,CLI02269,Low,2025-03-31,2026-04-03,2026-03-30,Completed-OnTime,True,False,0.0
701015,CLI01679,High,2025-03-31,2026-04-01,2026-03-31,Completed-OnTime,True,False,0.0
701016,CLI02365,Low,2025-03-31,2026-04-01,2026-04-19,Completed-Late,True,False,18.0
701017,CLI01870,High,2025-03-31,2026-04-03,2026-03-30,Completed-OnTime,True,False,0.0
701018,CLI02702,Medium,2025-03-31,2026-04-01,2026-03-30,Completed-OnTime,True,False,0.0
701019,CLI02394,Low,2025-03-31,2026-04-03,2026-03-29,Completed-OnTime,True,False,0.0
701020,CLI03178,Low,2025-03-31,2026-04-03,2026-03-29,Completed-OnTime,True,False,0.0
701021,CLI02661,Medium,2025-03-31,2026-04-03,2026-03-29,Completed-OnTime,True,False,0.0
701022,CLI00063,Medium,2025-03-31,2026-03-31,2026-03-26,Completed-OnTime,True,False,0.0
701023,CLI03101,Medium,2025-03-31,2026-03-31,2026-03-27,Completed-OnTime,True,False,0.0
701024,CLI03612,Low,2025-03-31,2026-04-01,2026-03-31,Completed-OnTime,True,False,0.0
701025,CLI01270,Medium,2025-03-31,2026-04-02,2026-03-29,Completed-OnTime,True,False,0.0
701026,CLI00344,Low,2025-03-31,2026-03-31,2026-03-27,Completed-OnTime,True,False,0.0
701027,CLI02959,Medium,2025-03-31,2026-04-04,2026-03-30,Completed-OnTime,True,False,0.0
701028,CLI03664,Medium,2025-03-31,2026-03-31,2026-03-28,Completed-OnTime,True,False,0.0
701029,CLI02648,Low,2025-03-31,2026-03-31,2026-03-31,Completed-OnTime,True,False,0.0
701030,CLI02286,Low,2025-03-31,2026-04-04,2026-04-02,Completed-OnTime,True,False,0.0
701031,CLI00614,Low,2025-03-31,2026-04-03,2026-03-29,Completed-OnTime,True,False,0.0
701032,CLI03820,Low,2025-03-31,2026-04-04,2026-04-02,Completed-OnTime,True,False,0.0
701033,CLI03535,Medium,2025-03-31,2026-04-04,2026-03-30,Completed-OnTime,True,False,0.0
701034,CLI03210,Low,2025-03-31,2026-04-02,2026-03-29,Completed-OnTime,True,False,0.0
701035,CLI02283,Low,2025-03-31,2026-04-01,2026-03-31,Completed-OnTime,True,False,0.0
701036,CLI00407,Low,2025-03-31,2026-03-31,2026-03-28,Completed-OnTime,True,False,0.0
701037,CLI02302,Low,2025-03-31,2026-04-03,2026-03-29,Completed-OnTime,True,False,0.0
701038,CLI03321,Low,2025-03-31,2026-04-02,2026-03-29,Completed-OnTime,True,False,0.0
701039,CLI00580,Medium,2025-03-31,2026-04-02,2026-05-10,Completed-Late,True,False,38.0
701040,CLI02825,Low,2025-03-31,2026-04-03,2026-03-29,Completed-OnTime,True,False,0.0
701041,CLI00052,Medium,2025-03-31,2026-04-02,,Open,True,True,
701042,CLI00317,Medium,2025-03-31,2026-04-03,2026-03-30,Completed-OnTime,True,False,0.0
701043,CLI02293,Low,2025-03-31,2026-04-04,2026-05-18,Completed-Late,True,False,44.0
701044,CLI02197,Medium,2025-03-31,2026-04-04,2026-05-06,Completed-Late,True,False,32.0
701045,CLI03968,Low,2025-03-31,2026-04-01,2026-03-30,Completed-OnTime,True,False,0.0
701046,CLI03392,Medium,2025-03-31,2026-04-01,2026-03-30,Completed-OnTime,True,False,0.0
701047,CLI03107,Low,2025-03-31,2026-04-03,2026-04-01,Completed-OnTime,True,False,0.0
701048,CLI02763,Medium,2025-03-31,2026-04-01,2026-03-29,Completed-OnTime,True,False,0.0
701049,CLI03849,Medium,2025-03-31,2026-04-03,2026-03-30,Completed-OnTime,True,False,0.0
701050,CLI01561,Low,2025-03-31,2026-04-04,2026-04-17,Completed-Late,True,False,13.0
701051,CLI03575,Medium,2025-04-30,2026-05-03,2026-04-30,Completed-OnTime,True,False,0.0
701052,CLI01083,Low,2025-04-30,2026-05-04,2026-05-04,Completed-OnTime,True,False,0.0
701053,CLI01595,Medium,2025-04-30,2026-05-02,2026-04-28,Completed-OnTime,True,False,0.0
701054,CLI01172,Medium,2025-04-30,2026-05-04,2026-05-14,Completed-Late,True,False,10.0
701055,CLI03636,Medium,2025-04-30,2026-04-30,2026-04-25,Completed-OnTime,True,False,0.0
701056,CLI02982,Medium,2025-04-30,2026-05-02,2026-05-02,Completed-OnTime,True,False,0.0
701057,CLI02868,Low,2025-04-30,2026-05-01,2026-04-26,Completed-OnTime,True,False,0.0
701058,CLI01057,Low,2025-04-30,2026-05-01,2026-04-26,Completed-OnTime,True,False,0.0
701059,CLI01210,Low,2025-04-30,2026-05-02,2026-04-30,Completed-OnTime,True,False,0.0
701060,CLI02176,Low,2025-04-30,2026-05-03,2026-04-30,Completed-OnTime,True,False,0.0
701061,CLI00714,Medium,2025-04-30,2026-05-02,2026-04-27,Completed-OnTime,True,False,0.0
701062,CLI03232,Low,2025-04-30,2026-04-30,2026-04-29,Completed-OnTime,True,False,0.0
701063,CLI01119,Medium,2025-04-30,2026-05-02,2026-04-27,Completed-OnTime,True,False,0.0
701064,CLI03217,Low,2025-04-30,2026-04-30,2026-04-25,Completed-OnTime,True,False,0.0
701065,CLI03796,Low,2025-04-30,2026-05-02,2026-04-30,Completed-OnTime,True,False,0.0
701066,CLI02157,Low,2025-04-30,2026-05-02,2026-05-02,Completed-OnTime,True,False,0.0
701067,CLI00929,Medium,2025-04-30,2026-05-04,2026-05-02,Completed-OnTime,True,False,0.0
701068,CLI03357,High,2025-04-30,2026-05-04,2026-05-03,Completed-OnTime,True,False,0.0
701069,CLI02168,High,2025-04-30,2026-05-04,2026-05-03,Completed-OnTime,False,False,0.0
701070,CLI01892,Medium,2025-04-30,2026-05-02,2026-04-27,Completed-OnTime,True,False,0.0
701071,CLI03990,Medium,2025-04-30,2026-05-01,2026-04-30,Completed-OnTime,True,False,0.0
701072,CLI02515,Medium,2025-04-30,2026-05-01,,Open,True,True,
701073,CLI03054,High,2025-04-30,2026-05-04,2026-05-03,Completed-OnTime,True,False,0.0
701074,CLI03943,Low,2025-04-30,2026-04-30,2026-04-28,Completed-OnTime,False,False,0.0
701075,CLI00896,Low,2025-04-30,2026-05-04,2026-05-04,Completed-OnTime,True,False,0.0
701076,CLI01010,Low,2025-04-30,2026-05-02,2026-05-01,Completed-OnTime,True,False,0.0
701077,CLI02772,High,2025-04-30,2026-05-01,2026-04-27,Completed-OnTime,True,False,0.0
701078,CLI01094,Low,2025-04-30,2026-05-02,2026-05-02,Completed-OnTime,True,False,0.0
701079,CLI02915,Low,2025-04-30,2026-05-04,2026-05-03,Completed-OnTime,True,False,0.0
701080,CLI01860,Low,2025-04-30,2026-04-30,2026-04-30,Completed-OnTime,True,False,0.0
701081,CLI02084,Low,2025-04-30,2026-05-04,2026-04-30,Completed-OnTime,True,False,0.0
701082,CLI00709,Low,2025-04-30,2026-04-30,2026-04-30,Completed-OnTime,True,False,0.0
701083,CLI00304,High,2025-04-30,2026-05-02,2026-05-02,Completed-OnTime,True,False,0.0
701084,CLI00210,Low,2025-04-30,2026-05-03,2026-04-29,Completed-OnTime,False,False,0.0
701085,CLI02956,Medium,2025-04-30,2026-04-30,2026-04-28,Completed-OnTime,True,False,0.0
701086,CLI02921,Low,2025-04-30,2026-05-04,2026-04-29,Completed-OnTime,True,False,0.0
701087,CLI00442,Low,2025-04-30,2026-05-04,2026-05-03,Completed-OnTime,True,False,0.0
701088,CLI00181,Low,2025-04-30,2026-05-04,2026-05-02,Completed-OnTime,True,False,0.0
701089,CLI03272,Low,2025-04-30,2026-05-03,2026-04-28,Completed-OnTime,False,False,0.0
701090,CLI03476,Low,2025-04-30,2026-05-02,2026-04-29,Completed-OnTime,True,False,0.0
701091,CLI02086,Medium,2025-04-30,2026-05-01,2026-04-27,Completed-OnTime,True,False,0.0
701092,CLI02726,Low,2025-04-30,2026-05-02,2026-04-29,Completed-OnTime,True,False,0.0
701093,CLI03807,Medium,2025-04-30,2026-05-01,2026-05-01,Completed-OnTime,True,False,0.0
701094,CLI02954,Low,2025-04-30,2026-05-03,2026-05-03,Completed-OnTime,True,False,0.0
701095,CLI00083,Low,2025-04-30,2026-05-03,2026-04-29,Completed-OnTime,True,False,0.0
701096,CLI02331,Low,2025-04-30,2026-05-02,2026-05-02,Completed-OnTime,True,False,0.0
701097,CLI01777,Low,2025-04-30,2026-04-30,2026-04-27,Completed-OnTime,True,False,0.0
701098,CLI00547,Low,2025-04-30,2026-05-04,2026-05-01,Completed-OnTime,True,False,0.0
701099,CLI00166,High,2025-04-30,2026-05-02,2026-06-04,Completed-Late,True,False,33.0
701100,CLI01530,Low,2025-04-30,2026-05-03,2026-05-03,Completed-OnTime,True,False,0.0
701101,CLI03693,Low,2025-04-30,2026-05-03,2026-04-29,Completed-OnTime,True,False,0.0
701102,CLI03936,Low,2025-04-30,2026-05-02,2026-05-01,Completed-OnTime,True,False,0.0
701103,CLI02066,Medium,2025-04-30,2026-05-02,2026-04-30,Completed-OnTime,True,False,0.0
701104,CLI02323,High,2025-04-30,2026-05-03,2026-04-28,Completed-OnTime,True,False,0.0
701105,CLI00157,Low,2025-04-30,2026-05-03,2026-04-29,Completed-OnTime,True,False,0.0
701106,CLI02975,Medium,2025-04-30,2026-04-30,2026-04-27,Completed-OnTime,True,False,0.0
701107,CLI01793,Low,2025-04-30,2026-04-30,2026-04-30,Completed-OnTime,True,False,0.0
701108,CLI03912,Medium,2025-04-30,2026-05-01,2026-05-01,Completed-OnTime,True,False,0.0
701109,CLI02162,Low,2025-04-30,2026-05-04,2026-06-10,Completed-Late,True,False,37.0
701110,CLI00107,Low,2025-04-30,2026-04-30,2026-04-26,Completed-OnTime,False,False,0.0
701111,CLI00683,Low,2025-04-30,2026-05-03,2026-05-16,Completed-Late,True,False,13.0
701112,CLI02289,Medium,2025-04-30,2026-05-04,2026-05-10,Completed-Late,True,False,6.0
701113,CLI00888,Medium,2025-04-30,2026-04-30,2026-04-27,Completed-OnTime,True,False,0.0
701114,CLI01278,Low,2025-04-30,2026-05-01,2026-04-26,Completed-OnTime,True,False,0.0
701115,CLI03121,Low,2025-04-30,2026-05-03,2026-05-02,Completed-OnTime,True,False,0.0
701116,CLI02146,Medium,2025-04-30,2026-04-30,2026-04-30,Completed-OnTime,True,False,0.0
701117,CLI02426,High,2025-04-30,2026-05-02,2026-05-01,Completed-OnTime,True,False,0.0
701118,CLI03131,Medium,2025-04-30,2026-05-01,2026-05-01,Completed-OnTime,True,False,0.0
701119,CLI01637,Medium,2025-04-30,2026-05-01,2026-05-01,Completed-OnTime,True,False,0.0
701120,CLI01365,Medium,2025-04-30,2026-05-04,2026-05-02,Completed-OnTime,True,False,0.0
701121,CLI03132,Medium,2025-04-30,2026-05-01,2026-04-27,Completed-OnTime,True,False,0.0
701122,CLI00790,Low,2025-04-30,2026-05-04,2026-05-04,Completed-OnTime,True,False,0.0
701123,CLI03253,Medium,2025-04-30,2026-05-02,,Open,True,True,
701124,CLI01817,Medium,2025-04-30,2026-05-01,2026-04-27,Completed-OnTime,True,False,0.0
701125,CLI01520,Low,2025-04-30,2026-05-03,2026-05-01,Completed-OnTime,True,False,0.0
701126,CLI00572,Medium,2025-04-30,2026-05-02,2026-04-29,Completed-OnTime,True,False,0.0
701127,CLI00511,Low,2025-04-30,2026-05-01,2026-04-30,Completed-OnTime,True,False,0.0
701128,CLI00576,Low,2025-04-30,2026-04-30,2026-04-30,Completed-OnTime,True,False,0.0
701129,CLI02545,Low,2025-04-30,2026-05-04,2026-06-12,Completed-Late,False,False,39.0
701130,CLI03547,Low,2025-04-30,2026-05-01,2026-04-29,Completed-OnTime,True,False,0.0
701131,CLI02243,Low,2025-04-30,2026-05-04,2026-04-29,Completed-OnTime,True,False,0.0
701132,CLI02166,High,2025-04-30,2026-05-01,2026-04-29,Completed-OnTime,True,False,0.0
701133,CLI03673,Medium,2025-04-30,2026-05-03,2026-05-01,Completed-OnTime,True,False,0.0
701134,CLI02811,Low,2025-04-30,2026-05-04,2026-04-29,Completed-OnTime,True,False,0.0
701135,CLI00931,Medium,2025-04-30,2026-05-03,2026-06-13,Completed-Late,True,False,41.0
701136,CLI00970,Low,2025-04-30,2026-05-03,2026-04-29,Completed-OnTime,True,False,0.0
701137,CLI00612,High,2025-04-30,2026-05-04,2026-04-29,Completed-OnTime,True,False,0.0
701138,CLI02942,Low,2025-04-30,2026-04-30,2026-04-27,Completed-OnTime,True,False,0.0
701139,CLI03484,Medium,2025-04-30,2026-04-30,2026-04-26,Completed-OnTime,True,False,0.0
701140,CLI00666,Low,2025-04-30,2026-05-04,2026-05-01,Completed-OnTime,True,False,0.0
701141,CLI02889,Low,2025-04-30,2026-05-01,2026-04-27,Completed-OnTime,True,False,0.0
701142,CLI00818,High,2025-04-30,2026-05-02,2026-05-02,Completed-OnTime,True,False,0.0
701143,CLI00612,Medium,2025-04-30,2026-05-01,2026-04-29,Completed-OnTime,True,False,0.0
701144,CLI01514,Medium,2025-04-30,2026-05-02,2026-05-01,Completed-OnTime,True,False,0.0
701145,CLI03321,Medium,2025-04-30,2026-05-01,2026-04-27,Completed-OnTime,True,False,0.0
701146,CLI02662,Low,2025-04-30,2026-05-01,2026-04-30,Completed-OnTime,True,False,0.0
701147,CLI01731,Medium,2025-04-30,2026-05-04,2026-05-02,Completed-OnTime,True,False,0.0
701148,CLI03384,Low,2025-04-30,2026-05-01,2026-04-27,Completed-OnTime,True,False,0.0
701149,CLI00884,Low,2025-04-30,2026-05-03,2026-04-29,Completed-OnTime,True,False,0.0
701150,CLI00222,Low,2025-04-30,2026-04-30,2026-04-30,Completed-OnTime,True,False,0.0
701151,CLI00828,Medium,2025-04-30,2026-05-02,2026-05-02,Completed-OnTime,True,False,0.0
701152,CLI00449,Medium,2025-04-30,2026-05-01,2026-04-30,Completed-OnTime,True,False,0.0
701153,CLI00454,Medium,2025-04-30,2026-05-01,2026-05-01,Completed-OnTime,True,False,0.0
701154,CLI01138,Low,2025-04-30,2026-05-02,2026-04-29,Completed-OnTime,True,False,0.0
701155,CLI01600,Low,2025-04-30,2026-05-04,2026-05-03,Completed-OnTime,True,False,0.0
701156,CLI01857,Medium,2025-04-30,2026-05-04,2026-05-02,Completed-OnTime,True,False,0.0
701157,CLI02008,Medium,2025-04-30,2026-04-30,2026-04-29,Completed-OnTime,True,False,0.0
701158,CLI00206,Low,2025-04-30,2026-04-30,2026-04-30,Completed-OnTime,True,False,0.0
701159,CLI03698,Medium,2025-04-30,2026-05-01,2026-04-30,Completed-OnTime,True,False,0.0
701160,CLI02125,Low,2025-04-30,2026-05-03,2026-05-01,Completed-OnTime,True,False,0.0
701161,CLI03796,Low,2025-04-30,2026-05-04,2026-04-29,Completed-OnTime,True,False,0.0
701162,CLI00884,Low,2025-04-30,2026-05-01,2026-04-28,Completed-OnTime,True,False,0.0
701163,CLI03256,Low,2025-04-30,2026-04-30,2026-04-25,Completed-OnTime,True,False,0.0
701164,CLI01326,Low,2025-04-30,2026-05-02,2026-04-27,Completed-OnTime,True,False,0.0
701165,CLI01573,Medium,2025-04-30,2026-05-03,2026-05-01,Completed-OnTime,True,False,0.0
701166,CLI02626,Medium,2025-04-30,2026-05-04,2026-05-03,Completed-OnTime,True,False,0.0
701167,CLI02878,Low,2025-04-30,2026-05-03,2026-04-28,Completed-OnTime,True,False,0.0
701168,CLI02580,Low,2025-04-30,2026-04-30,2026-04-25,Completed-OnTime,True,False,0.0
701169,CLI02953,Low,2025-04-30,2026-05-03,2026-05-03,Completed-OnTime,True,False,0.0
701170,CLI00086,Medium,2025-04-30,2026-05-03,2026-05-03,Completed-OnTime,True,False,0.0
701171,CLI03543,Medium,2025-04-30,2026-05-02,2026-04-28,Completed-OnTime,True,False,0.0
701172,CLI01538,Medium,2025-04-30,2026-05-02,2026-04-30,Completed-OnTime,True,False,0.0
701173,CLI03408,Medium,2025-04-30,2026-05-03,,Open,True,True,
701174,CLI01540,Low,2025-04-30,2026-05-03,2026-04-28,Completed-OnTime,True,False,0.0
701175,CLI01300,Low,2025-04-30,2026-05-01,2026-04-30,Completed-OnTime,True,False,0.0
701176,CLI01546,Low,2025-04-30,2026-05-02,2026-04-28,Completed-OnTime,True,False,0.0
701177,CLI03473,Medium,2025-04-30,2026-05-03,2026-05-01,Completed-OnTime,True,False,0.0
701178,CLI03868,Low,2025-04-30,2026-05-03,2026-05-01,Completed-OnTime,True,False,0.0
701179,CLI02803,Low,2025-04-30,2026-05-04,2026-05-03,Completed-OnTime,True,False,0.0
701180,CLI03541,Low,2025-04-30,2026-05-01,2026-04-29,Completed-OnTime,True,False,0.0
701181,CLI01600,Low,2025-04-30,2026-05-01,2026-04-29,Completed-OnTime,True,False,0.0
701182,CLI01797,Low,2025-04-30,2026-05-01,2026-04-29,Completed-OnTime,False,False,0.0
701183,CLI00351,Low,2025-04-30,2026-05-03,2026-04-30,Completed-OnTime,True,False,0.0
701184,CLI03287,Medium,2025-04-30,2026-05-01,2026-04-28,Completed-OnTime,True,False,0.0
701185,CLI03264,Low,2025-04-30,2026-05-01,2026-05-01,Completed-OnTime,True,False,0.0
701186,CLI02991,Low,2025-04-30,2026-05-04,2026-05-03,Completed-OnTime,True,False,0.0
701187,CLI00583,Low,2025-04-30,2026-05-03,2026-05-03,Completed-OnTime,True,False,0.0
701188,CLI03838,High,2025-04-30,2026-04-30,2026-04-30,Completed-OnTime,True,False,0.0
701189,CLI03336,Low,2025-04-30,2026-04-30,2026-04-29,Completed-OnTime,True,False,0.0
701190,CLI00242,Low,2025-04-30,2026-05-03,2026-04-29,Completed-OnTime,True,False,0.0
701191,CLI02830,Medium,2025-04-30,2026-05-04,2026-04-30,Completed-OnTime,True,False,0.0
701192,CLI00975,Medium,2025-04-30,2026-05-02,2026-04-27,Completed-OnTime,True,False,0.0
701193,CLI02698,Medium,2025-04-30,2026-05-03,2026-05-03,Completed-OnTime,True,False,0.0
701194,CLI01362,Low,2025-04-30,2026-05-01,,Open,True,True,
701195,CLI02737,Low,2025-04-30,2026-05-03,2026-04-29,Completed-OnTime,True,False,0.0
701196,CLI02315,Low,2025-04-30,2026-04-30,2026-04-30,Completed-OnTime,True,False,0.0
701197,CLI02630,Medium,2025-04-30,2026-05-04,2026-05-04,Completed-OnTime,True,False,0.0
701198,CLI00661,Low,2025-04-30,2026-05-04,,Open,False,True,
701199,CLI01502,Low,2025-04-30,2026-04-30,2026-04-29,Completed-OnTime,True,False,0.0
701200,CLI01979,Medium,2025-04-30,2026-04-30,2026-04-25,Completed-OnTime,True,False,0.0
701201,CLI01730,Low,2025-05-31,2026-06-03,2026-06-02,Completed-OnTime,True,False,0.0
701202,CLI01257,Medium,2025-05-31,2026-06-01,2026-06-01,Completed-OnTime,True,False,0.0
701203,CLI01882,Low,2025-05-31,2026-06-02,2026-05-31,Completed-OnTime,True,False,0.0
701204,CLI01389,Medium,2025-05-31,2026-06-03,2026-05-31,Completed-OnTime,True,False,0.0
701205,CLI01169,Low,2025-05-31,2026-06-03,2026-06-03,Completed-OnTime,True,False,0.0
701206,CLI00110,Low,2025-05-31,2026-05-31,2026-05-31,Completed-OnTime,True,False,0.0
701207,CLI03278,Low,2025-05-31,2026-05-31,2026-05-28,Completed-OnTime,False,False,0.0
701208,CLI03187,High,2025-05-31,2026-06-02,2026-05-30,Completed-OnTime,True,False,0.0
701209,CLI02517,Medium,2025-05-31,2026-06-01,2026-06-01,Completed-OnTime,True,False,0.0
701210,CLI00729,Low,2025-05-31,2026-06-02,2026-06-01,Completed-OnTime,True,False,0.0
701211,CLI02973,Low,2025-05-31,2026-05-31,2026-06-04,Completed-Late,True,False,4.0
701212,CLI01756,Medium,2025-05-31,2026-06-04,2026-05-31,Completed-OnTime,True,False,0.0
701213,CLI02434,Low,2025-05-31,2026-06-02,2026-06-01,Completed-OnTime,True,False,0.0
701214,CLI00977,Medium,2025-05-31,2026-06-02,2026-05-28,Completed-OnTime,True,False,0.0
701215,CLI00416,Medium,2025-05-31,2026-06-01,2026-05-27,Completed-OnTime,True,False,0.0
701216,CLI03684,Low,2025-05-31,2026-06-03,2026-05-31,Completed-OnTime,True,False,0.0
701217,CLI00647,Low,2025-05-31,2026-06-02,2026-05-28,Completed-OnTime,True,False,0.0
701218,CLI02721,Low,2025-05-31,2026-06-04,2026-05-31,Completed-OnTime,True,False,0.0
701219,CLI01152,Medium,2025-05-31,2026-06-01,2026-05-27,Completed-OnTime,True,False,0.0
701220,CLI00785,Low,2025-05-31,2026-06-02,2026-06-02,Completed-OnTime,True,False,0.0
701221,CLI02519,Low,2025-05-31,2026-06-02,2026-05-28,Completed-OnTime,True,False,0.0
701222,CLI03987,Medium,2025-05-31,2026-06-02,2026-05-30,Completed-OnTime,True,False,0.0
701223,CLI03160,Medium,2025-05-31,2026-06-04,2026-06-02,Completed-OnTime,True,False,0.0
701224,CLI01647,Low,2025-05-31,2026-06-03,2026-06-01,Completed-OnTime,True,False,0.0
701225,CLI00192,Low,2025-05-31,2026-06-03,2026-07-15,Completed-Late,False,False,42.0
701226,CLI02797,Low,2025-05-31,2026-06-01,2026-05-28,Completed-OnTime,True,False,0.0
701227,CLI02570,Medium,2025-05-31,2026-06-02,2026-05-28,Completed-OnTime,True,False,0.0
701228,CLI01028,Low,2025-05-31,2026-05-31,2026-05-30,Completed-OnTime,True,False,0.0
701229,CLI03774,Medium,2025-05-31,2026-06-01,2026-06-01,Completed-OnTime,True,False,0.0
701230,CLI02218,Low,2025-05-31,2026-05-31,2026-05-30,Completed-OnTime,True,False,0.0
701231,CLI02099,Medium,2025-05-31,2026-06-04,2026-05-31,Completed-OnTime,True,False,0.0
701232,CLI03550,Low,2025-05-31,2026-06-01,2026-05-28,Completed-OnTime,True,False,0.0
701233,CLI01214,Low,2025-05-31,2026-06-04,2026-05-30,Completed-OnTime,True,False,0.0
701234,CLI01175,Medium,2025-05-31,2026-05-31,2026-05-28,Completed-OnTime,True,False,0.0
701235,CLI01880,Low,2025-05-31,2026-05-31,2026-05-31,Completed-OnTime,True,False,0.0
701236,CLI02419,Low,2025-05-31,2026-06-01,2026-05-31,Completed-OnTime,True,False,0.0
701237,CLI01136,Medium,2025-05-31,2026-05-31,2026-05-27,Completed-OnTime,True,False,0.0
701238,CLI03937,Low,2025-05-31,2026-06-01,2026-05-28,Completed-OnTime,True,False,0.0
701239,CLI01519,Low,2025-05-31,2026-06-01,2026-05-31,Completed-OnTime,True,False,0.0
701240,CLI02833,Medium,2025-05-31,2026-06-03,2026-05-31,Completed-OnTime,True,False,0.0
701241,CLI01113,Medium,2025-05-31,2026-06-01,2026-05-30,Completed-OnTime,True,False,0.0
701242,CLI00261,Low,2025-05-31,2026-06-02,2026-05-31,Completed-OnTime,True,False,0.0
701243,CLI00583,Low,2025-05-31,2026-06-03,2026-06-02,Completed-OnTime,True,False,0.0
701244,CLI03762,Medium,2025-05-31,2026-06-01,2026-05-29,Completed-OnTime,True,False,0.0
701245,CLI01043,Medium,2025-05-31,2026-05-31,2026-05-30,Completed-OnTime,True,False,0.0
701246,CLI02265,Low,2025-05-31,2026-05-31,2026-05-30,Completed-OnTime,True,False,0.0
701247,CLI03018,Medium,2025-05-31,2026-06-02,2026-05-30,Completed-OnTime,True,False,0.0
701248,CLI02623,Low,2025-05-31,2026-06-01,2026-05-29,Completed-OnTime,True,False,0.0
701249,CLI03229,Low,2025-05-31,2026-05-31,2026-05-31,Completed-OnTime,True,False,0.0
701250,CLI01042,Low,2025-05-31,2026-06-01,2026-06-01,Completed-OnTime,True,False,0.0
701251,CLI00832,Medium,2025-05-31,2026-06-02,2026-05-28,Completed-OnTime,True,False,0.0
701252,CLI02399,Medium,2025-05-31,2026-05-31,2026-05-30,Completed-OnTime,True,False,0.0
701253,CLI03090,Low,2025-05-31,2026-06-01,2026-05-31,Completed-OnTime,True,False,0.0
701254,CLI02717,High,2025-05-31,2026-06-03,2026-05-31,Completed-OnTime,True,False,0.0
701255,CLI01923,Low,2025-05-31,2026-05-31,2026-05-27,Completed-OnTime,True,False,0.0
701256,CLI02693,Low,2025-05-31,2026-06-04,2026-06-03,Completed-OnTime,True,False,0.0
701257,CLI03014,Medium,2025-05-31,2026-06-01,2026-07-15,Completed-Late,True,False,44.0
701258,CLI02242,Medium,2025-05-31,2026-06-03,2026-05-31,Completed-OnTime,True,False,0.0
701259,CLI01576,High,2025-05-31,2026-06-02,2026-06-01,Completed-OnTime,True,False,0.0
701260,CLI00145,Low,2025-05-31,2026-06-01,2026-05-30,Completed-OnTime,True,False,0.0
701261,CLI02905,Medium,2025-05-31,2026-05-31,2026-05-31,Completed-OnTime,True,False,0.0
701262,CLI03626,Medium,2025-05-31,2026-06-03,2026-06-01,Completed-OnTime,True,False,0.0
701263,CLI01604,Medium,2025-05-31,2026-05-31,2026-05-28,Completed-OnTime,True,False,0.0
701264,CLI03949,Medium,2025-05-31,2026-06-02,2026-05-28,Completed-OnTime,True,False,0.0
701265,CLI00208,Low,2025-05-31,2026-06-02,2026-05-29,Completed-OnTime,True,False,0.0
701266,CLI02228,Low,2025-05-31,2026-06-01,2026-05-27,Completed-OnTime,True,False,0.0
701267,CLI02985,Low,2025-05-31,2026-06-03,2026-05-29,Completed-OnTime,True,False,0.0
701268,CLI02708,Low,2025-05-31,2026-06-04,2026-05-31,Completed-OnTime,True,False,0.0
701269,CLI01469,Low,2025-05-31,2026-06-02,2026-05-30,Completed-OnTime,True,False,0.0
701270,CLI01805,Low,2025-05-31,2026-06-03,2026-06-03,Completed-OnTime,True,False,0.0
701271,CLI00833,Low,2025-05-31,2026-06-04,2026-06-01,Completed-OnTime,False,False,0.0
701272,CLI01458,Medium,2025-05-31,2026-06-04,2026-07-01,Completed-Late,True,False,27.0
701273,CLI02587,Low,2025-05-31,2026-06-04,2026-06-04,Completed-OnTime,True,False,0.0
701274,CLI00081,Medium,2025-05-31,2026-06-01,2026-05-29,Completed-OnTime,True,False,0.0
701275,CLI00633,Low,2025-05-31,2026-06-04,2026-06-01,Completed-OnTime,True,False,0.0
701276,CLI03850,High,2025-05-31,2026-06-04,2026-06-04,Completed-OnTime,True,False,0.0
701277,CLI03880,Low,2025-05-31,2026-06-02,2026-06-01,Completed-OnTime,True,False,0.0
701278,CLI00428,Low,2025-05-31,2026-06-04,2026-06-02,Completed-OnTime,True,False,0.0
701279,CLI01037,Medium,2025-05-31,2026-06-02,2026-06-01,Completed-OnTime,True,False,0.0
701280,CLI02628,Medium,2025-05-31,2026-05-31,2026-05-29,Completed-OnTime,True,False,0.0
701281,CLI01054,Low,2025-05-31,2026-06-03,2026-06-02,Completed-OnTime,True,False,0.0
701282,CLI02332,Low,2025-05-31,2026-06-01,2026-06-01,Completed-OnTime,True,False,0.0
701283,CLI02376,Low,2025-05-31,2026-06-04,2026-06-02,Completed-OnTime,True,False,0.0
701284,CLI00806,Low,2025-05-31,2026-05-31,2026-05-28,Completed-OnTime,True,False,0.0
701285,CLI00849,Low,2025-05-31,2026-06-03,2026-05-30,Completed-OnTime,True,False,0.0
701286,CLI02799,High,2025-05-31,2026-05-31,2026-05-29,Completed-OnTime,True,False,0.0
701287,CLI02233,Medium,2025-05-31,2026-06-02,2026-06-01,Completed-OnTime,True,False,0.0
701288,CLI03199,High,2025-05-31,2026-06-01,2026-05-28,Completed-OnTime,True,False,0.0
701289,CLI00701,Low,2025-05-31,2026-06-04,2026-06-03,Completed-OnTime,True,False,0.0
701290,CLI03911,Low,2025-05-31,2026-05-31,2026-05-27,Completed-OnTime,True,False,0.0
701291,CLI03218,Medium,2025-05-31,2026-06-02,2026-06-01,Completed-OnTime,False,False,0.0
701292,CLI02810,Low,2025-05-31,2026-06-01,2026-05-31,Completed-OnTime,True,False,0.0
701293,CLI00033,Medium,2025-05-31,2026-06-04,2026-06-04,Completed-OnTime,True,False,0.0
701294,CLI03055,Low,2025-05-31,2026-06-01,2026-05-28,Completed-OnTime,True,False,0.0
701295,CLI01985,Low,2025-05-31,2026-06-01,2026-05-28,Completed-OnTime,True,False,0.0
701296,CLI03168,Low,2025-05-31,2026-05-31,2026-05-26,Completed-OnTime,True,False,0.0
701297,CLI01979,High,2025-05-31,2026-05-31,2026-05-27,Completed-OnTime,True,False,0.0
701298,CLI03113,Medium,2025-05-31,2026-06-03,2026-06-03,Completed-OnTime,True,False,0.0
701299,CLI03987,Low,2025-05-31,2026-06-01,2026-05-30,Completed-OnTime,True,False,0.0
701300,CLI02296,Low,2025-05-31,2026-05-31,2026-05-30,Completed-OnTime,True,False,0.0
701301,CLI00206,Medium,2025-05-31,2026-06-02,2026-05-28,Completed-OnTime,True,False,0.0
701302,CLI03801,Medium,2025-05-31,2026-05-31,2026-05-28,Completed-OnTime,True,False,0.0
701303,CLI00287,Low,2025-05-31,2026-05-31,2026-05-29,Completed-OnTime,True,False,0.0
701304,CLI03845,Medium,2025-05-31,2026-06-02,2026-05-30,Completed-OnTime,True,False,0.0
701305,CLI03045,Medium,2025-05-31,2026-06-02,2026-07-10,Completed-Late,True,False,38.0
701306,CLI03889,High,2025-05-31,2026-06-04,2026-05-30,Completed-OnTime,True,False,0.0
701307,CLI03983,High,2025-05-31,2026-06-01,2026-06-01,Completed-OnTime,True,False,0.0
701308,CLI02800,Low,2025-05-31,2026-06-03,2026-05-29,Completed-OnTime,True,False,0.0
701309,CLI01329,Medium,2025-05-31,2026-06-01,2026-05-27,Completed-OnTime,True,False,0.0
701310,CLI01304,Low,2025-05-31,2026-06-01,2026-05-31,Completed-OnTime,True,False,0.0
701311,CLI01329,Medium,2025-05-31,2026-06-02,2026-06-02,Completed-OnTime,True,False,0.0
701312,CLI00095,Low,2025-05-31,2026-06-04,2026-06-04,Completed-OnTime,True,False,0.0
701313,CLI01880,Medium,2025-05-31,2026-06-03,2026-06-02,Completed-OnTime,True,False,0.0
701314,CLI03969,Low,2025-05-31,2026-06-04,2026-06-01,Completed-OnTime,False,False,0.0
701315,CLI03918,Low,2025-05-31,2026-06-03,2026-05-31,Completed-OnTime,True,False,0.0
701316,CLI01527,Low,2025-05-31,2026-06-02,2026-05-30,Completed-OnTime,True,False,0.0
701317,CLI03221,Medium,2025-05-31,2026-06-01,2026-05-27,Completed-OnTime,True,False,0.0
701318,CLI01115,Low,2025-05-31,2026-06-04,2026-06-04,Completed-OnTime,True,False,0.0
701319,CLI00272,Low,2025-05-31,2026-06-04,,Open,True,True,
701320,CLI03158,Medium,2025-05-31,2026-05-31,2026-05-28,Completed-OnTime,True,False,0.0
701321,CLI00027,Medium,2025-05-31,2026-06-02,2026-05-31,Completed-OnTime,True,False,0.0
701322,CLI01463,Low,2025-05-31,2026-05-31,2026-05-26,Completed-OnTime,True,False,0.0
701323,CLI01000,Medium,2025-05-31,2026-06-01,2026-05-29,Completed-OnTime,True,False,0.0
701324,CLI03567,Low,2025-05-31,2026-06-01,2026-05-29,Completed-OnTime,True,False,0.0
701325,CLI01320,Low,2025-05-31,2026-05-31,2026-05-29,Completed-OnTime,True,False,0.0
701326,CLI01197,High,2025-05-31,2026-06-01,2026-06-01,Completed-OnTime,True,False,0.0
701327,CLI01020,Low,2025-05-31,2026-06-03,2026-06-03,Completed-OnTime,True,False,0.0
701328,CLI03917,Low,2025-05-31,2026-06-01,2026-05-27,Completed-OnTime,True,False,0.0
701329,CLI00220,Low,2025-05-31,2026-05-31,2026-05-29,Completed-OnTime,True,False,0.0
701330,CLI01341,Low,2025-05-31,2026-06-03,2026-06-01,Completed-OnTime,True,False,0.0
701331,CLI02473,Medium,2025-05-31,2026-06-03,2026-05-31,Completed-OnTime,True,False,0.0
701332,CLI01448,Low,2025-05-31,2026-06-02,2026-05-30,Completed-OnTime,True,False,0.0
701333,CLI00576,Low,2025-05-31,2026-06-02,2026-05-31,Completed-OnTime,True,False,0.0
701334,CLI03881,Low,2025-05-31,2026-05-31,2026-05-29,Completed-OnTime,True,False,0.0
701335,CLI01639,High,2025-05-31,2026-06-04,2026-06-03,Completed-OnTime,True,False,0.0
701336,CLI01453,Low,2025-05-31,2026-06-04,2026-06-03,Completed-OnTime,True,False,0.0
701337,CLI00408,Medium,2025-05-31,2026-06-02,2026-05-30,Completed-OnTime,True,False,0.0
701338,CLI01776,Low,2025-05-31,2026-06-04,2026-05-31,Completed-OnTime,True,False,0.0
701339,CLI02177,Medium,2025-05-31,2026-06-01,2026-05-30,Completed-OnTime,True,False,0.0
701340,CLI03551,Low,2025-05-31,2026-06-04,2026-06-01,Completed-OnTime,True,False,0.0
701341,CLI03141,Low,2025-05-31,2026-06-01,2026-05-27,Completed-OnTime,True,False,0.0
701342,CLI03889,Low,2025-05-31,2026-06-02,2026-05-28,Completed-OnTime,True,False,0.0
701343,CLI02703,Low,2025-05-31,2026-06-01,2026-05-29,Completed-OnTime,False,False,0.0
701344,CLI01535,Medium,2025-05-31,2026-06-04,2026-06-03,Completed-OnTime,True,False,0.0
701345,CLI02249,Low,2025-05-31,2026-06-03,2026-06-02,Completed-OnTime,True,False,0.0
701346,CLI00216,Low,2025-05-31,2026-05-31,2026-05-26,Completed-OnTime,True,False,0.0
701347,CLI02171,Medium,2025-05-31,2026-06-04,2026-06-04,Completed-OnTime,True,False,0.0
701348,CLI02433,Low,2025-05-31,2026-06-04,2026-06-01,Completed-OnTime,True,False,0.0
701349,CLI02919,Low,2025-05-31,2026-06-03,2026-06-03,Completed-OnTime,True,False,0.0
701350,CLI02375,Medium,2025-05-31,2026-05-31,2026-05-28,Completed-OnTime,True,False,0.0
701351,CLI02973,Low,2025-06-30,2026-07-03,2026-07-01,Completed-OnTime,True,False,0.0
701352,CLI03483,Medium,2025-06-30,2026-06-30,2026-06-29,Completed-OnTime,True,False,0.0
701353,CLI02670,Low,2025-06-30,2026-07-04,2026-07-03,Completed-OnTime,True,False,0.0
701354,CLI00615,Low,2025-06-30,2026-07-02,2026-07-02,Completed-OnTime,True,False,0.0
701355,CLI00374,Low,2025-06-30,2026-07-04,2026-07-01,Completed-OnTime,False,False,0.0
701356,CLI03229,Low,2025-06-30,2026-07-03,2026-08-05,Completed-Late,True,False,33.0
701357,CLI02712,Low,2025-06-30,2026-07-01,2026-06-28,Completed-OnTime,True,False,0.0
701358,CLI02885,Medium,2025-06-30,2026-07-03,2026-07-03,Completed-OnTime,True,False,0.0
701359,CLI02402,Medium,2025-06-30,2026-07-02,2026-07-23,Completed-Late,True,False,21.0
701360,CLI00576,High,2025-06-30,2026-07-02,2026-06-29,Completed-OnTime,True,False,0.0
701361,CLI01958,High,2025-06-30,2026-07-01,2026-07-01,Completed-OnTime,True,False,0.0
701362,CLI02258,Low,2025-06-30,2026-07-01,2026-07-01,Completed-OnTime,True,False,0.0
701363,CLI01742,Low,2025-06-30,2026-07-04,,Open,True,True,
701364,CLI02234,Low,2025-06-30,2026-07-01,2026-07-01,Completed-OnTime,True,False,0.0
701365,CLI02175,Low,2025-06-30,2026-07-01,2026-06-30,Completed-OnTime,False,False,0.0
701366,CLI01830,Medium,2025-06-30,2026-07-04,2026-07-04,Completed-OnTime,True,False,0.0
701367,CLI01236,Low,2025-06-30,2026-07-04,2026-06-30,Completed-OnTime,True,False,0.0
701368,CLI00627,Low,2025-06-30,2026-07-04,2026-07-25,Completed-Late,True,False,21.0
701369,CLI01148,Low,2025-06-30,2026-07-03,2026-07-03,Completed-OnTime,True,False,0.0
701370,CLI02795,High,2025-06-30,2026-07-01,2026-06-28,Completed-OnTime,True,False,0.0
701371,CLI03663,Medium,2025-06-30,2026-07-03,2026-06-30,Completed-OnTime,True,False,0.0
701372,CLI01560,Medium,2025-06-30,2026-07-01,2026-07-21,Completed-Late,True,False,20.0
701373,CLI03747,Medium,2025-06-30,2026-07-01,,Open,True,True,
701374,CLI03909,Medium,2025-06-30,2026-07-02,2026-07-02,Completed-OnTime,True,False,0.0
701375,CLI02959,Low,2025-06-30,2026-07-03,2026-07-03,Completed-OnTime,True,False,0.0
701376,CLI02238,Medium,2025-06-30,2026-06-30,2026-06-28,Completed-OnTime,True,False,0.0
701377,CLI00719,Medium,2025-06-30,2026-07-01,2026-06-28,Completed-OnTime,True,False,0.0
701378,CLI02783,Low,2025-06-30,2026-06-30,2026-06-29,Completed-OnTime,True,False,0.0
701379,CLI00778,Medium,2025-06-30,2026-07-04,2026-06-29,Completed-OnTime,True,False,0.0
701380,CLI00020,Medium,2025-06-30,2026-07-04,2026-07-01,Completed-OnTime,True,False,0.0
701381,CLI01550,Medium,2025-06-30,2026-07-01,2026-06-26,Completed-OnTime,False,False,0.0
701382,CLI01474,Low,2025-06-30,2026-07-02,2026-07-01,Completed-OnTime,True,False,0.0
701383,CLI02937,Medium,2025-06-30,2026-07-04,2026-07-04,Completed-OnTime,True,False,0.0
701384,CLI03901,Low,2025-06-30,2026-06-30,2026-06-27,Completed-OnTime,True,False,0.0
701385,CLI02310,Low,2025-06-30,2026-07-04,2026-07-02,Completed-OnTime,True,False,0.0
701386,CLI01321,Medium,2025-06-30,2026-07-04,2026-06-30,Completed-OnTime,True,False,0.0
701387,CLI00690,Medium,2025-06-30,2026-06-30,2026-06-25,Completed-OnTime,True,False,0.0
701388,CLI01495,Low,2025-06-30,2026-06-30,2026-08-12,Completed-Late,True,False,43.0
701389,CLI00471,Low,2025-06-30,2026-06-30,2026-06-27,Completed-OnTime,True,False,0.0
701390,CLI02928,Low,2025-06-30,2026-07-01,2026-06-28,Completed-OnTime,True,False,0.0
701391,CLI02244,High,2025-06-30,2026-07-03,2026-07-02,Completed-OnTime,True,False,0.0
701392,CLI03708,Medium,2025-06-30,2026-07-01,2026-06-30,Completed-OnTime,True,False,0.0
701393,CLI02088,Low,2025-06-30,2026-07-04,2026-07-03,Completed-OnTime,True,False,0.0
701394,CLI01138,Medium,2025-06-30,2026-07-04,2026-06-30,Completed-OnTime,True,False,0.0
701395,CLI02997,Low,2025-06-30,2026-07-04,2026-07-03,Completed-OnTime,True,False,0.0
701396,CLI01043,Low,2025-06-30,2026-07-04,2026-07-02,Completed-OnTime,True,False,0.0
701397,CLI02242,Medium,2025-06-30,2026-07-03,2026-07-03,Completed-OnTime,True,False,0.0
701398,CLI00901,Low,2025-06-30,2026-07-04,2026-07-04,Completed-OnTime,True,False,0.0
701399,CLI03554,Low,2025-06-30,2026-07-01,2026-06-27,Completed-OnTime,True,False,0.0
701400,CLI03724,Low,2025-06-30,2026-07-02,2026-06-29,Completed-OnTime,True,False,0.0
701401,CLI03611,Low,2025-06-30,2026-07-01,2026-06-27,Completed-OnTime,True,False,0.0
701402,CLI00619,Low,2025-06-30,2026-07-03,2026-06-28,Completed-OnTime,True,False,0.0
701403,CLI01255,Medium,2025-06-30,2026-07-04,2026-07-04,Completed-OnTime,True,False,0.0
701404,CLI01036,Low,2025-06-30,2026-07-03,2026-06-28,Completed-OnTime,True,False,0.0
701405,CLI02260,Medium,2025-06-30,2026-06-30,2026-06-28,Completed-OnTime,False,False,0.0
701406,CLI02848,Medium,2025-06-30,2026-06-30,2026-06-26,Completed-OnTime,True,False,0.0
701407,CLI01454,Medium,2025-06-30,2026-07-03,2026-07-03,Completed-OnTime,True,False,0.0
701408,CLI01687,Low,2025-06-30,2026-07-04,2026-06-29,Completed-OnTime,True,False,0.0
701409,CLI02882,Low,2025-06-30,2026-06-30,2026-06-27,Completed-OnTime,True,False,0.0
701410,CLI03732,Low,2025-06-30,2026-07-03,2026-06-28,Completed-OnTime,True,False,0.0
701411,CLI01698,Low,2025-06-30,2026-07-01,,Open,True,True,
701412,CLI02865,Medium,2025-06-30,2026-07-02,2026-07-01,Completed-OnTime,True,False,0.0
701413,CLI00179,Medium,2025-06-30,2026-07-01,2026-07-01,Completed-OnTime,True,False,0.0
701414,CLI00971,Low,2025-06-30,2026-07-04,2026-07-02,Completed-OnTime,True,False,0.0
701415,CLI00048,Low,2025-06-30,2026-07-02,2026-06-30,Completed-OnTime,True,False,0.0
701416,CLI01931,Medium,2025-06-30,2026-07-03,2026-06-28,Completed-OnTime,True,False,0.0
701417,CLI00738,Medium,2025-06-30,2026-06-30,2026-06-28,Completed-OnTime,True,False,0.0
701418,CLI01769,Low,2025-06-30,2026-06-30,2026-06-28,Completed-OnTime,True,False,0.0
701419,CLI03964,High,2025-06-30,2026-07-01,2026-06-26,Completed-OnTime,True,False,0.0
701420,CLI03702,Low,2025-06-30,2026-07-04,2026-07-04,Completed-OnTime,True,False,0.0
701421,CLI00235,Medium,2025-06-30,2026-07-03,2026-07-03,Completed-OnTime,True,False,0.0
701422,CLI03795,Medium,2025-06-30,2026-07-03,2026-06-28,Completed-OnTime,True,False,0.0
701423,CLI02551,Low,2025-06-30,2026-07-04,2026-07-02,Completed-OnTime,True,False,0.0
701424,CLI00074,Low,2025-06-30,2026-07-03,2026-07-01,Completed-OnTime,True,False,0.0
701425,CLI01617,Medium,2025-06-30,2026-06-30,2026-06-25,Completed-OnTime,True,False,0.0
701426,CLI02230,High,2025-06-30,2026-06-30,2026-06-29,Completed-OnTime,True,False,0.0
701427,CLI00486,Medium,2025-06-30,2026-07-02,2026-08-08,Completed-Late,True,False,37.0
701428,CLI03620,Low,2025-06-30,2026-07-04,2026-07-03,Completed-OnTime,True,False,0.0
701429,CLI02178,Medium,2025-06-30,2026-07-01,2026-07-01,Completed-OnTime,True,False,0.0
701430,CLI01331,Medium,2025-06-30,2026-07-04,2026-07-08,Completed-Late,True,False,4.0
701431,CLI03492,Low,2025-06-30,2026-07-01,2026-06-30,Completed-OnTime,True,False,0.0
701432,CLI02813,Low,2025-06-30,2026-06-30,,Open,True,True,
701433,CLI01754,High,2025-06-30,2026-07-04,2026-07-01,Completed-OnTime,True,False,0.0
701434,CLI03006,Low,2025-06-30,2026-07-02,2026-06-27,Completed-OnTime,False,False,0.0
701435,CLI02573,Medium,2025-06-30,2026-07-03,2026-08-08,Completed-Late,True,False,36.0
701436,CLI00935,Low,2025-06-30,2026-07-01,2026-06-29,Completed-OnTime,False,False,0.0
701437,CLI03091,Low,2025-06-30,2026-07-02,2026-07-31,Completed-Late,True,False,29.0
701438,CLI02709,Low,2025-06-30,2026-07-03,2026-07-03,Completed-OnTime,True,False,0.0
701439,CLI02401,Low,2025-06-30,2026-07-01,2026-06-26,Completed-OnTime,True,False,0.0
701440,CLI01739,Low,2025-06-30,2026-06-30,2026-06-30,Completed-OnTime,True,False,0.0
701441,CLI02625,High,2025-06-30,2026-07-02,2026-06-30,Completed-OnTime,True,False,0.0
701442,CLI02459,Low,2025-06-30,2026-07-01,2026-06-26,Completed-OnTime,True,False,0.0
701443,CLI02245,Medium,2025-06-30,2026-06-30,2026-06-27,Completed-OnTime,True,False,0.0
701444,CLI01998,Low,2025-06-30,2026-07-02,2026-07-02,Completed-OnTime,True,False,0.0
701445,CLI03072,Low,2025-06-30,2026-07-01,2026-06-30,Completed-OnTime,True,False,0.0
701446,CLI00726,Medium,2025-06-30,2026-07-03,2026-06-30,Completed-OnTime,True,False,0.0
701447,CLI00272,Low,2025-06-30,2026-07-03,2026-06-28,Completed-OnTime,True,False,0.0
701448,CLI01561,Low,2025-06-30,2026-06-30,2026-06-25,Completed-OnTime,True,False,0.0
701449,CLI00963,Medium,2025-06-30,2026-06-30,2026-06-27,Completed-OnTime,True,False,0.0
701450,CLI00542,Medium,2025-06-30,2026-06-30,2026-06-27,Completed-OnTime,True,False,0.0
701451,CLI00878,Low,2025-06-30,2026-07-03,2026-07-01,Completed-OnTime,True,False,0.0
701452,CLI00334,Low,2025-06-30,2026-07-02,2026-06-27,Completed-OnTime,True,False,0.0
701453,CLI02210,Low,2025-06-30,2026-06-30,2026-06-27,Completed-OnTime,True,False,0.0
701454,CLI03944,Low,2025-06-30,2026-07-03,2026-08-07,Completed-Late,True,False,35.0
701455,CLI02565,Low,2025-06-30,2026-07-03,2026-07-03,Completed-OnTime,True,False,0.0
701456,CLI01210,Medium,2025-06-30,2026-06-30,2026-06-28,Completed-OnTime,True,False,0.0
701457,CLI01181,Medium,2025-06-30,2026-07-01,2026-06-28,Completed-OnTime,True,False,0.0
701458,CLI02101,Low,2025-06-30,2026-07-03,2026-07-03,Completed-OnTime,True,False,0.0
701459,CLI01685,Low,2025-06-30,2026-06-30,2026-06-26,Completed-OnTime,True,False,0.0
701460,CLI03786,Low,2025-06-30,2026-07-02,2026-06-28,Completed-OnTime,True,False,0.0
701461,CLI03250,Medium,2025-06-30,2026-07-04,2026-07-02,Completed-OnTime,True,False,0.0
701462,CLI03401,Low,2025-06-30,2026-07-01,2026-07-01,Completed-OnTime,True,False,0.0
701463,CLI00353,Low,2025-06-30,2026-07-01,2026-06-28,Completed-OnTime,True,False,0.0
701464,CLI01484,High,2025-06-30,2026-06-30,2026-06-30,Completed-OnTime,True,False,0.0
701465,CLI02598,High,2025-06-30,2026-06-30,2026-06-26,Completed-OnTime,True,False,0.0
701466,CLI00341,Low,2025-06-30,2026-07-01,2026-06-26,Completed-OnTime,True,False,0.0
701467,CLI01529,Low,2025-06-30,2026-07-03,2026-07-03,Completed-OnTime,True,False,0.0
701468,CLI03896,Low,2025-06-30,2026-07-03,2026-07-21,Completed-Late,True,False,18.0
701469,CLI03174,Low,2025-06-30,2026-07-04,2026-07-03,Completed-OnTime,True,False,0.0
701470,CLI01922,Medium,2025-06-30,2026-07-03,2026-07-28,Completed-Late,True,False,25.0
701471,CLI02736,Low,2025-06-30,2026-07-02,2026-08-10,Completed-Late,True,False,39.0
701472,CLI01729,Medium,2025-06-30,2026-07-02,2026-06-30,Completed-OnTime,True,False,0.0
701473,CLI03320,Low,2025-06-30,2026-07-04,2026-07-02,Completed-OnTime,True,False,0.0
701474,CLI02580,Low,2025-06-30,2026-07-01,2026-07-01,Completed-OnTime,True,False,0.0
701475,CLI00330,Medium,2025-06-30,2026-07-01,2026-06-30,Completed-OnTime,True,False,0.0
701476,CLI01654,Low,2025-06-30,2026-06-30,2026-06-27,Completed-OnTime,False,False,0.0
701477,CLI03600,Low,2025-06-30,2026-07-01,2026-06-29,Completed-OnTime,True,False,0.0
701478,CLI02953,High,2025-06-30,2026-07-01,2026-06-29,Completed-OnTime,True,False,0.0
701479,CLI01444,Medium,2025-06-30,2026-07-02,2026-07-06,Completed-Late,True,False,4.0
701480,CLI03435,Medium,2025-06-30,2026-06-30,2026-06-28,Completed-OnTime,True,False,0.0
701481,CLI03738,Low,2025-06-30,2026-07-02,2026-07-02,Completed-OnTime,True,False,0.0
701482,CLI02892,Low,2025-06-30,2026-06-30,2026-06-30,Completed-OnTime,True,False,0.0
701483,CLI00698,High,2025-06-30,2026-07-01,2026-06-26,Completed-OnTime,True,False,0.0
701484,CLI03645,Medium,2025-06-30,2026-07-02,2026-06-28,Completed-OnTime,True,False,0.0
701485,CLI02975,Medium,2025-06-30,2026-07-02,2026-06-27,Completed-OnTime,True,False,0.0
701486,CLI02161,Medium,2025-06-30,2026-07-01,2026-06-27,Completed-OnTime,True,False,0.0
701487,CLI00961,Low,2025-06-30,2026-07-03,2026-07-15,Completed-Late,True,False,12.0
701488,CLI01828,Low,2025-06-30,2026-06-30,2026-06-26,Completed-OnTime,True,False,0.0
701489,CLI01211,Low,2025-06-30,2026-06-30,2026-06-26,Completed-OnTime,True,False,0.0
701490,CLI02856,Medium,2025-06-30,2026-07-02,2026-06-27,Completed-OnTime,True,False,0.0
701491,CLI03274,Medium,2025-06-30,2026-06-30,2026-06-29,Completed-OnTime,True,False,0.0
701492,CLI02043,Low,2025-06-30,2026-07-02,2026-07-01,Completed-OnTime,True,False,0.0
701493,CLI02028,Low,2025-06-30,2026-07-01,2026-07-01,Completed-OnTime,True,False,0.0
701494,CLI03087,High,2025-06-30,2026-07-02,2026-06-30,Completed-OnTime,True,False,0.0
701495,CLI03609,Low,2025-06-30,2026-07-01,2026-07-01,Completed-OnTime,True,False,0.0
701496,CLI02984,Medium,2025-06-30,2026-07-02,2026-07-02,Completed-OnTime,True,False,0.0
701497,CLI03637,Low,2025-06-30,2026-07-03,2026-08-08,Completed-Late,True,False,36.0
701498,CLI00890,Low,2025-06-30,2026-07-03,2026-07-03,Completed-OnTime,True,False,0.0
701499,CLI01145,High,2025-06-30,2026-07-01,2026-06-28,Completed-OnTime,True,False,0.0
701500,CLI03399,Medium,2025-06-30,2026-07-04,2026-06-30,Completed-OnTime,True,False,0.0
701501,CLI01957,High,2025-07-31,2026-08-04,,Open,True,True,
701502,CLI01554,Low,2025-07-31,2026-08-01,2026-09-03,Completed-Late,True,False,33.0
701503,CLI01189,Low,2025-07-31,2026-08-04,2026-08-03,Completed-OnTime,True,False,0.0
701504,CLI03254,Medium,2025-07-31,2026-07-31,2026-08-12,Completed-Late,False,False,12.0
701505,CLI01669,Low,2025-07-31,2026-08-03,2026-07-30,Completed-OnTime,True,False,0.0
701506,CLI02909,Low,2025-07-31,2026-08-03,2026-08-03,Completed-OnTime,True,False,0.0
701507,CLI00997,Low,2025-07-31,2026-08-02,2026-07-31,Completed-OnTime,True,False,0.0
701508,CLI02808,Low,2025-07-31,2026-08-03,2026-07-31,Completed-OnTime,True,False,0.0
701509,CLI01219,Medium,2025-07-31,2026-08-04,2026-08-04,Completed-OnTime,True,False,0.0
701510,CLI00870,Low,2025-07-31,2026-08-01,2026-08-01,Completed-OnTime,False,False,0.0
701511,CLI03949,Medium,2025-07-31,2026-08-01,2026-07-29,Completed-OnTime,True,False,0.0
701512,CLI00817,High,2025-07-31,2026-08-02,2026-08-02,Completed-OnTime,True,False,0.0
701513,CLI01741,Low,2025-07-31,2026-07-31,2026-07-28,Completed-OnTime,True,False,0.0
701514,CLI00965,Medium,2025-07-31,2026-08-02,2026-07-30,Completed-OnTime,True,False,0.0
701515,CLI03219,Low,2025-07-31,2026-08-01,2026-07-27,Completed-OnTime,True,False,0.0
701516,CLI00361,Low,2025-07-31,2026-07-31,2026-07-31,Completed-OnTime,True,False,0.0
701517,CLI01870,Low,2025-07-31,2026-08-03,2026-08-09,Completed-Late,True,False,6.0
701518,CLI01773,Medium,2025-07-31,2026-08-01,2026-07-31,Completed-OnTime,True,False,0.0
701519,CLI03225,Low,2025-07-31,2026-07-31,2026-07-30,Completed-OnTime,True,False,0.0
701520,CLI00090,Low,2025-07-31,2026-08-03,2026-07-30,Completed-OnTime,True,False,0.0
701521,CLI03259,Low,2025-07-31,2026-08-02,2026-08-02,Completed-OnTime,True,False,0.0
701522,CLI01758,Medium,2025-07-31,2026-08-03,2026-08-08,Completed-Late,True,False,5.0
701523,CLI02143,Low,2025-07-31,2026-08-03,2026-07-31,Completed-OnTime,True,False,0.0
701524,CLI03341,Low,2025-07-31,2026-08-01,2026-09-07,Completed-Late,True,False,37.0
701525,CLI00557,Low,2025-07-31,2026-08-04,2026-08-03,Completed-OnTime,True,False,0.0
701526,CLI03605,Low,2025-07-31,2026-08-01,2026-07-27,Completed-OnTime,True,False,0.0
701527,CLI02079,Low,2025-07-31,2026-08-01,2026-07-31,Completed-OnTime,True,False,0.0
701528,CLI02509,Low,2025-07-31,2026-08-03,2026-07-29,Completed-OnTime,True,False,0.0
701529,CLI00574,Low,2025-07-31,2026-08-03,2026-08-02,Completed-OnTime,True,False,0.0
701530,CLI00136,Medium,2025-07-31,2026-08-01,2026-08-12,Completed-Late,True,False,11.0
701531,CLI02091,Low,2025-07-31,2026-08-02,2026-07-31,Completed-OnTime,True,False,0.0
701532,CLI03522,Low,2025-07-31,2026-08-03,2026-07-30,Completed-OnTime,True,False,0.0
701533,CLI00350,Low,2025-07-31,2026-07-31,2026-08-13,Completed-Late,True,False,13.0
701534,CLI02512,Low,2025-07-31,2026-08-01,2026-07-30,Completed-OnTime,True,False,0.0
701535,CLI02390,Low,2025-07-31,2026-07-31,2026-07-26,Completed-OnTime,True,False,0.0
701536,CLI02973,High,2025-07-31,2026-08-02,2026-07-29,Completed-OnTime,True,False,0.0
701537,CLI01834,High,2025-07-31,2026-07-31,2026-07-28,Completed-OnTime,True,False,0.0
701538,CLI02872,High,2025-07-31,2026-07-31,2026-07-28,Completed-OnTime,True,False,0.0
701539,CLI03656,Medium,2025-07-31,2026-08-03,2026-07-31,Completed-OnTime,True,False,0.0
701540,CLI00849,Low,2025-07-31,2026-08-03,2026-08-01,Completed-OnTime,True,False,0.0
701541,CLI02209,Medium,2025-07-31,2026-08-04,2026-09-06,Completed-Late,True,False,33.0
701542,CLI00792,Low,2025-07-31,2026-08-04,2026-08-01,Completed-OnTime,True,False,0.0
701543,CLI01010,Medium,2025-07-31,2026-08-04,2026-08-03,Completed-OnTime,True,False,0.0
701544,CLI01990,Medium,2025-07-31,2026-08-02,2026-07-29,Completed-OnTime,True,False,0.0
701545,CLI03452,Low,2025-07-31,2026-08-04,2026-09-11,Completed-Late,True,False,38.0
701546,CLI03681,Low,2025-07-31,2026-08-03,2026-07-29,Completed-OnTime,True,False,0.0
701547,CLI01296,Low,2025-07-31,2026-08-03,,Open,True,True,
701548,CLI01130,Low,2025-07-31,2026-08-04,2026-07-30,Completed-OnTime,True,False,0.0
701549,CLI02073,Low,2025-07-31,2026-07-31,2026-07-28,Completed-OnTime,True,False,0.0
701550,CLI00187,Low,2025-07-31,2026-08-02,2026-08-25,Completed-Late,True,False,23.0
701551,CLI02959,High,2025-07-31,2026-07-31,2026-08-11,Completed-Late,True,False,11.0
701552,CLI00262,Low,2025-07-31,2026-08-04,2026-07-30,Completed-OnTime,True,False,0.0
701553,CLI03587,Low,2025-07-31,2026-08-03,2026-07-29,Completed-OnTime,True,False,0.0
701554,CLI00805,Low,2025-07-31,2026-08-04,2026-08-04,Completed-OnTime,False,False,0.0
701555,CLI03908,Medium,2025-07-31,2026-08-01,2026-08-08,Completed-Late,True,False,7.0
701556,CLI00371,Low,2025-07-31,2026-08-04,2026-07-31,Completed-OnTime,False,False,0.0
701557,CLI03858,Medium,2025-07-31,2026-08-04,2026-08-01,Completed-OnTime,True,False,0.0
701558,CLI01610,High,2025-07-31,2026-07-31,2026-07-27,Completed-OnTime,True,False,0.0
701559,CLI01608,Medium,2025-07-31,2026-08-02,2026-08-01,Completed-OnTime,True,False,0.0
701560,CLI01145,Low,2025-07-31,2026-07-31,2026-07-30,Completed-OnTime,True,False,0.0
701561,CLI01460,High,2025-07-31,2026-08-04,2026-08-04,Completed-OnTime,True,False,0.0
701562,CLI00463,High,2025-07-31,2026-08-02,2026-08-02,Completed-OnTime,True,False,0.0
701563,CLI02119,High,2025-07-31,2026-08-02,2026-07-29,Completed-OnTime,True,False,0.0
701564,CLI00596,Medium,2025-07-31,2026-08-01,2026-07-30,Completed-OnTime,True,False,0.0
701565,CLI00327,Low,2025-07-31,2026-08-01,2026-07-29,Completed-OnTime,True,False,0.0
701566,CLI00140,Medium,2025-07-31,2026-08-04,2026-08-02,Completed-OnTime,True,False,0.0
701567,CLI02902,Low,2025-07-31,2026-08-02,2026-08-02,Completed-OnTime,True,False,0.0
701568,CLI02741,Low,2025-07-31,2026-08-03,2026-09-08,Completed-Late,True,False,36.0
701569,CLI00460,Medium,2025-07-31,2026-08-01,2026-07-31,Completed-OnTime,True,False,0.0
701570,CLI00954,Low,2025-07-31,2026-08-04,2026-08-02,Completed-OnTime,True,False,0.0
701571,CLI03542,Low,2025-07-31,2026-08-03,2026-08-01,Completed-OnTime,True,False,0.0
701572,CLI02217,High,2025-07-31,2026-08-04,2026-07-30,Completed-OnTime,True,False,0.0
701573,CLI00130,Low,2025-07-31,2026-08-02,2026-07-29,Completed-OnTime,True,False,0.0
701574,CLI03696,Medium,2025-07-31,2026-08-02,2026-07-28,Completed-OnTime,True,False,0.0
701575,CLI03157,Medium,2025-07-31,2026-08-01,2026-07-27,Completed-OnTime,True,False,0.0
701576,CLI02104,Low,2025-07-31,2026-08-02,2026-07-31,Completed-OnTime,True,False,0.0
701577,CLI03923,Low,2025-07-31,2026-07-31,2026-07-30,Completed-OnTime,True,False,0.0
701578,CLI00109,Low,2025-07-31,2026-07-31,2026-07-26,Completed-OnTime,True,False,0.0
701579,CLI01091,Low,2025-07-31,2026-08-04,2026-09-07,Completed-Late,True,False,34.0
701580,CLI03969,Low,2025-07-31,2026-08-03,2026-07-31,Completed-OnTime,True,False,0.0
701581,CLI00210,Medium,2025-07-31,2026-08-01,2026-08-23,Completed-Late,True,False,22.0
701582,CLI01791,Medium,2025-07-31,2026-08-03,2026-08-01,Completed-OnTime,True,False,0.0
701583,CLI00192,High,2025-07-31,2026-08-01,2026-07-28,Completed-OnTime,True,False,0.0
701584,CLI02861,Medium,2025-07-31,2026-08-02,2026-07-29,Completed-OnTime,False,False,0.0
701585,CLI03363,Medium,2025-07-31,2026-08-01,2026-07-29,Completed-OnTime,True,False,0.0
701586,CLI01398,Low,2025-07-31,2026-08-01,2026-07-30,Completed-OnTime,True,False,0.0
701587,CLI03245,Low,2025-07-31,2026-07-31,2026-07-28,Completed-OnTime,True,False,0.0
701588,CLI03549,Low,2025-07-31,2026-08-01,2026-08-01,Completed-OnTime,True,False,0.0
701589,CLI03101,Medium,2025-07-31,2026-08-01,2026-07-31,Completed-OnTime,True,False,0.0
701590,CLI00477,Medium,2025-07-31,2026-08-03,2026-08-03,Completed-OnTime,True,False,0.0
701591,CLI03753,Low,2025-07-31,2026-08-02,2026-08-31,Completed-Late,True,False,29.0
701592,CLI02247,Low,2025-07-31,2026-08-04,2026-07-30,Completed-OnTime,True,False,0.0
701593,CLI02226,Low,2025-07-31,2026-08-04,2026-07-31,Completed-OnTime,True,False,0.0
701594,CLI02470,Low,2025-07-31,2026-08-01,2026-07-27,Completed-OnTime,True,False,0.0
701595,CLI02573,Low,2025-07-31,2026-08-01,2026-07-31,Completed-OnTime,True,False,0.0
701596,CLI00397,Low,2025-07-31,2026-07-31,2026-07-28,Completed-OnTime,True,False,0.0
701597,CLI02711,Medium,2025-07-31,2026-08-02,2026-08-01,Completed-OnTime,True,False,0.0
701598,CLI02495,Low,2025-07-31,2026-08-03,2026-07-29,Completed-OnTime,True,False,0.0
701599,CLI03919,Medium,2025-07-31,2026-08-02,2026-07-31,Completed-OnTime,True,False,0.0
701600,CLI01034,Medium,2025-07-31,2026-08-04,2026-08-02,Completed-OnTime,True,False,0.0
701601,CLI01892,Medium,2025-07-31,2026-08-04,2026-08-03,Completed-OnTime,True,False,0.0
701602,CLI01018,Medium,2025-07-31,2026-08-02,2026-07-30,Completed-OnTime,True,False,0.0
701603,CLI01364,Low,2025-07-31,2026-08-01,2026-07-28,Completed-OnTime,True,False,0.0
701604,CLI00898,Low,2025-07-31,2026-08-03,2026-08-02,Completed-OnTime,True,False,0.0
701605,CLI00576,Low,2025-07-31,2026-08-01,2026-07-29,Completed-OnTime,True,False,0.0
701606,CLI03271,Low,2025-07-31,2026-08-04,2026-08-04,Completed-OnTime,True,False,0.0
701607,CLI00536,High,2025-07-31,2026-07-31,2026-07-27,Completed-OnTime,True,False,0.0
701608,CLI03712,Medium,2025-07-31,2026-07-31,2026-07-30,Completed-OnTime,True,False,0.0
701609,CLI00615,Medium,2025-07-31,2026-08-04,2026-08-26,Completed-Late,True,False,22.0
701610,CLI00437,Medium,2025-07-31,2026-08-02,2026-07-28,Completed-OnTime,True,False,0.0
701611,CLI00962,Medium,2025-07-31,2026-08-01,2026-07-29,Completed-OnTime,False,False,0.0
701612,CLI03658,Low,2025-07-31,2026-08-02,2026-07-30,Completed-OnTime,True,False,0.0
701613,CLI02825,Medium,2025-07-31,2026-08-02,2026-07-30,Completed-OnTime,True,False,0.0
701614,CLI02644,Low,2025-07-31,2026-07-31,2026-07-29,Completed-OnTime,True,False,0.0
701615,CLI01933,Low,2025-07-31,2026-08-01,2026-07-31,Completed-OnTime,True,False,0.0
701616,CLI01732,Medium,2025-07-31,2026-08-02,2026-07-28,Completed-OnTime,True,False,0.0
701617,CLI00712,Low,2025-07-31,2026-08-02,2026-07-31,Completed-OnTime,True,False,0.0
701618,CLI03052,Low,2025-07-31,2026-07-31,2026-07-28,Completed-OnTime,True,False,0.0
701619,CLI02864,Low,2025-07-31,2026-08-04,2026-08-19,Completed-Late,False,False,15.0
701620,CLI01618,High,2025-07-31,2026-07-31,2026-07-29,Completed-OnTime,True,False,0.0
701621,CLI00042,Medium,2025-07-31,2026-08-04,2026-08-03,Completed-OnTime,True,False,0.0
701622,CLI03739,Medium,2025-07-31,2026-08-03,2026-07-31,Completed-OnTime,True,False,0.0
701623,CLI01438,Medium,2025-07-31,2026-07-31,2026-07-27,Completed-OnTime,True,False,0.0
701624,CLI00944,Low,2025-07-31,2026-08-02,2026-08-25,Completed-Late,True,False,23.0
701625,CLI01145,Low,2025-07-31,2026-08-03,2026-08-02,Completed-OnTime,True,False,0.0
701626,CLI03593,Medium,2025-07-31,2026-08-02,2026-08-01,Completed-OnTime,True,False,0.0
701627,CLI00340,Low,2025-07-31,2026-08-04,2026-07-31,Completed-OnTime,True,False,0.0
701628,CLI02834,Medium,2025-07-31,2026-08-03,2026-08-01,Completed-OnTime,True,False,0.0
701629,CLI01143,Medium,2025-07-31,2026-08-02,2026-07-31,Completed-OnTime,True,False,0.0
701630,CLI00116,Low,2025-07-31,2026-08-04,2026-07-30,Completed-OnTime,True,False,0.0
701631,CLI00704,Low,2025-07-31,2026-08-04,2026-07-30,Completed-OnTime,True,False,0.0
701632,CLI03290,Low,2025-07-31,2026-07-31,2026-08-19,Completed-Late,True,False,19.0
701633,CLI01880,Low,2025-07-31,2026-08-01,2026-07-27,Completed-OnTime,True,False,0.0
701634,CLI02383,Medium,2025-07-31,2026-07-31,2026-07-29,Completed-OnTime,True,False,0.0
701635,CLI03022,Low,2025-07-31,2026-08-01,2026-07-29,Completed-OnTime,True,False,0.0
701636,CLI03132,Low,2025-07-31,2026-07-31,2026-07-31,Completed-OnTime,True,False,0.0
701637,CLI01481,High,2025-07-31,2026-08-03,2026-08-03,Completed-OnTime,True,False,0.0
701638,CLI01941,Low,2025-07-31,2026-07-31,2026-07-29,Completed-OnTime,False,False,0.0
701639,CLI02531,Low,2025-07-31,2026-08-01,2026-07-31,Completed-OnTime,True,False,0.0
701640,CLI03745,Low,2025-07-31,2026-08-04,2026-08-03,Completed-OnTime,True,False,0.0
701641,CLI01757,Low,2025-07-31,2026-08-02,,Open,True,True,
701642,CLI02131,Low,2025-07-31,2026-07-31,2026-07-26,Completed-OnTime,True,False,0.0
701643,CLI02522,Low,2025-07-31,2026-08-02,2026-08-01,Completed-OnTime,True,False,0.0
701644,CLI03143,Low,2025-07-31,2026-08-01,2026-09-06,Completed-Late,True,False,36.0
701645,CLI03716,Low,2025-07-31,2026-08-02,2026-08-02,Completed-OnTime,True,False,0.0
701646,CLI00126,Medium,2025-07-31,2026-07-31,2026-07-31,Completed-OnTime,True,False,0.0
701647,CLI02469,Medium,2025-07-31,2026-08-01,2026-09-13,Completed-Late,True,False,43.0
701648,CLI03596,Low,2025-07-31,2026-08-04,2026-09-13,Completed-Late,True,False,40.0
701649,CLI01603,Low,2025-07-31,2026-08-04,2026-08-08,Completed-Late,True,False,4.0
701650,CLI00832,Low,2025-07-31,2026-07-31,2026-07-31,Completed-OnTime,True,False,0.0
701651,CLI00738,Medium,2025-08-31,2026-09-04,2026-10-08,Completed-Late,False,False,34.0
701652,CLI01575,High,2025-08-31,2026-08-31,2026-08-31,Completed-OnTime,True,False,0.0
701653,CLI00255,Low,2025-08-31,2026-08-31,2026-08-30,Completed-OnTime,True,False,0.0
701654,CLI00984,Medium,2025-08-31,2026-08-31,2026-08-28,Completed-OnTime,True,False,0.0
701655,CLI03170,Low,2025-08-31,2026-09-04,2026-09-07,Completed-Late,True,False,3.0
701656,CLI01516,Low,2025-08-31,2026-09-01,2026-10-08,Completed-Late,True,False,37.0
701657,CLI03547,Medium,2025-08-31,2026-08-31,2026-08-29,Completed-OnTime,True,False,0.0
701658,CLI03320,Low,2025-08-31,2026-09-02,2026-10-06,Completed-Late,True,False,34.0
701659,CLI03925,Medium,2025-08-31,2026-08-31,2026-08-30,Completed-OnTime,True,False,0.0
701660,CLI03579,High,2025-08-31,2026-09-03,2026-08-29,Completed-OnTime,True,False,0.0
701661,CLI02592,Low,2025-08-31,2026-09-03,2026-08-31,Completed-OnTime,False,False,0.0
701662,CLI00778,High,2025-08-31,2026-09-03,2026-09-21,Completed-Late,True,False,18.0
701663,CLI00772,Low,2025-08-31,2026-09-04,2026-09-19,Completed-Late,True,False,15.0
701664,CLI02032,Low,2025-08-31,2026-09-03,2026-09-29,Completed-Late,True,False,26.0
701665,CLI03797,High,2025-08-31,2026-09-02,2026-10-05,Completed-Late,True,False,33.0
701666,CLI00898,Medium,2025-08-31,2026-09-01,2026-09-14,Completed-Late,True,False,13.0
701667,CLI00518,High,2025-08-31,2026-09-02,2026-09-09,Completed-Late,True,False,7.0
701668,CLI01607,Medium,2025-08-31,2026-08-31,2026-08-27,Completed-OnTime,True,False,0.0
701669,CLI00215,Medium,2025-08-31,2026-09-01,2026-08-29,Completed-OnTime,True,False,0.0
701670,CLI02067,Low,2025-08-31,2026-08-31,2026-08-26,Completed-OnTime,True,False,0.0
701671,CLI03670,Low,2025-08-31,2026-09-02,2026-08-29,Completed-OnTime,True,False,0.0
701672,CLI01483,Low,2025-08-31,2026-09-03,2026-09-29,Completed-Late,True,False,26.0
701673,CLI01849,Low,2025-08-31,2026-08-31,2026-08-29,Completed-OnTime,True,False,0.0
701674,CLI00477,Low,2025-08-31,2026-09-01,2026-09-17,Completed-Late,True,False,16.0
701675,CLI02965,Low,2025-08-31,2026-09-03,2026-08-31,Completed-OnTime,True,False,0.0
701676,CLI03470,Low,2025-08-31,2026-09-04,2026-09-03,Completed-OnTime,True,False,0.0
701677,CLI00773,Low,2025-08-31,2026-08-31,2026-08-27,Completed-OnTime,True,False,0.0
701678,CLI01337,Low,2025-08-31,2026-08-31,2026-08-28,Completed-OnTime,True,False,0.0
701679,CLI02268,Medium,2025-08-31,2026-08-31,2026-08-29,Completed-OnTime,True,False,0.0
701680,CLI02781,Medium,2025-08-31,2026-09-01,2026-08-30,Completed-OnTime,True,False,0.0
701681,CLI03327,Medium,2025-08-31,2026-09-01,2026-08-30,Completed-OnTime,True,False,0.0
701682,CLI01962,High,2025-08-31,2026-09-04,2026-08-31,Completed-OnTime,True,False,0.0
701683,CLI00212,Low,2025-08-31,2026-08-31,2026-08-28,Completed-OnTime,True,False,0.0
701684,CLI00722,Medium,2025-08-31,2026-09-02,2026-10-04,Completed-Late,True,False,32.0
701685,CLI03390,Medium,2025-08-31,2026-09-04,2026-09-03,Completed-OnTime,True,False,0.0
701686,CLI03616,Medium,2025-08-31,2026-09-01,2026-08-29,Completed-OnTime,False,False,0.0
701687,CLI01355,High,2025-08-31,2026-09-03,2026-08-31,Completed-OnTime,True,False,0.0
701688,CLI00310,Low,2025-08-31,2026-09-04,2026-10-17,Completed-Late,True,False,43.0
701689,CLI01141,Low,2025-08-31,2026-09-01,2026-08-31,Completed-OnTime,True,False,0.0
701690,CLI02816,Low,2025-08-31,2026-08-31,2026-08-28,Completed-OnTime,False,False,0.0
701691,CLI02493,Low,2025-08-31,2026-08-31,2026-08-30,Completed-OnTime,True,False,0.0
701692,CLI03017,Medium,2025-08-31,2026-09-04,2026-09-03,Completed-OnTime,True,False,0.0
701693,CLI01142,Low,2025-08-31,2026-08-31,2026-09-12,Completed-Late,True,False,12.0
701694,CLI01009,Low,2025-08-31,2026-09-04,2026-10-03,Completed-Late,True,False,29.0
701695,CLI02872,Medium,2025-08-31,2026-09-02,2026-09-01,Completed-OnTime,True,False,0.0
701696,CLI00656,Low,2025-08-31,2026-09-02,2026-10-10,Completed-Late,True,False,38.0
701697,CLI00135,Low,2025-08-31,2026-09-02,2026-09-01,Completed-OnTime,True,False,0.0
701698,CLI02818,Medium,2025-08-31,2026-09-02,2026-08-28,Completed-OnTime,True,False,0.0
701699,CLI03314,Medium,2025-08-31,2026-08-31,2026-08-30,Completed-OnTime,True,False,0.0
701700,CLI02209,Low,2025-08-31,2026-09-02,2026-10-03,Completed-Late,True,False,31.0
701701,CLI03605,Low,2025-08-31,2026-09-04,2026-09-10,Completed-Late,True,False,6.0
701702,CLI00398,Low,2025-08-31,2026-09-01,2026-08-27,Completed-OnTime,True,False,0.0
701703,CLI02860,Low,2025-08-31,2026-09-01,2026-08-30,Completed-OnTime,True,False,0.0
701704,CLI03119,High,2025-08-31,2026-09-01,2026-08-29,Completed-OnTime,True,False,0.0
701705,CLI01325,Medium,2025-08-31,2026-09-04,2026-09-12,Completed-Late,True,False,8.0
701706,CLI02567,High,2025-08-31,2026-09-01,2026-08-31,Completed-OnTime,True,False,0.0
701707,CLI00709,Low,2025-08-31,2026-09-04,,Open,True,True,
701708,CLI01204,Low,2025-08-31,2026-08-31,2026-10-06,Completed-Late,True,False,36.0
701709,CLI00013,Low,2025-08-31,2026-09-01,2026-09-01,Completed-OnTime,True,False,0.0
701710,CLI01810,Medium,2025-08-31,2026-09-01,2026-08-29,Completed-OnTime,True,False,0.0
701711,CLI00358,Medium,2025-08-31,2026-09-02,2026-09-02,Completed-OnTime,True,False,0.0
701712,CLI00548,Low,2025-08-31,2026-09-04,2026-09-03,Completed-OnTime,True,False,0.0
701713,CLI00026,Medium,2025-08-31,2026-09-04,2026-09-01,Completed-OnTime,True,False,0.0
701714,CLI03610,Medium,2025-08-31,2026-09-01,2026-08-30,Completed-OnTime,True,False,0.0
701715,CLI01668,Low,2025-08-31,2026-09-04,2026-08-30,Completed-OnTime,True,False,0.0
701716,CLI00072,Medium,2025-08-31,2026-09-03,2026-08-29,Completed-OnTime,True,False,0.0
701717,CLI00908,Low,2025-08-31,2026-09-01,2026-09-17,Completed-Late,True,False,16.0
701718,CLI00858,High,2025-08-31,2026-09-04,2026-08-30,Completed-OnTime,True,False,0.0
701719,CLI03306,Low,2025-08-31,2026-09-02,2026-09-02,Completed-OnTime,True,False,0.0
701720,CLI03447,Low,2025-08-31,2026-09-02,2026-08-30,Completed-OnTime,True,False,0.0
701721,CLI00388,High,2025-08-31,2026-09-04,2026-09-01,Completed-OnTime,True,False,0.0
701722,CLI03373,Low,2025-08-31,2026-09-04,2026-09-04,Completed-OnTime,True,False,0.0
701723,CLI00859,Low,2025-08-31,2026-08-31,2026-08-26,Completed-OnTime,True,False,0.0
701724,CLI03018,High,2025-08-31,2026-09-04,2026-09-02,Completed-OnTime,True,False,0.0
701725,CLI03504,Low,2025-08-31,2026-09-03,2026-09-08,Completed-Late,True,False,5.0
701726,CLI00889,Low,2025-08-31,2026-08-31,2026-08-26,Completed-OnTime,True,False,0.0
701727,CLI00081,Low,2025-08-31,2026-08-31,2026-08-26,Completed-OnTime,True,False,0.0
701728,CLI02933,Low,2025-08-31,2026-08-31,2026-08-27,Completed-OnTime,True,False,0.0
701729,CLI01184,Low,2025-08-31,2026-08-31,2026-08-30,Completed-OnTime,True,False,0.0
701730,CLI00637,Medium,2025-08-31,2026-09-01,2026-08-31,Completed-OnTime,True,False,0.0
701731,CLI00113,Low,2025-08-31,2026-09-03,2026-08-29,Completed-OnTime,True,False,0.0
701732,CLI01833,Low,2025-08-31,2026-09-02,2026-09-02,Completed-OnTime,True,False,0.0
701733,CLI01275,Low,2025-08-31,2026-09-01,2026-09-19,Completed-Late,True,False,18.0
701734,CLI03172,Low,2025-08-31,2026-08-31,2026-09-08,Completed-Late,True,False,8.0
701735,CLI01126,Medium,2025-08-31,2026-09-03,2026-08-31,Completed-OnTime,True,False,0.0
701736,CLI03849,Medium,2025-08-31,2026-09-04,2026-08-31,Completed-OnTime,True,False,0.0
701737,CLI01241,High,2025-08-31,2026-08-31,2026-10-11,Completed-Late,True,False,41.0
701738,CLI03338,Medium,2025-08-31,2026-09-01,2026-08-27,Completed-OnTime,True,False,0.0
701739,CLI00577,Low,2025-08-31,2026-09-01,2026-08-30,Completed-OnTime,True,False,0.0
701740,CLI01252,Low,2025-08-31,2026-09-02,2026-09-02,Completed-OnTime,True,False,0.0
701741,CLI00236,Low,2025-08-31,2026-09-02,2026-08-29,Completed-OnTime,True,False,0.0
701742,CLI00772,Low,2025-08-31,2026-09-03,2026-08-30,Completed-OnTime,True,False,0.0
701743,CLI03306,Low,2025-08-31,2026-09-04,2026-08-31,Completed-OnTime,True,False,0.0
701744,CLI02885,Medium,2025-08-31,2026-09-03,2026-08-29,Completed-OnTime,True,False,0.0
701745,CLI02784,Low,2025-08-31,2026-09-04,2026-08-31,Completed-OnTime,True,False,0.0
701746,CLI00651,Low,2025-08-31,2026-09-04,2026-08-30,Completed-OnTime,True,False,0.0
701747,CLI00484,Low,2025-08-31,2026-08-31,2026-08-28,Completed-OnTime,True,False,0.0
701748,CLI01303,Medium,2025-08-31,2026-09-03,2026-08-30,Completed-OnTime,True,False,0.0
701749,CLI00969,Medium,2025-08-31,2026-09-04,2026-09-01,Completed-OnTime,True,False,0.0
701750,CLI02271,Low,2025-08-31,2026-09-01,2026-08-27,Completed-OnTime,True,False,0.0
701751,CLI00596,High,2025-08-31,2026-09-03,2026-09-03,Completed-OnTime,True,False,0.0
701752,CLI00561,Low,2025-08-31,2026-09-04,2026-08-31,Completed-OnTime,False,False,0.0
701753,CLI02593,Medium,2025-08-31,2026-09-03,2026-09-30,Completed-Late,True,False,27.0
701754,CLI02275,Medium,2025-08-31,2026-09-02,2026-09-29,Completed-Late,True,False,27.0
701755,CLI00938,High,2025-08-31,2026-09-03,2026-09-02,Completed-OnTime,True,False,0.0
701756,CLI01519,Low,2025-08-31,2026-09-04,2026-09-02,Completed-OnTime,True,False,0.0
701757,CLI01404,Low,2025-08-31,2026-08-31,2026-08-30,Completed-OnTime,True,False,0.0
701758,CLI03225,Low,2025-08-31,2026-09-04,2026-08-30,Completed-OnTime,True,False,0.0
701759,CLI03822,High,2025-08-31,2026-09-02,2026-09-27,Completed-Late,True,False,25.0
701760,CLI02991,Low,2025-08-31,2026-09-04,2026-09-12,Completed-Late,True,False,8.0
701761,CLI02130,Medium,2025-08-31,2026-09-01,2026-09-11,Completed-Late,True,False,10.0
701762,CLI03463,Medium,2025-08-31,2026-09-02,2026-08-29,Completed-OnTime,True,False,0.0
701763,CLI03087,Low,2025-08-31,2026-09-01,2026-08-29,Completed-OnTime,True,False,0.0
701764,CLI00056,Medium,2025-08-31,2026-09-03,2026-09-02,Completed-OnTime,True,False,0.0
701765,CLI02320,Low,2025-08-31,2026-09-04,2026-10-14,Completed-Late,True,False,40.0
701766,CLI02032,Low,2025-08-31,2026-09-03,2026-08-31,Completed-OnTime,True,False,0.0
701767,CLI00734,High,2025-08-31,2026-09-02,2026-09-01,Completed-OnTime,True,False,0.0
701768,CLI00733,Medium,2025-08-31,2026-09-03,,Open,True,True,
701769,CLI00984,Low,2025-08-31,2026-09-01,2026-09-19,Completed-Late,True,False,18.0
701770,CLI02842,Low,2025-08-31,2026-09-03,2026-08-30,Completed-OnTime,True,False,0.0
701771,CLI02295,Medium,2025-08-31,2026-09-01,2026-08-30,Completed-OnTime,True,False,0.0
701772,CLI00994,Low,2025-08-31,2026-09-04,2026-09-02,Completed-OnTime,True,False,0.0
701773,CLI00395,High,2025-08-31,2026-09-04,2026-10-07,Completed-Late,True,False,33.0
701774,CLI02072,Medium,2025-08-31,2026-09-03,2026-10-07,Completed-Late,True,False,34.0
701775,CLI01043,High,2025-08-31,2026-09-01,2026-09-25,Completed-Late,True,False,24.0
701776,CLI00416,High,2025-08-31,2026-09-02,2026-08-31,Completed-OnTime,True,False,0.0
701777,CLI02049,Medium,2025-08-31,2026-08-31,2026-08-27,Completed-OnTime,True,False,0.0
701778,CLI02493,Medium,2025-08-31,2026-09-03,2026-10-05,Completed-Late,True,False,32.0
701779,CLI01581,High,2025-08-31,2026-09-02,2026-08-28,Completed-OnTime,True,False,0.0
701780,CLI03759,Medium,2025-08-31,2026-08-31,2026-08-28,Completed-OnTime,True,False,0.0
701781,CLI00396,Medium,2025-08-31,2026-09-03,2026-09-03,Completed-OnTime,True,False,0.0
701782,CLI00745,Medium,2025-08-31,2026-09-02,2026-08-28,Completed-OnTime,True,False,0.0
701783,CLI03628,Low,2025-08-31,2026-09-01,2026-08-28,Completed-OnTime,True,False,0.0
701784,CLI01283,Medium,2025-08-31,2026-08-31,2026-09-21,Completed-Late,True,False,21.0
701785,CLI02694,Low,2025-08-31,2026-08-31,2026-10-14,Completed-Late,True,False,44.0
701786,CLI01918,Medium,2025-08-31,2026-09-03,2026-10-12,Completed-Late,True,False,39.0
701787,CLI02211,Low,2025-08-31,2026-09-04,2026-08-30,Completed-OnTime,True,False,0.0
701788,CLI02109,High,2025-08-31,2026-09-04,2026-09-02,Completed-OnTime,True,False,0.0
701789,CLI00072,Low,2025-08-31,2026-09-02,2026-09-02,Completed-OnTime,True,False,0.0
701790,CLI01406,Low,2025-08-31,2026-09-03,2026-08-30,Completed-OnTime,True,False,0.0
701791,CLI00082,Low,2025-08-31,2026-09-04,2026-09-02,Completed-OnTime,True,False,0.0
701792,CLI00557,Medium,2025-08-31,2026-09-04,2026-08-30,Completed-OnTime,False,False,0.0
701793,CLI01805,Medium,2025-08-31,2026-09-03,2026-09-08,Completed-Late,True,False,5.0
701794,CLI03401,Low,2025-08-31,2026-09-01,2026-10-04,Completed-Late,True,False,33.0
701795,CLI01639,Low,2025-08-31,2026-09-01,2026-08-30,Completed-OnTime,True,False,0.0
701796,CLI00261,Low,2025-08-31,2026-08-31,2026-08-28,Completed-OnTime,True,False,0.0
701797,CLI02831,Low,2025-08-31,2026-08-31,2026-09-27,Completed-Late,True,False,27.0
701798,CLI01591,Low,2025-08-31,2026-09-03,2026-09-23,Completed-Late,True,False,20.0
701799,CLI01128,Medium,2025-08-31,2026-09-03,2026-09-28,Completed-Late,True,False,25.0
701800,CLI03823,Medium,2025-08-31,2026-09-03,2026-08-30,Completed-OnTime,True,False,0.0
