price_id,fund_id,price_date,price,prior_price,independent_source_price,break_identified_date,break_resolved_date,variance_bps,has_break,resolution_bdays
900001,FUND001,2025-09-01,31.6422,31.5964,31.6177,,,7.748824234526783,False,
900002,FUND002,2025-09-01,140.0621,140.5659,139.9764,,,6.1224606433637625,False,
900003,FUND003,2025-09-01,204.621,203.8246,204.7015,,,3.9325554526957873,False,
900004,FUND004,2025-09-01,78.5341,78.9984,78.535,,,0.11459858661761702,False,
900005,FUND005,2025-09-01,196.9084,197.0333,196.9637,,,2.807623942888378,False,
900006,FUND006,2025-09-01,219.3222,218.3088,219.3305,,,0.37842434134747854,False,
900007,FUND007,2025-09-01,171.8559,171.5824,171.8832,,,1.5882878605935178,False,
900008,FUND008,2025-09-01,56.0171,55.7399,56.0452,,,5.0138102817015575,False,
900009,FUND009,2025-09-01,205.0286,206.3392,204.9552,,,3.5812704434930556,False,
900010,FUND010,2025-09-01,121.6383,121.6493,121.6507,,,1.0193118494180076,False,
900011,FUND011,2025-09-01,143.5394,143.4852,143.5836,,,3.078345994945757,False,
900012,FUND012,2025-09-01,155.5496,155.0115,155.5889,,,2.525887129480138,False,
900013,FUND013,2025-09-01,170.2127,170.9804,170.4382,,,13.230602059865832,False,
900014,FUND014,2025-09-01,124.1022,124.706,122.7783,2025-09-01,2025-09-02,107.82850063895613,True,1.0
900015,FUND015,2025-09-01,153.932,153.7231,153.7955,,,8.87542223276909,False,
900016,FUND016,2025-09-01,27.8546,28.0466,27.8579,,,1.1845831882515963,False,
900017,FUND017,2025-09-01,23.5899,23.5989,23.5857,,,1.7807400246763379,False,
900018,FUND018,2025-09-01,242.3509,240.7289,242.0998,,,10.371755780054677,False,
900019,FUND019,2025-09-01,154.801,154.3311,154.7705,,,1.9706597833559572,False,
900020,FUND020,2025-09-01,133.2771,131.6699,133.2671,,,0.7503727476617188,False,
900021,FUND001,2025-09-02,31.6761,31.6422,31.6684,,,2.431445857701485,False,
900022,FUND002,2025-09-02,140.3208,140.0621,140.4341,,,8.067841072788553,False,
900023,FUND003,2025-09-02,205.2859,204.621,205.4081,,,5.9491324830906045,False,
900024,FUND004,2025-09-02,78.7869,78.5341,78.7827,,,0.5331119649361239,False,
900025,FUND005,2025-09-02,198.0331,196.9084,198.1605,,,6.4291319410287535,False,
900026,FUND006,2025-09-02,220.1588,219.3222,220.2202,,,2.7881184378177797,False,
900027,FUND007,2025-09-02,172.9173,171.8559,173.0289,,,6.4497896016203935,False,
900028,FUND008,2025-09-02,56.0674,56.0171,56.0713,,,0.6955429961498252,False,
900029,FUND009,2025-09-02,204.8329,205.0286,204.9479,,,5.6111821589784086,False,
900030,FUND010,2025-09-02,121.0806,121.6383,121.0207,,,4.949566479122906,False,
900031,FUND011,2025-09-02,142.9446,143.5394,142.9841,,,2.762544926324246,False,
900032,FUND012,2025-09-02,156.4563,155.5496,156.5534,,,6.202356512219583,False,
900033,FUND013,2025-09-02,170.8021,170.2127,170.7955,,,0.38642704286656987,False,
900034,FUND014,2025-09-02,123.5635,124.1022,123.6033,,,3.2199787546125074,False,
900035,FUND015,2025-09-02,154.6683,153.932,154.7113,,,2.779370349806793,False,
900036,FUND016,2025-09-02,27.8519,27.8546,27.8557,,,1.3641732212790378,False,
900037,FUND017,2025-09-02,23.6073,23.5899,23.6287,,,9.05678264144869,False,
900038,FUND018,2025-09-02,240.6701,242.3509,240.7805,,,4.585088908777849,False,
900039,FUND019,2025-09-02,154.6566,154.801,156.1021,2025-09-02,2025-09-04,92.59965112577022,True,2.0
900040,FUND020,2025-09-02,132.9481,133.2771,132.8946,,,4.025746719581824,False,
900041,FUND001,2025-09-03,31.3561,31.6761,31.3613,,,1.6580945305196337,False,
900042,FUND002,2025-09-03,141.2419,140.3208,141.2172,,,1.7490787241211216,False,
900043,FUND003,2025-09-03,204.958,205.2859,205.1353,,,8.643076057606978,False,
900044,FUND004,2025-09-03,78.3038,78.7869,78.2598,,,5.622299060308988,False,
900045,FUND005,2025-09-03,198.0514,198.0331,198.0176,,,1.706918980939755,False,
900046,FUND006,2025-09-03,219.421,220.1588,219.6767,,,11.639832535722665,False,
900047,FUND007,2025-09-03,171.194,172.9173,171.1814,,,0.7360612776850728,False,
900048,FUND008,2025-09-03,56.1181,56.0674,56.1774,,,10.555846301181678,False,
900049,FUND009,2025-09-03,205.5287,204.8329,205.8011,,,13.236080856710904,False,
900050,FUND010,2025-09-03,120.9418,121.0806,120.9569,,,1.248378554675582,False,
900051,FUND011,2025-09-03,142.2676,142.9446,142.3286,,,4.28585681303737,False,
900052,FUND012,2025-09-03,157.12,156.4563,157.1136,,,0.4073485681706425,False,
900053,FUND013,2025-09-03,171.4286,170.8021,171.4267,,,0.11083454327580292,False,
900054,FUND014,2025-09-03,123.3622,123.5635,123.3295,,,2.651433760779497,False,
900055,FUND015,2025-09-03,154.9146,154.6683,154.7111,,,13.15354877575168,False,
900056,FUND016,2025-09-03,27.6174,27.8519,27.6058,,,4.202015518478504,False,
900057,FUND017,2025-09-03,23.6792,23.6073,23.667,,,5.154856973845433,False,
900058,FUND018,2025-09-03,240.377,240.6701,240.3866,,,0.39935670291013003,False,
900059,FUND019,2025-09-03,156.7806,154.6566,156.863,,,5.252991463889312,False,
900060,FUND020,2025-09-03,133.2893,132.9481,133.2367,,,3.947861212412495,False,
900061,FUND001,2025-09-04,31.2146,31.3561,31.1948,,,6.347211714772987,False,
900062,FUND002,2025-09-04,141.2315,141.2419,141.1556,,,5.377044906473318,False,
900063,FUND003,2025-09-04,204.9766,204.958,204.9416,,,1.7078035889246788,False,
900064,FUND004,2025-09-04,78.3276,78.3038,78.319,,,1.0980732644698314,False,
900065,FUND005,2025-09-04,199.5423,198.0514,199.4357,,,5.345081146455447,False,
900066,FUND006,2025-09-04,218.9783,219.421,218.9722,,,0.27857417516943006,False,
900067,FUND007,2025-09-04,170.7776,171.194,170.7686,,,0.5270289737114757,False,
900068,FUND008,2025-09-04,56.075,56.1181,56.0329,,,7.5134429950984005,False,
900069,FUND009,2025-09-04,205.416,205.5287,205.4364,,,0.9930080550474545,False,
900070,FUND010,2025-09-04,120.7891,120.9418,120.7092,,,6.61921377989492,False,
900071,FUND011,2025-09-04,141.3587,142.2676,141.2324,,,8.942707197497622,False,
900072,FUND012,2025-09-04,157.6021,157.12,157.5723,,,1.8911953433436266,False,
900073,FUND013,2025-09-04,171.3458,171.4286,171.2694,,,4.460808527384734,False,
900074,FUND014,2025-09-04,123.6133,123.3622,123.5297,,,6.767603256543964,False,
900075,FUND015,2025-09-04,154.6426,154.9146,154.6482,,,0.3621122004663081,False,
900076,FUND016,2025-09-04,27.7515,27.6174,27.7487,,,1.0090562801142322,False,
900077,FUND017,2025-09-04,23.705,23.6792,23.707,,,0.8436326823311445,False,
900078,FUND018,2025-09-04,240.7159,240.377,240.7315,,,0.6480248741858159,False,
900079,FUND019,2025-09-04,157.5926,156.7806,157.5461,,,2.951517048026506,False,
900080,FUND020,2025-09-04,134.1619,133.2893,134.3275,,,12.328078762724203,False,
900081,FUND001,2025-09-05,31.2567,31.2146,31.2651,,,2.686701785697707,False,
900082,FUND002,2025-09-05,142.0819,141.2315,141.8744,,,14.6256125136023,False,
900083,FUND003,2025-09-05,203.6247,204.9766,203.6071,,,0.8644099346234686,False,
900084,FUND004,2025-09-05,78.4809,78.3276,78.4742,,,0.8537837913619067,False,
900085,FUND005,2025-09-05,199.7426,199.5423,197.5647,2025-09-05,2025-09-09,110.2373045387168,True,2.0
900086,FUND006,2025-09-05,218.7217,218.9783,218.8558,,,6.1273221911409,False,
900087,FUND007,2025-09-05,171.1695,170.7776,171.3185,,,8.697251026596714,False,
900088,FUND008,2025-09-05,56.2128,56.075,56.1918,,,3.7372000896929434,False,
900089,FUND009,2025-09-05,204.5185,205.416,204.6675,,,7.280100651056026,False,
900090,FUND010,2025-09-05,120.9106,120.7891,120.823,,,7.250275195948538,False,
900091,FUND011,2025-09-05,141.8983,141.3587,141.9365,,,2.691344368783867,False,
900092,FUND012,2025-09-05,157.6901,157.6021,157.6503,,,2.5245749611649217,False,
900093,FUND013,2025-09-05,172.3346,171.3458,172.1724,,,9.420789859465533,False,
900094,FUND014,2025-09-05,123.3746,123.6133,123.3594,,,1.2321720112133496,False,
900095,FUND015,2025-09-05,155.0566,154.6426,154.9921,,,4.161502424962921,False,
900096,FUND016,2025-09-05,27.6352,27.7515,27.6724,,,13.442997354764518,False,
900097,FUND017,2025-09-05,23.8046,23.705,23.8102,,,2.3519332050959703,False,
900098,FUND018,2025-09-05,241.7469,240.7159,241.9148,,,6.9404600297296,False,
900099,FUND019,2025-09-05,157.8673,157.5926,157.916,,,3.0839180323714275,False,
900100,FUND020,2025-09-05,134.2967,134.1619,134.3659,,,5.150116212522929,False,
900101,FUND001,2025-09-08,31.4733,31.2567,31.4564,,,5.372515608906198,False,
900102,FUND002,2025-09-08,142.9291,142.0819,142.9156,,,0.94461346417,False,
900103,FUND003,2025-09-08,204.0193,203.6247,203.895,,,6.096275043526166,False,
900104,FUND004,2025-09-08,78.6259,78.4809,78.5972,,,3.6515295710280538,False,
900105,FUND005,2025-09-08,201.5292,199.7426,201.5685,,,1.9497094039989993,False,
900106,FUND006,2025-09-08,217.8111,218.7217,217.8924,,,3.7311994360518685,False,
900107,FUND007,2025-09-08,170.8231,171.1695,170.7149,,,6.338052507426753,False,
900108,FUND008,2025-09-08,56.3612,56.2128,56.4116,,,8.934332654986445,False,
900109,FUND009,2025-09-08,204.861,204.5185,204.6037,,,12.575530159033612,False,
900110,FUND010,2025-09-08,121.39,120.9106,121.4321,,,3.466958077806849,False,
900111,FUND011,2025-09-08,142.9262,141.8983,142.9633,,,2.595071602292998,False,
900112,FUND012,2025-09-08,157.9553,157.6901,157.9457,,,0.6078038211870314,False,
900113,FUND013,2025-09-08,173.3638,172.3346,173.383,,,1.1073750021635393,False,
900114,FUND014,2025-09-08,124.0142,123.3746,123.9551,,,4.767855457339054,False,
900115,FUND015,2025-09-08,155.126,155.0566,155.0875,,,2.482469573627732,False,
900116,FUND016,2025-09-08,27.6005,27.6352,27.6107,,,3.6942199944228493,False,
900117,FUND017,2025-09-08,23.8423,23.8046,23.8651,,,9.553699754034197,False,
900118,FUND018,2025-09-08,241.0941,241.7469,241.3526,,,10.710470904394564,False,
900119,FUND019,2025-09-08,157.6089,157.8673,157.6172,,,0.5265922754617716,False,
900120,FUND020,2025-09-08,133.5533,134.2967,133.5627,,,0.7037893064455427,False,
900121,FUND001,2025-09-09,31.4993,31.4733,31.4805,,,5.97195089023439,False,
900122,FUND002,2025-09-09,142.4664,142.9291,142.3485,,,8.282489804949941,False,
900123,FUND003,2025-09-09,204.4179,204.0193,204.3168,,,4.948198092374314,False,
900124,FUND004,2025-09-09,78.637,78.6259,78.7235,,,10.987824474267647,False,
900125,FUND005,2025-09-09,200.0253,201.5292,199.9508,,,3.7259165754775907,False,
900126,FUND006,2025-09-09,217.353,217.8111,217.4405,,,4.024089348579371,False,
900127,FUND007,2025-09-09,172.0973,170.8231,171.9591,,,8.03679479597087,False,
900128,FUND008,2025-09-09,56.0186,56.3612,56.0558,,,6.636244599131325,False,
900129,FUND009,2025-09-09,204.2833,204.861,204.2376,,,2.2375899442615235,False,
900130,FUND010,2025-09-09,120.2188,121.39,120.2679,,,4.082552368503625,False,
900131,FUND011,2025-09-09,142.9623,142.9262,142.9746,,,0.8602926673696175,False,
900132,FUND012,2025-09-09,159.3469,157.9553,159.3687,,,1.3678972094259865,False,
900133,FUND013,2025-09-09,172.2086,173.3638,172.3091,,,5.832541635932803,False,
900134,FUND014,2025-09-09,123.6717,124.0142,123.7657,,,7.5949960287861735,False,
900135,FUND015,2025-09-09,155.1691,155.126,155.1268,,,2.726801558465921,False,
900136,FUND016,2025-09-09,27.5898,27.6005,27.5777,,,4.387603027083557,False,
900137,FUND017,2025-09-09,23.9271,23.8423,23.9358,,,3.6347228837143692,False,
900138,FUND018,2025-09-09,241.2456,241.0941,241.2686,,,0.9532943781327589,False,
900139,FUND019,2025-09-09,157.9452,157.6089,158.0017,,,3.575910892097982,False,
900140,FUND020,2025-09-09,133.1056,133.5533,133.1082,,,0.19532981439167876,False,
900141,FUND001,2025-09-10,31.6791,31.4993,31.6745,,,1.4522723326334868,False,
900142,FUND002,2025-09-10,141.475,142.4664,141.4459,,,2.0573236834718913,False,
900143,FUND003,2025-09-10,204.9106,204.4179,204.8422,,,3.339155701315301,False,
900144,FUND004,2025-09-10,78.8025,78.637,78.1057,2025-09-10,2025-09-12,89.21243904094017,True,2.0
900145,FUND005,2025-09-10,198.9749,200.0253,196.4848,2025-09-10,2025-09-11,126.73244953299104,True,1.0
900146,FUND006,2025-09-10,217.5265,217.353,217.4526,,,3.398441775357432,False,
900147,FUND007,2025-09-10,172.4029,172.0973,172.4381,,,2.041312215804003,False,
900148,FUND008,2025-09-10,56.4187,56.0186,56.4763,,,10.198968416840472,False,
900149,FUND009,2025-09-10,203.9939,204.2833,204.0595,,,3.214748639490817,False,
900150,FUND010,2025-09-10,119.3481,120.2188,119.4042,,,4.6983271945208545,False,
900151,FUND011,2025-09-10,142.8816,142.9623,142.8659,,,1.0989326354281304,False,
900152,FUND012,2025-09-10,160.7739,159.3469,159.3888,2025-09-10,2025-09-17,86.90071071493067,True,5.0
900153,FUND013,2025-09-10,172.6873,172.2086,172.7248,,,2.171083712355974,False,
900154,FUND014,2025-09-10,123.6219,123.6717,124.7235,2025-09-10,2025-09-12,88.32337129731003,True,2.0
900155,FUND015,2025-09-10,155.5063,155.1691,155.516,,,0.6237300342074736,False,
900156,FUND016,2025-09-10,27.5961,27.5898,27.601,,,1.7752979964491282,False,
900157,FUND017,2025-09-10,23.8631,23.9271,23.8887,,,10.716363803807127,False,
900158,FUND018,2025-09-10,240.2396,241.2456,240.4202,,,7.511848006115889,False,
900159,FUND019,2025-09-10,156.9612,157.9452,156.9876,,,1.681661481543467,False,
900160,FUND020,2025-09-10,132.6885,133.1056,132.5097,,,13.493351807452239,False,
900161,FUND001,2025-09-11,31.5358,31.6791,31.5392,,,1.078023538961906,False,
900162,FUND002,2025-09-11,141.4016,141.475,141.4115,,,0.7000845051489862,False,
900163,FUND003,2025-09-11,205.3448,204.9106,205.5587,,,10.405786765531953,False,
900164,FUND004,2025-09-11,79.0016,78.8025,79.0085,,,0.8733237563049144,False,
900165,FUND005,2025-09-11,198.9923,198.9749,198.8644,,,6.431518160113677,False,
900166,FUND006,2025-09-11,217.4776,217.5265,217.3217,,,7.173696874265322,False,
900167,FUND007,2025-09-11,172.4774,172.4029,172.4121,,,3.7874371926320287,False,
900168,FUND008,2025-09-11,56.2445,56.4187,56.2929,,,8.597887122532484,False,
900169,FUND009,2025-09-11,203.7369,203.9939,203.7562,,,0.9472104407137263,False,
900170,FUND010,2025-09-11,119.54,119.3481,119.6161,,,6.3620198284341924,False,
900171,FUND011,2025-09-11,143.2027,142.8816,143.1727,,,2.095371533819027,False,
900172,FUND012,2025-09-11,161.0437,160.7739,160.9823,,,3.8140839086031137,False,
900173,FUND013,2025-09-11,173.2027,172.6873,173.2002,,,0.14434163470929745,False,
900174,FUND014,2025-09-11,124.5571,123.6219,124.5244,,,2.625991371972521,False,
900175,FUND015,2025-09-11,155.9374,155.5063,155.9398,,,0.15390554560121322,False,
900176,FUND016,2025-09-11,27.7266,27.5961,27.7434,,,6.0554942797205555,False,
900177,FUND017,2025-09-11,23.7561,23.8631,23.7634,,,3.0719509834454453,False,
900178,FUND018,2025-09-11,240.372,240.2396,240.5083,,,5.6671640853965215,False,
900179,FUND019,2025-09-11,156.7264,156.9612,156.7233,,,0.19780083752815597,False,
900180,FUND020,2025-09-11,132.7074,132.6885,132.7381,,,2.312825029136017,False,
900181,FUND001,2025-09-12,31.6879,31.5358,31.6725,,,4.862262214855043,False,
900182,FUND002,2025-09-12,142.216,141.4016,142.0568,,,11.206784891677021,False,
900183,FUND003,2025-09-12,206.2974,205.3448,206.2024,,,4.607123874406838,False,
900184,FUND004,2025-09-12,78.5789,79.0016,78.5544,,,3.118857759718526,False,
900185,FUND005,2025-09-12,200.3682,198.9923,200.3383,,,1.4924754777293119,False,
900186,FUND006,2025-09-12,216.8311,217.4776,216.6798,,,6.982653666838901,False,
900187,FUND007,2025-09-12,172.3938,172.4774,172.3154,,,4.549796477853274,False,
900188,FUND008,2025-09-12,56.3684,56.2445,56.3325,,,6.372875338392232,False,
900189,FUND009,2025-09-12,202.3978,203.7369,202.472,,,3.6647042554041507,False,
900190,FUND010,2025-09-12,119.3486,119.54,119.3396,,,0.7541503407083935,False,
900191,FUND011,2025-09-12,143.2536,143.2027,143.0267,,,15.864170815658932,False,
900192,FUND012,2025-09-12,161.5764,161.0437,161.5513,,,1.5536860427622063,False,
900193,FUND013,2025-09-12,172.1044,173.2027,172.1214,,,0.9876749782418635,False,
900194,FUND014,2025-09-12,124.1346,124.5571,124.1315,,,0.2497351598911987,False,
900195,FUND015,2025-09-12,156.179,155.9374,156.2047,,,1.6452769987074973,False,
900196,FUND016,2025-09-12,27.5279,27.7266,27.5109,,,6.1793689046884905,False,
900197,FUND017,2025-09-12,23.7347,23.7561,23.7539,,,8.08288323180675,False,
900198,FUND018,2025-09-12,241.3605,240.372,241.4596,,,4.104206252308579,False,
900199,FUND019,2025-09-12,156.5804,156.7264,156.6651,,,5.406437043093708,False,
900200,FUND020,2025-09-12,132.1799,132.7074,132.2249,,,3.403292420715576,False,
900201,FUND001,2025-09-15,31.859,31.6879,31.8225,,,11.469871945950253,False,
900202,FUND002,2025-09-15,142.1281,142.216,142.0056,,,8.626420366520918,False,
900203,FUND003,2025-09-15,206.828,206.2974,206.7083,,,5.790768924130989,False,
900204,FUND004,2025-09-15,78.8828,78.5789,78.8607,,,2.802409818833575,False,
900205,FUND005,2025-09-15,199.3192,200.3682,199.3846,,,3.280092845686728,False,
900206,FUND006,2025-09-15,218.7656,216.8311,219.0424,,,12.636822825169018,False,
900207,FUND007,2025-09-15,173.6677,172.3938,173.6044,,,3.646220948316871,False,
900208,FUND008,2025-09-15,56.3253,56.3684,56.3033,,,3.9074086243609996,False,
900209,FUND009,2025-09-15,201.9792,202.3978,202.0702,,,4.50338545713362,False,
900210,FUND010,2025-09-15,118.5324,119.3486,118.5118,,,1.7382235355468172,False,
900211,FUND011,2025-09-15,143.5389,143.2536,143.4567,,,5.72995196459979,False,
900212,FUND012,2025-09-15,161.3761,161.5764,161.2501,,,7.8139486425127656,False,
900213,FUND013,2025-09-15,172.3107,172.1044,172.2695,,,2.391601531321764,False,
900214,FUND014,2025-09-15,124.0524,124.1346,124.0254,,,2.176973426411124,False,
900215,FUND015,2025-09-15,156.7996,156.179,156.8483,,,3.1049109234844523,False,
900216,FUND016,2025-09-15,27.5033,27.5279,27.5227,,,7.048727050762088,False,
900217,FUND017,2025-09-15,23.693,23.7347,23.688,,,2.110773387370212,False,
900218,FUND018,2025-09-15,242.2288,241.3605,242.2617,,,1.3580355458573816,False,
900219,FUND019,2025-09-15,156.2503,156.5804,156.0465,,,13.060209617005256,False,
900220,FUND020,2025-09-15,131.771,132.1799,131.8444,,,5.567168571438815,False,
900221,FUND001,2025-09-16,31.9088,31.859,31.9171,,,2.600486886340542,False,
900222,FUND002,2025-09-16,142.0854,142.1281,142.1307,,,3.1872072676766847,False,
900223,FUND003,2025-09-16,206.7924,206.828,206.8146,,,1.073425183716547,False,
900224,FUND004,2025-09-16,79.2427,78.8828,79.2599,,,2.170075914807178,False,
900225,FUND005,2025-09-16,198.8524,199.3192,198.7484,,,5.2327465277700345,False,
900226,FUND006,2025-09-16,219.0792,218.7656,219.0672,,,0.5477771204439565,False,
900227,FUND007,2025-09-16,173.8217,173.6677,174.0315,,,12.055288841387986,False,
900228,FUND008,2025-09-16,56.3879,56.3253,56.4015,,,2.4112833878525795,False,
900229,FUND009,2025-09-16,200.5187,201.9792,200.4335,,,4.25078642043302,False,
900230,FUND010,2025-09-16,119.1463,118.5324,119.1143,,,2.6864952402857147,False,
900231,FUND011,2025-09-16,143.1137,143.5389,143.0413,,,5.061475252251453,False,
900232,FUND012,2025-09-16,161.0189,161.3761,161.2246,,,12.758598873869579,False,
900233,FUND013,2025-09-16,172.3583,172.3107,172.2896,,,3.987472256015851,False,
900234,FUND014,2025-09-16,123.1592,124.0524,123.1137,,,3.695770657530729,False,
900235,FUND015,2025-09-16,156.6666,156.7996,156.6806,,,0.8935375534692874,False,
900236,FUND016,2025-09-16,27.456,27.5033,27.4396,,,5.976763509672466,False,
900237,FUND017,2025-09-16,23.6237,23.693,23.6108,,,5.463601402747199,False,
900238,FUND018,2025-09-16,240.3512,242.2288,240.4988,,,6.137244759640501,False,
900239,FUND019,2025-09-16,157.0045,156.2503,157.0047,,,0.012738472160810428,False,
900240,FUND020,2025-09-16,132.2696,131.771,132.1404,,,9.77747910555722,False,
900241,FUND001,2025-09-17,31.6616,31.9088,31.6498,,,3.7283016006423173,False,
900242,FUND002,2025-09-17,141.6028,142.0854,141.5146,,,6.232572469554413,False,
900243,FUND003,2025-09-17,206.7157,206.7924,206.6319,,,4.055520952960145,False,
900244,FUND004,2025-09-17,79.101,79.2427,79.0882,,,1.6184462410319858,False,
900245,FUND005,2025-09-17,198.6776,198.8524,198.6497,,,1.4044823626724174,False,
900246,FUND006,2025-09-17,218.8742,219.0792,219.0352,,,7.350416736670698,False,
900247,FUND007,2025-09-17,173.3863,173.8217,173.4831,,,5.579794227795202,False,
900248,FUND008,2025-09-17,56.3637,56.3879,56.3316,,,5.698400187461353,False,
900249,FUND009,2025-09-17,199.8824,200.5187,199.6971,,,9.279053125958454,False,
900250,FUND010,2025-09-17,118.2378,119.1463,118.2634,,,2.164659565005859,False,
900251,FUND011,2025-09-17,143.4974,143.1137,143.6064,,,7.590190966419941,False,
900252,FUND012,2025-09-17,161.0952,161.0189,161.0147,,,4.999543519939526,False,
900253,FUND013,2025-09-17,171.7112,172.3583,171.5422,,,9.851803229758199,False,
900254,FUND014,2025-09-17,123.0971,123.1592,123.0622,,,2.8359642522231256,False,
900255,FUND015,2025-09-17,157.1913,156.6666,157.1482,,,2.7426340231711013,False,
900256,FUND016,2025-09-17,27.6638,27.456,27.4802,2025-09-17,2025-09-18,66.81174081702405,True,1.0
900257,FUND017,2025-09-17,23.6315,23.6237,23.6195,,,5.080547852410278,False,
900258,FUND018,2025-09-17,241.7115,240.3512,239.6076,2025-09-17,2025-09-23,87.80606291286296,True,4.0
900259,FUND019,2025-09-17,157.2605,157.0045,157.2586,,,0.12082010141297392,False,
900260,FUND020,2025-09-17,132.1549,132.2696,132.1478,,,0.5372772002264375,False,
900261,FUND001,2025-09-18,31.8066,31.6616,31.7962,,,3.2708311056040125,False,
900262,FUND002,2025-09-18,140.9258,141.6028,140.8707,,,3.9113882446818353,False,
900263,FUND003,2025-09-18,206.7652,206.7157,206.8759,,,5.351034122389725,False,
900264,FUND004,2025-09-18,79.374,79.101,79.3231,,,6.416794099070588,False,
900265,FUND005,2025-09-18,199.1017,198.6776,199.3114,,,10.521224576215811,False,
900266,FUND006,2025-09-18,218.9717,218.8742,219.0253,,,2.4472058707367945,False,
900267,FUND007,2025-09-18,174.3948,173.3863,174.3639,,,1.7721558189512046,False,
900268,FUND008,2025-09-18,56.505,56.3637,56.4722,,,5.8081675585512365,False,
900269,FUND009,2025-09-18,198.2347,199.8824,198.3782,,,7.233657730536363,False,
900270,FUND010,2025-09-18,118.7769,118.2378,117.3595,2025-09-18,2025-09-20,120.77420234407957,True,2.0
900271,FUND011,2025-09-18,143.9386,143.4974,143.9932,,,3.791845726047726,False,
900272,FUND012,2025-09-18,160.8071,161.0952,160.614,,,12.022613221760677,False,
900273,FUND013,2025-09-18,170.6562,171.7112,170.6434,,,0.7501022600345861,False,
900274,FUND014,2025-09-18,122.5438,123.0971,122.5487,,,0.3998410427847976,False,
900275,FUND015,2025-09-18,156.0946,157.1913,156.0138,,,5.179029034611723,False,
900276,FUND016,2025-09-18,27.7217,27.6638,27.7194,,,0.8297437895474621,False,
900277,FUND017,2025-09-18,23.6014,23.6315,23.6177,,,6.90160345842209,False,
900278,FUND018,2025-09-18,242.7876,241.7115,242.8606,,,3.0058395639312225,False,
900279,FUND019,2025-09-18,157.201,157.2605,157.25,,,3.1160572337047117,False,
900280,FUND020,2025-09-18,132.0572,132.1549,132.1123,,,4.170694174578002,False,
900281,FUND001,2025-09-19,31.7676,31.8066,31.7659,,,0.5351650669438434,False,
900282,FUND002,2025-09-19,140.6794,140.9258,140.6118,,,4.807562380966518,False,
900283,FUND003,2025-09-19,206.4158,206.7652,206.6441,,,11.047980561749336,False,
900284,FUND004,2025-09-19,79.8015,79.374,79.7422,,,7.436464005257876,False,
900285,FUND005,2025-09-19,199.6094,199.1017,199.8926,,,14.167608005498638,False,
900286,FUND006,2025-09-19,218.9622,218.9717,218.8185,,,6.567086420937695,False,
900287,FUND007,2025-09-19,175.0653,174.3948,175.1081,,,2.4442044656986015,False,
900288,FUND008,2025-09-19,56.7409,56.505,56.7029,,,6.701597272803298,False,
900289,FUND009,2025-09-19,196.9006,198.2347,196.8739,,,1.3561980536782823,False,
900290,FUND010,2025-09-19,118.6204,118.7769,118.7552,,,11.351081889466608,False,
900291,FUND011,2025-09-19,144.5669,143.9386,144.4408,,,8.73022027017353,False,
900292,FUND012,2025-09-19,160.8756,160.8071,161.0351,,,9.904672956393258,False,
900293,FUND013,2025-09-19,170.5289,170.6562,170.3699,,,9.332634461838142,False,
900294,FUND014,2025-09-19,122.6172,122.5438,122.5323,,,6.928785308036365,False,
900295,FUND015,2025-09-19,155.0312,156.0946,154.881,,,9.697767963792352,False,
900296,FUND016,2025-09-19,27.5303,27.7217,27.5025,,,10.108171984364752,False,
900297,FUND017,2025-09-19,23.6972,23.6014,23.7155,,,7.716472349307408,False,
900298,FUND018,2025-09-19,241.1859,242.7876,241.1362,,,2.0610758567150604,False,
900299,FUND019,2025-09-19,157.547,157.201,157.7935,,,15.621682768935191,False,
900300,FUND020,2025-09-19,131.2886,132.0572,131.1706,,,8.99591829266581,False,
900301,FUND001,2025-09-22,31.9099,31.7676,31.928,,,5.6690052618392786,False,
900302,FUND002,2025-09-22,141.0071,140.6794,140.9737,,,2.369236247612166,False,
900303,FUND003,2025-09-22,206.0963,206.4158,206.1098,,,0.6549906894283245,False,
900304,FUND004,2025-09-22,79.9083,79.8015,79.9285,,,2.5272587374969704,False,
900305,FUND005,2025-09-22,200.0503,199.6094,200.1891,,,6.9334444282932175,False,
900306,FUND006,2025-09-22,219.328,218.9622,219.2828,,,2.0612651790288217,False,
900307,FUND007,2025-09-22,175.9526,175.0653,175.8498,,,5.845898033435467,False,
900308,FUND008,2025-09-22,56.5421,56.7409,56.5013,,,7.221072789475159,False,
900309,FUND009,2025-09-22,197.6324,196.9006,197.4936,,,7.028075846508615,False,
900310,FUND010,2025-09-22,118.2767,118.6204,118.3895,,,9.527871981889687,False,
900311,FUND011,2025-09-22,145.6217,144.5669,145.5753,,,3.187353898635658,False,
900312,FUND012,2025-09-22,160.9123,160.8756,160.8869,,,1.5787487980681176,False,
900313,FUND013,2025-09-22,170.5119,170.5289,170.4395,,,4.247841609485335,False,
900314,FUND014,2025-09-22,122.6964,122.6172,122.6881,,,0.6765122289766745,False,
900315,FUND015,2025-09-22,155.804,155.0312,155.9728,,,10.82239980304287,False,
900316,FUND016,2025-09-22,27.8377,27.5303,27.843,,,1.9035305103610622,False,
900317,FUND017,2025-09-22,23.763,23.6972,23.7489,,,5.937117087529387,False,
900318,FUND018,2025-09-22,241.3312,241.1859,241.4179,,,3.5912829993139512,False,
900319,FUND019,2025-09-22,157.8457,157.547,157.9426,,,6.135140234490573,False,
900320,FUND020,2025-09-22,131.3187,131.2886,131.2751,,,3.321269608630872,False,
900321,FUND001,2025-09-23,32.0516,31.9099,32.0306,,,6.5562306044847105,False,
900322,FUND002,2025-09-23,141.4888,141.0071,141.5076,,,1.3285505513483953,False,
900323,FUND003,2025-09-23,205.88,206.0963,205.923,,,2.0881591662906214,False,
900324,FUND004,2025-09-23,79.4149,79.9083,79.4702,,,6.95858321735727,False,
900325,FUND005,2025-09-23,200.6292,200.0503,200.6515,,,1.1113796806902176,False,
900326,FUND006,2025-09-23,219.0268,219.328,219.083,,,2.5652378322366327,False,
900327,FUND007,2025-09-23,176.2939,175.9526,176.415,,,6.86449564946202,False,
900328,FUND008,2025-09-23,56.8403,56.5421,56.9333,,,16.334904177344985,False,
900329,FUND009,2025-09-23,197.5838,197.6324,197.5554,,,1.4375714356582947,False,
900330,FUND010,2025-09-23,118.479,118.2767,118.5189,,,3.3665516639120794,False,
900331,FUND011,2025-09-23,144.9976,145.6217,144.8426,,,10.701271587226488,False,
900332,FUND012,2025-09-23,159.8449,160.9123,159.8511,,,0.3878609530999078,False,
900333,FUND013,2025-09-23,170.362,170.5119,170.4664,,,6.124374070197897,False,
900334,FUND014,2025-09-23,123.2753,122.6964,123.2831,,,0.6326901254107934,False,
900335,FUND015,2025-09-23,155.3497,155.804,155.2446,,,6.7699617249180655,False,
900336,FUND016,2025-09-23,27.6376,27.8377,27.6494,,,4.267723711907283,False,
900337,FUND017,2025-09-23,23.6385,23.763,23.6442,,,2.410739208770407,False,
900338,FUND018,2025-09-23,241.1258,241.3312,241.3009,,,7.256500079362103,False,
900339,FUND019,2025-09-23,157.4931,157.8457,157.4386,,,3.4616669609606676,False,
900340,FUND020,2025-09-23,130.5303,131.3187,130.5157,,,1.1186393667582903,False,
900341,FUND001,2025-09-24,32.1726,32.0516,32.1679,,,1.4610838755404314,False,
900342,FUND002,2025-09-24,140.9119,141.4888,140.9825,,,5.00771372333337,False,
900343,FUND003,2025-09-24,206.0384,205.88,205.8602,,,8.656359995764307,False,
900344,FUND004,2025-09-24,79.3332,79.4149,79.3267,,,0.8193962436358269,False,
900345,FUND005,2025-09-24,201.632,200.6292,201.5996,,,1.6071460459244733,False,
900346,FUND006,2025-09-24,220.0487,219.0268,220.3282,,,12.685620814766924,False,
900347,FUND007,2025-09-24,176.2979,176.2939,176.346,,,2.727592346863844,False,
900348,FUND008,2025-09-24,56.7383,56.8403,56.7625,,,4.263378110548415,False,
900349,FUND009,2025-09-24,197.651,197.5838,197.4975,,,7.77225028164955,False,
900350,FUND010,2025-09-24,118.7199,118.479,118.6579,,,5.225105113102257,False,
900351,FUND011,2025-09-24,145.1735,144.9976,145.3182,,,9.957458873011108,False,
900352,FUND012,2025-09-24,159.6905,159.8449,159.4898,,,12.58387683726379,False,
900353,FUND013,2025-09-24,170.1689,170.362,170.038,,,7.698279208176814,False,
900354,FUND014,2025-09-24,123.3821,123.2753,123.3389,,,3.502544614878096,False,
900355,FUND015,2025-09-24,154.38,155.3497,154.3597,,,1.3151100967410387,False,
900356,FUND016,2025-09-24,27.6961,27.6376,27.6978,,,0.6137671584023245,False,
900357,FUND017,2025-09-24,23.5667,23.6385,23.5355,,,13.256569862548872,False,
900358,FUND018,2025-09-24,242.2177,241.1258,242.325,,,4.427937686989822,False,
900359,FUND019,2025-09-24,157.579,157.4931,157.6315,,,3.330552586252156,False,
900360,FUND020,2025-09-24,130.8836,130.5303,130.8245,,,4.517502455579866,False,
900361,FUND001,2025-09-25,32.0384,32.1726,32.0266,,,3.6844373114851154,False,
900362,FUND002,2025-09-25,140.8566,140.9119,140.9144,,,4.1017809393514435,False,
900363,FUND003,2025-09-25,205.695,206.0384,205.7513,,,2.7363132091993165,False,
900364,FUND004,2025-09-25,79.0757,79.3332,79.1041,,,3.590205817398196,False,
900365,FUND005,2025-09-25,201.5034,201.632,201.6836,,,8.93478696334325,False,
900366,FUND006,2025-09-25,219.3825,220.0487,219.4547,,,3.289972828105726,False,
900367,FUND007,2025-09-25,175.5701,176.2979,175.5847,,,0.8315075288451387,False,
900368,FUND008,2025-09-25,56.5916,56.7383,56.6365,,,7.927749772672815,False,
900369,FUND009,2025-09-25,197.4316,197.651,197.3967,,,1.7680133457141518,False,
900370,FUND010,2025-09-25,118.7333,118.7199,118.7358,,,0.2105514933152197,False,
900371,FUND011,2025-09-25,144.8922,145.1735,144.781,,,7.680565820100471,False,
900372,FUND012,2025-09-25,160.638,159.6905,160.5285,,,6.821218662106545,False,
900373,FUND013,2025-09-25,169.8168,170.1689,169.7731,,,2.5740238000013655,False,
900374,FUND014,2025-09-25,122.805,123.3821,122.7872,,,1.4496625055387087,False,
900375,FUND015,2025-09-25,154.3933,154.38,154.5282,,,8.729798185702519,False,
900376,FUND016,2025-09-25,27.7124,27.6961,27.7236,,,4.03987938074504,False,
900377,FUND017,2025-09-25,23.5067,23.5667,23.4814,,,10.77448533732992,False,
900378,FUND018,2025-09-25,242.922,242.2177,243.059,,,5.636491551434033,False,
900379,FUND019,2025-09-25,158.3833,157.579,158.6018,,,13.776640618202688,False,
900380,FUND020,2025-09-25,130.6042,130.8836,130.5397,,,4.941025603703787,False,
900381,FUND001,2025-09-26,32.2291,32.0384,32.2512,,,6.852458203103972,False,
900382,FUND002,2025-09-26,141.6524,140.8566,141.6055,,,3.3120182478783464,False,
900383,FUND003,2025-09-26,204.8483,205.695,204.9153,,,3.2696436039674577,False,
900384,FUND004,2025-09-26,79.2161,79.0757,79.2484,,,4.075792066465246,False,
900385,FUND005,2025-09-26,201.2024,201.5034,201.1772,,,1.2526270372593078,False,
900386,FUND006,2025-09-26,218.8765,219.3825,218.9787,,,4.667120592094596,False,
900387,FUND007,2025-09-26,176.3036,175.5701,176.2024,,,5.743395095638725,False,
900388,FUND008,2025-09-26,56.3441,56.5916,56.3864,,,7.5018089468390325,False,
900389,FUND009,2025-09-26,196.2545,197.4316,196.2702,,,0.7999176645247813,False,
900390,FUND010,2025-09-26,118.6414,118.7333,118.6754,,,2.8649576913152863,False,
900391,FUND011,2025-09-26,145.6527,144.8922,145.6415,,,0.7690115798039926,False,
900392,FUND012,2025-09-26,160.4013,160.638,160.2997,,,6.338127894187611,False,
900393,FUND013,2025-09-26,169.1547,169.8168,168.8725,,,16.7108321366705,False,
900394,FUND014,2025-09-26,122.752,122.805,122.7513,,,0.057025872637993726,False,
900395,FUND015,2025-09-26,153.8288,154.3933,153.6981,,,8.503683519834679,False,
900396,FUND016,2025-09-26,27.8342,27.7124,27.8272,,,2.515524379024083,False,
900397,FUND017,2025-09-26,23.5749,23.5067,23.5893,,,6.104462616526122,False,
900398,FUND018,2025-09-26,244.1422,242.922,243.8015,,,13.974483339930156,False,
900399,FUND019,2025-09-26,158.275,158.3833,158.2602,,,0.9351687916486988,False,
900400,FUND020,2025-09-26,131.5178,130.6042,131.4342,,,6.360597165729308,False,
900401,FUND001,2025-09-29,32.1363,32.2291,32.1147,,,6.725891881287821,False,
900402,FUND002,2025-09-29,141.1485,141.6524,141.0789,,,4.933409602712263,False,
900403,FUND003,2025-09-29,203.0578,204.8483,203.1034,,,2.2451618239777087,False,
900404,FUND004,2025-09-29,79.7029,79.2161,79.6921,,,1.35521588714606,False,
900405,FUND005,2025-09-29,201.2167,201.2024,201.0246,,,9.556044384618131,False,
900406,FUND006,2025-09-29,219.6461,218.8765,219.6034,,,1.9444143396685303,False,
900407,FUND007,2025-09-29,176.1138,176.3036,176.1922,,,4.4496861949630135,False,
900408,FUND008,2025-09-29,56.1918,56.3441,56.1858,,,1.0678854799611694,False,
900409,FUND009,2025-09-29,196.3395,196.2545,196.2149,,,6.350180337985888,False,
900410,FUND010,2025-09-29,118.0162,118.6414,118.0257,,,0.8049094392155884,False,
900411,FUND011,2025-09-29,145.6791,145.6527,145.6302,,,3.3578200126074997,False,
900412,FUND012,2025-09-29,160.6644,160.4013,160.6882,,,1.4811292926297182,False,
900413,FUND013,2025-09-29,169.0933,169.1547,169.09,,,0.19516233958222615,False,
900414,FUND014,2025-09-29,122.297,122.752,122.3891,,,7.5251799384097176,False,
900415,FUND015,2025-09-29,152.9262,153.8288,152.7002,,,14.80024256680732,False,
900416,FUND016,2025-09-29,27.8137,27.8342,27.787,,,9.60880987512208,False,
900417,FUND017,2025-09-29,23.5028,23.5749,23.4951,,,3.277279092236176,False,
900418,FUND018,2025-09-29,244.7182,244.1422,244.634,,,3.441876435818808,False,
900419,FUND019,2025-09-29,159.4557,158.275,159.5621,,,6.6682501671750005,False,
900420,FUND020,2025-09-29,131.4155,131.5178,131.4673,,,3.9401432903836815,False,
900421,FUND001,2025-09-30,32.2626,32.1363,32.2818,,,5.947623738452592,False,
900422,FUND002,2025-09-30,141.1127,141.1485,141.0819,,,2.183129090265957,False,
900423,FUND003,2025-09-30,203.3527,203.0578,203.026,,,16.091535074324874,False,
900424,FUND004,2025-09-30,80.17,79.7029,80.1675,,,0.3118470701964918,False,
900425,FUND005,2025-09-30,202.7579,201.2167,202.7473,,,0.5228183063355627,False,
900426,FUND006,2025-09-30,218.0523,219.6461,218.1078,,,2.544613260048242,False,
900427,FUND007,2025-09-30,175.0438,176.1138,175.0406,,,0.18281472983939395,False,
900428,FUND008,2025-09-30,56.1224,56.1918,56.163,,,7.228958567027714,False,
900429,FUND009,2025-09-30,196.9927,196.3395,197.1741,,,9.199991276744585,False,
900430,FUND010,2025-09-30,118.0952,118.0162,118.1758,,,6.820347313070002,False,
900431,FUND011,2025-09-30,144.8135,145.6791,144.7501,,,4.379962431804983,False,
900432,FUND012,2025-09-30,161.1862,160.6644,161.1938,,,0.47148215377989094,False,
900433,FUND013,2025-09-30,169.3945,169.0933,169.3804,,,0.8324457847534249,False,
900434,FUND014,2025-09-30,122.2516,122.297,122.2404,,,0.916227368366131,False,
900435,FUND015,2025-09-30,152.8444,152.9262,152.8691,,,1.6157614586594495,False,
900436,FUND016,2025-09-30,27.8607,27.8137,27.8606,,,0.0358929814863165,False,
900437,FUND017,2025-09-30,23.4549,23.5028,23.4514,,,1.4924482120465936,False,
900438,FUND018,2025-09-30,244.2088,244.7182,244.2305,,,0.8885049164625148,False,
900439,FUND019,2025-09-30,159.0063,159.4557,159.0321,,,1.6223139856672846,False,
900440,FUND020,2025-09-30,131.5204,131.4155,131.7191,,,15.085131920883327,False,
900441,FUND001,2025-10-01,32.1354,32.2626,32.1501,,,4.572303041049583,False,
900442,FUND002,2025-10-01,141.8102,141.1127,141.7484,,,4.359837571359196,False,
900443,FUND003,2025-10-01,202.6342,203.3527,202.7132,,,3.8971315138830493,False,
900444,FUND004,2025-10-01,80.79,80.17,80.8177,,,3.4274670028961274,False,
900445,FUND005,2025-10-01,203.4962,202.7579,203.3802,,,5.7036033989535575,False,
900446,FUND006,2025-10-01,219.834,218.0523,219.9279,,,4.269581076343236,False,
900447,FUND007,2025-10-01,175.3825,175.0438,175.3675,,,0.855346629220714,False,
900448,FUND008,2025-10-01,56.3546,56.1224,56.27,,,15.034654345120787,False,
900449,FUND009,2025-10-01,196.228,196.9927,196.2133,,,0.7491846882960951,False,
900450,FUND010,2025-10-01,117.5253,118.0952,117.5382,,,1.0975155311211087,False,
900451,FUND011,2025-10-01,145.7309,144.8135,145.6677,,,4.3386419913264795,False,
900452,FUND012,2025-10-01,160.4969,161.1862,160.605,,,6.7307991656535595,False,
900453,FUND013,2025-10-01,170.398,169.3945,170.4551,,,3.3498557684687214,False,
900454,FUND014,2025-10-01,121.9957,122.2516,121.9394,,,4.617047484241609,False,
900455,FUND015,2025-10-01,153.3657,152.8444,153.3965,,,2.0078684976514634,False,
900456,FUND016,2025-10-01,28.0231,27.8607,28.0183,,,1.713166037910748,False,
900457,FUND017,2025-10-01,23.2806,23.4549,23.2696,,,4.727197717192918,False,
900458,FUND018,2025-10-01,245.6017,244.2088,245.5895,,,0.4967639088807581,False,
900459,FUND019,2025-10-01,159.1751,159.0063,159.2768,,,6.385110700367054,False,
900460,FUND020,2025-10-01,132.0185,131.5204,132.0354,,,1.2799597683667416,False,
900461,FUND001,2025-10-02,32.0534,32.1354,32.0543,,,0.2807735623596054,False,
900462,FUND002,2025-10-02,141.4379,141.8102,141.4118,,,1.8456734162222515,False,
900463,FUND003,2025-10-02,203.5102,202.6342,203.4028,,,5.280163301586024,False,
900464,FUND004,2025-10-02,80.6519,80.79,80.6658,,,1.723159009147208,False,
900465,FUND005,2025-10-02,204.0013,203.4962,203.78,,,10.859750711550944,False,
900466,FUND006,2025-10-02,220.7126,219.834,220.6101,,,4.646206134715522,False,
900467,FUND007,2025-10-02,175.1384,175.3825,177.1898,2025-10-02,2025-10-03,115.7741585576597,True,1.0
900468,FUND008,2025-10-02,56.4853,56.3546,56.5024,,,3.026420116667474,False,
900469,FUND009,2025-10-02,196.8809,196.228,196.8874,,,0.33013793670985675,False,
900470,FUND010,2025-10-02,117.7914,117.5253,119.4699,2025-10-02,2025-10-04,140.49563948743574,True,2.0
900471,FUND011,2025-10-02,145.4968,145.7309,145.3995,,,6.691907468733963,False,
900472,FUND012,2025-10-02,160.5742,160.4969,160.6183,,,2.7456398181287223,False,
900473,FUND013,2025-10-02,169.1105,170.398,169.1638,,,3.1507923089932497,False,
900474,FUND014,2025-10-02,122.9175,121.9957,122.9417,,,1.9684126703952638,False,
900475,FUND015,2025-10-02,151.7865,153.3657,151.9126,,,8.300825606303103,False,
900476,FUND016,2025-10-02,27.9255,28.0231,27.9188,,,2.399816611028624,False,
900477,FUND017,2025-10-02,23.3566,23.2806,23.3373,,,8.270022667575601,False,
900478,FUND018,2025-10-02,245.7827,245.6017,246.0148,,,9.43439175204104,False,
900479,FUND019,2025-10-02,158.8029,159.1751,158.7251,,,4.9015562125962635,False,
900480,FUND020,2025-10-02,132.7043,132.0185,132.6896,,,1.1078486934904015,False,
900481,FUND001,2025-10-03,31.9838,32.0534,31.9786,,,1.626087445979042,False,
900482,FUND002,2025-10-03,141.3653,141.4379,141.3467,,,1.3159132827290752,False,
900483,FUND003,2025-10-03,203.6964,203.5102,203.8077,,,5.461030176975647,False,
900484,FUND004,2025-10-03,80.8159,80.6519,80.7655,,,6.240288241884992,False,
900485,FUND005,2025-10-03,204.3009,204.0013,204.2791,,,1.067167419477232,False,
900486,FUND006,2025-10-03,219.874,220.7126,219.8393,,,1.578425695496057,False,
900487,FUND007,2025-10-03,175.5565,175.1384,175.6317,,,4.2816871897268705,False,
900488,FUND008,2025-10-03,56.6072,56.4853,56.5741,,,5.850733816357214,False,
900489,FUND009,2025-10-03,196.9158,196.8809,196.8636,,,2.6515821106593163,False,
900490,FUND010,2025-10-03,118.2052,117.7914,118.3355,,,11.011065994565552,False,
900491,FUND011,2025-10-03,146.357,145.4968,146.3493,,,0.5261384919504103,False,
900492,FUND012,2025-10-03,160.2676,160.5742,160.2314,,,2.2592325848728514,False,
900493,FUND013,2025-10-03,169.8622,169.1105,169.8018,,,3.5570883229751136,False,
900494,FUND014,2025-10-03,124.1952,122.9175,124.1309,,,5.18001561255118,False,
900495,FUND015,2025-10-03,151.5716,151.7865,151.4625,,,7.2031030783186445,False,
900496,FUND016,2025-10-03,27.9042,27.9255,27.8929,,,4.051210164593331,False,
900497,FUND017,2025-10-03,23.2026,23.3566,23.2157,,,5.642733150410237,False,
900498,FUND018,2025-10-03,246.3185,245.7827,246.2401,,,3.18388434702503,False,
900499,FUND019,2025-10-03,158.514,158.8029,158.7022,,,11.858688789443045,False,
900500,FUND020,2025-10-03,132.3061,132.7043,132.1924,,,8.601099609356844,False,
900501,FUND001,2025-10-06,32.1009,31.9838,32.0774,,,7.326030164541275,False,
900502,FUND002,2025-10-06,140.7559,141.3653,140.7578,,,0.13498363856256845,False,
900503,FUND003,2025-10-06,202.4226,203.6964,202.5596,,,6.7634414759903,False,
900504,FUND004,2025-10-06,80.4591,80.8159,80.4544,,,0.5841818471083874,False,
900505,FUND005,2025-10-06,204.0867,204.3009,204.0506,,,1.7691690198413865,False,
900506,FUND006,2025-10-06,220.6079,219.874,220.4278,,,8.170475774834669,False,
900507,FUND007,2025-10-06,175.5419,175.5565,175.5496,,,0.43862247478774197,False,
900508,FUND008,2025-10-06,56.3549,56.6072,56.3438,,,1.970048168564953,False,
900509,FUND009,2025-10-06,196.8942,196.9158,196.8553,,,1.9760707484132949,False,
900510,FUND010,2025-10-06,117.5433,118.2052,117.5608,,,1.4885914352401732,False,
900511,FUND011,2025-10-06,146.5437,146.357,146.4003,,,9.795061895365924,False,
900512,FUND012,2025-10-06,160.0484,160.2676,159.8847,,,10.23862821145346,False,
900513,FUND013,2025-10-06,169.1682,169.8622,169.2254,,,3.3801072415839815,False,
900514,FUND014,2025-10-06,124.9919,124.1952,124.9933,,,0.11200600352209619,False,
900515,FUND015,2025-10-06,151.354,151.5716,151.3623,,,0.5483531896642238,False,
900516,FUND016,2025-10-06,27.6841,27.9042,27.699,,,5.379255568793386,False,
900517,FUND017,2025-10-06,23.2672,23.2026,23.2666,,,0.25788039507216426,False,
900518,FUND018,2025-10-06,246.5407,246.3185,246.5375,,,0.12979769811864492,False,
900519,FUND019,2025-10-06,158.1994,158.514,158.231,,,1.9970802181618903,False,
900520,FUND020,2025-10-06,132.3834,132.3061,132.5358,,,11.498779952284599,False,
900521,FUND001,2025-10-07,32.0227,32.1009,32.0346,,,3.71473344446228,False,
900522,FUND002,2025-10-07,140.8831,140.7559,140.8867,,,0.2555244746294291,False,
900523,FUND003,2025-10-07,202.8954,202.4226,202.8626,,,1.6168579126960232,False,
900524,FUND004,2025-10-07,79.9898,80.4591,80.0477,,,7.233187212125221,False,
900525,FUND005,2025-10-07,205.4103,204.0867,205.2387,,,8.360996244860846,False,
900526,FUND006,2025-10-07,221.3681,220.6079,221.3338,,,1.5496955277504734,False,
900527,FUND007,2025-10-07,174.31,175.5419,174.4012,,,5.2293218165922255,False,
900528,FUND008,2025-10-07,56.2743,56.3549,56.3093,,,6.215669525283336,False,
900529,FUND009,2025-10-07,196.4065,196.8942,196.3729,,,1.7110303916684513,False,
900530,FUND010,2025-10-07,117.9065,117.5433,117.8127,,,7.961790197490377,False,
900531,FUND011,2025-10-07,146.5526,146.5437,146.7268,,,11.872405041204797,False,
900532,FUND012,2025-10-07,160.2771,160.0484,160.2558,,,1.3291250613080179,False,
900533,FUND013,2025-10-07,169.412,169.1682,169.5135,,,5.98772369162263,False,
900534,FUND014,2025-10-07,124.4863,124.9919,125.4809,2025-10-07,2025-10-09,79.26305915880468,True,2.0
900535,FUND015,2025-10-07,151.8376,151.354,151.872,,,2.2650653181629985,False,
900536,FUND016,2025-10-07,27.6262,27.6841,27.627,,,0.2895717957064233,False,
900537,FUND017,2025-10-07,23.2572,23.2672,23.2804,,,9.965464510918723,False,
900538,FUND018,2025-10-07,247.2156,246.5407,247.3723,,,6.334581519434502,False,
900539,FUND019,2025-10-07,156.4259,158.1994,156.3782,,,3.050297292079093,False,
900540,FUND020,2025-10-07,131.9614,132.3834,131.906,,,4.199960577986724,False,
900541,FUND001,2025-10-08,32.083,32.0227,32.0487,,,10.702462190354609,False,
900542,FUND002,2025-10-08,140.9603,140.8831,141.0269,,,4.722503295472169,False,
900543,FUND003,2025-10-08,202.3139,202.8954,202.3595,,,2.2534153326138586,False,
900544,FUND004,2025-10-08,79.7075,79.9898,79.6628,,,5.611151001470165,False,
900545,FUND005,2025-10-08,205.0846,205.4103,204.9751,,,5.342112285833599,False,
900546,FUND006,2025-10-08,221.7418,221.3681,221.7958,,,2.434671891893446,False,
900547,FUND007,2025-10-08,173.9752,174.31,174.022,,,2.689315144061694,False,
900548,FUND008,2025-10-08,56.1232,56.2743,56.0914,,,5.669318291217003,False,
900549,FUND009,2025-10-08,196.8476,196.4065,196.8356,,,0.6096458161023949,False,
900550,FUND010,2025-10-08,117.6631,117.9065,117.5751,,,7.484577942097762,False,
900551,FUND011,2025-10-08,147.4112,146.5526,147.3215,,,6.088724320619996,False,
900552,FUND012,2025-10-08,160.3219,160.2771,160.228,,,5.860398931522004,False,
900553,FUND013,2025-10-08,169.6859,169.412,169.7808,,,5.589560185839361,False,
900554,FUND014,2025-10-08,124.3828,124.4863,124.294,,,7.1443512961209885,False,
900555,FUND015,2025-10-08,151.4506,151.8376,151.3486,,,6.739408227099813,False,
900556,FUND016,2025-10-08,27.3755,27.6262,27.3628,,,4.641337874778467,False,
900557,FUND017,2025-10-08,23.2615,23.2572,23.2579,,,1.5478611568552054,False,
900558,FUND018,2025-10-08,247.2582,247.2156,247.4058,,,5.965907024007168,False,
900559,FUND019,2025-10-08,156.1418,156.4259,156.1423,,,0.03202207217497105,False,
900560,FUND020,2025-10-08,132.025,131.9614,131.9164,,,8.23248663547486,False,
900561,FUND001,2025-10-09,32.2755,32.083,32.323,,,14.695418123317586,False,
900562,FUND002,2025-10-09,141.3704,140.9603,141.4164,,,3.2528051909128424,False,
900563,FUND003,2025-10-09,201.8149,202.3139,201.8636,,,2.412520137359912,False,
900564,FUND004,2025-10-09,79.4961,79.7075,79.5649,,,8.647029029131687,False,
900565,FUND005,2025-10-09,204.0303,205.0846,204.1422,,,5.481473208380797,False,
900566,FUND006,2025-10-09,221.1928,221.7418,220.9898,,,9.185944328652406,False,
900567,FUND007,2025-10-09,174.87,173.9752,174.7793,,,5.189401719768773,False,
900568,FUND008,2025-10-09,55.8952,56.1232,55.8386,,,10.136357286895283,False,
900569,FUND009,2025-10-09,197.7274,196.8476,197.6434,,,4.250078677050423,False,
900570,FUND010,2025-10-09,118.0127,117.6631,117.9608,,,4.399766702157765,False,
900571,FUND011,2025-10-09,147.3838,147.4112,147.2526,,,8.909859656128779,False,
900572,FUND012,2025-10-09,159.3412,160.3219,159.4916,,,9.429963709688721,False,
900573,FUND013,2025-10-09,169.535,169.6859,169.4697,,,3.8531961760720463,False,
900574,FUND014,2025-10-09,123.7234,124.3828,123.6529,,,5.7014433143092935,False,
900575,FUND015,2025-10-09,150.9198,151.4506,150.8553,,,4.27562041240908,False,
900576,FUND016,2025-10-09,27.485,27.3755,27.4959,,,3.9642273939021693,False,
900577,FUND017,2025-10-09,23.388,23.2615,23.3777,,,4.405908194561853,False,
900578,FUND018,2025-10-09,245.8956,247.2582,245.7528,,,5.8107171108526146,False,
900579,FUND019,2025-10-09,155.0304,156.1418,154.9315,,,6.383466241531659,False,
900580,FUND020,2025-10-09,133.2917,132.025,133.3154,,,1.7777391059111978,False,
900581,FUND001,2025-10-10,32.273,32.2755,32.2968,,,7.369151123329331,False,
900582,FUND002,2025-10-10,140.5905,141.3704,140.5287,,,4.397678196696133,False,
900583,FUND003,2025-10-10,202.5361,201.8149,202.41,,,6.229929351317034,False,
900584,FUND004,2025-10-10,80.1013,79.4961,80.1593,,,7.235592127177624,False,
900585,FUND005,2025-10-10,203.5347,204.0303,203.4909,,,2.152430403520554,False,
900586,FUND006,2025-10-10,222.5549,221.1928,222.6004,,,2.0440214842383075,False,
900587,FUND007,2025-10-10,174.1286,174.87,174.1979,,,3.9782339511554596,False,
900588,FUND008,2025-10-10,55.7375,55.8952,55.7062,,,5.61876415910519,False,
900589,FUND009,2025-10-10,196.8342,197.7274,196.6822,,,7.728203162259485,False,
900590,FUND010,2025-10-10,117.7857,118.0127,117.9139,,,10.87233990225008,False,
900591,FUND011,2025-10-10,147.4188,147.3838,147.4765,,,3.912487752284789,False,
900592,FUND012,2025-10-10,159.0454,159.3412,158.991,,,3.4215773219859553,False,
900593,FUND013,2025-10-10,169.5842,169.535,169.605,,,1.2263789392989561,False,
900594,FUND014,2025-10-10,125.1282,123.7234,125.0939,,,2.741940254480976,False,
900595,FUND015,2025-10-10,150.2778,150.9198,150.2559,,,1.457513482000804,False,
900596,FUND016,2025-10-10,27.456,27.485,27.45,,,2.1857923497268588,False,
900597,FUND017,2025-10-10,23.3158,23.388,23.3026,,,5.6646039497728395,False,
900598,FUND018,2025-10-10,247.6452,245.8956,247.5225,,,4.957125109837711,False,
900599,FUND019,2025-10-10,155.4114,155.0304,155.3893,,,1.4222343494690228,False,
900600,FUND020,2025-10-10,133.7374,133.2917,133.655,,,6.165126632000816,False,
900601,FUND001,2025-10-13,32.359,32.273,32.3606,,,0.49442840985527803,False,
900602,FUND002,2025-10-13,141.3889,140.5905,141.1971,,,13.58384839348688,False,
900603,FUND003,2025-10-13,204.6341,202.5361,204.6035,,,1.4955755888825282,False,
900604,FUND004,2025-10-13,80.2593,80.1013,80.3236,,,8.005119292462354,False,
900605,FUND005,2025-10-13,202.9077,203.5347,202.8548,,,2.6077765968561724,False,
900606,FUND006,2025-10-13,222.5399,222.5549,222.3976,,,6.398450342988299,False,
900607,FUND007,2025-10-13,173.8136,174.1286,173.808,,,0.3221946055426315,False,
900608,FUND008,2025-10-13,55.6298,55.7375,55.6656,,,6.431260958292864,False,
900609,FUND009,2025-10-13,196.3491,196.8342,196.3329,,,0.8251291556329975,False,
900610,FUND010,2025-10-13,118.0077,117.7857,118.0712,,,5.378110834818717,False,
900611,FUND011,2025-10-13,147.1945,147.4188,147.1635,,,2.1065005928783913,False,
900612,FUND012,2025-10-13,159.0999,159.0454,159.0573,,,2.6782800915137557,False,
900613,FUND013,2025-10-13,169.7544,169.5842,169.8927,,,8.140432166890442,False,
900614,FUND014,2025-10-13,125.2214,125.1282,126.8767,2025-10-13,2025-10-14,130.4652469681192,True,1.0
900615,FUND015,2025-10-13,150.3464,150.2778,150.358,,,0.77149203900129,False,
900616,FUND016,2025-10-13,27.482,27.456,27.465,,,6.1896959766974184,False,
900617,FUND017,2025-10-13,23.2502,23.3158,23.2418,,,3.614177903603932,False,
900618,FUND018,2025-10-13,248.6167,247.6452,248.5797,,,1.488456217462896,False,
900619,FUND019,2025-10-13,154.2974,155.4114,154.2344,,,4.084691871593924,False,
900620,FUND020,2025-10-13,133.0261,133.7374,132.9779,,,3.6246624439104886,False,
900621,FUND001,2025-10-14,32.1128,32.359,32.1289,,,5.011064804584519,False,
900622,FUND002,2025-10-14,142.5985,141.3889,142.6905,,,6.447521033284245,False,
900623,FUND003,2025-10-14,204.8459,204.6341,204.8204,,,1.2449931745077083,False,
900624,FUND004,2025-10-14,80.1676,80.2593,80.1811,,,1.6836885500457859,False,
900625,FUND005,2025-10-14,202.5912,202.9077,202.3502,,,11.910045060493413,False,
900626,FUND006,2025-10-14,222.4729,222.5399,222.6204,,,6.62562819939141,False,
900627,FUND007,2025-10-14,174.3096,173.8136,174.3789,,,3.9741046651858896,False,
900628,FUND008,2025-10-14,55.3861,55.6298,55.3796,,,1.173717397741318,False,
900629,FUND009,2025-10-14,196.0306,196.3491,196.143,,,5.730512942088581,False,
900630,FUND010,2025-10-14,118.4195,118.0077,118.4366,,,1.443810443731011,False,
900631,FUND011,2025-10-14,147.6507,147.1945,147.6373,,,0.9076297114611338,False,
900632,FUND012,2025-10-14,159.205,159.0999,159.1773,,,1.740197879974723,False,
900633,FUND013,2025-10-14,169.3075,169.7544,169.2545,,,3.1313790770701675,False,
900634,FUND014,2025-10-14,125.0707,125.2214,125.0199,,,4.063353114183846,False,
900635,FUND015,2025-10-14,150.8659,150.3464,149.1724,2025-10-14,2025-10-15,113.52636278560915,True,1.0
900636,FUND016,2025-10-14,27.4596,27.482,27.44,,,7.142857142856033,False,
900637,FUND017,2025-10-14,23.2667,23.2502,23.2707,,,1.7188997322819408,False,
900638,FUND018,2025-10-14,246.2997,248.6167,246.2879,,,0.47911407746762286,False,
900639,FUND019,2025-10-14,153.3966,154.2974,153.3662,,,1.9821838188606367,False,
900640,FUND020,2025-10-14,132.1305,133.0261,132.1574,,,2.0354516659667556,False,
900641,FUND001,2025-10-15,32.0774,32.1128,32.0813,,,1.215661460103415,False,
900642,FUND002,2025-10-15,141.9552,142.5985,141.953,,,0.15498087395037563,False,
900643,FUND003,2025-10-15,204.117,204.8459,204.0223,,,4.641649466748924,False,
900644,FUND004,2025-10-15,80.4459,80.1676,80.4359,,,1.2432259724813055,False,
900645,FUND005,2025-10-15,202.956,202.5912,202.8435,,,5.546147645844355,False,
900646,FUND006,2025-10-15,222.9,222.4729,222.7983,,,4.564666786056891,False,
900647,FUND007,2025-10-15,174.1307,174.3096,174.1633,,,1.8718065172170133,False,
900648,FUND008,2025-10-15,55.5347,55.3861,55.5286,,,1.098533008216225,False,
900649,FUND009,2025-10-15,196.2882,196.0306,196.2472,,,2.0892017822418265,False,
900650,FUND010,2025-10-15,118.3626,118.4195,118.3483,,,1.2082978800714292,False,
900651,FUND011,2025-10-15,147.2026,147.6507,147.1907,,,0.8084749919660097,False,
900652,FUND012,2025-10-15,158.0518,159.205,158.0196,,,2.0377219028518554,False,
900653,FUND013,2025-10-15,169.3633,169.3075,169.3996,,,2.142862202743271,False,
900654,FUND014,2025-10-15,124.6524,125.0707,124.5779,,,5.980193918825125,False,
900655,FUND015,2025-10-15,150.4742,150.8659,150.5328,,,3.892839301468692,False,
900656,FUND016,2025-10-15,27.2782,27.4596,27.2729,,,1.9433210256328832,False,
900657,FUND017,2025-10-15,23.1998,23.2667,23.2072,,,3.1886655865423306,False,
900658,FUND018,2025-10-15,246.7102,246.2997,246.9069,,,7.966565535431419,False,
900659,FUND019,2025-10-15,153.3886,153.3966,153.336,,,3.4303751239098443,False,
900660,FUND020,2025-10-15,132.9549,132.1305,133.0659,,,8.341731427810581,False,
900661,FUND001,2025-10-16,32.0086,32.0774,31.9855,,,7.222022478936708,False,
900662,FUND002,2025-10-16,141.941,141.9552,141.9849,,,3.0918780799935637,False,
900663,FUND003,2025-10-16,204.5712,204.117,204.5521,,,0.9337474413613343,False,
900664,FUND004,2025-10-16,80.2358,80.4459,80.2986,,,7.820808831037621,False,
900665,FUND005,2025-10-16,202.149,202.956,202.2848,,,6.713307178788968,False,
900666,FUND006,2025-10-16,222.376,222.9,222.4555,,,3.573748457556496,False,
900667,FUND007,2025-10-16,175.1479,174.1307,175.205,,,3.259039410976838,False,
900668,FUND008,2025-10-16,55.5881,55.5347,55.578,,,1.8172658246058195,False,
900669,FUND009,2025-10-16,197.0087,196.2882,197.0876,,,4.003295996298316,False,
900670,FUND010,2025-10-16,117.8965,118.3626,117.9755,,,6.696305588871717,False,
900671,FUND011,2025-10-16,146.86,147.2026,146.8641,,,0.27916965412200784,False,
900672,FUND012,2025-10-16,158.0662,158.0518,158.0715,,,0.33529130804585205,False,
900673,FUND013,2025-10-16,169.0013,169.3633,168.8565,,,8.575328755480255,False,
900674,FUND014,2025-10-16,124.7392,124.6524,124.7604,,,1.699257136079031,False,
900675,FUND015,2025-10-16,149.917,150.4742,150.0041,,,5.806507955448711,False,
900676,FUND016,2025-10-16,27.2978,27.2782,27.3231,,,9.259564251494682,False,
900677,FUND017,2025-10-16,23.1789,23.1998,23.1869,,,3.450224048925329,False,
900678,FUND018,2025-10-16,246.5645,246.7102,246.4566,,,4.3780527687228,False,
900679,FUND019,2025-10-16,152.6763,153.3886,152.7087,,,2.1216865836717584,False,
900680,FUND020,2025-10-16,133.6021,132.9549,133.7392,,,10.251295057844205,False,
900681,FUND001,2025-10-17,32.1079,32.0086,32.1303,,,6.971612465491307,False,
900682,FUND002,2025-10-17,141.8837,141.941,141.8922,,,0.5990463182611837,False,
900683,FUND003,2025-10-17,204.8499,204.5712,204.7566,,,4.556629676406,False,
900684,FUND004,2025-10-17,80.0884,80.2358,79.9614,,,15.88266338508272,False,
900685,FUND005,2025-10-17,201.5541,202.149,201.4393,,,5.698987238339414,False,
900686,FUND006,2025-10-17,223.2411,222.376,223.4187,,,7.949200313134595,False,
900687,FUND007,2025-10-17,175.7333,175.1479,175.7589,,,1.4565407498566034,False,
900688,FUND008,2025-10-17,55.6272,55.5881,55.6169,,,1.8519550712105248,False,
900689,FUND009,2025-10-17,195.624,197.0087,195.7187,,,4.838576998519677,False,
900690,FUND010,2025-10-17,118.2486,117.8965,118.2474,,,0.10148214675309591,False,
900691,FUND011,2025-10-17,147.2736,146.86,147.3701,,,6.548139683695691,False,
900692,FUND012,2025-10-17,158.164,158.0662,158.1537,,,0.6512651932898734,False,
900693,FUND013,2025-10-17,168.4961,169.0013,168.4775,,,1.104004985830191,False,
900694,FUND014,2025-10-17,125.3626,124.7392,125.3417,,,1.6674418808742404,False,
900695,FUND015,2025-10-17,150.7725,149.917,150.779,,,0.43109451581376745,False,
900696,FUND016,2025-10-17,27.3678,27.2978,27.376,,,2.9953243717132545,False,
900697,FUND017,2025-10-17,23.3528,23.1789,23.3415,,,4.8411627358989495,False,
900698,FUND018,2025-10-17,246.972,246.5645,247.1132,,,5.713980475344812,False,
900699,FUND019,2025-10-17,151.8183,152.6763,151.6888,,,8.537215667867851,False,
900700,FUND020,2025-10-17,133.8346,133.6021,133.7421,,,6.916296364420862,False,
900701,FUND001,2025-10-20,32.024,32.1079,32.0545,,,9.515044689512056,False,
900702,FUND002,2025-10-20,142.1392,141.8837,142.2,,,4.2756680731364565,False,
900703,FUND003,2025-10-20,205.7726,204.8499,205.6173,,,7.552866417369118,False,
900704,FUND004,2025-10-20,80.1354,80.0884,80.1143,,,2.6337370481929088,False,
900705,FUND005,2025-10-20,201.2129,201.5541,201.2505,,,1.8683183395816478,False,
900706,FUND006,2025-10-20,223.7518,223.2411,223.6919,,,2.677790299961641,False,
900707,FUND007,2025-10-20,175.1759,175.7333,175.0142,,,9.239250300834138,False,
900708,FUND008,2025-10-20,55.8626,55.6272,55.8697,,,1.2708140548456885,False,
900709,FUND009,2025-10-20,194.4394,195.624,194.3418,,,5.0220796555347285,False,
900710,FUND010,2025-10-20,119.0603,118.2486,119.1076,,,3.971199151020338,False,
900711,FUND011,2025-10-20,146.885,147.2736,146.8658,,,1.3073159305967537,False,
900712,FUND012,2025-10-20,158.1095,158.164,158.2226,,,7.148157090074545,False,
900713,FUND013,2025-10-20,168.857,168.4961,169.0316,,,10.329429526786596,False,
900714,FUND014,2025-10-20,125.954,125.3626,126.0634,,,8.67817304626148,False,
900715,FUND015,2025-10-20,150.1953,150.7725,150.2435,,,3.208125476310686,False,
900716,FUND016,2025-10-20,27.4955,27.3678,27.479,,,6.004585319698907,False,
900717,FUND017,2025-10-20,23.4143,23.3528,23.4158,,,0.6405931038017307,False,
900718,FUND018,2025-10-20,247.4569,246.972,247.3799,,,3.1126215185630755,False,
900719,FUND019,2025-10-20,151.6543,151.8183,151.5988,,,3.660978846797929,False,
900720,FUND020,2025-10-20,133.1836,133.8346,133.0237,,,12.020414407359118,False,
900721,FUND001,2025-10-21,31.9813,32.024,31.9779,,,1.0632342961855472,False,
900722,FUND002,2025-10-21,141.2257,142.1392,141.2126,,,0.9276792580817949,False,
900723,FUND003,2025-10-21,205.8832,205.7726,205.9038,,,1.000467208473167,False,
900724,FUND004,2025-10-21,79.8854,80.1354,79.8381,,,5.924489686002924,False,
900725,FUND005,2025-10-21,201.2846,201.2129,201.0172,,,13.302344277007599,False,
900726,FUND006,2025-10-21,224.8592,223.7518,224.5726,,,12.762019943661555,False,
900727,FUND007,2025-10-21,175.9663,175.1759,176.0042,,,2.153357703964314,False,
900728,FUND008,2025-10-21,55.9781,55.8626,55.9696,,,1.5186815699947744,False,
900729,FUND009,2025-10-21,193.4727,194.4394,193.1346,,,17.50592591902213,False,
900730,FUND010,2025-10-21,119.2923,119.0603,119.3216,,,2.4555487019958093,False,
900731,FUND011,2025-10-21,145.8404,146.885,145.7739,,,4.561859153112503,False,
900732,FUND012,2025-10-21,158.0504,158.1095,158.0777,,,1.7269988113438373,False,
900733,FUND013,2025-10-21,167.5792,168.857,167.5615,,,1.0563285718969289,False,
900734,FUND014,2025-10-21,126.0977,125.954,126.1075,,,0.7771147631979443,False,
900735,FUND015,2025-10-21,150.9065,150.1953,151.0508,,,9.553077507700417,False,
900736,FUND016,2025-10-21,27.458,27.4955,27.4636,,,2.0390626137873986,False,
900737,FUND017,2025-10-21,23.4863,23.4143,23.472,,,6.092365371505899,False,
900738,FUND018,2025-10-21,245.4831,247.4569,245.5478,,,2.6349248496621747,False,
900739,FUND019,2025-10-21,150.9217,151.6543,150.9257,,,0.2650310715815199,False,
900740,FUND020,2025-10-21,133.2495,133.1836,133.2762,,,2.003358439089414,False,
900741,FUND001,2025-10-22,31.9981,31.9813,31.9867,,,3.563981279719963,False,
900742,FUND002,2025-10-22,141.8647,141.2257,141.9138,,,3.4598467520431355,False,
900743,FUND003,2025-10-22,205.6847,205.8832,205.54,,,7.039992215627142,False,
900744,FUND004,2025-10-22,79.7648,79.8854,79.687,,,9.763198514186294,False,
900745,FUND005,2025-10-22,199.381,201.2846,199.2692,,,5.6105007698123,False,
900746,FUND006,2025-10-22,224.6085,224.8592,224.5861,,,0.9973903104423933,False,
900747,FUND007,2025-10-22,175.4168,175.9663,175.4407,,,1.3622836662187046,False,
900748,FUND008,2025-10-22,55.6699,55.9781,55.6646,,,0.9521311569648045,False,
900749,FUND009,2025-10-22,194.5977,193.4727,194.308,,,14.909319225148245,False,
900750,FUND010,2025-10-22,118.6434,119.2923,118.6681,,,2.0814355332221317,False,
900751,FUND011,2025-10-22,146.6403,145.8404,146.5965,,,2.98779302370824,False,
900752,FUND012,2025-10-22,157.7801,158.0504,157.6818,,,6.234073938780171,False,
900753,FUND013,2025-10-22,166.4389,167.5792,166.4614,,,1.351664710257631,False,
900754,FUND014,2025-10-22,126.7019,126.0977,126.6813,,,1.6261279289051918,False,
900755,FUND015,2025-10-22,151.5791,150.9065,151.5755,,,0.2375054015989273,False,
900756,FUND016,2025-10-22,27.3305,27.458,27.3357,,,1.9022743152721677,False,
900757,FUND017,2025-10-22,23.4703,23.4863,23.4483,,,9.382343282882776,False,
900758,FUND018,2025-10-22,244.7342,245.4831,244.8027,,,2.7981717521906515,False,
900759,FUND019,2025-10-22,151.1149,150.9217,151.0984,,,1.0920036214816127,False,
900760,FUND020,2025-10-22,133.5632,133.2495,133.645,,,6.120692880393237,False,
900761,FUND001,2025-10-23,32.2522,31.9981,32.2701,,,5.546930440251924,False,
900762,FUND002,2025-10-23,141.7467,141.8647,141.7806,,,2.391018235216136,False,
900763,FUND003,2025-10-23,207.3088,205.6847,207.3075,,,0.0627087780223249,False,
900764,FUND004,2025-10-23,79.9603,79.7648,80.0187,,,7.298294023770918,False,
900765,FUND005,2025-10-23,198.8798,199.381,199.002,,,6.14064180259599,False,
900766,FUND006,2025-10-23,224.7242,224.6085,225.0024,,,12.364312558443743,False,
900767,FUND007,2025-10-23,175.4318,175.4168,175.4304,,,0.07980372843122135,False,
900768,FUND008,2025-10-23,55.5939,55.6699,55.6159,,,3.9557033150601844,False,
900769,FUND009,2025-10-23,194.5384,194.5977,194.5528,,,0.7401589696984501,False,
900770,FUND010,2025-10-23,118.7137,118.6434,118.7103,,,0.2864115413741841,False,
900771,FUND011,2025-10-23,146.6593,146.6403,146.68,,,1.4112353422419586,False,
900772,FUND012,2025-10-23,156.6936,157.7801,156.7266,,,2.1055774833363987,False,
900773,FUND013,2025-10-23,167.0698,166.4389,167.2118,,,8.492223634936309,False,
900774,FUND014,2025-10-23,125.9471,126.7019,125.9843,,,2.952748874264378,False,
900775,FUND015,2025-10-23,150.5007,151.5791,150.4817,,,1.2626119986686393,False,
900776,FUND016,2025-10-23,27.3141,27.3305,27.3239,,,3.5866036693145844,False,
900777,FUND017,2025-10-23,23.4412,23.4703,23.4327,,,3.627409560143711,False,
900778,FUND018,2025-10-23,245.1069,244.7342,245.1082,,,0.05303780126551187,False,
900779,FUND019,2025-10-23,151.6808,151.1149,151.7288,,,3.1635391567060323,False,
900780,FUND020,2025-10-23,134.5269,133.5632,134.498,,,2.1487308361478585,False,
900781,FUND001,2025-10-24,32.0716,32.2522,32.0715,,,0.03118033144574286,False,
900782,FUND002,2025-10-24,141.4636,141.7467,141.3461,,,8.312928336898352,False,
900783,FUND003,2025-10-24,208.749,207.3088,208.4643,,,13.657014654307075,False,
900784,FUND004,2025-10-24,80.1822,79.9603,80.1888,,,0.8230575841022605,False,
900785,FUND005,2025-10-24,199.6147,198.8798,199.7759,,,8.069041360845226,False,
900786,FUND006,2025-10-24,223.9744,224.7242,224.0745,,,4.46726423577862,False,
900787,FUND007,2025-10-24,175.9875,175.4318,176.0276,,,2.2780518509594723,False,
900788,FUND008,2025-10-24,55.764,55.5939,55.7284,,,6.388125264676951,False,
900789,FUND009,2025-10-24,194.9132,194.5384,194.8868,,,1.354632535399797,False,
900790,FUND010,2025-10-24,118.5259,118.7137,118.5301,,,0.3543403743025213,False,
900791,FUND011,2025-10-24,146.5149,146.6593,146.3811,,,9.140524288996865,False,
900792,FUND012,2025-10-24,156.9977,156.6936,157.1742,,,11.22957839136476,False,
900793,FUND013,2025-10-24,165.7363,167.0698,165.7009,,,2.136379464445267,False,
900794,FUND014,2025-10-24,125.2583,125.9471,125.3211,,,5.0111274158937125,False,
900795,FUND015,2025-10-24,150.6104,150.5007,150.7239,,,7.530325316687515,False,
900796,FUND016,2025-10-24,27.2786,27.3141,27.2473,,,11.487376730906057,False,
900797,FUND017,2025-10-24,23.385,23.4412,23.3836,,,0.5987102071538556,False,
900798,FUND018,2025-10-24,246.8086,245.1069,247.071,,,10.620428945525187,False,
900799,FUND019,2025-10-24,151.5538,151.6808,151.5548,,,0.0659827336385766,False,
900800,FUND020,2025-10-24,134.521,134.5269,134.5207,,,0.022301400452238,False,
900801,FUND001,2025-10-27,32.0679,32.0716,32.0378,,,9.395151976728883,False,
900802,FUND002,2025-10-27,140.6358,141.4636,140.7003,,,4.584211973962355,False,
900803,FUND003,2025-10-27,208.0269,208.749,207.9362,,,4.361914856576114,False,
900804,FUND004,2025-10-27,79.7396,80.1822,79.7301,,,1.1915198902300046,False,
900805,FUND005,2025-10-27,199.9157,199.6147,200.3392,,,21.139148004984467,False,
900806,FUND006,2025-10-27,224.9368,223.9744,225.1878,,,11.146252150427545,False,
900807,FUND007,2025-10-27,176.0124,175.9875,176.0465,,,1.9369882389025135,False,
900808,FUND008,2025-10-27,55.7952,55.764,55.7796,,,2.7967213820104786,False,
900809,FUND009,2025-10-27,195.2417,194.9132,195.4704,,,11.699981173620325,False,
900810,FUND010,2025-10-27,119.1471,118.5259,119.0506,,,8.10579703084166,False,
900811,FUND011,2025-10-27,147.4114,146.5149,147.5934,,,12.331174700224832,False,
900812,FUND012,2025-10-27,157.0671,156.9977,157.0406,,,1.6874617137223518,False,
900813,FUND013,2025-10-27,165.6953,165.7363,165.6337,,,3.7190499276414486,False,
900814,FUND014,2025-10-27,125.4312,125.2583,125.3701,,,4.873570332959005,False,
900815,FUND015,2025-10-27,150.9267,150.6104,151.0632,,,9.035953163972685,False,
900816,FUND016,2025-10-27,27.1699,27.2786,27.164,,,2.1719923428055177,False,
900817,FUND017,2025-10-27,23.4501,23.385,23.4329,,,7.340107285056051,False,
900818,FUND018,2025-10-27,246.0003,246.8086,245.71,,,11.814740954784176,False,
900819,FUND019,2025-10-27,152.1581,151.5538,151.9725,,,12.212735856815792,False,
900820,FUND020,2025-10-27,133.7646,134.521,133.6976,,,5.011309103529704,False,
900821,FUND001,2025-10-28,32.1022,32.0679,32.0783,,,7.450519510075253,False,
900822,FUND002,2025-10-28,140.5176,140.6358,140.4757,,,2.9827222786573246,False,
900823,FUND003,2025-10-28,207.704,208.0269,207.6415,,,3.009995593366451,False,
900824,FUND004,2025-10-28,79.7623,79.7396,79.7624,,,0.012537235590117607,False,
900825,FUND005,2025-10-28,199.4345,199.9157,199.5266,,,4.615925896596637,False,
900826,FUND006,2025-10-28,226.6396,224.9368,226.6839,,,1.9542631832253055,False,
900827,FUND007,2025-10-28,176.6993,176.0124,176.7147,,,0.8714611744240653,False,
900828,FUND008,2025-10-28,55.8661,55.7952,55.8789,,,2.2906678549503643,False,
900829,FUND009,2025-10-28,196.2254,195.2417,195.9749,,,12.782249155377377,False,
900830,FUND010,2025-10-28,119.8741,119.1471,119.8832,,,0.7590721635728492,False,
900831,FUND011,2025-10-28,147.3199,147.4114,147.3175,,,0.162913435266985,False,
900832,FUND012,2025-10-28,156.9735,157.0671,156.8786,,,6.049263570684309,False,
900833,FUND013,2025-10-28,165.2171,165.6953,165.0881,,,7.8140096106255195,False,
900834,FUND014,2025-10-28,126.5152,125.4312,126.6272,,,8.844861135680878,False,
900835,FUND015,2025-10-28,150.8482,150.9267,150.8648,,,1.1003229381546291,False,
900836,FUND016,2025-10-28,27.228,27.1699,27.1855,,,15.633333946405408,False,
900837,FUND017,2025-10-28,23.4333,23.4501,23.4167,,,7.088957880487171,False,
900838,FUND018,2025-10-28,247.4299,246.0003,247.588,,,6.385608349354183,False,
900839,FUND019,2025-10-28,152.6187,152.1581,152.5019,,,7.658920970819615,False,
900840,FUND020,2025-10-28,133.3445,133.7646,133.4004,,,4.190392232705439,False,
900841,FUND001,2025-10-29,32.3156,32.1022,32.3229,,,2.2584607197973092,False,
900842,FUND002,2025-10-29,140.0394,140.5176,140.0867,,,3.3764804224817206,False,
900843,FUND003,2025-10-29,206.4214,207.704,206.5529,,,6.366407830632657,False,
900844,FUND004,2025-10-29,79.9116,79.7623,79.8939,,,2.215438224946452,False,
900845,FUND005,2025-10-29,199.2552,199.4345,199.3334,,,3.9230756110119827,False,
900846,FUND006,2025-10-29,227.2743,226.6396,227.4276,,,6.740606680983378,False,
900847,FUND007,2025-10-29,175.6798,176.6993,175.6742,,,0.3187719084525188,False,
900848,FUND008,2025-10-29,55.9096,55.8661,55.8798,,,5.332875207140057,False,
900849,FUND009,2025-10-29,195.1712,196.2254,195.1783,,,0.3637699477866301,False,
900850,FUND010,2025-10-29,119.4202,119.8741,119.3451,,,6.29267561047684,False,
900851,FUND011,2025-10-29,147.8086,147.3199,147.9835,,,11.818885213552837,False,
900852,FUND012,2025-10-29,158.0684,156.9735,158.0304,,,2.4046006338027945,False,
900853,FUND013,2025-10-29,165.6911,165.2171,165.7062,,,0.9112513593329445,False,
900854,FUND014,2025-10-29,126.3435,126.5152,126.3892,,,3.6158152753555304,False,
900855,FUND015,2025-10-29,151.1597,150.8482,151.2215,,,4.086720472948965,False,
900856,FUND016,2025-10-29,27.1177,27.228,27.115,,,0.9957588050897337,False,
900857,FUND017,2025-10-29,23.5027,23.4333,23.5243,,,9.181994788367517,False,
900858,FUND018,2025-10-29,249.1604,247.4299,249.1741,,,0.5498163733710705,False,
900859,FUND019,2025-10-29,152.7786,152.6187,152.7028,,,4.963890642477754,False,
900860,FUND020,2025-10-29,132.4009,133.3445,132.3492,,,3.9063326412257093,False,
900861,FUND001,2025-10-30,32.3599,32.3156,32.4026,,,13.177954855473452,False,
900862,FUND002,2025-10-30,139.9545,140.0394,139.8759,,,5.619266792921042,False,
900863,FUND003,2025-10-30,207.1535,206.4214,207.1376,,,0.7676056882003188,False,
900864,FUND004,2025-10-30,79.7561,79.9116,79.8007,,,5.588923405434117,False,
900865,FUND005,2025-10-30,199.3633,199.2552,199.4772,,,5.709925745899832,False,
900866,FUND006,2025-10-30,229.4356,227.2743,229.3545,,,3.5360108478356507,False,
900867,FUND007,2025-10-30,175.9705,175.6798,175.9814,,,0.6193836394085273,False,
900868,FUND008,2025-10-30,55.9873,55.9096,55.8933,,,16.817758121276444,False,
900869,FUND009,2025-10-30,195.6942,195.1712,195.5448,,,7.640192937883582,False,
900870,FUND010,2025-10-30,118.7222,119.4202,118.6798,,,3.5726383091310114,False,
900871,FUND011,2025-10-30,147.1338,147.8086,147.1709,,,2.520878787856909,False,
900872,FUND012,2025-10-30,158.7963,158.0684,158.7742,,,1.3919137995968287,False,
900873,FUND013,2025-10-30,165.915,165.6911,165.8874,,,1.6637791658666243,False,
900874,FUND014,2025-10-30,126.8392,126.3435,126.6586,,,14.258802797441177,False,
900875,FUND015,2025-10-30,151.1139,151.1597,151.0701,,,2.8993162776753643,False,
900876,FUND016,2025-10-30,27.2798,27.1177,27.2522,,,10.127622724038126,False,
900877,FUND017,2025-10-30,23.4615,23.5027,23.4522,,,3.9655128303526497,False,
900878,FUND018,2025-10-30,246.7982,249.1604,247.0028,,,8.283306909881151,False,
900879,FUND019,2025-10-30,153.3192,152.7786,153.3925,,,4.778590869828542,False,
900880,FUND020,2025-10-30,132.9027,132.4009,133.0067,,,7.819154974898633,False,
900881,FUND001,2025-10-31,32.2238,32.3599,32.2235,,,0.09309975638765128,False,
900882,FUND002,2025-10-31,139.4534,139.9545,139.5211,,,4.852312660952508,False,
900883,FUND003,2025-10-31,208.5303,207.1535,208.5131,,,0.8248882204524581,False,
900884,FUND004,2025-10-31,79.8678,79.7561,79.8832,,,1.9278146093295756,False,
900885,FUND005,2025-10-31,199.4553,199.3633,199.2862,,,8.485283978518634,False,
900886,FUND006,2025-10-31,229.9037,229.4356,230.1201,,,9.403785240838216,False,
900887,FUND007,2025-10-31,176.2619,175.9705,176.0484,,,12.127346797813013,False,
900888,FUND008,2025-10-31,56.0546,55.9873,56.0657,,,1.9798201039136227,False,
900889,FUND009,2025-10-31,195.4919,195.6942,195.5678,,,3.8810069960401714,False,
900890,FUND010,2025-10-31,118.8643,118.7222,118.8528,,,0.9675834309328908,False,
900891,FUND011,2025-10-31,146.6232,147.1338,146.6939,,,4.8195596408587145,False,
900892,FUND012,2025-10-31,159.195,158.7963,159.2032,,,0.5150650238196478,False,
900893,FUND013,2025-10-31,165.5898,165.915,165.4379,,,9.181692949438036,False,
900894,FUND014,2025-10-31,126.5526,126.8392,126.5071,,,3.596636078133488,False,
900895,FUND015,2025-10-31,151.6007,151.1139,151.6116,,,0.718942350059018,False,
900896,FUND016,2025-10-31,27.323,27.2798,27.3392,,,5.92555744133015,False,
900897,FUND017,2025-10-31,23.3753,23.4615,23.3856,,,4.404419813902942,False,
900898,FUND018,2025-10-31,246.099,246.7982,246.4492,,,14.20982498624467,False,
900899,FUND019,2025-10-31,154.9543,153.3192,155.0579,,,6.681375150830763,False,
900900,FUND020,2025-10-31,133.515,132.9027,133.5274,,,0.928648352324222,False,
900901,FUND001,2025-11-03,32.3175,32.2238,32.3241,,,2.0418201898889152,False,
900902,FUND002,2025-11-03,140.3184,139.4534,140.123,,,13.944891274095363,False,
900903,FUND003,2025-11-03,208.9506,208.5303,208.8789,,,3.4326109530460567,False,
900904,FUND004,2025-11-03,80.4935,79.8678,80.4814,,,1.5034529717430085,False,
900905,FUND005,2025-11-03,197.9543,199.4553,197.8813,,,3.689080271858891,False,
900906,FUND006,2025-11-03,231.8673,229.9037,231.7552,,,4.837000421133942,False,
900907,FUND007,2025-11-03,177.3782,176.2619,177.2886,,,5.053906455349646,False,
900908,FUND008,2025-11-03,55.9948,56.0546,55.9548,,,7.148627106164109,False,
900909,FUND009,2025-11-03,195.4203,195.4919,195.3845,,,1.8322845466244622,False,
900910,FUND010,2025-11-03,119.4863,118.8643,119.4962,,,0.8284782277596942,False,
900911,FUND011,2025-11-03,147.5738,146.6232,147.5327,,,2.785823075155551,False,
900912,FUND012,2025-11-03,160.6251,159.195,160.508,,,7.295586512821388,False,
900913,FUND013,2025-11-03,165.3281,165.5898,165.2165,,,6.75477328233015,False,
900914,FUND014,2025-11-03,127.0151,126.5526,127.0796,,,5.0755589410098345,False,
900915,FUND015,2025-11-03,151.4124,151.6007,151.3765,,,2.371570223911773,False,
900916,FUND016,2025-11-03,27.2792,27.323,27.2663,,,4.731114966093074,False,
900917,FUND017,2025-11-03,23.1797,23.3753,23.1982,,,7.974756662154615,False,
900918,FUND018,2025-11-03,246.529,246.099,246.6428,,,4.613959945313534,False,
900919,FUND019,2025-11-03,155.0558,154.9543,155.2473,,,12.33515816378067,False,
900920,FUND020,2025-11-03,133.2461,133.515,133.4284,,,13.662758453222693,False,
900921,FUND001,2025-11-04,32.3191,32.3175,32.3115,,,2.35210374015335,False,
900922,FUND002,2025-11-04,140.2723,140.3184,140.2493,,,1.6399368838201784,False,
900923,FUND003,2025-11-04,208.6836,208.9506,208.6525,,,1.4905165286785078,False,
900924,FUND004,2025-11-04,80.4565,80.4935,80.4791,,,2.8081824970703035,False,
900925,FUND005,2025-11-04,197.8433,197.9543,198.0497,,,10.421626490724407,False,
900926,FUND006,2025-11-04,232.8127,231.8673,232.8225,,,0.42092151746434586,False,
900927,FUND007,2025-11-04,178.1533,177.3782,178.0785,,,4.2003947697229265,False,
900928,FUND008,2025-11-04,55.9322,55.9948,55.9389,,,1.1977353862866527,False,
900929,FUND009,2025-11-04,194.7777,195.4203,194.8744,,,4.962170505720528,False,
900930,FUND010,2025-11-04,118.4361,119.4863,118.4441,,,0.6754241030165096,False,
900931,FUND011,2025-11-04,147.3559,147.5738,147.3085,,,3.2177369262453897,False,
900932,FUND012,2025-11-04,161.1663,160.6251,161.2612,,,5.884862570785504,False,
900933,FUND013,2025-11-04,166.3626,165.3281,166.3147,,,2.880082157500119,False,
900934,FUND014,2025-11-04,126.6827,127.0151,126.6392,,,3.434955369269116,False,
900935,FUND015,2025-11-04,151.6814,151.4124,151.6779,,,0.23075213989661653,False,
900936,FUND016,2025-11-04,27.3642,27.2792,27.3923,,,10.258357275584183,False,
900937,FUND017,2025-11-04,23.2692,23.1797,23.2718,,,1.1172320147120092,False,
900938,FUND018,2025-11-04,243.7906,246.529,243.4796,,,12.77314403342239,False,
900939,FUND019,2025-11-04,154.5116,155.0558,154.5638,,,3.377246159838147,False,
900940,FUND020,2025-11-04,133.426,133.2461,133.3598,,,4.9640146430919,False,
900941,FUND001,2025-11-05,32.1946,32.3191,32.1738,,,6.46488757933513,False,
900942,FUND002,2025-11-05,140.2976,140.2723,140.2757,,,1.5612112432864738,False,
900943,FUND003,2025-11-05,208.0271,208.6836,207.9339,,,4.482193620183912,False,
900944,FUND004,2025-11-05,80.4959,80.4565,80.5942,,,12.196907469767641,False,
900945,FUND005,2025-11-05,198.3854,197.8433,198.5082,,,6.186142436432541,False,
900946,FUND006,2025-11-05,232.0086,232.8127,231.9509,,,2.4875954350688527,False,
900947,FUND007,2025-11-05,179.4722,178.1533,179.3926,,,4.437195291221557,False,
900948,FUND008,2025-11-05,55.739,55.9322,55.7411,,,0.3767417578780763,False,
900949,FUND009,2025-11-05,194.353,194.7777,194.4799,,,6.525095909653276,False,
900950,FUND010,2025-11-05,118.9333,118.4361,119.0483,,,9.659944745115629,False,
900951,FUND011,2025-11-05,147.9535,147.3559,147.9375,,,1.081537811575235,False,
900952,FUND012,2025-11-05,159.9274,161.1663,159.8335,,,5.874863529861963,False,
900953,FUND013,2025-11-05,167.1541,166.3626,167.2266,,,4.335434673669794,False,
900954,FUND014,2025-11-05,127.2566,126.6827,127.2012,,,4.355304824168789,False,
900955,FUND015,2025-11-05,151.766,151.6814,151.8134,,,3.1222540302773223,False,
900956,FUND016,2025-11-05,27.4008,27.3642,27.4058,,,1.8244313247557105,False,
900957,FUND017,2025-11-05,23.3194,23.2692,23.3406,,,9.082885615621182,False,
900958,FUND018,2025-11-05,243.7129,243.7906,243.9644,,,10.308881131838143,False,
900959,FUND019,2025-11-05,154.35,154.5116,154.33,,,1.295924318018649,False,
900960,FUND020,2025-11-05,133.2411,133.426,133.3507,,,8.21892948443468,False,
900961,FUND001,2025-11-06,32.4313,32.1946,32.4532,,,6.748178916101417,False,
900962,FUND002,2025-11-06,140.5133,140.2976,140.6191,,,7.523871223753837,False,
900963,FUND003,2025-11-06,208.6772,208.0271,208.7451,,,3.252770963246981,False,
900964,FUND004,2025-11-06,80.7236,80.4959,80.6617,,,7.674026210705763,False,
900965,FUND005,2025-11-06,199.9134,198.3854,199.885,,,1.420816969757854,False,
900966,FUND006,2025-11-06,231.729,232.0086,231.6361,,,4.01060111096735,False,
900967,FUND007,2025-11-06,178.7202,179.4722,178.6122,,,6.046619435850635,False,
900968,FUND008,2025-11-06,55.7404,55.739,55.7708,,,5.450881106242013,False,
900969,FUND009,2025-11-06,194.9862,194.353,195.0351,,,2.5072410043116995,False,
900970,FUND010,2025-11-06,117.9268,118.9333,117.9562,,,2.4924505875906,False,
900971,FUND011,2025-11-06,149.0294,147.9535,149.0,,,1.9731543624167545,False,
900972,FUND012,2025-11-06,159.9041,159.9274,160.1261,,,13.864073377170143,False,
900973,FUND013,2025-11-06,167.8376,167.1541,167.7659,,,4.273812497058175,False,
900974,FUND014,2025-11-06,126.6961,127.2566,126.7867,,,7.145859936412487,False,
900975,FUND015,2025-11-06,151.7471,151.766,151.8764,,,8.51350176854341,False,
900976,FUND016,2025-11-06,27.4075,27.4008,27.4255,,,6.563234945580092,False,
900977,FUND017,2025-11-06,23.3897,23.3194,23.399,,,3.974528826018053,False,
900978,FUND018,2025-11-06,241.4909,243.7129,241.6331,,,5.88495533103712,False,
900979,FUND019,2025-11-06,154.0974,154.35,154.1319,,,2.2383426143457914,False,
900980,FUND020,2025-11-06,133.0713,133.2411,132.877,,,14.622545662529884,False,
900981,FUND001,2025-11-07,32.7333,32.4313,32.4657,2025-11-07,2025-11-08,82.4254520925166,True,1.0
900982,FUND002,2025-11-07,140.2524,140.5133,140.3787,,,8.997091439086892,False,
900983,FUND003,2025-11-07,209.1784,208.6772,209.1044,,,3.5389020986651776,False,
900984,FUND004,2025-11-07,81.0724,80.7236,81.1149,,,5.239481279025675,False,
900985,FUND005,2025-11-07,199.9082,199.9134,199.7609,,,7.373815396306351,False,
900986,FUND006,2025-11-07,232.4503,231.729,232.1258,,,13.979488708278032,False,
900987,FUND007,2025-11-07,180.0299,178.7202,180.1658,,,7.543052010980573,False,
900988,FUND008,2025-11-07,55.8233,55.7404,55.9179,,,16.917659640294037,False,
900989,FUND009,2025-11-07,195.1888,194.9862,195.2308,,,2.151299897352344,False,
900990,FUND010,2025-11-07,118.3261,117.9268,118.3432,,,1.444949942201937,False,
900991,FUND011,2025-11-07,149.0132,149.0294,149.0206,,,0.4965756412193924,False,
900992,FUND012,2025-11-07,160.0532,159.9041,160.0972,,,2.7483303892874282,False,
900993,FUND013,2025-11-07,167.4582,167.8376,167.345,,,6.764468612746493,False,
900994,FUND014,2025-11-07,124.6236,126.6961,124.692,,,5.485516312192997,False,
900995,FUND015,2025-11-07,152.0377,151.7471,152.1476,,,7.223249002942558,False,
900996,FUND016,2025-11-07,27.2889,27.4075,27.3084,,,7.140660016697129,False,
900997,FUND017,2025-11-07,23.3268,23.3897,23.3321,,,2.2715486390002866,False,
900998,FUND018,2025-11-07,241.3027,241.4909,241.2771,,,1.061020710212332,False,
900999,FUND019,2025-11-07,153.9249,154.0974,153.9669,,,2.7278590398326905,False,
901000,FUND020,2025-11-07,133.5701,133.0713,133.6015,,,2.3502730134011047,False,
901001,FUND001,2025-11-10,32.7243,32.7333,32.7147,,,2.9344606553014216,False,
901002,FUND002,2025-11-10,139.9157,140.2524,139.9762,,,4.322163339197583,False,
901003,FUND003,2025-11-10,209.759,209.1784,209.7034,,,2.651363783324368,False,
901004,FUND004,2025-11-10,81.2705,81.0724,81.3806,,,13.529022887518986,False,
901005,FUND005,2025-11-10,200.372,199.9082,200.4215,,,2.4697949072327456,False,
901006,FUND006,2025-11-10,231.7215,232.4503,231.5258,,,8.452621694860271,False,
901007,FUND007,2025-11-10,179.0049,180.0299,178.8803,,,6.965551824319767,False,
901008,FUND008,2025-11-10,55.5792,55.8233,55.6186,,,7.083961120920078,False,
901009,FUND009,2025-11-10,194.6966,195.1888,194.7335,,,1.8948973854012188,False,
901010,FUND010,2025-11-10,119.3168,118.3261,119.1759,,,11.822860158807444,False,
901011,FUND011,2025-11-10,148.817,149.0132,148.7106,,,7.15483630622214,False,
901012,FUND012,2025-11-10,159.4487,160.0532,159.561,,,7.038060678988269,False,
901013,FUND013,2025-11-10,167.3739,167.4582,167.4388,,,3.8760430676757363,False,
901014,FUND014,2025-11-10,124.1364,124.6236,124.096,,,3.255544094893559,False,
901015,FUND015,2025-11-10,152.3723,152.0377,152.3913,,,1.2467903351441623,False,
901016,FUND016,2025-11-10,27.1094,27.2889,27.1207,,,4.1665591227359675,False,
901017,FUND017,2025-11-10,23.1776,23.3268,23.1772,,,0.17258340092962934,False,
901018,FUND018,2025-11-10,239.4696,241.3027,239.7935,,,13.50745537305976,False,
901019,FUND019,2025-11-10,154.0801,153.9249,154.0873,,,0.4672675814302439,False,
901020,FUND020,2025-11-10,133.0552,133.5701,133.0543,,,0.06764155686824515,False,
901021,FUND001,2025-11-11,32.6889,32.7243,32.703,,,4.311531052198947,False,
901022,FUND002,2025-11-11,140.2488,139.9157,138.8965,2025-11-11,2025-11-13,97.3602646574957,True,2.0
901023,FUND003,2025-11-11,209.2223,209.759,209.1899,,,1.5488319464752143,False,
901024,FUND004,2025-11-11,81.0473,81.2705,81.1147,,,8.309221386504806,False,
901025,FUND005,2025-11-11,199.0416,200.372,198.8736,,,8.447576752267668,False,
901026,FUND006,2025-11-11,231.4837,231.7215,231.5237,,,1.7276848979172346,False,
901027,FUND007,2025-11-11,178.5002,179.0049,178.4602,,,2.2413961208168804,False,
901028,FUND008,2025-11-11,55.645,55.5792,55.6526,,,1.3656145445130143,False,
901029,FUND009,2025-11-11,194.3194,194.6966,194.2871,,,1.6624881425474065,False,
901030,FUND010,2025-11-11,119.2465,119.3168,119.298,,,4.316920652484058,False,
901031,FUND011,2025-11-11,148.9225,148.817,148.9512,,,1.926805557792512,False,
901032,FUND012,2025-11-11,158.516,159.4487,158.5143,,,0.10724584469663562,False,
901033,FUND013,2025-11-11,168.0957,167.3739,168.0649,,,1.8326253726982418,False,
901034,FUND014,2025-11-11,124.1142,124.1364,124.0955,,,1.5069039570327287,False,
901035,FUND015,2025-11-11,151.9673,152.3723,152.0808,,,7.463138016108288,False,
901036,FUND016,2025-11-11,27.1776,27.1094,27.19,,,4.5605001838909605,False,
901037,FUND017,2025-11-11,23.3068,23.1776,23.343,,,15.507861029002655,False,
901038,FUND018,2025-11-11,239.9485,239.4696,240.0831,,,5.606392120062013,False,
901039,FUND019,2025-11-11,154.4919,154.0801,154.5862,,,6.100156417584755,False,
901040,FUND020,2025-11-11,133.44,133.0552,133.4659,,,1.940570587693721,False,
901041,FUND001,2025-11-12,32.612,32.6889,32.5795,,,9.975598152211932,False,
901042,FUND002,2025-11-12,139.9454,140.2488,139.9752,,,2.128948556601062,False,
901043,FUND003,2025-11-12,209.4089,209.2223,209.5745,,,7.901724685017116,False,
901044,FUND004,2025-11-12,80.6783,81.0473,80.6561,,,2.7524266608474743,False,
901045,FUND005,2025-11-12,198.9783,199.0416,198.8342,,,7.247244186361318,False,
901046,FUND006,2025-11-12,230.9703,231.4837,231.2039,,,10.10363579507074,False,
901047,FUND007,2025-11-12,178.2179,178.5002,178.4214,,,11.40558251420623,False,
901048,FUND008,2025-11-12,55.9323,55.645,55.9071,,,4.507477583347752,False,
901049,FUND009,2025-11-12,195.2854,194.3194,195.1446,,,7.215162500013473,False,
901050,FUND010,2025-11-12,119.7712,119.2465,119.7669,,,0.35903075056517497,False,
901051,FUND011,2025-11-12,149.4156,148.9225,149.4001,,,1.0374825719663476,False,
901052,FUND012,2025-11-12,158.814,158.516,158.8328,,,1.183634614512797,False,
901053,FUND013,2025-11-12,167.4143,168.0957,167.3355,,,4.709102372180506,False,
901054,FUND014,2025-11-12,123.9884,124.1142,123.9629,,,2.057067074099901,False,
901055,FUND015,2025-11-12,150.889,151.9673,150.9556,,,4.411893298426424,False,
901056,FUND016,2025-11-12,27.3305,27.1776,27.3344,,,1.4267735893226177,False,
901057,FUND017,2025-11-12,23.2628,23.3068,23.2801,,,7.431239556532108,False,
901058,FUND018,2025-11-12,239.4821,239.9485,239.4558,,,1.0983237825098409,False,
901059,FUND019,2025-11-12,154.3287,154.4919,154.3866,,,3.7503254816149463,False,
901060,FUND020,2025-11-12,133.8248,133.44,133.8454,,,1.5390891282032648,False,
901061,FUND001,2025-11-13,32.7295,32.612,32.7142,,,4.676868149000563,False,
901062,FUND002,2025-11-13,140.1456,139.9454,140.178,,,2.311347001668988,False,
901063,FUND003,2025-11-13,209.0602,209.4089,209.0676,,,0.35395250148707214,False,
901064,FUND004,2025-11-13,80.7129,80.6783,80.7471,,,4.2354462265515975,False,
901065,FUND005,2025-11-13,198.8223,198.9783,198.7011,,,6.099613942752001,False,
901066,FUND006,2025-11-13,230.4638,230.9703,230.5838,,,5.204181733495785,False,
901067,FUND007,2025-11-13,179.4959,178.2179,179.446,,,2.780780847720654,False,
901068,FUND008,2025-11-13,56.424,55.9323,56.3936,,,5.39068263065316,False,
901069,FUND009,2025-11-13,196.2501,195.2854,196.3617,,,5.6833893778679805,False,
901070,FUND010,2025-11-13,120.0341,119.7712,120.0139,,,1.683138369804535,False,
901071,FUND011,2025-11-13,149.8188,149.4156,149.8442,,,1.6950939709371828,False,
901072,FUND012,2025-11-13,157.5364,158.814,157.429,,,6.822122988774887,False,
901073,FUND013,2025-11-13,166.817,167.4143,166.7601,,,3.4120871839254745,False,
901074,FUND014,2025-11-13,124.1412,123.9884,124.0886,,,4.238906716652312,False,
901075,FUND015,2025-11-13,150.9321,150.889,150.9965,,,4.264999519856834,False,
901076,FUND016,2025-11-13,27.2723,27.3305,27.2485,,,8.734425748206828,False,
901077,FUND017,2025-11-13,23.2693,23.2628,23.2385,,,13.253867504358212,False,
901078,FUND018,2025-11-13,240.5079,239.4821,240.374,,,5.5704859926619035,False,
901079,FUND019,2025-11-13,154.4886,154.3287,154.3562,,,8.577562806028515,False,
901080,FUND020,2025-11-13,134.0915,133.8248,134.055,,,2.722763045018055,False,
901081,FUND001,2025-11-14,32.6961,32.7295,32.7017,,,1.7124491998890452,False,
901082,FUND002,2025-11-14,140.6987,140.1456,140.6743,,,1.7345030328932998,False,
901083,FUND003,2025-11-14,209.8975,209.0602,209.8672,,,1.443770155603691,False,
901084,FUND004,2025-11-14,80.505,80.7129,80.5007,,,0.5341568458411712,False,
901085,FUND005,2025-11-14,198.0169,198.8223,198.2028,,,9.379282230120046,False,
901086,FUND006,2025-11-14,228.6688,230.4638,228.7507,,,3.580316912690991,False,
901087,FUND007,2025-11-14,179.1752,179.4959,179.3421,,,9.306236516690632,False,
901088,FUND008,2025-11-14,56.7127,56.424,56.7192,,,1.1459964174393529,False,
901089,FUND009,2025-11-14,195.5768,196.2501,195.5563,,,1.0482914638903686,False,
901090,FUND010,2025-11-14,119.8852,120.0341,119.9407,,,4.627286650820714,False,
901091,FUND011,2025-11-14,150.8323,149.8188,150.8605,,,1.869276583333492,False,
901092,FUND012,2025-11-14,157.9289,157.5364,158.1616,,,14.712800072836526,False,
901093,FUND013,2025-11-14,167.281,166.817,167.1971,,,5.0180296189347695,False,
901094,FUND014,2025-11-14,124.3178,124.1412,124.3509,,,2.661822310895246,False,
901095,FUND015,2025-11-14,151.4814,150.9321,151.3177,,,10.818298189835408,False,
901096,FUND016,2025-11-14,27.1222,27.2723,27.1086,,,5.016858118825863,False,
901097,FUND017,2025-11-14,23.3703,23.2693,23.3648,,,2.353968362665802,False,
901098,FUND018,2025-11-14,240.3162,240.5079,238.3288,2025-11-14,2025-11-16,83.3889987278083,True,1.0
901099,FUND019,2025-11-14,154.4301,154.4886,154.4416,,,0.7446180303741905,False,
901100,FUND020,2025-11-14,134.4688,134.0915,134.4595,,,0.69165808291687,False,
901101,FUND001,2025-11-17,32.7645,32.6961,32.7448,,,6.016222423102377,False,
901102,FUND002,2025-11-17,140.5878,140.6987,140.6773,,,6.36207831682974,False,
901103,FUND003,2025-11-17,210.9992,209.8975,210.9986,,,0.028436207633202124,False,
901104,FUND004,2025-11-17,80.5806,80.505,80.5603,,,2.5198515894312683,False,
901105,FUND005,2025-11-17,198.5064,198.0169,198.507,,,0.03022563436007275,False,
901106,FUND006,2025-11-17,229.7222,228.6688,229.6601,,,2.703996035880274,False,
901107,FUND007,2025-11-17,179.2629,179.1752,179.2384,,,1.366894594014959,False,
901108,FUND008,2025-11-17,56.6647,56.7127,56.6568,,,1.3943604298171548,False,
901109,FUND009,2025-11-17,195.4295,195.5768,195.4818,,,2.6754408850339244,False,
901110,FUND010,2025-11-17,119.9348,119.8852,119.8679,,,5.581143909252581,False,
901111,FUND011,2025-11-17,151.2782,150.8323,151.4381,,,10.558769556669905,False,
901112,FUND012,2025-11-17,158.824,157.9289,158.7212,,,6.476765548647692,False,
901113,FUND013,2025-11-17,167.8074,167.281,167.6766,,,7.8007306922965745,False,
901114,FUND014,2025-11-17,124.3112,124.3178,124.2068,,,8.40533690586975,False,
901115,FUND015,2025-11-17,151.3874,151.4814,151.3522,,,2.3257012451753742,False,
901116,FUND016,2025-11-17,26.9566,27.1222,26.9747,,,6.709991213988255,False,
901117,FUND017,2025-11-17,23.3468,23.3703,23.3756,,,12.320539365833104,False,
901118,FUND018,2025-11-17,241.2578,240.3162,241.3096,,,2.146619943839195,False,
901119,FUND019,2025-11-17,154.223,154.4301,154.1989,,,1.5629164669789621,False,
901120,FUND020,2025-11-17,135.323,134.4688,135.4008,,,5.7459040123837015,False,
901121,FUND001,2025-11-18,32.7948,32.7645,32.794,,,0.24394706348882142,False,
901122,FUND002,2025-11-18,139.7328,140.5878,139.5549,,,12.747671346544905,False,
901123,FUND003,2025-11-18,210.8587,210.9992,210.8635,,,0.22763541343043311,False,
901124,FUND004,2025-11-18,79.8762,80.5806,79.8972,,,2.6283774650426794,False,
901125,FUND005,2025-11-18,198.8036,198.5064,198.9039,,,5.042636167516287,False,
901126,FUND006,2025-11-18,228.1877,229.7222,228.4241,,,10.349170687331297,False,
901127,FUND007,2025-11-18,180.3083,179.2629,180.4341,,,6.972074569053086,False,
901128,FUND008,2025-11-18,56.8337,56.6647,56.8187,,,2.6399759234196782,False,
901129,FUND009,2025-11-18,196.3744,195.4295,196.3142,,,3.066512763723099,False,
901130,FUND010,2025-11-18,119.9209,119.9348,120.0261,,,8.764760331294312,False,
901131,FUND011,2025-11-18,150.8258,151.2782,150.848,,,1.4716801018261043,False,
901132,FUND012,2025-11-18,158.3528,158.824,158.4754,,,7.73621647271473,False,
901133,FUND013,2025-11-18,167.9264,167.8074,167.85,,,4.551683050342967,False,
901134,FUND014,2025-11-18,124.5181,124.3112,123.3516,2025-11-18,2025-11-19,94.56707493052373,True,1.0
901135,FUND015,2025-11-18,150.716,151.3874,150.7127,,,0.21895964971736698,False,
901136,FUND016,2025-11-18,26.9658,26.9566,26.9701,,,1.5943581966685643,False,
901137,FUND017,2025-11-18,23.5187,23.3468,23.5069,,,5.019802696228497,False,
901138,FUND018,2025-11-18,240.4385,241.2578,240.5445,,,4.406669036290356,False,
901139,FUND019,2025-11-18,154.7387,154.223,154.5466,,,12.42990787244638,False,
901140,FUND020,2025-11-18,135.8246,135.323,135.7834,,,3.0342442448784945,False,
901141,FUND001,2025-11-19,32.5816,32.7948,32.5307,,,15.646758292935168,False,
901142,FUND002,2025-11-19,139.3246,139.7328,139.2959,,,2.0603621499279465,False,
901143,FUND003,2025-11-19,209.8437,210.8587,209.9256,,,3.901382203980378,False,
901144,FUND004,2025-11-19,79.7735,79.8762,79.7189,,,6.849065905324025,False,
901145,FUND005,2025-11-19,199.0529,198.8036,199.0683,,,0.7736038334581467,False,
901146,FUND006,2025-11-19,228.7066,228.1877,228.74,,,1.4601731223223011,False,
901147,FUND007,2025-11-19,181.5497,180.3083,181.489,,,3.344555317401996,False,
901148,FUND008,2025-11-19,57.1801,56.8337,57.1825,,,0.4197088270002898,False,
901149,FUND009,2025-11-19,196.0135,196.3744,196.1773,,,8.349589886292096,False,
901150,FUND010,2025-11-19,119.5937,119.9209,119.5349,,,4.919065477948705,False,
901151,FUND011,2025-11-19,150.432,150.8258,150.4024,,,1.968053701269917,False,
901152,FUND012,2025-11-19,159.513,158.3528,159.5303,,,1.0844334900646375,False,
901153,FUND013,2025-11-19,168.9119,167.9264,168.8352,,,4.542891529729384,False,
901154,FUND014,2025-11-19,124.3006,124.5181,124.2348,,,5.2964225804682625,False,
901155,FUND015,2025-11-19,151.9715,150.716,151.9295,,,2.7644400856977476,False,
901156,FUND016,2025-11-19,26.8164,26.9658,26.8149,,,0.5593904881241611,False,
901157,FUND017,2025-11-19,23.4731,23.5187,23.4852,,,5.152180948001389,False,
901158,FUND018,2025-11-19,240.7329,240.4385,240.8603,,,5.289373134551208,False,
901159,FUND019,2025-11-19,155.6758,154.7387,155.6486,,,1.7475261582835873,False,
901160,FUND020,2025-11-19,136.4323,135.8246,136.4468,,,1.0626852370299766,False,
901161,FUND001,2025-11-20,32.71,32.5816,32.7456,,,10.871689631584792,False,
901162,FUND002,2025-11-20,140.0684,139.3246,140.0562,,,0.8710788954724671,False,
901163,FUND003,2025-11-20,209.1355,209.8437,209.1329,,,0.12432285881375173,False,
901164,FUND004,2025-11-20,80.3215,79.7735,80.3338,,,1.5311114375264463,False,
901165,FUND005,2025-11-20,198.3229,199.0529,198.2285,,,4.762181018370586,False,
901166,FUND006,2025-11-20,227.8769,228.7066,228.0192,,,6.2407025373304466,False,
901167,FUND007,2025-11-20,182.5885,181.5497,182.6297,,,2.255930990414125,False,
901168,FUND008,2025-11-20,56.7958,57.1801,56.8198,,,4.223879703906193,False,
901169,FUND009,2025-11-20,196.666,196.0135,196.5921,,,3.7590523729086245,False,
901170,FUND010,2025-11-20,119.6517,119.5937,119.5982,,,4.47331147124285,False,
901171,FUND011,2025-11-20,151.849,150.432,151.8105,,,2.5360564651324573,False,
901172,FUND012,2025-11-20,160.0734,159.513,160.0987,,,1.5802751677568676,False,
901173,FUND013,2025-11-20,168.7271,168.9119,168.652,,,4.452956383560252,False,
901174,FUND014,2025-11-20,124.437,124.3006,124.5009,,,5.1324930181230695,False,
901175,FUND015,2025-11-20,153.3336,151.9715,153.3908,,,3.7290372043188382,False,
901176,FUND016,2025-11-20,26.5877,26.8164,26.5913,,,1.353826251442658,False,
901177,FUND017,2025-11-20,23.5491,23.4731,23.5226,,,11.265761437935701,False,
901178,FUND018,2025-11-20,240.3549,240.7329,240.4444,,,3.7222742555041926,False,
901179,FUND019,2025-11-20,155.7522,155.6758,155.862,,,7.044693382608141,False,
901180,FUND020,2025-11-20,135.894,136.4323,135.8194,,,5.4925879513533244,False,
901181,FUND001,2025-11-21,32.6087,32.71,32.6223,,,4.1689273901606665,False,
901182,FUND002,2025-11-21,140.8449,140.0684,140.7538,,,6.4722941760707755,False,
901183,FUND003,2025-11-21,209.5524,209.1355,209.5608,,,0.4008383247245971,False,
901184,FUND004,2025-11-21,80.6583,80.3215,80.5892,,,8.574349912890526,False,
901185,FUND005,2025-11-21,199.7313,198.3229,199.672,,,2.9698705877643063,False,
901186,FUND006,2025-11-21,229.3948,227.8769,229.6701,,,11.986758398241095,False,
901187,FUND007,2025-11-21,182.4766,182.5885,182.302,,,9.577514234621567,False,
901188,FUND008,2025-11-21,56.7351,56.7958,56.748,,,2.2732078663556083,False,
901189,FUND009,2025-11-21,197.6329,196.666,197.7136,,,4.081661554895936,False,
901190,FUND010,2025-11-21,119.9849,119.6517,120.0282,,,3.607485574223567,False,
901191,FUND011,2025-11-21,152.3733,151.849,152.3754,,,0.13781752172679246,False,
901192,FUND012,2025-11-21,159.2826,160.0734,159.1118,,,10.73459039493074,False,
901193,FUND013,2025-11-21,167.6826,168.7271,167.5965,,,5.137338786908798,False,
901194,FUND014,2025-11-21,124.4559,124.437,124.4465,,,0.7553446661818057,False,
901195,FUND015,2025-11-21,152.8486,153.3336,152.8737,,,1.6418782301997663,False,
901196,FUND016,2025-11-21,26.4919,26.5877,26.481,,,4.116158755333811,False,
901197,FUND017,2025-11-21,23.6003,23.5491,23.6064,,,2.584045004744474,False,
901198,FUND018,2025-11-21,240.3988,240.3549,240.2179,,,7.53066278574612,False,
901199,FUND019,2025-11-21,155.971,155.7522,155.7731,,,12.704375787604162,False,
901200,FUND020,2025-11-21,135.7191,135.894,135.7117,,,0.5452735467899864,False,
901201,FUND001,2025-11-24,32.4739,32.6087,32.4962,,,6.862340827543318,False,
901202,FUND002,2025-11-24,140.768,140.8449,140.7195,,,3.446572791971972,False,
901203,FUND003,2025-11-24,210.4542,209.5524,210.5999,,,6.91833187005336,False,
901204,FUND004,2025-11-24,80.1525,80.6583,80.1464,,,0.7611071738722571,False,
901205,FUND005,2025-11-24,198.7021,199.7313,198.472,,,11.593574912329855,False,
901206,FUND006,2025-11-24,231.0155,229.3948,231.0754,,,2.5922274720718415,False,
901207,FUND007,2025-11-24,182.1957,182.4766,182.1801,,,0.8562955009892878,False,
901208,FUND008,2025-11-24,56.9211,56.7351,56.9196,,,0.2635296101870106,False,
901209,FUND009,2025-11-24,197.6337,197.6329,197.5233,,,5.589214031964761,False,
901210,FUND010,2025-11-24,119.8755,119.9849,119.8384,,,3.0958357254443865,False,
901211,FUND011,2025-11-24,152.1496,152.3733,152.2025,,,3.475632791839421,False,
901212,FUND012,2025-11-24,158.7437,159.2826,158.5627,,,11.415042755956044,False,
901213,FUND013,2025-11-24,167.044,167.6826,166.9951,,,2.9282296306899585,False,
901214,FUND014,2025-11-24,126.1486,124.4559,126.2585,,,8.7043644586302,False,
901215,FUND015,2025-11-24,152.9836,152.8486,153.0091,,,1.6665675440214904,False,
901216,FUND016,2025-11-24,26.6309,26.4919,26.6388,,,2.9655990510080605,False,
901217,FUND017,2025-11-24,23.4656,23.6003,23.4776,,,5.111254983473803,False,
901218,FUND018,2025-11-24,238.4707,240.3988,236.1662,2025-11-24,2025-12-03,97.57958590179248,True,7.0
901219,FUND019,2025-11-24,155.5558,155.971,155.5705,,,0.9449092212215567,False,
901220,FUND020,2025-11-24,135.9057,135.7191,135.9041,,,0.11773007583996886,False,
901221,FUND001,2025-11-25,32.3926,32.4739,32.3924,,,0.06174287795888352,False,
901222,FUND002,2025-11-25,140.5725,140.768,140.6254,,,3.7617670776419034,False,
901223,FUND003,2025-11-25,209.67,210.4542,209.8017,,,6.277356189202636,False,
901224,FUND004,2025-11-25,80.4839,80.1525,80.4264,,,7.149393731412141,False,
901225,FUND005,2025-11-25,198.892,198.7021,198.8993,,,0.36701989398730717,False,
901226,FUND006,2025-11-25,231.2078,231.0155,231.1957,,,0.5233661352699801,False,
901227,FUND007,2025-11-25,183.3758,182.1957,183.165,,,11.508748942210909,False,
901228,FUND008,2025-11-25,56.8252,56.9211,56.8756,,,8.861444978162204,False,
901229,FUND009,2025-11-25,197.492,197.6337,197.4498,,,2.137252101545801,False,
901230,FUND010,2025-11-25,119.6776,119.8755,119.6228,,,4.581066485653252,False,
901231,FUND011,2025-11-25,152.2507,152.1496,152.1206,,,8.552424852386775,False,
901232,FUND012,2025-11-25,157.9332,158.7437,158.0352,,,6.454258291823838,False,
901233,FUND013,2025-11-25,166.948,167.044,166.9246,,,1.4018305270768605,False,
901234,FUND014,2025-11-25,126.0476,126.1486,125.9369,,,8.79011632015783,False,
901235,FUND015,2025-11-25,152.5627,152.9836,152.4842,,,5.14807435786918,False,
901236,FUND016,2025-11-25,26.6799,26.6309,26.7048,,,9.324166441987513,False,
901237,FUND017,2025-11-25,23.4414,23.4656,23.4456,,,1.7913808987602438,False,
901238,FUND018,2025-11-25,237.787,238.4707,238.0197,,,9.776501692926852,False,
901239,FUND019,2025-11-25,155.5971,155.5558,155.5354,,,3.9669425738450452,False,
901240,FUND020,2025-11-25,136.7327,135.9057,138.1223,2025-11-25,2025-11-26,100.60649149340848,True,1.0
901241,FUND001,2025-11-26,32.3975,32.3926,32.3687,,,8.897484298104013,False,
901242,FUND002,2025-11-26,140.4883,140.5725,140.4742,,,1.003743036088714,False,
901243,FUND003,2025-11-26,210.0407,209.67,209.7976,,,11.587358482651773,False,
901244,FUND004,2025-11-26,80.4203,80.4839,80.4703,,,6.213472548256582,False,
901245,FUND005,2025-11-26,199.9614,198.892,200.053,,,4.578786621545275,False,
901246,FUND006,2025-11-26,230.7189,231.2078,230.8043,,,3.7001043741395296,False,
901247,FUND007,2025-11-26,182.7988,183.3758,182.939,,,7.663756771382428,False,
901248,FUND008,2025-11-26,56.5662,56.8252,56.5962,,,5.30070923489583,False,
901249,FUND009,2025-11-26,196.7938,197.492,196.7162,,,3.9447691649197223,False,
901250,FUND010,2025-11-26,119.3458,119.6776,119.3349,,,0.9133958297189136,False,
901251,FUND011,2025-11-26,151.8669,152.2507,151.9378,,,4.6663832173444035,False,
901252,FUND012,2025-11-26,157.6134,157.9332,157.4356,,,11.293506678287443,False,
901253,FUND013,2025-11-26,166.2146,166.948,166.3123,,,5.874490341364002,False,
901254,FUND014,2025-11-26,126.2411,126.0476,126.2294,,,0.9268839113554137,False,
901255,FUND015,2025-11-26,152.7459,152.5627,152.8192,,,4.796517715050795,False,
901256,FUND016,2025-11-26,26.5934,26.6799,26.5783,,,5.681326495675171,False,
901257,FUND017,2025-11-26,23.3513,23.4414,23.3636,,,5.264599633619523,False,
901258,FUND018,2025-11-26,240.0695,237.787,240.0965,,,1.1245478380562322,False,
901259,FUND019,2025-11-26,156.16,155.5971,156.0323,,,8.18420288619756,False,
901260,FUND020,2025-11-26,137.2099,136.7327,137.2322,,,1.6249830579121605,False,
901261,FUND001,2025-11-27,32.5547,32.3975,32.5552,,,0.15358529513023647,False,
901262,FUND002,2025-11-27,139.6749,140.4883,139.6258,,,3.5165420717381686,False,
901263,FUND003,2025-11-27,209.26,210.0407,209.3808,,,5.7693924180250855,False,
901264,FUND004,2025-11-27,80.5264,80.4203,80.6027,,,9.46618413527132,False,
901265,FUND005,2025-11-27,200.6467,199.9614,200.597,,,2.4776043510122987,False,
901266,FUND006,2025-11-27,230.8026,230.7189,231.1407,,,14.62745418699507,False,
901267,FUND007,2025-11-27,183.109,182.7988,183.1987,,,4.896322954256414,False,
901268,FUND008,2025-11-27,56.7471,56.5662,56.7709,,,4.192288654926075,False,
901269,FUND009,2025-11-27,196.0916,196.7938,196.2777,,,9.481464272304512,False,
901270,FUND010,2025-11-27,119.4015,119.3458,119.3868,,,1.231291901617668,False,
901271,FUND011,2025-11-27,151.8976,151.8669,151.7636,,,8.829521703492441,False,
901272,FUND012,2025-11-27,157.9133,157.6134,157.8324,,,5.125690289191924,False,
901273,FUND013,2025-11-27,165.8466,166.2146,165.955,,,6.531891175319657,False,
901274,FUND014,2025-11-27,127.0795,126.2411,127.1525,,,5.741137610350367,False,
901275,FUND015,2025-11-27,154.0685,152.7459,154.1805,,,7.26421304899094,False,
901276,FUND016,2025-11-27,26.6072,26.5934,26.6282,,,7.886376097520973,False,
901277,FUND017,2025-11-27,23.3919,23.3513,23.4123,,,8.713368613933122,False,
901278,FUND018,2025-11-27,241.3387,240.0695,241.2077,,,5.431004068278095,False,
901279,FUND019,2025-11-27,156.2377,156.16,156.0513,,,11.944789950483713,False,
901280,FUND020,2025-11-27,137.1095,137.2099,137.0874,,,1.6121102304073665,False,
901281,FUND001,2025-11-28,32.5954,32.5547,32.6458,,,15.438433121566428,False,
901282,FUND002,2025-11-28,139.6847,139.6749,139.5615,,,8.827649459198783,False,
901283,FUND003,2025-11-28,209.2297,209.26,209.2053,,,1.1663184441318737,False,
901284,FUND004,2025-11-28,81.2527,80.5264,81.2453,,,0.910821918314545,False,
901285,FUND005,2025-11-28,201.2286,200.6467,201.1461,,,4.10149637502344,False,
901286,FUND006,2025-11-28,231.8762,230.8026,231.921,,,1.931692257276437,False,
901287,FUND007,2025-11-28,182.2231,183.109,182.4909,,,14.674704327723871,False,
901288,FUND008,2025-11-28,56.2266,56.7471,56.2051,,,3.8252756422452903,False,
901289,FUND009,2025-11-28,195.8438,196.0916,195.7123,,,6.719046273534592,False,
901290,FUND010,2025-11-28,119.3061,119.4015,119.2545,,,4.326880746639133,False,
901291,FUND011,2025-11-28,152.2843,151.8976,152.298,,,0.8995521937254622,False,
901292,FUND012,2025-11-28,158.747,157.9133,158.7729,,,1.6312607504163947,False,
901293,FUND013,2025-11-28,166.3994,165.8466,166.35,,,2.9696423204099713,False,
901294,FUND014,2025-11-28,127.359,127.0795,127.2675,,,7.189581000647955,False,
901295,FUND015,2025-11-28,154.4308,154.0685,154.3788,,,3.36833813969227,False,
901296,FUND016,2025-11-28,26.7689,26.6072,26.7836,,,5.488433220329331,False,
901297,FUND017,2025-11-28,23.4122,23.3919,23.4053,,,2.9480502279390266,False,
901298,FUND018,2025-11-28,240.009,241.3387,240.1369,,,5.326128554171016,False,
901299,FUND019,2025-11-28,155.4046,156.2377,155.448,,,2.791930420463412,False,
901300,FUND020,2025-11-28,137.8593,137.1095,137.793,,,4.811565173846569,False,
901301,FUND001,2025-12-01,32.486,32.5954,32.5289,,,13.188272582227818,False,
901302,FUND002,2025-12-01,139.0832,139.6847,139.1539,,,5.080705607244066,False,
901303,FUND003,2025-12-01,208.0031,209.2297,209.5783,2025-12-01,2025-12-03,75.1604531576038,True,2.0
901304,FUND004,2025-12-01,81.7811,81.2527,81.7576,,,2.874350519095292,False,
901305,FUND005,2025-12-01,201.9277,201.2286,201.9618,,,1.688438110574552,False,
901306,FUND006,2025-12-01,233.1022,231.8762,233.1509,,,2.088775981563727,False,
901307,FUND007,2025-12-01,182.0363,182.2231,181.9315,,,5.760409824577468,False,
901308,FUND008,2025-12-01,56.1095,56.2266,56.1332,,,4.222100290025361,False,
901309,FUND009,2025-12-01,195.9697,195.8438,196.0021,,,1.6530435133105188,False,
901310,FUND010,2025-12-01,118.8963,119.3061,118.8915,,,0.4037294508020358,False,
901311,FUND011,2025-12-01,152.2026,152.2843,152.2113,,,0.5715738581829728,False,
901312,FUND012,2025-12-01,158.6697,158.747,158.6124,,,3.6125801009251424,False,
901313,FUND013,2025-12-01,167.0642,166.3994,167.0298,,,2.0595127336562156,False,
901314,FUND014,2025-12-01,127.6863,127.359,127.5428,,,11.251125112511492,False,
901315,FUND015,2025-12-01,154.1254,154.4308,154.174,,,3.152282486021853,False,
901316,FUND016,2025-12-01,26.8438,26.7689,26.8481,,,1.6016030929552125,False,
901317,FUND017,2025-12-01,23.4432,23.4122,23.4469,,,1.578033769922029,False,
901318,FUND018,2025-12-01,238.1702,240.009,238.4083,,,9.987068403239437,False,
901319,FUND019,2025-12-01,154.6289,155.4046,154.5528,,,4.923883617766662,False,
901320,FUND020,2025-12-01,138.1294,137.8593,138.1115,,,1.2960542749877715,False,
901321,FUND001,2025-12-02,32.6034,32.486,32.5752,,,8.656892359831474,False,
901322,FUND002,2025-12-02,139.9099,139.0832,139.8204,,,6.4010687996878,False,
901323,FUND003,2025-12-02,208.0973,208.0031,208.1179,,,0.9898235567436404,False,
901324,FUND004,2025-12-02,81.7623,81.7811,81.7184,,,5.372107138660768,False,
901325,FUND005,2025-12-02,201.4249,201.9277,201.5872,,,8.051106419454593,False,
901326,FUND006,2025-12-02,232.8903,233.1022,234.8008,2025-12-02,2025-12-03,81.36684372455346,True,1.0
901327,FUND007,2025-12-02,182.5895,182.0363,182.6213,,,1.7413083796908713,False,
901328,FUND008,2025-12-02,56.0473,56.1095,56.0748,,,4.90416372416904,False,
901329,FUND009,2025-12-02,195.9777,195.9697,195.9819,,,0.21430550474290316,False,
901330,FUND010,2025-12-02,118.6589,118.8963,118.5518,,,9.034025632677247,False,
901331,FUND011,2025-12-02,152.6007,152.2026,152.6572,,,3.701102863146958,False,
901332,FUND012,2025-12-02,158.1911,158.6697,158.2327,,,2.629039383135617,False,
901333,FUND013,2025-12-02,166.4894,167.0642,166.4883,,,0.06607070887141456,False,
901334,FUND014,2025-12-02,127.7304,127.6863,127.7453,,,1.1663834207596875,False,
901335,FUND015,2025-12-02,152.8394,154.1254,152.8835,,,2.884549346396834,False,
901336,FUND016,2025-12-02,26.7664,26.8438,26.7515,,,5.5697811337685,False,
901337,FUND017,2025-12-02,23.4252,23.4432,23.4488,,,10.064480911602423,False,
901338,FUND018,2025-12-02,237.9305,238.1702,237.8611,,,2.9176691775158563,False,
901339,FUND019,2025-12-02,154.0468,154.6289,154.0097,,,2.408939177206438,False,
901340,FUND020,2025-12-02,137.9372,138.1294,137.9109,,,1.9070283784669666,False,
901341,FUND001,2025-12-03,32.4458,32.6034,32.4598,,,4.313027190556595,False,
901342,FUND002,2025-12-03,140.549,139.9099,140.5867,,,2.6816192427876144,False,
901343,FUND003,2025-12-03,207.9075,208.0973,207.7677,,,6.728668604408103,False,
901344,FUND004,2025-12-03,81.994,81.7623,81.9541,,,4.86857887524882,False,
901345,FUND005,2025-12-03,202.1451,201.4249,202.0576,,,4.33044834740221,False,
901346,FUND006,2025-12-03,233.313,232.8903,233.1205,,,8.257532048875815,False,
901347,FUND007,2025-12-03,182.3388,182.5895,182.1796,,,8.73862935257287,False,
901348,FUND008,2025-12-03,56.3651,56.0473,56.3477,,,3.0879698727712,False,
901349,FUND009,2025-12-03,195.2476,195.9777,195.1297,,,6.042135051711331,False,
901350,FUND010,2025-12-03,118.7132,118.6589,118.6871,,,2.199059543960512,False,
901351,FUND011,2025-12-03,154.0293,152.6007,153.8686,,,10.443976223870227,False,
901352,FUND012,2025-12-03,159.1263,158.1911,159.097,,,1.8416437770654317,False,
901353,FUND013,2025-12-03,167.0612,166.4894,166.9964,,,3.880323168644325,False,
901354,FUND014,2025-12-03,128.0051,127.7304,127.9012,,,8.123457793984409,False,
901355,FUND015,2025-12-03,151.0957,152.8394,151.1182,,,1.4889007412745756,False,
901356,FUND016,2025-12-03,26.6663,26.7664,26.671,,,1.762213640283343,False,
901357,FUND017,2025-12-03,23.5093,23.4252,23.5017,,,3.233808618099989,False,
901358,FUND018,2025-12-03,238.0301,237.9305,238.1022,,,3.028111458021221,False,
901359,FUND019,2025-12-03,153.7886,154.0468,153.7846,,,0.2601040676368555,False,
901360,FUND020,2025-12-03,137.4826,137.9372,137.4416,,,2.9830851794505318,False,
901361,FUND001,2025-12-04,32.4729,32.4458,32.4795,,,2.032050986006197,False,
901362,FUND002,2025-12-04,140.6344,140.549,140.5631,,,5.072455004194409,False,
901363,FUND003,2025-12-04,206.4927,207.9075,206.4362,,,2.7369230784135614,False,
901364,FUND004,2025-12-04,82.2219,81.994,82.1521,,,8.496435270674851,False,
901365,FUND005,2025-12-04,201.7762,202.1451,201.8923,,,5.750590785285876,False,
901366,FUND006,2025-12-04,232.0851,233.313,232.1863,,,4.3585689594940495,False,
901367,FUND007,2025-12-04,182.243,182.3388,182.2827,,,2.177935700974942,False,
901368,FUND008,2025-12-04,55.7643,56.3651,55.7307,,,6.028992996678645,False,
901369,FUND009,2025-12-04,195.9324,195.2476,195.9951,,,3.1990595683262817,False,
901370,FUND010,2025-12-04,118.1975,118.7132,118.1801,,,1.4723290977084285,False,
901371,FUND011,2025-12-04,154.3274,154.0293,154.3042,,,1.5035235593070553,False,
901372,FUND012,2025-12-04,158.9121,159.1263,159.0524,,,8.820992327056764,False,
901373,FUND013,2025-12-04,166.513,167.0612,166.6556,,,8.556568156124811,False,
901374,FUND014,2025-12-04,128.0687,128.0051,128.1405,,,5.603224585513252,False,
901375,FUND015,2025-12-04,152.6243,151.0957,152.7175,,,6.102771457101901,False,
901376,FUND016,2025-12-04,26.4658,26.6663,26.4926,,,10.116032401500016,False,
901377,FUND017,2025-12-04,23.3946,23.5093,23.403,,,3.5892834252011228,False,
901378,FUND018,2025-12-04,239.2725,238.0301,239.2478,,,1.0324023878169715,False,
901379,FUND019,2025-12-04,153.1294,153.7886,153.1828,,,3.486031068761123,False,
901380,FUND020,2025-12-04,137.3048,137.4826,137.2508,,,3.9344032967386746,False,
901381,FUND001,2025-12-05,32.5678,32.4729,32.5416,,,8.051232883446351,False,
901382,FUND002,2025-12-05,140.7282,140.6344,140.6183,,,7.815483475478078,False,
901383,FUND003,2025-12-05,206.2077,206.4927,206.2399,,,1.5612885770414613,False,
901384,FUND004,2025-12-05,82.0312,82.2219,82.0251,,,0.7436748019817772,False,
901385,FUND005,2025-12-05,201.7088,201.7762,201.5547,,,7.645567183499054,False,
901386,FUND006,2025-12-05,232.4275,232.0851,232.3963,,,1.3425342830334457,False,
901387,FUND007,2025-12-05,181.6538,182.243,181.5691,,,4.664890666969105,False,
901388,FUND008,2025-12-05,55.7845,55.7643,55.7694,,,2.707577990798518,False,
901389,FUND009,2025-12-05,196.0157,195.9324,195.9281,,,4.471027892375265,False,
901390,FUND010,2025-12-05,119.0552,118.1975,119.0377,,,1.4701224906057742,False,
901391,FUND011,2025-12-05,154.5327,154.3274,154.3656,,,10.824950636670664,False,
901392,FUND012,2025-12-05,159.326,158.9121,159.3713,,,2.842418929882448,False,
901393,FUND013,2025-12-05,166.735,166.513,166.7366,,,0.09595973529484654,False,
901394,FUND014,2025-12-05,128.1029,128.0687,127.9874,,,9.024325832074991,False,
901395,FUND015,2025-12-05,150.7869,152.6243,150.8281,,,2.731586488194405,False,
901396,FUND016,2025-12-05,26.3755,26.4658,26.3985,,,8.712616247135136,False,
901397,FUND017,2025-12-05,23.4067,23.3946,23.3931,,,5.813680102252492,False,
901398,FUND018,2025-12-05,239.602,239.2725,239.6419,,,1.6649842953168341,False,
901399,FUND019,2025-12-05,153.0974,153.1294,152.9113,,,12.170454374528367,False,
901400,FUND020,2025-12-05,137.1854,137.3048,137.0666,,,8.667319390719047,False,
901401,FUND001,2025-12-08,32.7139,32.5678,32.7256,,,3.5751827315611022,False,
901402,FUND002,2025-12-08,140.7686,140.7282,140.7342,,,2.444324123063555,False,
901403,FUND003,2025-12-08,206.4616,206.2077,206.4404,,,1.0269307751773986,False,
901404,FUND004,2025-12-08,82.1435,82.0312,82.0759,,,8.236278858958448,False,
901405,FUND005,2025-12-08,202.0472,201.7088,202.1664,,,5.896133086408344,False,
901406,FUND006,2025-12-08,233.7591,232.4275,233.6391,,,5.1361266157923104,False,
901407,FUND007,2025-12-08,181.3572,181.6538,181.2998,,,3.1660266586064205,False,
901408,FUND008,2025-12-08,55.58,55.7845,55.5582,,,3.9238132264902266,False,
901409,FUND009,2025-12-08,197.3525,196.0157,197.3043,,,2.442926991453305,False,
901410,FUND010,2025-12-08,118.4262,119.0552,118.3611,,,5.500117859668511,False,
901411,FUND011,2025-12-08,154.6688,154.5327,154.5631,,,6.838630953960745,False,
901412,FUND012,2025-12-08,160.2214,159.326,160.3956,,,10.860647050169284,False,
901413,FUND013,2025-12-08,167.9878,166.735,167.8743,,,6.761011066017116,False,
901414,FUND014,2025-12-08,127.6247,128.1029,127.6452,,,1.6060141705288102,False,
901415,FUND015,2025-12-08,149.6798,150.7869,149.7729,,,6.216077808468197,False,
901416,FUND016,2025-12-08,26.2702,26.3755,26.2234,,,17.84665604002437,False,
901417,FUND017,2025-12-08,23.3985,23.4067,23.4073,,,3.75951092180679,False,
901418,FUND018,2025-12-08,238.0844,239.602,238.0492,,,1.4786859187081833,False,
901419,FUND019,2025-12-08,152.4695,153.0974,152.5342,,,4.241671703787595,False,
901420,FUND020,2025-12-08,136.6825,137.1854,136.7093,,,1.9603640717938422,False,
901421,FUND001,2025-12-09,32.5513,32.7139,32.5373,,,4.302754069943048,False,
901422,FUND002,2025-12-09,140.259,140.7686,140.2605,,,0.10694386516669861,False,
901423,FUND003,2025-12-09,205.8547,206.4616,205.9498,,,4.6176301215151545,False,
901424,FUND004,2025-12-09,82.2962,82.1435,82.1997,,,11.739702213024112,False,
901425,FUND005,2025-12-09,200.267,202.0472,200.3933,,,6.302605925448343,False,
901426,FUND006,2025-12-09,232.2149,233.7591,232.2024,,,0.5383234626338328,False,
901427,FUND007,2025-12-09,182.7941,181.3572,182.669,,,6.848452665749246,False,
901428,FUND008,2025-12-09,55.4021,55.58,55.4398,,,6.800168831778064,False,
901429,FUND009,2025-12-09,198.0319,197.3525,197.9362,,,4.83489124273345,False,
901430,FUND010,2025-12-09,118.5608,118.4262,118.5184,,,3.577503577503633,False,
901431,FUND011,2025-12-09,155.0831,154.6688,155.0949,,,0.7608245016434335,False,
901432,FUND012,2025-12-09,159.648,160.2214,159.7079,,,3.7505971839839454,False,
901433,FUND013,2025-12-09,167.4377,167.9878,167.4476,,,0.5912297339578224,False,
901434,FUND014,2025-12-09,126.4994,127.6247,126.4858,,,1.075219510806488,False,
901435,FUND015,2025-12-09,149.1266,149.6798,149.2775,,,10.108690191087547,False,
901436,FUND016,2025-12-09,26.2267,26.2702,26.2358,,,3.4685429832519334,False,
901437,FUND017,2025-12-09,23.411,23.3985,23.4213,,,4.397706361302452,False,
901438,FUND018,2025-12-09,238.6202,238.0844,238.5699,,,2.108396742423136,False,
901439,FUND019,2025-12-09,152.6952,152.4695,152.6429,,,3.4262975873756627,False,
901440,FUND020,2025-12-09,136.624,136.6825,136.5455,,,5.748999417775842,False,
901441,FUND001,2025-12-10,32.3736,32.5513,32.3641,,,2.9353512070481576,False,
901442,FUND002,2025-12-10,140.2609,140.259,140.2933,,,2.309447421936439,False,
901443,FUND003,2025-12-10,204.5094,205.8547,204.5142,,,0.23470252921258347,False,
901444,FUND004,2025-12-10,82.9215,82.2962,82.8923,,,3.5226432370665055,False,
901445,FUND005,2025-12-10,199.6904,200.267,199.7065,,,0.8061830736603192,False,
901446,FUND006,2025-12-10,233.1108,232.2149,233.3078,,,8.443781133762965,False,
901447,FUND007,2025-12-10,183.4867,182.7941,183.5455,,,3.2035653284875334,False,
901448,FUND008,2025-12-10,55.0376,55.4021,55.005,,,5.926733933277898,False,
901449,FUND009,2025-12-10,198.1291,198.0319,198.2417,,,5.679935149870823,False,
901450,FUND010,2025-12-10,117.9984,118.5608,117.9642,,,2.8991846678906357,False,
901451,FUND011,2025-12-10,155.1202,155.0831,155.0949,,,1.6312593128475303,False,
901452,FUND012,2025-12-10,159.135,159.648,159.1186,,,1.030677746033739,False,
901453,FUND013,2025-12-10,166.7506,167.4377,166.7426,,,0.4797814115877619,False,
901454,FUND014,2025-12-10,125.6959,126.4994,125.6651,,,2.4509589376843115,False,
901455,FUND015,2025-12-10,148.6723,149.1266,148.7988,,,8.501412645800434,False,
901456,FUND016,2025-12-10,26.2376,26.2267,26.253,,,5.865996267093146,False,
901457,FUND017,2025-12-10,23.4561,23.411,23.4765,,,8.689540604435155,False,
901458,FUND018,2025-12-10,238.8794,238.6202,238.892,,,0.5274349915439592,False,
901459,FUND019,2025-12-10,152.3105,152.6952,152.1698,,,9.24624991292498,False,
901460,FUND020,2025-12-10,136.1565,136.624,136.1211,,,2.6006254724639635,False,
901461,FUND001,2025-12-11,32.4165,32.3736,32.4066,,,3.0549332543376337,False,
901462,FUND002,2025-12-11,140.1197,140.2609,140.1783,,,4.180390260119622,False,
901463,FUND003,2025-12-11,204.3906,204.5094,204.2018,,,9.245755914003439,False,
901464,FUND004,2025-12-11,82.9961,82.9215,83.0326,,,4.395863793257558,False,
901465,FUND005,2025-12-11,200.9602,199.6904,201.0956,,,6.733115990603682,False,
901466,FUND006,2025-12-11,233.2341,233.1108,233.0097,,,9.630500361143884,False,
901467,FUND007,2025-12-11,184.4449,183.4867,184.3385,,,5.771990116008288,False,
901468,FUND008,2025-12-11,54.996,55.0376,54.9667,,,5.330500102789364,False,
901469,FUND009,2025-12-11,197.3334,198.1291,197.4722,,,7.028837476868894,False,
901470,FUND010,2025-12-11,117.8452,117.9984,117.8091,,,3.064279414748494,False,
901471,FUND011,2025-12-11,155.8813,155.1202,155.781,,,6.438525879279519,False,
901472,FUND012,2025-12-11,158.5656,159.135,158.5809,,,0.9648072371909061,False,
901473,FUND013,2025-12-11,165.0191,166.7506,165.0092,,,0.5999665473207559,False,
901474,FUND014,2025-12-11,125.7854,125.6959,125.8747,,,7.094356530741172,False,
901475,FUND015,2025-12-11,148.8485,148.6723,148.7822,,,4.456178225621914,False,
901476,FUND016,2025-12-11,26.3323,26.2376,26.346,,,5.200030365140836,False,
901477,FUND017,2025-12-11,23.5165,23.4561,23.4897,,,11.409255971766983,False,
901478,FUND018,2025-12-11,239.8389,238.8794,239.8352,,,0.15427260051940417,False,
901479,FUND019,2025-12-11,152.0877,152.3105,152.2987,,,13.854353320152063,False,
901480,FUND020,2025-12-11,136.0756,136.1565,136.1344,,,4.3192609656332905,False,
901481,FUND001,2025-12-12,32.3318,32.4165,32.3177,,,4.362934243463833,False,
901482,FUND002,2025-12-12,140.7429,140.1197,140.705,,,2.693578764079398,False,
901483,FUND003,2025-12-12,205.0246,204.3906,205.0866,,,3.023113162927847,False,
901484,FUND004,2025-12-12,82.6614,82.9961,82.5818,,,9.638927705620274,False,
901485,FUND005,2025-12-12,201.8148,200.9602,201.7464,,,3.3903950702464534,False,
901486,FUND006,2025-12-12,233.5588,233.2341,233.5325,,,1.1261815807218265,False,
901487,FUND007,2025-12-12,184.0794,184.4449,184.2707,,,10.381465962847725,False,
901488,FUND008,2025-12-12,54.8521,54.996,54.8716,,,3.55375093855487,False,
901489,FUND009,2025-12-12,198.91,197.3334,199.0441,,,6.737200449548088,False,
901490,FUND010,2025-12-12,118.6456,117.8452,118.6362,,,0.7923382576312634,False,
901491,FUND011,2025-12-12,156.4885,155.8813,156.6249,,,8.708704682333968,False,
901492,FUND012,2025-12-12,157.8508,158.5656,157.7909,,,3.796163150092873,False,
901493,FUND013,2025-12-12,164.4631,165.0191,164.2751,,,11.444217656844412,False,
901494,FUND014,2025-12-12,125.4313,125.7854,125.3141,,,9.352499040411004,False,
901495,FUND015,2025-12-12,149.0303,148.8485,149.0577,,,1.8382143290819655,False,
901496,FUND016,2025-12-12,26.3665,26.3323,26.3812,,,5.572149864297783,False,
901497,FUND017,2025-12-12,23.4697,23.5165,23.4595,,,4.347918753597092,False,
901498,FUND018,2025-12-12,240.0272,239.8389,240.2152,,,7.8263157368899465,False,
901499,FUND019,2025-12-12,151.0021,152.0877,151.0335,,,2.079008961587381,False,
901500,FUND020,2025-12-12,136.2219,136.0756,136.2526,,,2.2531680129403733,False,
901501,FUND001,2025-12-15,32.1202,32.3318,32.1191,,,0.34247534955645814,False,
901502,FUND002,2025-12-15,140.1775,140.7429,140.1786,,,0.07847132158401303,False,
901503,FUND003,2025-12-15,205.0128,205.0246,205.0549,,,2.0531087040594937,False,
901504,FUND004,2025-12-15,82.5674,82.6614,82.6275,,,7.273607455144036,False,
901505,FUND005,2025-12-15,202.0073,201.8148,201.8391,,,8.333370491643324,False,
901506,FUND006,2025-12-15,234.3876,233.5588,234.2863,,,4.323769678379855,False,
901507,FUND007,2025-12-15,183.6113,184.0794,183.739,,,6.95007592291263,False,
901508,FUND008,2025-12-15,54.9332,54.8521,54.9805,,,8.603050172333809,False,
901509,FUND009,2025-12-15,199.0928,198.91,199.0671,,,1.2910219719883647,False,
901510,FUND010,2025-12-15,118.7562,118.6456,118.7449,,,0.9516198169357706,False,
901511,FUND011,2025-12-15,155.6069,156.4885,155.7983,,,12.285114792652791,False,
901512,FUND012,2025-12-15,159.0782,157.8508,158.88,,,12.474823766365443,False,
901513,FUND013,2025-12-15,165.8292,164.4631,165.9183,,,5.370112880857746,False,
901514,FUND014,2025-12-15,125.4783,125.4313,125.5133,,,2.788549101967408,False,
901515,FUND015,2025-12-15,149.1654,149.0303,149.0738,,,6.14460757021017,False,
901516,FUND016,2025-12-15,26.2747,26.3665,26.4795,2025-12-15,2025-12-17,77.3428501293462,True,2.0
901517,FUND017,2025-12-15,23.5379,23.4697,23.5433,,,2.2936461753441844,False,
901518,FUND018,2025-12-15,240.2915,240.0272,240.325,,,1.393945698532205,False,
901519,FUND019,2025-12-15,150.5322,151.0021,150.4949,,,2.4784893042878977,False,
901520,FUND020,2025-12-15,135.3533,136.2219,133.4017,2025-12-15,2025-12-17,146.29498724528884,True,2.0
901521,FUND001,2025-12-16,32.1771,32.1202,32.1732,,,1.212189026892435,False,
901522,FUND002,2025-12-16,140.8889,140.1775,140.9039,,,1.0645553458766124,False,
901523,FUND003,2025-12-16,204.5528,205.0128,204.5057,,,2.303114289723972,False,
901524,FUND004,2025-12-16,82.1758,82.5674,82.2796,,,12.615520736611114,False,
901525,FUND005,2025-12-16,202.5681,202.0073,202.6663,,,4.8454035031981055,False,
901526,FUND006,2025-12-16,234.3552,234.3876,234.3772,,,0.9386578557978916,False,
901527,FUND007,2025-12-16,184.9515,183.6113,185.0116,,,3.2484449623686933,False,
901528,FUND008,2025-12-16,55.0025,54.9332,54.9635,,,7.095618001036028,False,
901529,FUND009,2025-12-16,199.1367,199.0928,199.0775,,,2.9737162662784162,False,
901530,FUND010,2025-12-16,118.6859,118.7562,118.5821,,,8.753429058855154,False,
901531,FUND011,2025-12-16,154.9817,155.6069,154.9629,,,1.213193609567117,False,
901532,FUND012,2025-12-16,160.1246,159.0782,160.0889,,,2.230010950165277,False,
901533,FUND013,2025-12-16,166.6047,165.8292,166.4978,,,6.420505255925063,False,
901534,FUND014,2025-12-16,126.2934,125.4783,126.2655,,,2.2096297088280235,False,
901535,FUND015,2025-12-16,148.425,149.1654,148.4606,,,2.397942619118344,False,
901536,FUND016,2025-12-16,26.3558,26.2747,26.3695,,,5.19539619636324,False,
901537,FUND017,2025-12-16,23.54,23.5379,23.3731,2025-12-16,2025-12-17,71.40687371379846,True,1.0
901538,FUND018,2025-12-16,242.1284,240.2915,242.026,,,4.230950393758882,False,
901539,FUND019,2025-12-16,150.5339,150.5322,150.568,,,2.264757451784148,False,
901540,FUND020,2025-12-16,135.3058,135.3533,135.3594,,,3.9598284271346333,False,
901541,FUND001,2025-12-17,32.1909,32.1771,32.1961,,,1.6151024502974247,False,
901542,FUND002,2025-12-17,141.018,140.8889,141.1036,,,6.0664646401650595,False,
901543,FUND003,2025-12-17,203.6608,204.5528,203.6515,,,0.45666248468565607,False,
901544,FUND004,2025-12-17,81.9908,82.1758,82.0018,,,1.3414339685238483,False,
901545,FUND005,2025-12-17,202.846,202.5681,203.0266,,,8.895386121818438,False,
901546,FUND006,2025-12-17,234.1828,234.3552,234.2864,,,4.421938277253829,False,
901547,FUND007,2025-12-17,184.2977,184.9515,184.2202,,,4.206921933641715,False,
901548,FUND008,2025-12-17,54.8068,55.0025,54.7982,,,1.569394615151825,False,
901549,FUND009,2025-12-17,199.1527,199.1367,199.1373,,,0.773335783903851,False,
901550,FUND010,2025-12-17,118.6117,118.6859,118.7037,,,7.750390257422367,False,
901551,FUND011,2025-12-17,154.4552,154.9817,154.3902,,,4.210111781706204,False,
901552,FUND012,2025-12-17,159.8202,160.1246,159.8604,,,2.5146940705764957,False,
901553,FUND013,2025-12-17,167.5313,166.6047,167.6291,,,5.834309198105015,False,
901554,FUND014,2025-12-17,126.4934,126.2934,126.403,,,7.151728993772953,False,
901555,FUND015,2025-12-17,147.9829,148.425,148.0784,,,6.449286324000465,False,
901556,FUND016,2025-12-17,26.2614,26.3558,26.2768,,,5.860683188212867,False,
901557,FUND017,2025-12-17,23.6659,23.54,23.6651,,,0.3380505470087548,False,
901558,FUND018,2025-12-17,244.3828,242.1284,244.3443,,,1.575645513318669,False,
901559,FUND019,2025-12-17,151.0773,150.5339,151.0817,,,0.29123315398251115,False,
901560,FUND020,2025-12-17,134.4287,135.3058,134.3679,,,4.524890245363693,False,
901561,FUND001,2025-12-18,32.1097,32.1909,32.1366,,,8.37051834979581,False,
901562,FUND002,2025-12-18,140.9762,141.018,140.91,,,4.6980342062315765,False,
901563,FUND003,2025-12-18,204.876,203.6608,204.8229,,,2.5924835553056123,False,
901564,FUND004,2025-12-18,82.3267,81.9908,82.3474,,,2.513740567399923,False,
901565,FUND005,2025-12-18,203.2472,202.846,203.1898,,,2.824944952945533,False,
901566,FUND006,2025-12-18,232.752,234.1828,232.718,,,1.4609957115487517,False,
901567,FUND007,2025-12-18,184.8949,184.2977,184.7096,,,10.03196368786529,False,
901568,FUND008,2025-12-18,54.8787,54.8068,54.8654,,,2.4241142869642758,False,
901569,FUND009,2025-12-18,198.4401,199.1527,198.4172,,,1.1541338150116427,False,
901570,FUND010,2025-12-18,118.2305,118.6117,118.1598,,,5.983422449936628,False,
901571,FUND011,2025-12-18,154.6194,154.4552,154.6541,,,2.2437167847465167,False,
901572,FUND012,2025-12-18,160.3366,159.8202,160.3146,,,1.3723017117587142,False,
901573,FUND013,2025-12-18,167.7991,167.5313,167.9986,,,11.875098959158018,False,
901574,FUND014,2025-12-18,126.2473,126.4934,126.2043,,,3.407173923550319,False,
901575,FUND015,2025-12-18,148.179,147.9829,148.2048,,,1.7408343049620405,False,
901576,FUND016,2025-12-18,26.2773,26.2614,26.2746,,,1.027608412687848,False,
901577,FUND017,2025-12-18,23.6611,23.6659,23.6764,,,6.462131067223003,False,
901578,FUND018,2025-12-18,244.9148,244.3828,245.1488,,,9.545223146104751,False,
901579,FUND019,2025-12-18,151.2325,151.0773,151.1846,,,3.1683121164456236,False,
901580,FUND020,2025-12-18,135.0989,134.4287,135.1062,,,0.5403156923971633,False,
901581,FUND001,2025-12-19,32.3822,32.1097,32.3571,,,7.757184667351151,False,
901582,FUND002,2025-12-19,140.8353,140.9762,140.8904,,,3.9108413348255198,False,
901583,FUND003,2025-12-19,205.6749,204.876,205.5143,,,7.814541372547629,False,
901584,FUND004,2025-12-19,82.4743,82.3267,82.5152,,,4.956662530054281,False,
901585,FUND005,2025-12-19,203.7954,203.2472,203.4813,,,15.436307906426599,False,
901586,FUND006,2025-12-19,232.1622,232.752,232.1662,,,0.17229036784814833,False,
901587,FUND007,2025-12-19,185.2003,184.8949,185.1708,,,1.5931237538523644,False,
901588,FUND008,2025-12-19,54.8287,54.8787,54.8226,,,1.1126798072321344,False,
901589,FUND009,2025-12-19,198.1215,198.4401,198.1542,,,1.6502299724156997,False,
901590,FUND010,2025-12-19,118.2793,118.2305,118.1962,,,7.030682881514103,False,
901591,FUND011,2025-12-19,156.0616,154.6194,156.1268,,,4.1760927656241185,False,
901592,FUND012,2025-12-19,160.0887,160.3366,160.1966,,,6.735473786584783,False,
901593,FUND013,2025-12-19,167.8545,167.7991,167.8434,,,0.6613307404401365,False,
901594,FUND014,2025-12-19,126.0388,126.2473,126.0609,,,1.753120912194732,False,
901595,FUND015,2025-12-19,147.4563,148.179,147.392,,,4.362516283109185,False,
901596,FUND016,2025-12-19,26.2627,26.2773,26.273,,,3.9203745289844574,False,
901597,FUND017,2025-12-19,23.8389,23.6611,23.8121,,,11.254782232561569,False,
901598,FUND018,2025-12-19,243.6311,244.9148,243.7038,,,2.983129520343858,False,
901599,FUND019,2025-12-19,150.8409,151.2325,150.8768,,,2.3794248022226108,False,
901600,FUND020,2025-12-19,134.9055,135.0989,134.9459,,,2.993792327147792,False,
901601,FUND001,2025-12-22,32.0645,32.3822,32.0754,,,3.3982428901898234,False,
901602,FUND002,2025-12-22,141.0093,140.8353,141.0948,,,6.0597555685961595,False,
901603,FUND003,2025-12-22,206.5007,205.6749,206.508,,,0.35349720107768035,False,
901604,FUND004,2025-12-22,82.256,82.4743,82.2376,,,2.237419379942964,False,
901605,FUND005,2025-12-22,204.6115,203.7954,204.5342,,,3.7793190576445475,False,
901606,FUND006,2025-12-22,233.3909,232.1622,233.5958,,,8.771561817464578,False,
901607,FUND007,2025-12-22,184.3702,185.2003,184.1938,,,9.576869579757895,False,
901608,FUND008,2025-12-22,54.8797,54.8287,54.8699,,,1.7860429853158977,False,
901609,FUND009,2025-12-22,198.5229,198.1215,198.3255,,,9.95333429135374,False,
901610,FUND010,2025-12-22,117.5568,118.2793,117.57,,,1.1227353916813523,False,
901611,FUND011,2025-12-22,156.2815,156.0616,156.1912,,,5.781375647282622,False,
901612,FUND012,2025-12-22,159.7265,160.0887,159.6726,,,3.375657439034545,False,
901613,FUND013,2025-12-22,167.7677,167.8545,167.9286,,,9.58145306993556,False,
901614,FUND014,2025-12-22,126.3741,126.0388,126.4602,,,6.808466220992996,False,
901615,FUND015,2025-12-22,147.2307,147.4563,147.2567,,,1.7656242466374732,False,
901616,FUND016,2025-12-22,26.1043,26.2627,26.1091,,,1.838439471296607,False,
901617,FUND017,2025-12-22,23.5921,23.8389,23.6074,,,6.481018663639312,False,
901618,FUND018,2025-12-22,243.5701,243.6311,243.6005,,,1.2479448933813524,False,
901619,FUND019,2025-12-22,151.4083,150.8409,151.4518,,,2.872200924650255,False,
901620,FUND020,2025-12-22,134.6495,134.9055,134.7158,,,4.92147172046727,False,
901621,FUND001,2025-12-23,31.9995,32.0645,31.9661,,,10.448568952734403,False,
901622,FUND002,2025-12-23,139.9595,141.0093,139.9381,,,1.529247574463271,False,
901623,FUND003,2025-12-23,206.9695,206.5007,207.1084,,,6.70663285506422,False,
901624,FUND004,2025-12-23,81.4732,82.256,81.468,,,0.6382874257379697,False,
901625,FUND005,2025-12-23,205.1987,204.6115,205.4365,,,11.575352967948389,False,
901626,FUND006,2025-12-23,233.921,233.3909,233.8572,,,2.728160603991937,False,
901627,FUND007,2025-12-23,183.6703,184.3702,183.6387,,,1.7207701862405587,False,
901628,FUND008,2025-12-23,54.4625,54.8797,54.4648,,,0.4222910944313011,False,
901629,FUND009,2025-12-23,198.8176,198.5229,199.0094,,,9.637735704946632,False,
901630,FUND010,2025-12-23,117.2198,117.5568,117.2363,,,1.4074139153140726,False,
901631,FUND011,2025-12-23,156.0959,156.2815,156.1156,,,1.2618854233657797,False,
901632,FUND012,2025-12-23,159.8602,159.7265,159.6402,,,13.780990001265275,False,
901633,FUND013,2025-12-23,168.391,167.7677,168.3636,,,1.6274301571123504,False,
901634,FUND014,2025-12-23,125.9115,126.3741,125.8396,,,5.713622738788061,False,
901635,FUND015,2025-12-23,147.8908,147.2307,147.7083,,,12.355432971607183,False,
901636,FUND016,2025-12-23,25.9721,26.1043,25.9556,,,6.357009662654928,False,
901637,FUND017,2025-12-23,23.6784,23.5921,23.6688,,,4.055972419387101,False,
901638,FUND018,2025-12-23,243.3266,243.5701,243.3294,,,0.1150703531911583,False,
901639,FUND019,2025-12-23,151.4463,151.4083,151.3444,,,6.732987807940072,False,
901640,FUND020,2025-12-23,134.7105,134.6495,134.786,,,5.601471962963901,False,
901641,FUND001,2025-12-24,32.1335,31.9995,32.1498,,,5.070015987658117,False,
901642,FUND002,2025-12-24,139.7329,139.9595,139.8325,,,7.122807644861491,False,
901643,FUND003,2025-12-24,206.6867,206.9695,206.7894,,,4.966405434707905,False,
901644,FUND004,2025-12-24,81.2702,81.4732,81.1699,,,12.356797285693869,False,
901645,FUND005,2025-12-24,205.684,205.1987,205.7214,,,1.8179926833081534,False,
901646,FUND006,2025-12-24,233.786,233.921,233.7836,,,0.10265904024039353,False,
901647,FUND007,2025-12-24,183.9864,183.6703,183.9025,,,4.5622000788461206,False,
901648,FUND008,2025-12-24,54.6625,54.4625,54.6858,,,4.260703875594577,False,
901649,FUND009,2025-12-24,200.6131,198.8176,200.659,,,2.2874628100403647,False,
901650,FUND010,2025-12-24,117.2741,117.2198,117.1816,,,7.893730756364577,False,
901651,FUND011,2025-12-24,156.5771,156.0959,156.6947,,,7.505040055599208,False,
901652,FUND012,2025-12-24,160.3873,159.8602,160.4537,,,4.138265431086186,False,
901653,FUND013,2025-12-24,168.4085,168.391,168.3508,,,3.4273671405191535,False,
901654,FUND014,2025-12-24,126.385,125.9115,126.4102,,,1.993510017387688,False,
901655,FUND015,2025-12-24,149.439,147.8908,149.5709,,,8.818560294816818,False,
901656,FUND016,2025-12-24,25.9058,25.9721,25.9032,,,1.0037369900248023,False,
901657,FUND017,2025-12-24,23.8301,23.6784,23.8164,,,5.752338724576361,False,
901658,FUND018,2025-12-24,243.7272,243.3266,243.7667,,,1.6204018022139792,False,
901659,FUND019,2025-12-24,151.5853,151.4463,151.7348,,,9.852716713635733,False,
901660,FUND020,2025-12-24,134.835,134.7105,134.9453,,,8.173682225316123,False,
901661,FUND001,2025-12-25,32.14,32.1335,32.1568,,,5.224400437853385,False,
901662,FUND002,2025-12-25,139.3603,139.7329,139.4838,,,8.854074810121825,False,
901663,FUND003,2025-12-25,206.3971,206.6867,206.5168,,,5.7961386192307165,False,
901664,FUND004,2025-12-25,81.1881,81.2702,81.1843,,,0.46807079694133724,False,
901665,FUND005,2025-12-25,206.0811,205.684,206.0965,,,0.7472227815610473,False,
901666,FUND006,2025-12-25,233.5838,233.786,233.5756,,,0.3510640666228833,False,
901667,FUND007,2025-12-25,182.548,183.9864,182.5725,,,1.341932656889131,False,
901668,FUND008,2025-12-25,54.6641,54.6625,54.6766,,,2.2861699520458187,False,
901669,FUND009,2025-12-25,200.2461,200.6131,200.2281,,,0.8989747193326352,False,
901670,FUND010,2025-12-25,116.8883,117.2741,116.9486,,,5.156111317279388,False,
901671,FUND011,2025-12-25,157.4512,156.5771,157.4096,,,2.6427867169466355,False,
901672,FUND012,2025-12-25,160.3485,160.3873,160.3454,,,0.19333264315591356,False,
901673,FUND013,2025-12-25,167.851,168.4085,165.6585,2025-12-25,2025-12-26,132.35058871111323,True,1.0
901674,FUND014,2025-12-25,126.1282,126.385,126.1226,,,0.4440124133185614,False,
901675,FUND015,2025-12-25,148.5642,149.439,148.5369,,,1.8379271413363798,False,
901676,FUND016,2025-12-25,26.0263,25.9058,26.3317,2025-12-25,2025-12-27,115.98187735695087,True,2.0
901677,FUND017,2025-12-25,23.8424,23.8301,23.8407,,,0.7130663109737313,False,
901678,FUND018,2025-12-25,242.8414,243.7272,242.766,,,3.105871497656258,False,
901679,FUND019,2025-12-25,152.5008,151.5853,152.4922,,,0.5639632715641373,False,
901680,FUND020,2025-12-25,134.9953,134.835,135.0617,,,4.916271600314211,False,
901681,FUND001,2025-12-26,32.3849,32.14,32.3996,,,4.537093050530783,False,
901682,FUND002,2025-12-26,140.3041,139.3603,140.4135,,,7.791273631096278,False,
901683,FUND003,2025-12-26,206.7979,206.3971,206.7146,,,4.029710528429456,False,
901684,FUND004,2025-12-26,81.5101,81.1881,81.5107,,,0.0736099677718026,False,
901685,FUND005,2025-12-26,207.4005,206.0811,209.2109,2025-12-26,2025-12-28,86.53468820219288,True,1.0
901686,FUND006,2025-12-26,234.77,233.5838,234.7223,,,2.0321886757253265,False,
901687,FUND007,2025-12-26,182.3824,182.548,182.4435,,,3.3489820136102613,False,
901688,FUND008,2025-12-26,54.4939,54.6641,54.5237,,,5.465513162166471,False,
901689,FUND009,2025-12-26,201.0512,200.2461,201.0138,,,1.8605687768695978,False,
901690,FUND010,2025-12-26,116.7453,116.8883,116.735,,,0.8823403435131593,False,
901691,FUND011,2025-12-26,158.1249,157.4512,158.0497,,,4.7579970098010484,False,
901692,FUND012,2025-12-26,160.1356,160.3485,160.0143,,,7.58057248633524,False,
901693,FUND013,2025-12-26,168.2528,167.851,168.1966,,,3.3413279459881022,False,
901694,FUND014,2025-12-26,127.0181,126.1282,127.0599,,,3.2897869430083726,False,
901695,FUND015,2025-12-26,149.0066,148.5642,148.9372,,,4.659682067341247,False,
901696,FUND016,2025-12-26,25.8588,26.0263,25.8464,,,4.7975733564440395,False,
901697,FUND017,2025-12-26,23.846,23.8424,23.8512,,,2.1801838062649006,False,
901698,FUND018,2025-12-26,243.8121,242.8414,243.8201,,,0.3281107669142035,False,
901699,FUND019,2025-12-26,152.2532,152.5008,152.1839,,,4.553701147098896,False,
901700,FUND020,2025-12-26,136.0281,134.9953,135.9643,,,4.692408227747013,False,
901701,FUND001,2025-12-29,32.3173,32.3849,32.3032,,,4.3648926422169385,False,
901702,FUND002,2025-12-29,140.5582,140.3041,140.5818,,,1.6787379305135965,False,
901703,FUND003,2025-12-29,208.0499,206.7979,208.2171,,,8.03008014231203,False,
901704,FUND004,2025-12-29,81.4899,81.5101,81.5263,,,4.464816875045283,False,
901705,FUND005,2025-12-29,207.6082,207.4005,207.5429,,,3.146337456015488,False,
901706,FUND006,2025-12-29,233.9507,234.77,233.7965,,,6.595479401958669,False,
901707,FUND007,2025-12-29,183.2992,182.3824,183.4076,,,5.910333050538197,False,
901708,FUND008,2025-12-29,54.5845,54.4939,54.5192,,,11.97743180384169,False,
901709,FUND009,2025-12-29,201.2902,201.0512,201.4573,,,8.294561676345554,False,
901710,FUND010,2025-12-29,116.2219,116.7453,116.2325,,,0.9119652420791613,False,
901711,FUND011,2025-12-29,159.1815,158.1249,159.2257,,,2.77593378455798,False,
901712,FUND012,2025-12-29,159.222,160.1356,159.1253,,,6.076972046556924,False,
901713,FUND013,2025-12-29,168.7218,168.2528,168.684,,,2.2408764316713072,False,
901714,FUND014,2025-12-29,126.7934,127.0181,126.8413,,,3.7763725221988813,False,
901715,FUND015,2025-12-29,149.269,149.0066,149.2614,,,0.5091738386479356,False,
901716,FUND016,2025-12-29,25.8879,25.8588,25.9018,,,5.366422410798914,False,
901717,FUND017,2025-12-29,23.7352,23.846,23.7344,,,0.3370635027631351,False,
901718,FUND018,2025-12-29,243.2124,243.8121,243.0951,,,4.825272084875433,False,
901719,FUND019,2025-12-29,151.5593,152.2532,151.4724,,,5.737018757213472,False,
901720,FUND020,2025-12-29,135.7384,136.0281,135.6909,,,3.5006032092066337,False,
901721,FUND001,2025-12-30,32.377,32.3173,32.3722,,,1.4827537207860522,False,
901722,FUND002,2025-12-30,141.0078,140.5582,141.1148,,,7.582478946219625,False,
901723,FUND003,2025-12-30,207.5826,208.0499,207.4351,,,7.110657743072795,False,
901724,FUND004,2025-12-30,81.4385,81.4899,81.4676,,,3.5719721705315584,False,
901725,FUND005,2025-12-30,207.34,207.6082,207.4493,,,5.26875723369471,False,
901726,FUND006,2025-12-30,234.0138,233.9507,234.0327,,,0.8075794536405442,False,
901727,FUND007,2025-12-30,183.0633,183.2992,182.9793,,,4.590683208428668,False,
901728,FUND008,2025-12-30,54.4533,54.5845,54.4522,,,0.20201203991776073,False,
901729,FUND009,2025-12-30,201.6813,201.2902,201.8389,,,7.8082074367231575,False,
901730,FUND010,2025-12-30,117.2603,116.2219,117.382,,,10.36785878584486,False,
901731,FUND011,2025-12-30,159.4183,159.1815,159.1687,,,15.68147506387793,False,
901732,FUND012,2025-12-30,158.6677,159.222,158.4321,,,14.870723799028426,False,
901733,FUND013,2025-12-30,168.4488,168.7218,168.3664,,,4.894088131599115,False,
901734,FUND014,2025-12-30,127.1148,126.7934,127.2152,,,7.892138675252123,False,
901735,FUND015,2025-12-30,148.8471,149.269,148.859,,,0.799414210763013,False,
901736,FUND016,2025-12-30,25.9111,25.8879,25.9195,,,3.2408032562349534,False,
901737,FUND017,2025-12-30,23.6055,23.7352,23.6033,,,0.9320730575802644,False,
901738,FUND018,2025-12-30,243.1203,243.2124,243.0275,,,3.8184979066147933,False,
901739,FUND019,2025-12-30,151.3139,151.5593,151.3219,,,0.5286743029270566,False,
901740,FUND020,2025-12-30,136.861,135.7384,136.9264,,,4.776288575469084,False,
901741,FUND001,2025-12-31,32.4033,32.377,32.4245,,,6.5382658175146355,False,
901742,FUND002,2025-12-31,141.4822,141.0078,141.5549,,,5.135816563043564,False,
901743,FUND003,2025-12-31,207.7293,207.5826,207.9728,,,11.708261849627046,False,
901744,FUND004,2025-12-31,81.3049,81.4385,81.2313,,,9.06054685816908,False,
901745,FUND005,2025-12-31,207.9568,207.34,208.0049,,,2.3124455241201116,False,
901746,FUND006,2025-12-31,234.7708,234.0138,234.756,,,0.6304418204437007,False,
901747,FUND007,2025-12-31,183.0024,183.0633,183.0721,,,3.807243157204819,False,
901748,FUND008,2025-12-31,54.3033,54.4533,54.2964,,,1.270802484142905,False,
901749,FUND009,2025-12-31,202.4872,201.6813,202.4596,,,1.363234936748207,False,
901750,FUND010,2025-12-31,117.3641,117.2603,117.3076,,,4.816397232574852,False,
901751,FUND011,2025-12-31,160.2055,159.4183,160.2458,,,2.514886505605888,False,
901752,FUND012,2025-12-31,159.2247,158.6677,159.2385,,,0.8666245914131911,False,
901753,FUND013,2025-12-31,167.8778,168.4488,167.8108,,,3.9925916567948714,False,
901754,FUND014,2025-12-31,127.1276,127.1148,127.0637,,,5.0289736565206145,False,
901755,FUND015,2025-12-31,149.3647,148.8471,149.3961,,,2.101795160649493,False,
901756,FUND016,2025-12-31,25.7696,25.9111,25.7599,,,3.7655425681009103,False,
901757,FUND017,2025-12-31,23.5727,23.6055,23.5518,,,8.874056335397306,False,
901758,FUND018,2025-12-31,243.5286,243.1203,243.161,,,15.117555858053311,False,
901759,FUND019,2025-12-31,150.7868,151.3139,150.6543,,,8.794969675607877,False,
901760,FUND020,2025-12-31,135.8206,136.861,135.7437,,,5.665087956201524,False,
901761,FUND001,2026-01-01,32.3419,32.4033,32.3308,,,3.43325868830929,False,
901762,FUND002,2026-01-01,141.5603,141.4822,141.4068,,,10.855206397429841,False,
901763,FUND003,2026-01-01,206.2118,207.7293,205.9936,,,10.59256209901785,False,
901764,FUND004,2026-01-01,81.0417,81.3049,81.0193,,,2.7647733317869494,False,
901765,FUND005,2026-01-01,207.095,207.9568,206.7508,,,16.648061337610336,False,
901766,FUND006,2026-01-01,234.1386,234.7708,234.1007,,,1.6189614127598762,False,
901767,FUND007,2026-01-01,181.7511,183.0024,181.532,,,12.06949738888997,False,
901768,FUND008,2026-01-01,54.5971,54.3033,54.5784,,,3.4262638699550547,False,
901769,FUND009,2026-01-01,202.6922,202.4872,202.7618,,,3.4325992371334197,False,
901770,FUND010,2026-01-01,117.6351,117.3641,117.5901,,,3.826852770767904,False,
901771,FUND011,2026-01-01,158.4627,160.2055,158.5662,,,6.5272422496091105,False,
901772,FUND012,2026-01-01,159.3407,159.2247,159.5083,,,10.507290216245368,False,
901773,FUND013,2026-01-01,167.9151,167.8778,167.9443,,,1.7386716905547257,False,
901774,FUND014,2026-01-01,126.7056,127.1276,126.6957,,,0.7813998422994464,False,
901775,FUND015,2026-01-01,148.6584,149.3647,148.5435,,,7.735107897686925,False,
901776,FUND016,2026-01-01,25.7097,25.7696,25.6997,,,3.8910960050123395,False,
901777,FUND017,2026-01-01,23.6124,23.5727,23.6085,,,1.6519473918298786,False,
901778,FUND018,2026-01-01,243.9537,243.5286,243.7896,,,6.7312141289042104,False,
901779,FUND019,2026-01-01,150.2366,150.7868,150.1523,,,5.614299614458996,False,
901780,FUND020,2026-01-01,135.1654,135.8206,135.0713,,,6.966690925459176,False,
901781,FUND001,2026-01-02,32.2391,32.3419,32.2365,,,0.8065391714364295,False,
901782,FUND002,2026-01-02,140.6901,141.5603,140.6993,,,0.6538767428119948,False,
901783,FUND003,2026-01-02,207.3172,206.2118,207.2749,,,2.0407680814228617,False,
901784,FUND004,2026-01-02,81.0314,81.0417,81.0078,,,2.913299706942028,False,
901785,FUND005,2026-01-02,206.5181,207.095,206.6117,,,4.5302371550115135,False,
901786,FUND006,2026-01-02,234.0988,234.1386,234.0923,,,0.2776682530786714,False,
901787,FUND007,2026-01-02,180.6099,181.7511,180.664,,,2.994509144045131,False,
901788,FUND008,2026-01-02,54.4465,54.5971,54.4357,,,1.9839921228170578,False,
901789,FUND009,2026-01-02,201.8101,202.6922,201.8466,,,1.8083039298154906,False,
901790,FUND010,2026-01-02,117.6442,117.6351,117.5529,,,7.766716091223946,False,
901791,FUND011,2026-01-02,157.6089,158.4627,157.5823,,,1.6880068383315865,False,
901792,FUND012,2026-01-02,159.569,159.3407,159.5623,,,0.41989868534077557,False,
901793,FUND013,2026-01-02,168.3745,167.9151,168.3272,,,2.8100033743807895,False,
901794,FUND014,2026-01-02,126.2499,126.7056,126.2446,,,0.41981993685204755,False,
901795,FUND015,2026-01-02,149.6789,148.6584,149.6867,,,0.5210883799297558,False,
901796,FUND016,2026-01-02,25.5692,25.7097,25.5625,,,2.6210268948649764,False,
901797,FUND017,2026-01-02,23.5724,23.6124,23.806,2026-01-02,2026-01-04,98.12652272536448,True,1.0
901798,FUND018,2026-01-02,243.4509,243.9537,243.4631,,,0.5011026311587709,False,
901799,FUND019,2026-01-02,150.191,150.2366,150.1683,,,1.5116372763102865,False,
901800,FUND020,2026-01-02,135.4928,135.1654,135.6029,,,8.11929538380204,False,
901801,FUND001,2026-01-05,32.0664,32.2391,32.0343,,,10.020509266629766,False,
901802,FUND002,2026-01-05,140.8573,140.6901,140.9117,,,3.860573678409025,False,
901803,FUND003,2026-01-05,206.3554,207.3172,206.3205,,,1.691543011964069,False,
901804,FUND004,2026-01-05,80.406,81.0314,80.4549,,,6.077939317554191,False,
901805,FUND005,2026-01-05,206.2117,206.5181,206.1756,,,1.7509346401807333,False,
901806,FUND006,2026-01-05,234.3777,234.0988,234.4842,,,4.541883845477978,False,
901807,FUND007,2026-01-05,180.4459,180.6099,180.5404,,,5.234285511719853,False,
901808,FUND008,2026-01-05,54.3185,54.4465,54.7119,2026-01-05,2026-01-06,71.90391852595135,True,1.0
901809,FUND009,2026-01-05,201.4712,201.8101,201.4774,,,0.3077268219650663,False,
901810,FUND010,2026-01-05,116.9248,117.6442,116.8837,,,3.516315790824566,False,
901811,FUND011,2026-01-05,157.061,157.6089,157.1176,,,3.6023971852932513,False,
901812,FUND012,2026-01-05,159.3026,159.569,159.2612,,,2.599503206054588,False,
901813,FUND013,2026-01-05,167.989,168.3745,168.059,,,4.1652038867298495,False,
901814,FUND014,2026-01-05,127.2225,126.2499,127.2128,,,0.7625018866022253,False,
901815,FUND015,2026-01-05,150.1606,149.6789,150.0761,,,5.630476804767139,False,
901816,FUND016,2026-01-05,25.6013,25.5692,25.5811,,,7.896454804523303,False,
901817,FUND017,2026-01-05,23.4186,23.5724,23.4006,,,7.692110458706478,False,
901818,FUND018,2026-01-05,243.2382,243.4509,243.4121,,,7.144262754398951,False,
901819,FUND019,2026-01-05,150.131,150.191,150.172,,,2.7302027009027525,False,
901820,FUND020,2026-01-05,135.1606,135.4928,135.16,,,0.0443918319023007,False,
901821,FUND001,2026-01-06,32.0654,32.0664,32.0676,,,0.6860507178591407,False,
901822,FUND002,2026-01-06,140.7881,140.8573,140.7541,,,2.4155601861680633,False,
901823,FUND003,2026-01-06,206.126,206.3554,206.1162,,,0.4754599589946199,False,
901824,FUND004,2026-01-06,80.4241,80.406,80.398,,,3.246349411676854,False,
901825,FUND005,2026-01-06,207.2936,206.2117,207.4804,,,9.003260066975251,False,
901826,FUND006,2026-01-06,233.9009,234.3777,234.0627,,,6.912677671410246,False,
901827,FUND007,2026-01-06,179.4345,180.4459,179.2196,,,11.99087599793773,False,
901828,FUND008,2026-01-06,54.5381,54.3185,54.5114,,,4.898058020890707,False,
901829,FUND009,2026-01-06,202.6055,201.4712,202.5758,,,1.466117867979275,False,
901830,FUND010,2026-01-06,116.3201,116.9248,116.3612,,,3.532105203452709,False,
901831,FUND011,2026-01-06,158.1652,157.061,158.076,,,5.642855335408619,False,
901832,FUND012,2026-01-06,159.1561,159.3026,159.1376,,,1.1625159610310374,False,
901833,FUND013,2026-01-06,168.386,167.989,168.2714,,,6.810426489587406,False,
901834,FUND014,2026-01-06,127.1162,127.2225,127.0881,,,2.211064607938046,False,
901835,FUND015,2026-01-06,150.2201,150.1606,150.2003,,,1.3182397105733872,False,
901836,FUND016,2026-01-06,25.4627,25.6013,25.4469,,,6.2090077769796155,False,
901837,FUND017,2026-01-06,23.4344,23.4186,23.4218,,,5.3796036171426005,False,
901838,FUND018,2026-01-06,242.7998,243.2382,242.8938,,,3.870004092323233,False,
901839,FUND019,2026-01-06,149.4911,150.131,149.5938,,,6.865257784747676,False,
901840,FUND020,2026-01-06,134.5712,135.1606,135.8727,2026-01-06,2026-01-07,95.7881899748812,True,1.0
901841,FUND001,2026-01-07,31.8881,32.0654,31.8521,,,11.302237529080145,False,
901842,FUND002,2026-01-07,139.4703,140.7881,139.6127,,,10.19964516121963,False,
901843,FUND003,2026-01-07,204.9005,206.126,205.079,,,8.70396286309246,False,
901844,FUND004,2026-01-07,80.4176,80.4241,80.4086,,,1.1192832607440162,False,
901845,FUND005,2026-01-07,207.9683,207.2936,208.0752,,,5.137565649341968,False,
901846,FUND006,2026-01-07,233.8027,233.9009,233.7708,,,1.3645844562271654,False,
901847,FUND007,2026-01-07,180.6007,179.4345,180.6424,,,2.308428143117012,False,
901848,FUND008,2026-01-07,54.5865,54.5381,54.5801,,,1.1725885441762283,False,
901849,FUND009,2026-01-07,200.9924,202.6055,200.8905,,,5.072415071892426,False,
901850,FUND010,2026-01-07,116.313,116.3201,116.4047,,,7.877688787480488,False,
901851,FUND011,2026-01-07,158.8095,158.1652,158.711,,,6.206249094265763,False,
901852,FUND012,2026-01-07,158.4813,159.1561,158.5406,,,3.740366820865283,False,
901853,FUND013,2026-01-07,168.0988,168.386,168.2384,,,8.297748908691565,False,
901854,FUND014,2026-01-07,127.3073,127.1162,127.4887,,,14.228712034870263,False,
901855,FUND015,2026-01-07,148.863,150.2201,148.9133,,,3.3778044002780754,False,
901856,FUND016,2026-01-07,25.4619,25.4627,25.4645,,,1.0210292760513837,False,
901857,FUND017,2026-01-07,23.5487,23.4344,23.5421,,,2.8034882189774186,False,
901858,FUND018,2026-01-07,242.0728,242.7998,242.0911,,,0.7559137861743219,False,
901859,FUND019,2026-01-07,150.1048,149.4911,150.1377,,,2.1913217000116374,False,
901860,FUND020,2026-01-07,134.6617,134.5712,134.6805,,,1.3958962136314328,False,
901861,FUND001,2026-01-08,31.8351,31.8881,31.8196,,,4.87121145457498,False,
901862,FUND002,2026-01-08,139.8921,139.4703,139.9535,,,4.387171453375007,False,
901863,FUND003,2026-01-08,205.1301,204.9005,205.1852,,,2.6853788674821644,False,
901864,FUND004,2026-01-08,80.7443,80.4176,80.7976,,,6.59673059595919,False,
901865,FUND005,2026-01-08,208.9201,207.9683,209.0416,,,5.812240243090251,False,
901866,FUND006,2026-01-08,233.8459,233.8027,233.6875,,,6.778282963359201,False,
901867,FUND007,2026-01-08,181.7803,180.6007,181.7148,,,3.6045495468731397,False,
901868,FUND008,2026-01-08,54.3763,54.5865,54.3766,,,0.05517079037726771,False,
901869,FUND009,2026-01-08,201.7489,200.9924,202.0657,,,15.678069063675858,False,
901870,FUND010,2026-01-08,116.7138,116.313,116.8216,,,9.227745553904196,False,
901871,FUND011,2026-01-08,158.111,158.8095,158.2555,,,9.130804300641813,False,
901872,FUND012,2026-01-08,158.9122,158.4813,158.948,,,2.252308931222458,False,
901873,FUND013,2026-01-08,168.7755,168.0988,168.8419,,,3.9326731101708625,False,
901874,FUND014,2026-01-08,126.7925,127.3073,126.8738,,,6.407942380538678,False,
901875,FUND015,2026-01-08,148.6217,148.863,148.5538,,,4.570734642938029,False,
901876,FUND016,2026-01-08,25.4723,25.4619,25.454,,,7.18943977370943,False,
901877,FUND017,2026-01-08,23.662,23.5487,23.6633,,,0.5493739250233581,False,
901878,FUND018,2026-01-08,242.6511,242.0728,242.3285,,,13.312507608474558,False,
901879,FUND019,2026-01-08,150.9968,150.1048,151.0447,,,3.1712466574463387,False,
901880,FUND020,2026-01-08,134.5112,134.6617,134.4799,,,2.3274853714209986,False,
901881,FUND001,2026-01-09,31.6562,31.8351,31.6422,,,4.424471117684405,False,
901882,FUND002,2026-01-09,139.8539,139.8921,139.8462,,,0.5506048787882558,False,
901883,FUND003,2026-01-09,204.9622,205.1301,204.8817,,,3.929096644551499,False,
901884,FUND004,2026-01-09,80.0891,80.7443,80.1593,,,8.757561505651848,False,
901885,FUND005,2026-01-09,208.6278,208.9201,208.6449,,,0.8195743102275314,False,
901886,FUND006,2026-01-09,233.9691,233.8459,233.9566,,,0.5342871284669307,False,
901887,FUND007,2026-01-09,180.2604,181.7803,180.3368,,,4.236517449572505,False,
901888,FUND008,2026-01-09,54.4162,54.3763,54.3953,,,3.8422437232636977,False,
901889,FUND009,2026-01-09,202.4059,201.7489,202.3919,,,0.6917272875055772,False,
901890,FUND010,2026-01-09,116.3824,116.7138,116.3393,,,3.704681049310911,False,
901891,FUND011,2026-01-09,158.7191,158.111,158.7162,,,0.18271606805171778,False,
901892,FUND012,2026-01-09,160.5,158.9122,160.5959,,,5.971509857972733,False,
901893,FUND013,2026-01-09,169.6654,168.7755,169.6035,,,3.6496888330729322,False,
901894,FUND014,2026-01-09,126.5218,126.7925,126.666,,,11.384270443528484,False,
901895,FUND015,2026-01-09,148.5303,148.6217,148.4608,,,4.681370435832556,False,
901896,FUND016,2026-01-09,25.7096,25.4723,25.6953,,,5.565220098616731,False,
901897,FUND017,2026-01-09,23.6042,23.662,23.6103,,,2.5836181666476046,False,
901898,FUND018,2026-01-09,242.3006,242.6511,242.5231,,,9.174383800965623,False,
901899,FUND019,2026-01-09,150.8591,150.9968,150.8068,,,3.468013378707224,False,
901900,FUND020,2026-01-09,133.6973,134.5112,133.832,,,10.064857433198409,False,
901901,FUND001,2026-01-12,31.6527,31.6562,31.642,,,3.3815814423866795,False,
901902,FUND002,2026-01-12,140.5128,139.8539,140.7329,,,15.639555498394632,False,
901903,FUND003,2026-01-12,206.7057,204.9622,206.4962,,,10.145465146575086,False,
901904,FUND004,2026-01-12,80.4274,80.0891,80.3752,,,6.494540604564484,False,
901905,FUND005,2026-01-12,209.268,208.6278,209.2158,,,2.495031445999735,False,
901906,FUND006,2026-01-12,235.0835,233.9691,235.118,,,1.46734831021055,False,
901907,FUND007,2026-01-12,180.0207,180.2604,180.0533,,,1.810574979742231,False,
901908,FUND008,2026-01-12,54.3222,54.4162,54.3366,,,2.650147414448983,False,
901909,FUND009,2026-01-12,201.7061,202.4059,201.7148,,,0.4313020165106672,False,
901910,FUND010,2026-01-12,116.6848,116.3824,116.7488,,,5.481855059752833,False,
901911,FUND011,2026-01-12,158.1703,158.7191,158.285,,,7.246422592159657,False,
901912,FUND012,2026-01-12,161.7874,160.5,161.7474,,,2.4729918378899467,False,
901913,FUND013,2026-01-12,169.7871,169.6654,169.6859,,,5.963960470493172,False,
901914,FUND014,2026-01-12,126.1682,126.5218,126.1742,,,0.4755330329021486,False,
901915,FUND015,2026-01-12,149.0774,148.5303,149.1403,,,4.217505261822918,False,
901916,FUND016,2026-01-12,25.6429,25.7096,25.6581,,,5.92405517166123,False,
901917,FUND017,2026-01-12,23.5437,23.6042,23.554,,,4.372930287848057,False,
901918,FUND018,2026-01-12,241.1939,242.3006,238.6566,2026-01-12,2026-01-14,106.3159367895133,True,2.0
901919,FUND019,2026-01-12,150.0687,150.8591,150.13,,,4.083127955770904,False,
901920,FUND020,2026-01-12,133.771,133.6973,133.7808,,,0.7325415904234903,False,
901921,FUND001,2026-01-13,31.5935,31.6527,31.6034,,,3.132574343267432,False,
901922,FUND002,2026-01-13,141.1208,140.5128,141.126,,,0.36846505959228576,False,
901923,FUND003,2026-01-13,208.3842,206.7057,208.4246,,,1.9383508472610873,False,
901924,FUND004,2026-01-13,80.1653,80.4274,80.167,,,0.2120573303228998,False,
901925,FUND005,2026-01-13,208.8102,209.268,208.8356,,,1.2162677244679805,False,
901926,FUND006,2026-01-13,235.2312,235.0835,235.1699,,,2.606626103084986,False,
901927,FUND007,2026-01-13,180.5837,180.0207,180.3715,,,11.764608045062314,False,
901928,FUND008,2026-01-13,54.3835,54.3222,54.395,,,2.11416490486353,False,
901929,FUND009,2026-01-13,203.2258,201.7061,203.2875,,,3.035110373239961,False,
901930,FUND010,2026-01-13,116.6481,116.6848,116.6597,,,0.9943450908926893,False,
901931,FUND011,2026-01-13,158.1792,158.1703,158.1815,,,0.14540259132648806,False,
901932,FUND012,2026-01-13,162.8954,161.7874,162.8932,,,0.13505781702291852,False,
901933,FUND013,2026-01-13,169.6038,169.7871,169.5543,,,2.9194187348828526,False,
901934,FUND014,2026-01-13,126.2789,126.1682,126.2648,,,1.1167007748793896,False,
901935,FUND015,2026-01-13,149.7001,149.0774,149.7129,,,0.8549697454259847,False,
901936,FUND016,2026-01-13,25.7076,25.6429,25.7098,,,0.8557048285097426,False,
901937,FUND017,2026-01-13,23.3647,23.5437,23.3665,,,0.7703335972436427,False,
901938,FUND018,2026-01-13,239.6066,241.1939,239.6273,,,0.8638414738222668,False,
901939,FUND019,2026-01-13,150.0514,150.0687,149.9987,,,3.5133637824852686,False,
901940,FUND020,2026-01-13,133.135,133.771,133.1845,,,3.716648709123298,False,
901941,FUND001,2026-01-14,31.6219,31.5935,31.638,,,5.088817245085517,False,
901942,FUND002,2026-01-14,141.5999,141.1208,141.7009,,,7.127689379531048,False,
901943,FUND003,2026-01-14,208.3299,208.3842,208.301,,,1.387415326859759,False,
901944,FUND004,2026-01-14,80.232,80.1653,80.1927,,,4.900695449834864,False,
901945,FUND005,2026-01-14,209.7126,208.8102,209.6827,,,1.4259640876427964,False,
901946,FUND006,2026-01-14,237.1993,235.2312,237.1972,,,0.08853392873037488,False,
901947,FUND007,2026-01-14,180.3211,180.5837,180.3672,,,2.555897081065493,False,
901948,FUND008,2026-01-14,54.7418,54.3835,54.7111,,,5.611292772398279,False,
901949,FUND009,2026-01-14,202.7342,203.2258,202.8743,,,6.905753957007767,False,
901950,FUND010,2026-01-14,116.773,116.6481,116.7344,,,3.306651681081362,False,
901951,FUND011,2026-01-14,157.4583,158.1792,157.5328,,,4.7291738609356555,False,
901952,FUND012,2026-01-14,163.6025,162.8954,163.5852,,,1.057552883757569,False,
901953,FUND013,2026-01-14,168.8001,169.6038,168.7674,,,1.9375779919568044,False,
901954,FUND014,2026-01-14,126.2973,126.2789,126.2794,,,1.4174916890650078,False,
901955,FUND015,2026-01-14,149.7437,149.7001,149.858,,,7.6272204353464135,False,
901956,FUND016,2026-01-14,25.6135,25.7076,25.6287,,,5.9308509600565396,False,
901957,FUND017,2026-01-14,23.3526,23.3647,23.3637,,,4.750959822289514,False,
901958,FUND018,2026-01-14,237.4395,239.6066,237.6219,,,7.676060161121564,False,
901959,FUND019,2026-01-14,148.9694,150.0514,149.0401,,,4.743689785499876,False,
901960,FUND020,2026-01-14,132.913,133.135,132.8223,,,6.828672594887923,False,
901961,FUND001,2026-01-15,31.5421,31.6219,31.5623,,,6.4000405547121435,False,
901962,FUND002,2026-01-15,142.5968,141.5999,142.5819,,,1.0450134273713185,False,
901963,FUND003,2026-01-15,208.6401,208.3299,208.6283,,,0.5655992020255073,False,
901964,FUND004,2026-01-15,79.9081,80.232,79.8784,,,3.7181515904181093,False,
901965,FUND005,2026-01-15,209.4921,209.7126,209.6675,,,8.365626527716325,False,
901966,FUND006,2026-01-15,237.5881,237.1993,237.572,,,0.6776892899834346,False,
901967,FUND007,2026-01-15,181.9476,180.3211,181.8547,,,5.10847396300376,False,
901968,FUND008,2026-01-15,54.9265,54.7418,54.9456,,,3.4761655164383813,False,
901969,FUND009,2026-01-15,201.8861,202.7342,202.0386,,,7.548062597939374,False,
901970,FUND010,2026-01-15,116.0643,116.773,116.0967,,,2.7907769988290405,False,
901971,FUND011,2026-01-15,157.553,157.4583,157.56,,,0.4442751967507617,False,
901972,FUND012,2026-01-15,162.2446,163.6025,162.2661,,,1.324984084784387,False,
901973,FUND013,2026-01-15,169.3998,168.8001,169.3877,,,0.7143375817726892,False,
901974,FUND014,2026-01-15,127.0422,126.2973,127.1239,,,6.426800939871423,False,
901975,FUND015,2026-01-15,150.2984,149.7437,150.2918,,,0.4391457152014763,False,
901976,FUND016,2026-01-15,25.583,25.6135,25.5675,,,6.0623838857922765,False,
901977,FUND017,2026-01-15,23.466,23.3526,23.4668,,,0.3409071539358308,False,
901978,FUND018,2026-01-15,238.0926,237.4395,238.0674,,,1.0585237625988406,False,
901979,FUND019,2026-01-15,149.0724,148.9694,148.9986,,,4.95306667310815,False,
901980,FUND020,2026-01-15,132.7646,132.913,132.8075,,,3.23023925606634,False,
901981,FUND001,2026-01-16,31.6539,31.5421,31.6733,,,6.125032756296619,False,
901982,FUND002,2026-01-16,142.7878,142.5968,142.7761,,,0.8194648824271356,False,
901983,FUND003,2026-01-16,208.9001,208.6401,208.5916,,,14.789665547414629,False,
901984,FUND004,2026-01-16,79.929,79.9081,79.8792,,,6.234413965087874,False,
901985,FUND005,2026-01-16,209.5496,209.4921,209.7231,,,8.272813056834941,False,
901986,FUND006,2026-01-16,237.1949,237.5881,237.4892,,,12.392142463742397,False,
901987,FUND007,2026-01-16,181.9973,181.9476,182.2172,,,12.06801553311079,False,
901988,FUND008,2026-01-16,54.8905,54.9265,54.8296,,,11.107139209478772,False,
901989,FUND009,2026-01-16,201.9158,201.8861,201.9172,,,0.06933535132311924,False,
901990,FUND010,2026-01-16,115.2507,116.0643,115.3014,,,4.397171239898751,False,
901991,FUND011,2026-01-16,158.1653,157.553,158.1924,,,1.7131037900676729,False,
901992,FUND012,2026-01-16,163.8462,162.2446,163.8787,,,1.9831741403854717,False,
901993,FUND013,2026-01-16,169.4464,169.3998,169.2973,,,8.806992196568062,False,
901994,FUND014,2026-01-16,128.1048,127.0422,128.0673,,,2.928147934720474,False,
901995,FUND015,2026-01-16,150.3357,150.2984,150.4296,,,6.242122560984725,False,
901996,FUND016,2026-01-16,25.6271,25.583,25.6417,,,5.693850251738964,False,
901997,FUND017,2026-01-16,23.2664,23.466,23.2556,,,4.644042725192942,False,
901998,FUND018,2026-01-16,238.6796,238.0926,238.6191,,,2.5354215148741424,False,
901999,FUND019,2026-01-16,150.3448,149.0724,150.3332,,,0.7716193096393329,False,
902000,FUND020,2026-01-16,132.5161,132.7646,132.437,,,5.972651147336667,False,
902001,FUND001,2026-01-19,31.6723,31.6539,31.6692,,,0.9788690588963033,False,
902002,FUND002,2026-01-19,143.4335,142.7878,143.435,,,0.10457698609076943,False,
902003,FUND003,2026-01-19,209.0354,208.9001,208.925,,,5.284192892186119,False,
902004,FUND004,2026-01-19,79.2725,79.929,79.3483,,,9.552819657132035,False,
902005,FUND005,2026-01-19,208.8985,209.5496,208.9674,,,3.297165012340924,False,
902006,FUND006,2026-01-19,237.1473,237.1949,237.1561,,,0.3710636159056382,False,
902007,FUND007,2026-01-19,182.1146,181.9973,180.855,2026-01-19,2026-01-21,69.64695474275005,True,2.0
902008,FUND008,2026-01-19,54.6069,54.8905,54.5934,,,2.472826385607145,False,
902009,FUND009,2026-01-19,200.38,201.9158,200.348,,,1.597220835744917,False,
902010,FUND010,2026-01-19,115.3591,115.2507,115.4082,,,4.254463720948399,False,
902011,FUND011,2026-01-19,158.276,158.1653,158.342,,,4.168192898915164,False,
902012,FUND012,2026-01-19,164.392,163.8462,164.3775,,,0.8821158613556102,False,
902013,FUND013,2026-01-19,168.536,169.4464,168.5001,,,2.130562533790665,False,
902014,FUND014,2026-01-19,128.3085,128.1048,128.4177,,,8.50350068565214,False,
902015,FUND015,2026-01-19,149.8369,150.3357,149.8143,,,1.5085342320466923,False,
902016,FUND016,2026-01-19,25.4821,25.6271,25.4809,,,0.47094097932206325,False,
902017,FUND017,2026-01-19,23.2601,23.2664,23.2699,,,4.211449125264172,False,
902018,FUND018,2026-01-19,238.4462,238.6796,238.5605,,,4.7912374429122115,False,
902019,FUND019,2026-01-19,151.2004,150.3448,151.2157,,,1.011799700692211,False,
902020,FUND020,2026-01-19,132.8254,132.5161,132.8575,,,2.4161225373039223,False,
902021,FUND001,2026-01-20,31.6201,31.6723,31.655,,,11.025114515874387,False,
902022,FUND002,2026-01-20,143.3005,143.4335,143.2099,,,6.32637827412734,False,
902023,FUND003,2026-01-20,208.2844,209.0354,208.2497,,,1.6662689069907448,False,
902024,FUND004,2026-01-20,79.0447,79.2725,78.99,,,6.924927205976842,False,
902025,FUND005,2026-01-20,209.5316,208.8985,209.4958,,,1.7088648077906443,False,
902026,FUND006,2026-01-20,238.0434,237.1473,238.1986,,,6.5155714601180605,False,
902027,FUND007,2026-01-20,181.5391,182.1146,181.5047,,,1.895267725848238,False,
902028,FUND008,2026-01-20,54.5267,54.6069,54.5127,,,2.568208876095991,False,
902029,FUND009,2026-01-20,200.1913,200.38,200.2998,,,5.416880096734609,False,
902030,FUND010,2026-01-20,115.5496,115.3591,115.5618,,,1.0557121817077177,False,
902031,FUND011,2026-01-20,158.2335,158.276,158.1761,,,3.628866813633743,False,
902032,FUND012,2026-01-20,163.8557,164.392,163.7986,,,3.4859882807313185,False,
902033,FUND013,2026-01-20,168.6134,168.536,168.5234,,,5.340504642085515,False,
902034,FUND014,2026-01-20,128.0462,128.3085,128.0289,,,1.3512574114130378,False,
902035,FUND015,2026-01-20,150.1294,149.8369,150.1135,,,1.0591985397726544,False,
902036,FUND016,2026-01-20,25.4568,25.4821,25.4427,,,5.541864660591315,False,
902037,FUND017,2026-01-20,23.1496,23.2601,23.1451,,,1.944256019632739,False,
902038,FUND018,2026-01-20,239.0535,238.4462,238.9851,,,2.862103118563682,False,
902039,FUND019,2026-01-20,151.6281,151.2004,151.7133,,,5.615855696238537,False,
902040,FUND020,2026-01-20,132.6674,132.8254,132.5874,,,6.033755847085326,False,
902041,FUND001,2026-01-21,31.4676,31.6201,31.4599,,,2.447560227464111,False,
902042,FUND002,2026-01-21,144.6716,143.3005,144.4712,,,13.871276766580598,False,
902043,FUND003,2026-01-21,208.3139,208.2844,208.4829,,,8.106180410959897,False,
902044,FUND004,2026-01-21,78.7968,79.0447,78.7542,,,5.409235316974497,False,
902045,FUND005,2026-01-21,209.5256,209.5316,209.5215,,,0.19568397515262145,False,
902046,FUND006,2026-01-21,238.0981,238.0434,238.1886,,,3.799510136086278,False,
902047,FUND007,2026-01-21,181.8869,181.5391,181.8518,,,1.9301431165377474,False,
902048,FUND008,2026-01-21,54.788,54.5267,54.7719,,,2.939463484011774,False,
902049,FUND009,2026-01-21,201.0522,200.1913,201.1767,,,6.188589434065268,False,
902050,FUND010,2026-01-21,116.2568,115.5496,116.3143,,,4.943502217698472,False,
902051,FUND011,2026-01-21,158.7244,158.2335,158.7237,,,0.044101794501691674,False,
902052,FUND012,2026-01-21,164.2497,163.8557,164.245,,,0.28615787390699826,False,
902053,FUND013,2026-01-21,168.1939,168.6134,168.2026,,,0.5172333840247518,False,
902054,FUND014,2026-01-21,127.8572,128.0462,127.7987,,,4.577511351837642,False,
902055,FUND015,2026-01-21,149.3249,150.1294,149.2976,,,1.8285625488973163,False,
902056,FUND016,2026-01-21,25.3436,25.4568,25.3231,,,8.095375368733846,False,
902057,FUND017,2026-01-21,23.1845,23.1496,23.1996,,,6.508732909188233,False,
902058,FUND018,2026-01-21,239.7845,239.0535,239.814,,,1.2301200096735194,False,
902059,FUND019,2026-01-21,151.6918,151.6281,151.7325,,,2.682352165817268,False,
902060,FUND020,2026-01-21,132.3996,132.6674,132.4164,,,1.2687250219774657,False,
902061,FUND001,2026-01-22,31.4634,31.4676,31.4629,,,0.15891732802724312,False,
902062,FUND002,2026-01-22,144.9998,144.6716,144.9808,,,1.3105183582933366,False,
902063,FUND003,2026-01-22,207.8934,208.3139,207.8381,,,2.6607248622854414,False,
902064,FUND004,2026-01-22,78.7091,78.7968,78.7429,,,4.292450493949217,False,
902065,FUND005,2026-01-22,208.338,209.5256,208.2544,,,4.014320945919506,False,
902066,FUND006,2026-01-22,239.2479,238.0981,238.9495,,,12.487994325160198,False,
902067,FUND007,2026-01-22,181.0889,181.8869,182.7945,2026-01-22,2026-01-24,93.3069649250937,True,2.0
902068,FUND008,2026-01-22,54.8835,54.788,54.8447,,,7.074521330227868,False,
902069,FUND009,2026-01-22,200.5823,201.0522,200.5831,,,0.039883719017112386,False,
902070,FUND010,2026-01-22,116.1121,116.2568,116.1709,,,5.061508518915242,False,
902071,FUND011,2026-01-22,158.3332,158.7244,158.2234,,,6.939555084772985,False,
902072,FUND012,2026-01-22,162.7329,164.2497,162.6451,,,5.3982566950979285,False,
902073,FUND013,2026-01-22,168.4285,168.1939,168.3987,,,1.7696098604100223,False,
902074,FUND014,2026-01-22,127.1517,127.8572,127.1213,,,2.391416702000389,False,
902075,FUND015,2026-01-22,148.2431,149.3249,148.1354,,,7.2703756158213455,False,
902076,FUND016,2026-01-22,25.3599,25.3436,25.3625,,,1.0251355347465927,False,
902077,FUND017,2026-01-22,23.2344,23.1845,23.2302,,,1.8079913216420305,False,
902078,FUND018,2026-01-22,239.7323,239.7845,239.5553,,,7.388690628010356,False,
902079,FUND019,2026-01-22,150.7637,151.6918,150.798,,,2.2745659756761873,False,
902080,FUND020,2026-01-22,132.441,132.3996,132.3454,,,7.223522691381064,False,
902081,FUND001,2026-01-23,31.4799,31.4634,31.4488,,,9.889089567806126,False,
902082,FUND002,2026-01-23,144.5902,144.9998,144.6692,,,5.4607338673317685,False,
902083,FUND003,2026-01-23,208.3693,207.8934,208.3272,,,2.020859494103742,False,
902084,FUND004,2026-01-23,77.9546,78.7091,77.871,,,10.735703920587142,False,
902085,FUND005,2026-01-23,208.5868,208.338,208.5225,,,3.083600091117405,False,
902086,FUND006,2026-01-23,238.8916,239.2479,238.5991,,,12.259057138103966,False,
902087,FUND007,2026-01-23,181.8168,181.0889,181.7571,,,3.284603462532815,False,
902088,FUND008,2026-01-23,55.0235,54.8835,55.0638,,,7.318782939063777,False,
902089,FUND009,2026-01-23,201.8179,200.5823,201.8504,,,1.6101033240458706,False,
902090,FUND010,2026-01-23,116.4423,116.1121,116.3174,,,10.737860371706784,False,
902091,FUND011,2026-01-23,158.1463,158.3332,158.0541,,,5.833445636651701,False,
902092,FUND012,2026-01-23,162.9886,162.7329,163.1215,,,8.147301244778062,False,
902093,FUND013,2026-01-23,169.2313,168.4285,169.0505,,,10.69502900021029,False,
902094,FUND014,2026-01-23,126.4476,127.1517,126.4195,,,2.2227583561076343,False,
902095,FUND015,2026-01-23,149.2696,148.2431,149.5087,,,15.992380376527093,False,
902096,FUND016,2026-01-23,25.5007,25.3599,25.4929,,,3.0596754390436494,False,
902097,FUND017,2026-01-23,23.2801,23.2344,23.297,,,7.254152895222428,False,
902098,FUND018,2026-01-23,238.4182,239.7323,238.5363,,,4.951028417896912,False,
902099,FUND019,2026-01-23,150.178,150.7637,150.2144,,,2.4232031017009446,False,
902100,FUND020,2026-01-23,132.4928,132.441,132.4286,,,4.8478953941972955,False,
902101,FUND001,2026-01-26,31.3844,31.4799,31.371,,,4.2714609033823425,False,
902102,FUND002,2026-01-26,144.1496,144.5902,144.2636,,,7.902201248270827,False,
902103,FUND003,2026-01-26,207.9187,208.3693,207.923,,,0.20680732771269347,False,
902104,FUND004,2026-01-26,77.9631,77.9546,77.9561,,,0.897941277204836,False,
902105,FUND005,2026-01-26,208.844,208.5868,208.9584,,,5.474773926294305,False,
902106,FUND006,2026-01-26,238.2788,238.8916,238.3896,,,4.647853765433214,False,
902107,FUND007,2026-01-26,181.7883,181.8168,181.732,,,3.0979684370387783,False,
902108,FUND008,2026-01-26,54.8979,55.0235,54.8796,,,3.334572409419243,False,
902109,FUND009,2026-01-26,201.4854,201.8179,201.3561,,,6.4214592952485985,False,
902110,FUND010,2026-01-26,117.1339,116.4423,117.154,,,1.7156904587124078,False,
902111,FUND011,2026-01-26,157.4209,158.1463,157.4378,,,1.0734397965432068,False,
902112,FUND012,2026-01-26,162.3367,162.9886,162.3076,,,1.7928920149148702,False,
902113,FUND013,2026-01-26,168.7297,169.2313,168.712,,,1.04912513632813,False,
902114,FUND014,2026-01-26,126.0414,126.4476,126.0794,,,3.0139737340129242,False,
902115,FUND015,2026-01-26,148.7486,149.2696,148.8415,,,6.241538818137817,False,
902116,FUND016,2026-01-26,25.2946,25.5007,25.3069,,,4.860334533269486,False,
902117,FUND017,2026-01-26,23.2897,23.2801,23.3041,,,6.179170188936031,False,
902118,FUND018,2026-01-26,237.6629,238.4182,237.6535,,,0.3955338339220507,False,
902119,FUND019,2026-01-26,149.6461,150.178,149.5623,,,5.60301626813686,False,
902120,FUND020,2026-01-26,132.6709,132.4928,132.5839,,,6.561882702197558,False,
902121,FUND001,2026-01-27,31.464,31.3844,31.4509,,,4.1652226168401825,False,
902122,FUND002,2026-01-27,144.3714,144.1496,144.2606,,,7.680544791854695,False,
902123,FUND003,2026-01-27,207.1403,207.9187,207.3686,,,11.00938136246231,False,
902124,FUND004,2026-01-27,78.0654,77.9631,77.9793,,,11.041391753965712,False,
902125,FUND005,2026-01-27,208.4017,208.844,208.4368,,,1.683963676279808,False,
902126,FUND006,2026-01-27,238.0937,238.2788,238.2439,,,6.304463619004889,False,
902127,FUND007,2026-01-27,181.4088,181.7883,182.4667,2026-01-27,2026-01-28,57.97770223279039,True,1.0
902128,FUND008,2026-01-27,54.8372,54.8979,54.8376,,,0.07294265248644502,False,
902129,FUND009,2026-01-27,201.2457,201.4854,201.0507,,,9.699046061515487,False,
902130,FUND010,2026-01-27,118.3373,117.1339,118.391,,,4.535817756417828,False,
902131,FUND011,2026-01-27,157.6808,157.4209,157.7027,,,1.3886889698139628,False,
902132,FUND012,2026-01-27,161.9427,162.3367,161.9177,,,1.5439942637528623,False,
902133,FUND013,2026-01-27,168.9395,168.7297,168.8527,,,5.140575187723434,False,
902134,FUND014,2026-01-27,126.3869,126.0414,126.3758,,,0.8783327187641147,False,
902135,FUND015,2026-01-27,148.8265,148.7486,148.9745,,,9.934586120443171,False,
902136,FUND016,2026-01-27,25.5321,25.2946,25.5217,,,4.074963658377237,False,
902137,FUND017,2026-01-27,23.2815,23.2897,23.2972,,,6.739007262674887,False,
902138,FUND018,2026-01-27,237.5544,237.6629,237.6718,,,4.939584755112029,False,
902139,FUND019,2026-01-27,149.6366,149.6461,149.6808,,,2.9529505454285236,False,
902140,FUND020,2026-01-27,131.5993,132.6709,131.6853,,,6.530721348549362,False,
902141,FUND001,2026-01-28,31.4594,31.464,31.4518,,,2.4163958819527185,False,
902142,FUND002,2026-01-28,144.8218,144.3714,144.8032,,,1.284501999955262,False,
902143,FUND003,2026-01-28,206.2373,207.1403,206.1437,,,4.540521975690222,False,
902144,FUND004,2026-01-28,77.88,78.0654,77.9359,,,7.172561040548486,False,
902145,FUND005,2026-01-28,210.2169,208.4017,210.2543,,,1.7787983408658468,False,
902146,FUND006,2026-01-28,237.5826,238.0937,237.5965,,,0.5850254528150989,False,
902147,FUND007,2026-01-28,181.3147,181.4088,181.3909,,,4.200872259854274,False,
902148,FUND008,2026-01-28,54.5012,54.8372,54.533,,,5.831331487357021,False,
902149,FUND009,2026-01-28,200.8129,201.2457,200.7911,,,1.0857054919273386,False,
902150,FUND010,2026-01-28,118.5749,118.3373,118.5416,,,2.8091404199029704,False,
902151,FUND011,2026-01-28,157.8363,157.6808,157.8083,,,1.7743046468399688,False,
902152,FUND012,2026-01-28,160.9549,161.9427,161.0565,,,6.308345208047523,False,
902153,FUND013,2026-01-28,169.5229,168.9395,169.4948,,,1.6578679699905192,False,
902154,FUND014,2026-01-28,126.35,126.3869,126.4149,,,5.133888489411344,False,
902155,FUND015,2026-01-28,149.6758,148.8265,149.7227,,,3.1324575364987224,False,
902156,FUND016,2026-01-28,25.7493,25.5321,25.7644,,,5.860800173882095,False,
902157,FUND017,2026-01-28,23.3331,23.2815,23.3469,,,5.910848977808536,False,
902158,FUND018,2026-01-28,238.4957,237.5544,238.51,,,0.5995555741894069,False,
902159,FUND019,2026-01-28,149.5244,149.6366,149.6249,,,6.716796469035734,False,
902160,FUND020,2026-01-28,131.3016,131.5993,131.455,,,11.669392567799235,False,
902161,FUND001,2026-01-29,31.5423,31.4594,31.5576,,,4.848277435546388,False,
902162,FUND002,2026-01-29,144.8908,144.8218,144.9473,,,3.8979684340446332,False,
902163,FUND003,2026-01-29,204.3965,206.2373,204.3399,,,2.769894670595566,False,
902164,FUND004,2026-01-29,77.91,77.88,77.9125,,,0.32087277394483893,False,
902165,FUND005,2026-01-29,211.2613,210.2169,209.7271,2026-01-29,2026-01-30,73.15220589041657,True,1.0
902166,FUND006,2026-01-29,236.2143,237.5826,236.0417,,,7.312267281586982,False,
902167,FUND007,2026-01-29,182.0723,181.3147,181.9366,,,7.458642186344811,False,
902168,FUND008,2026-01-29,54.2674,54.5012,54.2378,,,5.4574484953302065,False,
902169,FUND009,2026-01-29,200.5604,200.8129,200.6415,,,4.042035172186242,False,
902170,FUND010,2026-01-29,119.0029,118.5749,119.0292,,,2.2095418603171497,False,
902171,FUND011,2026-01-29,157.9145,157.8363,157.8817,,,2.0775048659856603,False,
902172,FUND012,2026-01-29,160.6571,160.9549,160.5546,,,6.384121040444837,False,
902173,FUND013,2026-01-29,169.7024,169.5229,169.7122,,,0.577448174025454,False,
902174,FUND014,2026-01-29,126.089,126.35,126.0225,,,5.276835485727143,False,
902175,FUND015,2026-01-29,149.1368,149.6758,149.1952,,,3.9143350456318973,False,
902176,FUND016,2026-01-29,25.86,25.7493,25.8585,,,0.5800800510470665,False,
902177,FUND017,2026-01-29,23.427,23.3331,23.3859,,,17.57469244288231,False,
902178,FUND018,2026-01-29,237.7858,238.4957,237.6331,,,6.4258724899848385,False,
902179,FUND019,2026-01-29,149.6651,149.5244,149.6479,,,1.14936460852458,False,
902180,FUND020,2026-01-29,130.7654,131.3016,130.713,,,4.008782600047875,False,
902181,FUND001,2026-01-30,31.7456,31.5423,31.7539,,,2.613852156743572,False,
902182,FUND002,2026-01-30,144.1198,144.8908,144.1182,,,0.1110199822087891,False,
902183,FUND003,2026-01-30,204.5653,204.3965,203.1718,2026-01-30,2026-01-31,68.58727441505255,True,1.0
902184,FUND004,2026-01-30,78.0395,77.91,78.0124,,,3.473806728161721,False,
902185,FUND005,2026-01-30,210.3973,211.2613,210.5068,,,5.201732200574853,False,
902186,FUND006,2026-01-30,235.4157,236.2143,235.4655,,,2.114959516362471,False,
902187,FUND007,2026-01-30,181.2918,182.0723,181.2502,,,2.2951698811912102,False,
902188,FUND008,2026-01-30,53.9671,54.2674,53.9958,,,5.315228221454374,False,
902189,FUND009,2026-01-30,201.3635,200.5604,201.4038,,,2.000955294785997,False,
902190,FUND010,2026-01-30,119.4735,119.0029,119.5162,,,3.5727374196967783,False,
902191,FUND011,2026-01-30,158.7001,157.9145,158.7185,,,1.15928514949511,False,
902192,FUND012,2026-01-30,161.0533,160.6571,161.1323,,,4.902803472673034,False,
902193,FUND013,2026-01-30,168.999,169.7024,168.7505,,,14.725882293682512,False,
902194,FUND014,2026-01-30,126.4453,126.089,126.2679,,,14.049493180769282,False,
902195,FUND015,2026-01-30,148.9391,149.1368,148.9573,,,1.221826657707096,False,
902196,FUND016,2026-01-30,26.0911,25.86,26.109,,,6.8558734535987265,False,
902197,FUND017,2026-01-30,23.4121,23.427,23.454,,,17.864756544726625,False,
902198,FUND018,2026-01-30,239.8924,237.7858,239.829,,,2.6435501961815064,False,
902199,FUND019,2026-01-30,149.816,149.6651,149.9367,,,8.050063793587517,False,
902200,FUND020,2026-01-30,131.5012,130.7654,131.5398,,,2.934473064426311,False,
902201,FUND001,2026-02-02,31.7952,31.7456,31.7878,,,2.3279371331141245,False,
902202,FUND002,2026-02-02,144.2993,144.1198,144.2107,,,6.143788220983973,False,
902203,FUND003,2026-02-02,203.0361,204.5653,203.0438,,,0.3792285211368098,False,
902204,FUND004,2026-02-02,78.5106,78.0395,78.5574,,,5.957427307930839,False,
902205,FUND005,2026-02-02,209.7124,210.3973,209.6084,,,4.961633216990036,False,
902206,FUND006,2026-02-02,233.8746,235.4157,233.891,,,0.7011813195037181,False,
902207,FUND007,2026-02-02,180.9627,181.2918,180.9114,,,2.8356421983372027,False,
902208,FUND008,2026-02-02,53.9915,53.9671,53.9491,,,7.859259932047181,False,
902209,FUND009,2026-02-02,201.5965,201.3635,201.5232,,,3.6372983358734396,False,
902210,FUND010,2026-02-02,119.8588,119.4735,119.8661,,,0.6090128902167293,False,
902211,FUND011,2026-02-02,159.3157,158.7001,159.2132,,,6.437908414628438,False,
902212,FUND012,2026-02-02,161.3878,161.0533,161.2476,,,8.694703052944229,False,
902213,FUND013,2026-02-02,168.6768,168.999,168.5765,,,5.949821001146414,False,
902214,FUND014,2026-02-02,126.2722,126.4453,126.341,,,5.445579819694001,False,
902215,FUND015,2026-02-02,148.4054,148.9391,148.4164,,,0.7411579852377569,False,
902216,FUND016,2026-02-02,26.1711,26.0911,26.172,,,0.34387895460853396,False,
902217,FUND017,2026-02-02,23.5518,23.4121,23.5307,,,8.967009056254408,False,
902218,FUND018,2026-02-02,238.8523,239.8924,238.9215,,,2.8963488007565266,False,
902219,FUND019,2026-02-02,149.4943,149.816,149.6148,,,8.054016046540363,False,
902220,FUND020,2026-02-02,130.5715,131.5012,130.5431,,,2.1755267034394343,False,
902221,FUND001,2026-02-03,31.7754,31.7952,31.7918,,,5.158562899866414,False,
902222,FUND002,2026-02-03,144.0409,144.2993,144.2811,,,16.648057160640978,False,
902223,FUND003,2026-02-03,202.2322,203.0361,202.2031,,,1.4391470753910143,False,
902224,FUND004,2026-02-03,79.1063,78.5106,79.1084,,,0.2654585353766046,False,
902225,FUND005,2026-02-03,210.4183,209.7124,210.4005,,,0.8460055940928868,False,
902226,FUND006,2026-02-03,233.3137,233.8746,233.2354,,,3.357123318330447,False,
902227,FUND007,2026-02-03,181.464,180.9627,181.589,,,6.8836768747005594,False,
902228,FUND008,2026-02-03,54.1832,53.9915,54.168,,,2.8060847732979073,False,
902229,FUND009,2026-02-03,201.0611,201.5965,200.9095,,,7.54568599294717,False,
902230,FUND010,2026-02-03,119.8208,119.8588,119.7937,,,2.2622224707980756,False,
902231,FUND011,2026-02-03,159.6703,159.3157,159.5903,,,5.012835993164001,False,
902232,FUND012,2026-02-03,160.634,161.3878,160.6852,,,3.1863544371244386,False,
902233,FUND013,2026-02-03,168.6259,168.6768,168.5883,,,2.2302852570432012,False,
902234,FUND014,2026-02-03,126.9153,126.2722,127.0354,,,9.454057687856587,False,
902235,FUND015,2026-02-03,148.5716,148.4054,148.5394,,,2.1677750145745107,False,
902236,FUND016,2026-02-03,26.2361,26.1711,26.2441,,,3.048304190274812,False,
902237,FUND017,2026-02-03,23.5027,23.5518,23.5042,,,0.6381838139566788,False,
902238,FUND018,2026-02-03,237.7201,238.8523,237.7712,,,2.149124872986764,False,
902239,FUND019,2026-02-03,149.7713,149.4943,149.7526,,,1.2487262324657802,False,
902240,FUND020,2026-02-03,131.2176,130.5715,131.3094,,,6.991121732336475,False,
902241,FUND001,2026-02-04,31.6541,31.7754,31.6352,,,5.974357677523323,False,
902242,FUND002,2026-02-04,143.7103,144.0409,143.7234,,,0.9114730099627861,False,
902243,FUND003,2026-02-04,203.5062,202.2322,203.5413,,,1.7244657472463774,False,
902244,FUND004,2026-02-04,78.6347,79.1063,78.6498,,,1.9199031656792374,False,
902245,FUND005,2026-02-04,210.8756,210.4183,210.8707,,,0.23236988353489282,False,
902246,FUND006,2026-02-04,233.2447,233.3137,233.1106,,,5.752634157348034,False,
902247,FUND007,2026-02-04,180.2293,181.464,180.2599,,,1.697548927964158,False,
902248,FUND008,2026-02-04,54.3635,54.1832,54.9583,2026-02-04,2026-02-05,108.22751067627625,True,1.0
902249,FUND009,2026-02-04,200.5072,201.0611,200.6922,,,9.218096169158654,False,
902250,FUND010,2026-02-04,119.773,119.8208,119.678,,,7.9379668777886385,False,
902251,FUND011,2026-02-04,159.5356,159.6703,159.5054,,,1.8933528269249411,False,
902252,FUND012,2026-02-04,159.213,160.634,159.2073,,,0.35802378408466623,False,
902253,FUND013,2026-02-04,168.6132,168.6259,168.3965,,,12.86843847704691,False,
902254,FUND014,2026-02-04,126.9221,126.9153,126.8774,,,3.52308606576159,False,
902255,FUND015,2026-02-04,148.97,148.5716,149.012,,,2.8185649477895467,False,
902256,FUND016,2026-02-04,26.275,26.2361,26.2607,,,5.445399399101565,False,
902257,FUND017,2026-02-04,23.6678,23.5027,23.6695,,,0.7182238746063883,False,
902258,FUND018,2026-02-04,236.8458,237.7201,236.7413,,,4.414100961682714,False,
902259,FUND019,2026-02-04,149.3636,149.7713,149.1792,,,12.360972575264002,False,
902260,FUND020,2026-02-04,131.0588,131.2176,131.1663,,,8.195702707175235,False,
902261,FUND001,2026-02-05,31.656,31.6541,31.6904,,,10.855022341151118,False,
902262,FUND002,2026-02-05,143.5789,143.7103,143.7361,,,10.936709706189948,False,
902263,FUND003,2026-02-05,204.25,203.5062,204.1906,,,2.90904674358226,False,
902264,FUND004,2026-02-05,78.9851,78.6347,79.0124,,,3.4551538745813026,False,
902265,FUND005,2026-02-05,209.5295,210.8756,209.4252,,,4.9802984550103515,False,
902266,FUND006,2026-02-05,232.4931,233.2447,232.4975,,,0.1892493467673397,False,
902267,FUND007,2026-02-05,179.6648,180.2293,179.6549,,,0.5510564977641026,False,
902268,FUND008,2026-02-05,54.6696,54.3635,54.643,,,4.867961129513745,False,
902269,FUND009,2026-02-05,199.7042,200.5072,199.5734,,,6.553979638568747,False,
902270,FUND010,2026-02-05,119.6101,119.773,119.727,,,9.763879492512224,False,
902271,FUND011,2026-02-05,158.4671,159.5356,158.5905,,,7.781046153458355,False,
902272,FUND012,2026-02-05,160.0486,159.213,160.0722,,,1.474334706464711,False,
902273,FUND013,2026-02-05,167.6647,168.6132,167.6217,,,2.5653003161289,False,
902274,FUND014,2026-02-05,126.4792,126.9221,126.5079,,,2.2686330260798426,False,
902275,FUND015,2026-02-05,149.0881,148.97,148.8943,,,13.01594486827301,False,
902276,FUND016,2026-02-05,26.2852,26.275,26.2972,,,4.563223461053061,False,
902277,FUND017,2026-02-05,23.7138,23.6678,23.7016,,,5.147331825699526,False,
902278,FUND018,2026-02-05,237.8633,236.8458,237.6854,,,7.484683535464205,False,
902279,FUND019,2026-02-05,149.2611,149.3636,149.2849,,,1.5942670692075536,False,
902280,FUND020,2026-02-05,130.6186,131.0588,130.4958,,,9.410264544911316,False,
902281,FUND001,2026-02-06,31.7461,31.656,31.7832,,,11.67283344660146,False,
902282,FUND002,2026-02-06,142.835,143.5789,142.8895,,,3.81413609817308,False,
902283,FUND003,2026-02-06,204.6174,204.25,204.476,,,6.915236996029089,False,
902284,FUND004,2026-02-06,78.4338,78.9851,78.4073,,,3.3797873412295325,False,
902285,FUND005,2026-02-06,209.5106,209.5295,209.4154,,,4.545988499413391,False,
902286,FUND006,2026-02-06,231.9004,232.4931,231.9713,,,3.0564125820747243,False,
902287,FUND007,2026-02-06,179.8927,179.6648,179.9693,,,4.256281488010084,False,
902288,FUND008,2026-02-06,54.5133,54.6696,54.4788,,,6.332738606577477,False,
902289,FUND009,2026-02-06,199.1044,199.7042,199.1005,,,0.1958809746830047,False,
902290,FUND010,2026-02-06,118.9252,119.6101,118.8453,,,6.723025647628404,False,
902291,FUND011,2026-02-06,159.5731,158.4671,159.7473,,,10.904722646328596,False,
902292,FUND012,2026-02-06,160.2331,160.0486,160.2985,,,4.079888458094279,False,
902293,FUND013,2026-02-06,168.2211,167.6647,168.0152,,,12.254843609388555,False,
902294,FUND014,2026-02-06,126.5588,126.4792,126.4296,,,10.219125900897538,False,
902295,FUND015,2026-02-06,148.8959,149.0881,148.9319,,,2.4172121620687954,False,
902296,FUND016,2026-02-06,26.2973,26.2852,26.3146,,,6.574297158231081,False,
902297,FUND017,2026-02-06,23.7277,23.7138,23.7261,,,0.6743628324924129,False,
902298,FUND018,2026-02-06,237.7457,237.8633,237.9053,,,6.70855168001771,False,
902299,FUND019,2026-02-06,149.1226,149.2611,149.1711,,,3.2513000172278677,False,
902300,FUND020,2026-02-06,130.2417,130.6186,130.3068,,,4.995901979021896,False,
902301,FUND001,2026-02-09,31.802,31.7461,31.7754,,,8.371255751303964,False,
902302,FUND002,2026-02-09,142.6879,142.835,142.8201,,,9.256400184566685,False,
902303,FUND003,2026-02-09,206.2868,204.6174,206.0903,,,9.534655439872042,False,
902304,FUND004,2026-02-09,78.2413,78.4338,78.2046,,,4.6928185810036975,False,
902305,FUND005,2026-02-09,209.3253,209.5106,209.2418,,,3.9905984368317697,False,
902306,FUND006,2026-02-09,231.5254,231.9004,231.6487,,,5.32271495587933,False,
902307,FUND007,2026-02-09,179.8645,179.8927,179.7544,,,6.1250239215278475,False,
902308,FUND008,2026-02-09,54.1167,54.5133,54.0527,,,11.840296599429825,False,
902309,FUND009,2026-02-09,200.2997,199.1044,200.2441,,,2.7766111460961054,False,
902310,FUND010,2026-02-09,119.0388,118.9252,119.0672,,,2.3852076810410314,False,
902311,FUND011,2026-02-09,158.9161,159.5731,158.8426,,,4.627222168360104,False,
902312,FUND012,2026-02-09,159.0396,160.2331,159.0715,,,2.005387514418293,False,
902313,FUND013,2026-02-09,167.6014,168.2211,167.4866,,,6.8542796856585815,False,
902314,FUND014,2026-02-09,126.7409,126.5588,126.8906,,,11.797564200973904,False,
902315,FUND015,2026-02-09,148.8702,148.8959,148.7991,,,4.778254707185814,False,
902316,FUND016,2026-02-09,26.3153,26.2973,26.309,,,2.3946178113951606,False,
902317,FUND017,2026-02-09,23.6676,23.7277,23.6759,,,3.5056745466902717,False,
902318,FUND018,2026-02-09,236.5084,237.7457,236.368,,,5.939890340486007,False,
902319,FUND019,2026-02-09,150.0981,149.1226,150.0474,,,3.378932257405177,False,
902320,FUND020,2026-02-09,129.9295,130.2417,129.9078,,,1.6704154792846464,False,
902321,FUND001,2026-02-10,31.8648,31.802,31.8692,,,1.3806433798151205,False,
902322,FUND002,2026-02-10,142.7252,142.6879,142.6451,,,5.615334841504362,False,
902323,FUND003,2026-02-10,206.7485,206.2868,206.861,,,5.438434504328169,False,
902324,FUND004,2026-02-10,78.3164,78.2413,78.3407,,,3.1018359550012518,False,
902325,FUND005,2026-02-10,209.1467,209.3253,209.3284,,,8.680140869560843,False,
902326,FUND006,2026-02-10,232.1529,231.5254,232.3162,,,7.029212771215303,False,
902327,FUND007,2026-02-10,179.155,179.8645,179.0669,,,4.91994891294802,False,
902328,FUND008,2026-02-10,54.0834,54.1167,54.0377,,,8.457058683103929,False,
902329,FUND009,2026-02-10,199.3949,200.2997,199.4088,,,0.6970605108704673,False,
902330,FUND010,2026-02-10,119.5511,119.0388,119.5024,,,4.075231961869457,False,
902331,FUND011,2026-02-10,159.8897,158.9161,159.8183,,,4.467573488143175,False,
902332,FUND012,2026-02-10,159.7942,159.0396,159.757,,,2.3285364647548685,False,
902333,FUND013,2026-02-10,167.4371,167.6014,167.3769,,,3.5966731370924236,False,
902334,FUND014,2026-02-10,126.8814,126.7409,126.9627,,,6.403455503072857,False,
902335,FUND015,2026-02-10,148.9875,148.8702,148.9622,,,1.6984174508711367,False,
902336,FUND016,2026-02-10,26.1488,26.3153,26.1252,,,9.033423667570714,False,
902337,FUND017,2026-02-10,23.7049,23.6676,23.7323,,,11.545446501181972,False,
902338,FUND018,2026-02-10,236.8302,236.5084,236.8742,,,1.8575260623576202,False,
902339,FUND019,2026-02-10,149.7419,150.0981,149.7024,,,2.6385682527451424,False,
902340,FUND020,2026-02-10,129.2438,129.9295,129.4457,,,15.5972736058436,False,
902341,FUND001,2026-02-11,32.2477,31.8648,32.2383,,,2.915786502389831,False,
902342,FUND002,2026-02-11,142.2452,142.7252,142.3816,,,9.57988953628703,False,
902343,FUND003,2026-02-11,206.8795,206.7485,206.9092,,,1.4354122484641174,False,
902344,FUND004,2026-02-11,78.147,78.3164,78.1305,,,2.1118513256676628,False,
902345,FUND005,2026-02-11,209.5042,209.1467,209.2946,,,10.014591871935286,False,
902346,FUND006,2026-02-11,232.7065,232.1529,232.6697,,,1.5816412708659315,False,
902347,FUND007,2026-02-11,178.8922,179.155,179.0016,,,6.111677214058072,False,
902348,FUND008,2026-02-11,54.2763,54.0834,54.2966,,,3.7387239716665275,False,
902349,FUND009,2026-02-11,198.8287,199.3949,198.7039,,,6.280702089893221,False,
902350,FUND010,2026-02-11,119.6089,119.5511,119.7014,,,7.72756208365158,False,
902351,FUND011,2026-02-11,160.4513,159.8897,160.3274,,,7.727936709507663,False,
902352,FUND012,2026-02-11,160.9678,159.7942,161.0311,,,3.9309176922965894,False,
902353,FUND013,2026-02-11,167.4513,167.4371,167.5945,,,8.544433140706127,False,
902354,FUND014,2026-02-11,126.3221,126.8814,126.2907,,,2.486327180069869,False,
902355,FUND015,2026-02-11,148.9452,148.9875,148.9968,,,3.4631616249481625,False,
902356,FUND016,2026-02-11,25.972,26.1488,25.9554,,,6.395586274917894,False,
902357,FUND017,2026-02-11,23.6467,23.7049,23.6342,,,5.288945680411983,False,
902358,FUND018,2026-02-11,237.8566,236.8302,237.6305,,,9.514771883237799,False,
902359,FUND019,2026-02-11,150.2499,149.7419,150.2229,,,1.7973291688542035,False,
902360,FUND020,2026-02-11,129.6359,129.2438,129.498,,,10.648813109082914,False,
902361,FUND001,2026-02-12,32.5469,32.2477,32.5447,,,0.675993326102861,False,
902362,FUND002,2026-02-12,141.9971,142.2452,141.8597,,,9.685626009358916,False,
902363,FUND003,2026-02-12,207.4774,206.8795,207.5721,,,4.562270170221206,False,
902364,FUND004,2026-02-12,77.7724,78.147,77.7172,,,7.1026748261645105,False,
902365,FUND005,2026-02-12,209.2565,209.5042,209.1884,,,3.255438638088295,False,
902366,FUND006,2026-02-12,232.0444,232.7065,232.0874,,,1.852750300102736,False,
902367,FUND007,2026-02-12,179.6517,178.8922,179.7393,,,4.87372544568609,False,
902368,FUND008,2026-02-12,54.2325,54.2763,54.2732,,,7.499097160292938,False,
902369,FUND009,2026-02-12,199.0921,198.8287,198.9811,,,5.578419256903796,False,
902370,FUND010,2026-02-12,118.6566,119.6089,118.6815,,,2.0980523501979977,False,
902371,FUND011,2026-02-12,161.1334,160.4513,161.0994,,,2.110498238974932,False,
902372,FUND012,2026-02-12,160.8247,160.9678,160.7213,,,6.433496991375349,False,
902373,FUND013,2026-02-12,167.9864,167.4513,167.9079,,,4.675182049206209,False,
902374,FUND014,2026-02-12,127.2089,126.3221,127.2557,,,3.6776348721514727,False,
902375,FUND015,2026-02-12,149.3324,148.9452,149.3413,,,0.595950349969018,False,
902376,FUND016,2026-02-12,25.989,25.972,26.0103,,,8.189063563280737,False,
902377,FUND017,2026-02-12,23.6781,23.6467,23.6789,,,0.33785353204673174,False,
902378,FUND018,2026-02-12,237.1249,237.8566,237.1142,,,0.45125935097879927,False,
902379,FUND019,2026-02-12,150.9303,150.2499,150.9608,,,2.0203920487979485,False,
902380,FUND020,2026-02-12,129.9654,129.6359,130.0838,,,9.101825131185304,False,
902381,FUND001,2026-02-13,32.6991,32.5469,32.6767,,,6.85503738137714,False,
902382,FUND002,2026-02-13,143.1377,141.9971,143.0696,,,4.759921045420337,False,
902383,FUND003,2026-02-13,208.3622,207.4774,208.2981,,,3.0773204364320303,False,
902384,FUND004,2026-02-13,77.3143,77.7724,77.3313,,,2.198333663082854,False,
902385,FUND005,2026-02-13,210.1762,209.2565,210.3024,,,6.00088253866867,False,
902386,FUND006,2026-02-13,231.4814,232.0444,231.4734,,,0.3456120660088709,False,
902387,FUND007,2026-02-13,180.2485,179.6517,180.3753,,,7.029787337845199,False,
902388,FUND008,2026-02-13,54.4031,54.2325,54.3946,,,1.562655116501465,False,
902389,FUND009,2026-02-13,199.0521,199.0921,199.1279,,,3.806598673516629,False,
902390,FUND010,2026-02-13,118.9786,118.6566,118.8672,,,9.37180315511792,False,
902391,FUND011,2026-02-13,160.5014,161.1334,160.6673,,,10.3256854381708,False,
902392,FUND012,2026-02-13,161.1306,160.8247,160.9287,,,12.54592872495676,False,
902393,FUND013,2026-02-13,168.5008,167.9864,168.5583,,,3.4112826244690737,False,
902394,FUND014,2026-02-13,127.0227,127.2089,127.1385,,,9.10817730270477,False,
902395,FUND015,2026-02-13,150.0375,149.3324,149.7964,,,16.095179857459108,False,
902396,FUND016,2026-02-13,26.0233,25.989,26.0431,,,7.6027815429038945,False,
902397,FUND017,2026-02-13,23.6666,23.6781,23.6917,,,10.594427584344684,False,
902398,FUND018,2026-02-13,237.6678,237.1249,237.4966,,,7.208524248347088,False,
902399,FUND019,2026-02-13,151.2629,150.9303,151.2815,,,1.2294960057900126,False,
902400,FUND020,2026-02-13,129.9731,129.9654,130.0803,,,8.241063404682029,False,
902401,FUND001,2026-02-16,32.5912,32.6991,32.5984,,,2.2086973593788133,False,
902402,FUND002,2026-02-16,143.6625,143.1377,143.6263,,,2.520429754161181,False,
902403,FUND003,2026-02-16,208.3146,208.3622,208.5434,,,10.971337381090859,False,
902404,FUND004,2026-02-16,77.1739,77.3143,77.1551,,,2.436650331604627,False,
902405,FUND005,2026-02-16,210.9798,210.1762,211.1859,,,9.759174263054122,False,
902406,FUND006,2026-02-16,232.2211,231.4814,232.2628,,,1.795380060861732,False,
902407,FUND007,2026-02-16,179.1505,180.2485,179.2134,,,3.5097821926269615,False,
902408,FUND008,2026-02-16,54.6203,54.4031,54.5904,,,5.477153492188703,False,
902409,FUND009,2026-02-16,198.2947,199.0521,198.3355,,,2.0571203843986665,False,
902410,FUND010,2026-02-16,118.3544,118.9786,118.232,,,10.352527234589534,False,
902411,FUND011,2026-02-16,159.7871,160.5014,159.7652,,,1.3707615926382257,False,
902412,FUND012,2026-02-16,160.1534,161.1306,160.1024,,,3.185461304765959,False,
902413,FUND013,2026-02-16,169.0906,168.5008,169.0858,,,0.28387954517699376,False,
902414,FUND014,2026-02-16,126.1996,127.0227,126.1742,,,2.0130898392860628,False,
902415,FUND015,2026-02-16,149.1819,150.0375,149.1637,,,1.2201359982359865,False,
902416,FUND016,2026-02-16,26.1385,26.0233,26.1546,,,6.155704923798493,False,
902417,FUND017,2026-02-16,23.7148,23.6666,23.7202,,,2.2765406699766753,False,
902418,FUND018,2026-02-16,238.7314,237.6678,238.7234,,,0.33511587050158376,False,
902419,FUND019,2026-02-16,150.9417,151.2629,151.0303,,,5.866372509358306,False,
902420,FUND020,2026-02-16,130.5089,129.9731,130.5292,,,1.5552075704127328,False,
902421,FUND001,2026-02-17,32.6159,32.5912,32.6031,,,3.9260070361424826,False,
902422,FUND002,2026-02-17,144.231,143.6625,144.0292,,,14.01104775975924,False,
902423,FUND003,2026-02-17,208.0442,208.3146,207.7959,,,11.949225177205152,False,
902424,FUND004,2026-02-17,77.1491,77.1739,77.1513,,,0.28515397666688413,False,
902425,FUND005,2026-02-17,210.8044,210.9798,210.0166,2026-02-17,2026-02-25,37.51132053370904,True,6.0
902426,FUND006,2026-02-17,232.5353,232.2211,232.3565,,,7.695072012187969,False,
902427,FUND007,2026-02-17,179.2689,179.1505,179.4338,,,9.190018825883904,False,
902428,FUND008,2026-02-17,54.6246,54.6203,54.6663,,,7.628099944572568,False,
902429,FUND009,2026-02-17,199.8806,198.2947,199.879,,,0.08004842929953977,False,
902430,FUND010,2026-02-17,117.7942,118.3544,117.7957,,,0.12733911339657997,False,
902431,FUND011,2026-02-17,160.8098,159.7871,160.9096,,,6.2022402640996,False,
902432,FUND012,2026-02-17,160.4865,160.1534,160.6312,,,9.008212601287935,False,
902433,FUND013,2026-02-17,167.5368,169.0906,167.5801,,,2.583839011910597,False,
902434,FUND014,2026-02-17,125.7021,126.1996,125.7888,,,6.892505533083497,False,
902435,FUND015,2026-02-17,148.2387,149.1819,148.1956,,,2.908318465594205,False,
902436,FUND016,2026-02-17,26.0634,26.1385,26.0585,,,1.880384519447701,False,
902437,FUND017,2026-02-17,23.6375,23.7148,23.6328,,,1.9887613824852342,False,
902438,FUND018,2026-02-17,239.2372,238.7314,239.3315,,,3.940141602756179,False,
902439,FUND019,2026-02-17,151.0576,150.9417,150.9186,,,9.21026301595761,False,
902440,FUND020,2026-02-17,131.5769,130.5089,131.6521,,,5.712024342945937,False,
902441,FUND001,2026-02-18,32.6502,32.6159,32.6421,,,2.4814579944301642,False,
902442,FUND002,2026-02-18,144.8691,144.231,144.9664,,,6.711900136858607,False,
902443,FUND003,2026-02-18,207.918,208.0442,207.8533,,,3.112772325482261,False,
902444,FUND004,2026-02-18,76.5041,77.1491,76.4876,,,2.157212410899743,False,
902445,FUND005,2026-02-18,210.6429,210.8044,210.7858,,,6.779394057853867,False,
902446,FUND006,2026-02-18,233.6262,232.5353,233.3383,,,12.338308798855893,False,
902447,FUND007,2026-02-18,178.2523,179.2689,178.1353,,,6.568041258525975,False,
902448,FUND008,2026-02-18,54.7383,54.6246,54.7271,,,2.046518087017642,False,
902449,FUND009,2026-02-18,200.0944,199.8806,200.0947,,,0.014992900860519407,False,
902450,FUND010,2026-02-18,117.7317,117.7942,117.6497,,,6.969843527013486,False,
902451,FUND011,2026-02-18,161.2518,160.8098,161.2888,,,2.294021655564809,False,
902452,FUND012,2026-02-18,159.6944,160.4865,159.6565,,,2.373846351386107,False,
902453,FUND013,2026-02-18,166.8391,167.5368,166.8478,,,0.5214333062830072,False,
902454,FUND014,2026-02-18,125.8654,125.7021,125.8612,,,0.3337009340445918,False,
902455,FUND015,2026-02-18,148.605,148.2387,148.4713,,,9.00510738438851,False,
902456,FUND016,2026-02-18,26.1764,26.0634,26.165,,,4.3569654118103776,False,
902457,FUND017,2026-02-18,23.5999,23.6375,23.5917,,,3.4757986919137687,False,
902458,FUND018,2026-02-18,239.5461,239.2372,239.5388,,,0.30475229900068546,False,
902459,FUND019,2026-02-18,151.296,151.0576,151.2575,,,2.5453283308265107,False,
902460,FUND020,2026-02-18,132.6113,131.5769,132.6173,,,0.4524296603836926,False,
902461,FUND001,2026-02-19,32.9435,32.6502,32.9835,,,12.12727575909141,False,
902462,FUND002,2026-02-19,144.5969,144.8691,144.5219,,,5.189524909374777,False,
902463,FUND003,2026-02-19,208.1545,207.918,208.0859,,,3.2967154429975096,False,
902464,FUND004,2026-02-19,76.5778,76.5041,76.6152,,,4.8815378671601986,False,
902465,FUND005,2026-02-19,209.2048,210.6429,209.5007,,,14.124057819376688,False,
902466,FUND006,2026-02-19,233.0437,233.6262,233.0663,,,0.9696811593959005,False,
902467,FUND007,2026-02-19,178.6401,178.2523,178.6521,,,0.6716965543646257,False,
902468,FUND008,2026-02-19,54.6476,54.7383,54.6152,,,5.932414419428207,False,
902469,FUND009,2026-02-19,199.8532,200.0944,199.7512,,,5.106352302262787,False,
902470,FUND010,2026-02-19,117.2641,117.7317,117.1721,,,7.851698484536741,False,
902471,FUND011,2026-02-19,161.9768,161.2518,161.8685,,,6.690616148292325,False,
902472,FUND012,2026-02-19,159.0557,159.6944,159.0877,,,2.011469145635438,False,
902473,FUND013,2026-02-19,166.3778,166.8391,166.1798,,,11.914805529914437,False,
902474,FUND014,2026-02-19,125.8696,125.8654,126.0731,,,16.14142905980666,False,
902475,FUND015,2026-02-19,149.3492,148.605,149.3163,,,2.2033763226107075,False,
902476,FUND016,2026-02-19,26.1778,26.1764,26.5005,2026-02-19,2026-02-21,121.77128733420032,True,2.0
902477,FUND017,2026-02-19,23.6624,23.5999,23.6682,,,2.450545457617031,False,
902478,FUND018,2026-02-19,239.2788,239.5461,239.348,,,2.891187726658399,False,
902479,FUND019,2026-02-19,150.8485,151.296,150.9588,,,7.306629358473648,False,
902480,FUND020,2026-02-19,132.7948,132.6113,132.7605,,,2.5835997906005006,False,
902481,FUND001,2026-02-20,32.8097,32.9435,32.8061,,,1.097356893991884,False,
902482,FUND002,2026-02-20,144.7485,144.5969,144.8934,,,10.000455507290663,False,
902483,FUND003,2026-02-20,207.7037,208.1545,207.725,,,1.025394150920522,False,
902484,FUND004,2026-02-20,76.8238,76.5778,76.7727,,,6.656011837541893,False,
902485,FUND005,2026-02-20,208.0804,209.2048,208.1056,,,1.2109236848990284,False,
902486,FUND006,2026-02-20,233.5664,233.0437,233.661,,,4.048600322690308,False,
902487,FUND007,2026-02-20,179.0291,178.6401,179.0147,,,0.8044032138139975,False,
902488,FUND008,2026-02-20,54.6772,54.6476,54.6993,,,4.040271082079987,False,
902489,FUND009,2026-02-20,200.3682,199.8532,200.3254,,,2.1365238756542966,False,
902490,FUND010,2026-02-20,117.7356,117.2641,117.7784,,,3.6339430659611374,False,
902491,FUND011,2026-02-20,161.8853,161.9768,161.8036,,,5.049331411662788,False,
902492,FUND012,2026-02-20,159.4489,159.0557,159.2132,,,14.804048910518,False,
902493,FUND013,2026-02-20,166.3707,166.3778,166.2546,,,6.983265425437176,False,
902494,FUND014,2026-02-20,125.7088,125.8696,125.7746,,,5.231580939236545,False,
902495,FUND015,2026-02-20,150.4521,149.3492,150.6388,,,12.393885240721639,False,
902496,FUND016,2026-02-20,26.1882,26.1778,26.17,,,6.954528085592917,False,
902497,FUND017,2026-02-20,23.6227,23.6624,23.6337,,,4.6543706656184956,False,
902498,FUND018,2026-02-20,238.0536,239.2788,237.938,,,4.858408492968782,False,
902499,FUND019,2026-02-20,151.0168,150.8485,150.9266,,,5.976415025580755,False,
902500,FUND020,2026-02-20,132.9675,132.7948,133.0137,,,3.473326431788523,False,
902501,FUND001,2026-02-23,32.9206,32.8097,32.9625,,,12.71141448615799,False,
902502,FUND002,2026-02-23,144.3663,144.7485,144.272,,,6.536264833093327,False,
902503,FUND003,2026-02-23,208.146,207.7037,208.1014,,,2.14318596607107,False,
902504,FUND004,2026-02-23,76.9377,76.8238,76.9221,,,2.0280257559279162,False,
902505,FUND005,2026-02-23,209.0671,208.0804,209.0628,,,0.2056798244355589,False,
902506,FUND006,2026-02-23,233.6641,233.5664,233.8166,,,6.5222058656230315,False,
902507,FUND007,2026-02-23,179.0513,179.0291,178.878,,,9.68816735428682,False,
902508,FUND008,2026-02-23,54.5498,54.6772,54.5011,,,8.93559946496431,False,
902509,FUND009,2026-02-23,201.5812,200.3682,201.6765,,,4.725389423160795,False,
902510,FUND010,2026-02-23,117.6628,117.7356,117.6442,,,1.5810384192341305,False,
902511,FUND011,2026-02-23,160.5475,161.8853,160.6758,,,7.9850232580137055,False,
902512,FUND012,2026-02-23,160.2991,159.4489,160.0871,,,13.2427909556746,False,
902513,FUND013,2026-02-23,167.0473,166.3707,167.0038,,,2.6047311498297967,False,
902514,FUND014,2026-02-23,125.5588,125.7088,125.5896,,,2.452432367011223,False,
902515,FUND015,2026-02-23,150.0847,150.4521,150.0952,,,0.6995560151162398,False,
902516,FUND016,2026-02-23,26.1974,26.1882,26.2019,,,1.7174327052618974,False,
902517,FUND017,2026-02-23,23.6977,23.6227,23.7025,,,2.025102837253231,False,
902518,FUND018,2026-02-23,238.3857,238.0536,238.4003,,,0.6124153367245376,False,
902519,FUND019,2026-02-23,150.3627,151.0168,150.4534,,,6.02844468785672,False,
902520,FUND020,2026-02-23,132.5867,132.9675,132.4571,,,9.784299973350661,False,
902521,FUND001,2026-02-24,32.7491,32.9206,32.7711,,,6.713232085587139,False,
902522,FUND002,2026-02-24,145.037,144.3663,144.9133,,,8.53613850488628,False,
902523,FUND003,2026-02-24,208.824,208.146,208.8632,,,1.8768265544142724,False,
902524,FUND004,2026-02-24,76.7292,76.9377,76.7478,,,2.423522237769966,False,
902525,FUND005,2026-02-24,208.4778,209.0671,208.3926,,,4.0884369214652825,False,
902526,FUND006,2026-02-24,231.8301,233.6641,231.8402,,,0.4356448967876428,False,
902527,FUND007,2026-02-24,179.4745,179.0513,179.3379,,,7.61690640963319,False,
902528,FUND008,2026-02-24,54.6577,54.5498,55.3877,2026-02-24,2026-02-26,131.798215127186,True,2.0
902529,FUND009,2026-02-24,201.2107,201.5812,201.5257,,,15.630760741681966,False,
902530,FUND010,2026-02-24,117.5359,117.6628,117.6082,,,6.14753052933371,False,
902531,FUND011,2026-02-24,160.9185,160.5475,160.901,,,1.087625309972224,False,
902532,FUND012,2026-02-24,159.1758,160.2991,159.1292,,,2.9284380239460885,False,
902533,FUND013,2026-02-24,166.7581,167.0473,166.7269,,,1.8713237036142667,False,
902534,FUND014,2026-02-24,125.335,125.5588,125.4348,,,7.956324720093777,False,
902535,FUND015,2026-02-24,149.407,150.0847,149.2893,,,7.88402115891852,False,
902536,FUND016,2026-02-24,26.0603,26.1974,26.0518,,,3.2627304063448612,False,
902537,FUND017,2026-02-24,23.7505,23.6977,23.5185,2026-02-24,2026-03-01,98.6457469651548,True,4.0
902538,FUND018,2026-02-24,237.4727,238.3857,237.5763,,,4.3607043295143555,False,
902539,FUND019,2026-02-24,151.3489,150.3627,151.3447,,,0.2775121956697074,False,
902540,FUND020,2026-02-24,131.9151,132.5867,131.9436,,,2.1600138240890945,False,
902541,FUND001,2026-02-25,32.5051,32.7491,32.6736,2026-02-25,2026-02-26,51.570687037853695,True,1.0
902542,FUND002,2026-02-25,145.5361,145.037,145.5088,,,1.8761751866551555,False,
902543,FUND003,2026-02-25,207.3074,208.824,207.2768,,,1.476286781733056,False,
902544,FUND004,2026-02-25,76.4408,76.7292,76.4223,,,2.4207593856752356,False,
902545,FUND005,2026-02-25,208.3583,208.4778,208.4319,,,3.531129352080895,False,
902546,FUND006,2026-02-25,230.7967,231.8301,230.9646,,,7.269512297555688,False,
902547,FUND007,2026-02-25,180.1328,179.4745,180.2275,,,5.254470044803869,False,
902548,FUND008,2026-02-25,54.7433,54.6577,54.7055,,,6.909725713136186,False,
902549,FUND009,2026-02-25,201.2222,201.2107,201.24,,,0.8845160007961869,False,
902550,FUND010,2026-02-25,117.5332,117.5359,117.5245,,,0.7402711774983414,False,
902551,FUND011,2026-02-25,160.074,160.9185,160.1274,,,3.3348446299622756,False,
902552,FUND012,2026-02-25,158.5072,159.1758,158.4484,,,3.7109872993365216,False,
902553,FUND013,2026-02-25,166.8278,166.7581,166.8133,,,0.8692352468297301,False,
902554,FUND014,2026-02-25,124.421,125.335,124.4007,,,1.6318236151409098,False,
902555,FUND015,2026-02-25,149.0888,149.407,149.1083,,,1.3077742821842953,False,
902556,FUND016,2026-02-25,25.9826,26.0603,25.9799,,,1.039264970227296,False,
902557,FUND017,2026-02-25,23.7761,23.7505,23.7649,,,4.712832791216781,False,
902558,FUND018,2026-02-25,237.3414,237.4727,237.2549,,,3.6458677987262185,False,
902559,FUND019,2026-02-25,152.3683,151.3489,152.3136,,,3.5912748434806123,False,
902560,FUND020,2026-02-25,132.4021,131.9151,132.3885,,,1.0272795597802473,False,
902561,FUND001,2026-02-26,32.3345,32.5051,32.308,,,8.202302835210672,False,
902562,FUND002,2026-02-26,144.3897,145.5361,144.4358,,,3.191729474271309,False,
902563,FUND003,2026-02-26,206.7371,207.3074,206.8866,,,7.226180912634704,False,
902564,FUND004,2026-02-26,76.7379,76.4408,76.8183,,,10.466256087416328,False,
902565,FUND005,2026-02-26,207.7241,208.3583,207.8644,,,6.749592522817584,False,
902566,FUND006,2026-02-26,232.5904,230.7967,232.5907,,,0.012898194124268895,False,
902567,FUND007,2026-02-26,179.2237,180.1328,179.0725,,,8.443507517905715,False,
902568,FUND008,2026-02-26,54.7506,54.7433,54.7541,,,0.6392215377483149,False,
902569,FUND009,2026-02-26,200.9827,201.2222,200.9856,,,0.14428894408410378,False,
902570,FUND010,2026-02-26,117.9516,117.5332,117.9704,,,1.5936200945320875,False,
902571,FUND011,2026-02-26,160.2915,160.074,160.1919,,,6.217542834563386,False,
902572,FUND012,2026-02-26,159.9577,158.5072,160.158,,,12.50639993006897,False,
902573,FUND013,2026-02-26,166.7446,166.8278,166.8088,,,3.8487178134486664,False,
902574,FUND014,2026-02-26,124.7597,124.421,124.8722,,,9.009211017345041,False,
902575,FUND015,2026-02-26,148.4264,149.0888,148.4785,,,3.508925534673089,False,
902576,FUND016,2026-02-26,25.9547,25.9826,25.9786,,,9.199879901149847,False,
902577,FUND017,2026-02-26,23.8361,23.7761,23.8261,,,4.197077994299533,False,
902578,FUND018,2026-02-26,237.9589,237.3414,237.9362,,,0.9540372587267585,False,
902579,FUND019,2026-02-26,151.8887,152.3683,151.9709,,,5.408930262306814,False,
902580,FUND020,2026-02-26,133.2004,132.4021,133.1818,,,1.3965872213765078,False,
902581,FUND001,2026-02-27,32.2176,32.3345,32.1711,,,14.453966448145898,False,
902582,FUND002,2026-02-27,144.1621,144.3897,143.9955,,,11.569806000883133,False,
902583,FUND003,2026-02-27,207.4499,206.7371,207.3093,,,6.782136643170676,False,
902584,FUND004,2026-02-27,76.324,76.7379,76.3488,,,3.248250136216816,False,
902585,FUND005,2026-02-27,207.8293,207.7241,207.8504,,,1.015153206345445,False,
902586,FUND006,2026-02-27,231.8477,232.5904,231.5437,,,13.129271062006957,False,
902587,FUND007,2026-02-27,178.7281,179.2237,178.5571,,,9.576768439900777,False,
902588,FUND008,2026-02-27,54.9091,54.7506,54.9449,,,6.515618374042855,False,
902589,FUND009,2026-02-27,202.0032,200.9827,202.0596,,,2.7912556493230936,False,
902590,FUND010,2026-02-27,118.2222,117.9516,118.2811,,,4.979662853997315,False,
902591,FUND011,2026-02-27,160.0526,160.2915,160.0999,,,2.954405343162524,False,
902592,FUND012,2026-02-27,159.152,159.9577,159.2606,,,6.81901236087419,False,
902593,FUND013,2026-02-27,167.1591,166.7446,167.1056,,,3.2015683495936367,False,
902594,FUND014,2026-02-27,124.3939,124.7597,124.3105,,,6.709006881960693,False,
902595,FUND015,2026-02-27,149.0183,148.4264,149.0946,,,5.1175562361080384,False,
902596,FUND016,2026-02-27,25.8987,25.9547,25.8999,,,0.46332225220838824,False,
902597,FUND017,2026-02-27,23.9459,23.8361,23.9522,,,2.6302385584620738,False,
902598,FUND018,2026-02-27,238.7429,237.9589,238.8583,,,4.831316307619303,False,
902599,FUND019,2026-02-27,152.2577,151.8887,152.2435,,,0.9327163392846473,False,
902600,FUND020,2026-02-27,132.7137,133.2004,132.6032,,,8.333132232103134,False,
902601,FUND001,2026-03-02,32.414,32.2176,32.3905,,,7.2552137200717866,False,
902602,FUND002,2026-03-02,144.476,144.1621,144.4535,,,1.557594658489269,False,
902603,FUND003,2026-03-02,206.8667,207.4499,206.8136,,,2.567529408124059,False,
902604,FUND004,2026-03-02,76.1057,76.324,76.0856,,,2.6417613845457404,False,
902605,FUND005,2026-03-02,208.6368,207.8293,208.7911,,,7.390161745400371,False,
902606,FUND006,2026-03-02,231.4186,231.8477,231.5968,,,7.694406831182638,False,
902607,FUND007,2026-03-02,178.8687,178.7281,178.0515,2026-03-02,2026-03-03,45.89683321960138,True,1.0
902608,FUND008,2026-03-02,54.2588,54.9091,54.269,,,1.8795260646036493,False,
902609,FUND009,2026-03-02,202.6909,202.0032,202.8604,,,8.355499644090187,False,
902610,FUND010,2026-03-02,118.2636,118.2222,118.2174,,,3.908054144313689,False,
902611,FUND011,2026-03-02,160.0324,160.0526,160.1888,,,9.763479094667716,False,
902612,FUND012,2026-03-02,158.0684,159.152,158.0949,,,1.6762084039395728,False,
902613,FUND013,2026-03-02,167.7274,167.1591,167.6522,,,4.48547648047537,False,
902614,FUND014,2026-03-02,124.1508,124.3939,124.0381,,,9.085917955854192,False,
902615,FUND015,2026-03-02,151.2281,149.0183,151.1443,,,5.544370512154607,False,
902616,FUND016,2026-03-02,25.8648,25.8987,25.8701,,,2.0486971445807547,False,
902617,FUND017,2026-03-02,23.8851,23.9459,23.8867,,,0.6698288168729141,False,
902618,FUND018,2026-03-02,238.1348,238.7429,238.0756,,,2.4866050951884247,False,
902619,FUND019,2026-03-02,152.4772,152.2577,152.6053,,,8.394203871031296,False,
902620,FUND020,2026-03-02,132.0922,132.7137,132.1657,,,5.561200825932574,False,
902621,FUND001,2026-03-03,32.5807,32.414,32.6023,,,6.625299442063719,False,
902622,FUND002,2026-03-03,144.0153,144.476,143.941,,,5.161837141606201,False,
902623,FUND003,2026-03-03,207.0647,206.8667,206.9419,,,5.934032692266951,False,
902624,FUND004,2026-03-03,76.3895,76.1057,76.448,,,7.652260359982618,False,
902625,FUND005,2026-03-03,207.9795,208.6368,208.0923,,,5.420671500098414,False,
902626,FUND006,2026-03-03,229.4997,231.4186,229.4932,,,0.2832327929537086,False,
902627,FUND007,2026-03-03,178.9502,178.8687,178.9011,,,2.744533152673823,False,
902628,FUND008,2026-03-03,54.1853,54.2588,54.1814,,,0.7198042132542846,False,
902629,FUND009,2026-03-03,203.5029,202.6909,203.5107,,,0.38327223089513907,False,
902630,FUND010,2026-03-03,117.8933,118.2636,117.7853,,,9.169225701338782,False,
902631,FUND011,2026-03-03,160.5195,160.0324,161.4978,2026-03-03,2026-03-05,60.576676586307585,True,2.0
902632,FUND012,2026-03-03,158.5867,158.0684,158.5962,,,0.5990055247227064,False,
902633,FUND013,2026-03-03,167.8869,167.7274,167.8091,,,4.6362205625318476,False,
902634,FUND014,2026-03-03,123.7862,124.1508,123.8402,,,4.360458074195782,False,
902635,FUND015,2026-03-03,151.2397,151.2281,151.2295,,,0.6744715812720101,False,
902636,FUND016,2026-03-03,25.9672,25.8648,25.9672,,,0.0,False,
902637,FUND017,2026-03-03,24.0255,23.8851,24.0659,,,16.787238374628924,False,
902638,FUND018,2026-03-03,238.4099,238.1348,238.4665,,,2.3734990030047447,False,
902639,FUND019,2026-03-03,152.4894,152.4772,152.5353,,,3.009139523770391,False,
902640,FUND020,2026-03-03,131.9639,132.0922,131.9711,,,0.5455739930948247,False,
902641,FUND001,2026-03-04,32.473,32.5807,32.4641,,,2.741489830303942,False,
902642,FUND002,2026-03-04,144.1789,144.0153,144.1521,,,1.8591473866845225,False,
902643,FUND003,2026-03-04,208.1386,207.0647,207.9663,,,8.28499617486136,False,
902644,FUND004,2026-03-04,75.8602,76.3895,75.8182,,,5.539567016890613,False,
902645,FUND005,2026-03-04,209.6353,207.9795,209.7064,,,3.390454463955381,False,
902646,FUND006,2026-03-04,231.7973,229.4997,231.8924,,,4.10103996508735,False,
902647,FUND007,2026-03-04,178.4629,178.9502,178.5377,,,4.1895913300109955,False,
902648,FUND008,2026-03-04,53.9515,54.1853,53.9325,,,3.522922171233571,False,
902649,FUND009,2026-03-04,202.4581,203.5029,202.4652,,,0.3506775485371472,False,
902650,FUND010,2026-03-04,117.7749,117.8933,117.8377,,,5.329364032053896,False,
902651,FUND011,2026-03-04,161.4286,160.5195,161.309,,,7.414341419263108,False,
902652,FUND012,2026-03-04,157.7288,158.5867,157.7033,,,1.616960456756064,False,
902653,FUND013,2026-03-04,167.2933,167.8869,167.2178,,,4.515069567951307,False,
902654,FUND014,2026-03-04,123.6805,123.7862,123.7069,,,2.134076595566579,False,
902655,FUND015,2026-03-04,150.7652,151.2397,150.7987,,,2.2215045620422216,False,
902656,FUND016,2026-03-04,25.7422,25.9672,25.7339,,,3.2253175772043776,False,
902657,FUND017,2026-03-04,23.8768,24.0255,23.8766,,,0.08376402000265276,False,
902658,FUND018,2026-03-04,238.0148,238.4099,238.1838,,,7.095360809592538,False,
902659,FUND019,2026-03-04,151.9078,152.4894,151.9592,,,3.3824868780568074,False,
902660,FUND020,2026-03-04,132.579,131.9639,132.6985,,,9.005376850528675,False,
902661,FUND001,2026-03-05,32.2371,32.473,32.2404,,,1.023560501731668,False,
902662,FUND002,2026-03-05,144.2385,144.1789,144.3268,,,6.118059847512993,False,
902663,FUND003,2026-03-05,209.4823,208.1386,209.0317,,,21.556539032118504,False,
902664,FUND004,2026-03-05,76.0692,75.8602,76.0787,,,1.2487069311124834,False,
902665,FUND005,2026-03-05,210.1866,209.6353,209.9727,,,10.187038600732157,False,
902666,FUND006,2026-03-05,231.0663,231.7973,231.0914,,,1.0861503283973606,False,
902667,FUND007,2026-03-05,178.5746,178.4629,178.4552,,,6.690754878536073,False,
902668,FUND008,2026-03-05,53.7993,53.9515,53.7741,,,4.68627089993235,False,
902669,FUND009,2026-03-05,200.871,202.4581,200.759,,,5.578828346426472,False,
902670,FUND010,2026-03-05,117.5827,117.7749,117.6198,,,3.1542308352841313,False,
902671,FUND011,2026-03-05,161.7014,161.4286,161.6331,,,4.225619628652398,False,
902672,FUND012,2026-03-05,157.2273,157.7288,157.3312,,,6.603903103769734,False,
902673,FUND013,2026-03-05,166.9562,167.2933,167.047,,,5.435595969996561,False,
902674,FUND014,2026-03-05,124.1844,123.6805,124.3475,,,13.116467962765638,False,
902675,FUND015,2026-03-05,151.0841,150.7652,151.0848,,,0.04633159655999915,False,
902676,FUND016,2026-03-05,25.645,25.7422,25.6419,,,1.2089587745057429,False,
902677,FUND017,2026-03-05,24.0703,23.8768,24.0658,,,1.869873430345208,False,
902678,FUND018,2026-03-05,238.5734,238.0148,238.6964,,,5.1529893203256885,False,
902679,FUND019,2026-03-05,151.2095,151.9078,151.3538,,,9.53395289712022,False,
902680,FUND020,2026-03-05,132.791,132.579,132.8749,,,6.314209831954709,False,
902681,FUND001,2026-03-06,32.2623,32.2371,32.2525,,,3.038524145416815,False,
902682,FUND002,2026-03-06,145.6251,144.2385,145.6923,,,4.612460644796293,False,
902683,FUND003,2026-03-06,209.4855,209.4823,209.6453,,,7.622398403398024,False,
902684,FUND004,2026-03-06,76.1357,76.0692,76.1784,,,5.605263434253858,False,
902685,FUND005,2026-03-06,208.6831,210.1866,208.6105,,,3.4801699818558616,False,
902686,FUND006,2026-03-06,230.9022,231.0663,230.7137,,,8.170299379707611,False,
902687,FUND007,2026-03-06,178.6304,178.5746,178.4918,,,7.7650625967129425,False,
902688,FUND008,2026-03-06,54.0831,53.7993,54.0897,,,1.2201953421813818,False,
902689,FUND009,2026-03-06,200.8439,200.871,200.6614,,,9.094923089343768,False,
902690,FUND010,2026-03-06,116.9252,117.5827,116.8664,,,5.031386266711824,False,
902691,FUND011,2026-03-06,161.3457,161.7014,161.2364,,,6.778866310584359,False,
902692,FUND012,2026-03-06,156.4101,157.2273,156.4594,,,3.150977186413097,False,
902693,FUND013,2026-03-06,167.907,166.9562,167.8107,,,5.738609039829617,False,
902694,FUND014,2026-03-06,123.816,124.1844,123.7384,,,6.271294925423628,False,
902695,FUND015,2026-03-06,151.5609,151.0841,151.5554,,,0.3629035982889459,False,
902696,FUND016,2026-03-06,25.6742,25.645,25.6815,,,2.8425130930828613,False,
902697,FUND017,2026-03-06,23.9112,24.0703,23.9001,,,4.644332032084616,False,
902698,FUND018,2026-03-06,238.8783,238.5734,238.6012,,,11.61352080375078,False,
902699,FUND019,2026-03-06,150.8877,151.2095,150.9454,,,3.8225742553275013,False,
902700,FUND020,2026-03-06,133.0277,132.791,132.9817,,,3.459122571001927,False,
902701,FUND001,2026-03-09,32.2933,32.2623,32.2776,,,4.864054328699312,False,
902702,FUND002,2026-03-09,145.9537,145.6251,145.9278,,,1.7748503026844193,False,
902703,FUND003,2026-03-09,211.1481,209.4855,211.2289,,,3.8252341417301627,False,
902704,FUND004,2026-03-09,77.0328,76.1357,76.9951,,,4.8964154861804134,False,
902705,FUND005,2026-03-09,209.1531,208.6831,209.1928,,,1.8977708601830705,False,
902706,FUND006,2026-03-09,231.3833,230.9022,231.299,,,3.6446331371940524,False,
902707,FUND007,2026-03-09,179.0258,178.6304,179.2226,,,10.980758007081478,False,
902708,FUND008,2026-03-09,54.2245,54.0831,54.2297,,,0.9588841538865402,False,
902709,FUND009,2026-03-09,201.752,200.8439,201.7659,,,0.6889172055326626,False,
902710,FUND010,2026-03-09,116.6959,116.9252,116.7177,,,1.867754419423869,False,
902711,FUND011,2026-03-09,162.0266,161.3457,162.0395,,,0.7961021849611922,False,
902712,FUND012,2026-03-09,154.8119,156.4101,154.8469,,,2.260297106367424,False,
902713,FUND013,2026-03-09,168.1508,167.907,168.1713,,,1.2189951555347678,False,
902714,FUND014,2026-03-09,124.7302,123.816,124.7196,,,0.8499065102835972,False,
902715,FUND015,2026-03-09,151.0497,151.5609,151.0292,,,1.357353412452586,False,
902716,FUND016,2026-03-09,25.591,25.6742,25.5742,,,6.569120441695117,False,
902717,FUND017,2026-03-09,23.9987,23.9112,23.9909,,,3.2512327590876478,False,
902718,FUND018,2026-03-09,239.0631,238.8783,239.3683,,,12.750226324873154,False,
902719,FUND019,2026-03-09,152.1929,150.8877,152.1655,,,1.8006709799527547,False,
902720,FUND020,2026-03-09,133.6672,133.0277,133.6694,,,0.16458516309550036,False,
902721,FUND001,2026-03-10,32.2483,32.2933,32.2451,,,0.9923988450957347,False,
902722,FUND002,2026-03-10,146.3088,145.9537,146.2645,,,3.0287595417885185,False,
902723,FUND003,2026-03-10,210.4004,211.1481,210.5352,,,6.40272980480284,False,
902724,FUND004,2026-03-10,77.0934,77.0328,77.0108,,,10.725768333792058,False,
902725,FUND005,2026-03-10,209.081,209.1531,209.36,,,13.326327856325218,False,
902726,FUND006,2026-03-10,231.8085,231.3833,231.6911,,,5.067091485171571,False,
902727,FUND007,2026-03-10,178.1223,179.0258,177.9791,,,8.045888534103574,False,
902728,FUND008,2026-03-10,54.5717,54.2245,54.5674,,,0.7880162881135324,False,
902729,FUND009,2026-03-10,200.915,201.752,200.8347,,,3.998313040525071,False,
902730,FUND010,2026-03-10,117.3924,116.6959,117.3327,,,5.088095645970161,False,
902731,FUND011,2026-03-10,161.5827,162.0266,161.6457,,,3.897412674758227,False,
902732,FUND012,2026-03-10,154.6011,154.8119,154.5657,,,2.2902882075395685,False,
902733,FUND013,2026-03-10,168.7814,168.1508,168.7464,,,2.0741183219314068,False,
902734,FUND014,2026-03-10,124.6344,124.7302,124.6969,,,5.01215346973341,False,
902735,FUND015,2026-03-10,151.5783,151.0497,151.4272,,,9.978392257138333,False,
902736,FUND016,2026-03-10,25.6538,25.591,25.6538,,,0.0,False,
902737,FUND017,2026-03-10,23.9265,23.9987,23.9337,,,3.008310457639639,False,
902738,FUND018,2026-03-10,239.4098,239.0631,239.5248,,,4.801172989185633,False,
902739,FUND019,2026-03-10,151.2616,152.1929,151.3088,,,3.119448439218584,False,
902740,FUND020,2026-03-10,133.5597,133.6672,133.6188,,,4.42303029214458,False,
902741,FUND001,2026-03-11,32.3283,32.2483,32.3109,,,5.385179614310366,False,
902742,FUND002,2026-03-11,146.0083,146.3088,145.9935,,,1.0137437625633825,False,
902743,FUND003,2026-03-11,210.0611,210.4004,209.8241,,,11.295175339726143,False,
902744,FUND004,2026-03-11,77.6703,77.0934,77.6654,,,0.6309115770976693,False,
902745,FUND005,2026-03-11,209.3033,209.081,209.2688,,,1.6485974020020382,False,
902746,FUND006,2026-03-11,233.1875,231.8085,233.0852,,,4.388953052360846,False,
902747,FUND007,2026-03-11,177.2405,178.1223,177.3007,,,3.395361665239275,False,
902748,FUND008,2026-03-11,54.8001,54.5717,54.77,,,5.495709329924657,False,
902749,FUND009,2026-03-11,201.4824,200.915,201.5361,,,2.6645350386353654,False,
902750,FUND010,2026-03-11,117.3978,117.3924,117.3063,,,7.800092578148878,False,
902751,FUND011,2026-03-11,160.5213,161.5827,160.5443,,,1.4326263841192826,False,
902752,FUND012,2026-03-11,153.9019,154.6011,153.9761,,,4.818929691035849,False,
902753,FUND013,2026-03-11,169.1026,168.7814,169.1932,,,5.354825134815992,False,
902754,FUND014,2026-03-11,123.8887,124.6344,123.802,,,7.003117881778431,False,
902755,FUND015,2026-03-11,151.8114,151.5783,151.717,,,6.2221109038524975,False,
902756,FUND016,2026-03-11,25.696,25.6538,25.7045,,,3.3068139819867937,False,
902757,FUND017,2026-03-11,24.0642,23.9265,24.0488,,,6.4036459199625915,False,
902758,FUND018,2026-03-11,239.8014,239.4098,240.0569,,,10.64330998192562,False,
902759,FUND019,2026-03-11,152.1433,151.2616,151.3059,2026-03-11,2026-03-13,55.344834537186074,True,2.0
902760,FUND020,2026-03-11,133.3397,133.5597,133.3796,,,2.991461962700229,False,
902761,FUND001,2026-03-12,32.365,32.3283,32.3948,,,9.199007248075153,False,
902762,FUND002,2026-03-12,146.0845,146.0083,146.2294,,,9.90908804932571,False,
902763,FUND003,2026-03-12,208.9424,210.0611,208.8941,,,2.3121763611314705,False,
902764,FUND004,2026-03-12,77.5783,77.6703,77.488,,,11.653417303324277,False,
902765,FUND005,2026-03-12,209.9649,209.3033,209.7988,,,7.9171091541038425,False,
902766,FUND006,2026-03-12,234.2502,233.1875,234.1293,,,5.163813328789092,False,
902767,FUND007,2026-03-12,176.044,177.2405,176.1317,,,4.979228611316639,False,
902768,FUND008,2026-03-12,54.3056,54.8001,54.3071,,,0.2762069784613903,False,
902769,FUND009,2026-03-12,201.9415,201.4824,201.8491,,,4.577677086496686,False,
902770,FUND010,2026-03-12,117.0175,117.3978,117.1014,,,7.164730737634209,False,
902771,FUND011,2026-03-12,159.5637,160.5213,159.5668,,,0.1942760022754873,False,
902772,FUND012,2026-03-12,153.3804,153.9019,153.4007,,,1.323331640598235,False,
902773,FUND013,2026-03-12,169.4429,169.1026,169.3147,,,7.571699326757865,False,
902774,FUND014,2026-03-12,123.3211,123.8887,123.2738,,,3.836987259255982,False,
902775,FUND015,2026-03-12,151.7195,151.8114,151.8673,,,9.73218066035213,False,
902776,FUND016,2026-03-12,25.6981,25.696,25.6698,,,11.024628162276896,False,
902777,FUND017,2026-03-12,23.9879,24.0642,24.0006,,,5.291534378306719,False,
902778,FUND018,2026-03-12,240.3961,239.8014,240.6944,,,12.393308693513923,False,
902779,FUND019,2026-03-12,151.5141,152.1433,151.6135,,,6.556144406663946,False,
902780,FUND020,2026-03-12,133.6111,133.3397,133.5574,,,4.020743141150702,False,
902781,FUND001,2026-03-13,32.3942,32.365,32.3958,,,0.49389118342605415,False,
902782,FUND002,2026-03-13,146.4215,146.0845,146.3594,,,4.242979952091574,False,
902783,FUND003,2026-03-13,209.2696,208.9424,209.318,,,2.3122712810181207,False,
902784,FUND004,2026-03-13,77.6834,77.5783,77.704,,,2.651086173168372,False,
902785,FUND005,2026-03-13,209.7418,209.9649,210.0858,,,16.37426232520209,False,
902786,FUND006,2026-03-13,234.1524,234.2502,234.0787,,,3.148513726366488,False,
902787,FUND007,2026-03-13,174.5648,176.044,174.4183,,,8.399348004194698,False,
902788,FUND008,2026-03-13,54.2338,54.3056,54.2766,,,7.885534466049776,False,
902789,FUND009,2026-03-13,201.4091,201.9415,201.5259,,,5.795781088188267,False,
902790,FUND010,2026-03-13,116.5621,117.0175,116.6093,,,4.047704599890719,False,
902791,FUND011,2026-03-13,159.3342,159.5637,159.377,,,2.6854564962321867,False,
902792,FUND012,2026-03-13,153.8062,153.3804,153.7642,,,2.731455046103163,False,
902793,FUND013,2026-03-13,169.0091,169.4429,168.791,,,12.921305045884711,False,
902794,FUND014,2026-03-13,123.9351,123.3211,123.9453,,,0.8229436695056241,False,
902795,FUND015,2026-03-13,151.9802,151.7195,151.9308,,,3.2514802791791686,False,
902796,FUND016,2026-03-13,25.7706,25.6981,25.752,,,7.222739981361773,False,
902797,FUND017,2026-03-13,24.1687,23.9879,24.1324,,,15.042018199599154,False,
902798,FUND018,2026-03-13,238.9869,240.3961,239.0185,,,1.322073395992252,False,
902799,FUND019,2026-03-13,152.3422,151.5141,152.3472,,,0.3281976957893189,False,
902800,FUND020,2026-03-13,134.2804,133.6111,134.2887,,,0.6180713641594368,False,
902801,FUND001,2026-03-16,32.272,32.3942,32.2609,,,3.44069756268393,False,
902802,FUND002,2026-03-16,145.6418,146.4215,145.6031,,,2.6579104428392877,False,
902803,FUND003,2026-03-16,210.1975,209.2696,211.099,2026-03-16,2026-03-18,42.705081502044,True,2.0
902804,FUND004,2026-03-16,77.8184,77.6834,77.832,,,1.7473532737173305,False,
902805,FUND005,2026-03-16,210.6913,209.7418,210.7037,,,0.588504141122596,False,
902806,FUND006,2026-03-16,234.5751,234.1524,234.7924,,,9.254984403242801,False,
902807,FUND007,2026-03-16,174.3697,174.5648,174.5483,,,10.232124861715478,False,
902808,FUND008,2026-03-16,54.1659,54.2338,54.1921,,,4.834653021381878,False,
902809,FUND009,2026-03-16,202.0253,201.4091,201.9385,,,4.298338355488549,False,
902810,FUND010,2026-03-16,116.18,116.5621,116.1886,,,0.7401758864455776,False,
902811,FUND011,2026-03-16,159.6441,159.3342,159.6993,,,3.456496052267295,False,
902812,FUND012,2026-03-16,153.8424,153.8062,153.806,,,2.3666176872154674,False,
902813,FUND013,2026-03-16,169.5313,169.0091,169.6343,,,6.071885226042648,False,
902814,FUND014,2026-03-16,124.8915,123.9351,124.8223,,,5.5438811814872055,False,
902815,FUND015,2026-03-16,151.8819,151.9802,151.9849,,,6.776989029831821,False,
902816,FUND016,2026-03-16,25.5922,25.7706,25.5738,,,7.194863493106128,False,
902817,FUND017,2026-03-16,24.0671,24.1687,24.076,,,3.6966273467355766,False,
902818,FUND018,2026-03-16,238.5854,238.9869,238.8161,,,9.660152728396996,False,
902819,FUND019,2026-03-16,152.4601,152.3422,152.5077,,,3.1211538827212357,False,
902820,FUND020,2026-03-16,133.8211,134.2804,133.8286,,,0.5604183261270894,False,
902821,FUND001,2026-03-17,32.2362,32.272,32.2351,,,0.3412429308405693,False,
902822,FUND002,2026-03-17,144.8807,145.6418,145.0759,,,13.455025955379208,False,
902823,FUND003,2026-03-17,210.4252,210.1975,208.9481,2026-03-17,2026-03-19,70.69219581321767,True,2.0
902824,FUND004,2026-03-17,77.8512,77.8184,77.9285,,,9.919349146973692,False,
902825,FUND005,2026-03-17,211.0403,210.6913,211.0717,,,1.4876461410975876,False,
902826,FUND006,2026-03-17,233.986,234.5751,234.034,,,2.0509840450533607,False,
902827,FUND007,2026-03-17,173.9023,174.3697,173.972,,,4.006391833169225,False,
902828,FUND008,2026-03-17,54.3048,54.1659,54.9056,2026-03-17,2026-03-18,109.42417531180783,True,1.0
902829,FUND009,2026-03-17,201.4478,202.0253,201.3625,,,4.236141287478527,False,
902830,FUND010,2026-03-17,115.673,116.18,115.6276,,,3.9263981955865876,False,
902831,FUND011,2026-03-17,159.6365,159.6441,159.814,,,11.106661493985552,False,
902832,FUND012,2026-03-17,153.6128,153.8424,153.621,,,0.5337811887708331,False,
902833,FUND013,2026-03-17,170.0618,169.5313,170.0885,,,1.5697710309636026,False,
902834,FUND014,2026-03-17,125.2058,124.8915,125.1998,,,0.4792339923865875,False,
902835,FUND015,2026-03-17,151.9706,151.8819,151.9625,,,0.5330262400253138,False,
902836,FUND016,2026-03-17,25.6105,25.5922,25.6193,,,3.4349103995818804,False,
902837,FUND017,2026-03-17,23.8604,24.0671,23.8453,,,6.332484808325658,False,
902838,FUND018,2026-03-17,238.597,238.5854,238.4411,,,6.538302331267663,False,
902839,FUND019,2026-03-17,152.9099,152.4601,152.9011,,,0.5755354278013363,False,
902840,FUND020,2026-03-17,133.6144,133.8211,133.5895,,,1.8639189457257022,False,
902841,FUND001,2026-03-18,32.2495,32.2362,32.2337,,,4.901702255713339,False,
902842,FUND002,2026-03-18,145.6707,144.8807,145.6626,,,0.5560795976464169,False,
902843,FUND003,2026-03-18,211.442,210.4252,211.2593,,,8.64813998721056,False,
902844,FUND004,2026-03-18,78.3162,77.8512,78.3228,,,0.8426665032411934,False,
902845,FUND005,2026-03-18,211.284,211.0403,211.2305,,,2.5327781736058688,False,
902846,FUND006,2026-03-18,236.1684,233.986,236.1461,,,0.9443306495428601,False,
902847,FUND007,2026-03-18,173.9239,173.9023,173.94,,,0.9256065309873779,False,
902848,FUND008,2026-03-18,54.1084,54.3048,54.142,,,6.205902995825764,False,
902849,FUND009,2026-03-18,201.1299,201.4478,201.3276,,,9.819816060987044,False,
902850,FUND010,2026-03-18,115.293,115.673,115.3945,,,8.795913150105704,False,
902851,FUND011,2026-03-18,159.295,159.6365,159.9572,2026-03-18,2026-03-20,41.39857411857752,True,2.0
902852,FUND012,2026-03-18,153.3729,153.6128,153.3772,,,0.28035457682110754,False,
902853,FUND013,2026-03-18,170.451,170.0618,170.2838,,,9.81890232658537,False,
902854,FUND014,2026-03-18,125.7703,125.2058,125.6554,,,9.144055886178053,False,
902855,FUND015,2026-03-18,151.9568,151.9706,151.8923,,,4.246429871690739,False,
902856,FUND016,2026-03-18,25.5826,25.6105,25.5723,,,4.027795700817237,False,
902857,FUND017,2026-03-18,23.815,23.8604,23.7869,,,11.81322492632584,False,
902858,FUND018,2026-03-18,238.0337,238.597,238.0377,,,0.16804060869310525,False,
902859,FUND019,2026-03-18,153.5818,152.9099,153.7083,,,8.229874378938637,False,
902860,FUND020,2026-03-18,132.1981,133.6144,132.2419,,,3.3121121217992244,False,
902861,FUND001,2026-03-19,32.172,32.2495,32.1971,,,7.795733156092287,False,
902862,FUND002,2026-03-19,146.8787,145.6707,146.8344,,,3.017004189755337,False,
902863,FUND003,2026-03-19,212.5059,211.442,212.521,,,0.7105180193952446,False,
902864,FUND004,2026-03-19,78.1929,78.3162,78.2275,,,4.422997027900895,False,
902865,FUND005,2026-03-19,211.6988,211.284,211.6114,,,4.130212266447004,False,
902866,FUND006,2026-03-19,236.006,236.1684,235.7734,,,9.865404663969336,False,
902867,FUND007,2026-03-19,173.5705,173.9239,173.6648,,,5.430000783118055,False,
902868,FUND008,2026-03-19,54.2049,54.1084,54.1963,,,1.586824192795684,False,
902869,FUND009,2026-03-19,202.1823,201.1299,202.0938,,,4.379154630177198,False,
902870,FUND010,2026-03-19,115.4752,115.293,115.3426,,,11.496186144581142,False,
902871,FUND011,2026-03-19,159.5434,159.295,159.5496,,,0.3885938918058626,False,
902872,FUND012,2026-03-19,153.2461,153.3729,153.276,,,1.9507294031679987,False,
902873,FUND013,2026-03-19,169.913,170.451,170.1213,,,12.244204576380499,False,
902874,FUND014,2026-03-19,126.2199,125.7703,126.2295,,,0.7605195299043447,False,
902875,FUND015,2026-03-19,151.6517,151.9568,151.8584,,,13.611364270925,False,
902876,FUND016,2026-03-19,25.5716,25.5826,25.571,,,0.23464080403527496,False,
902877,FUND017,2026-03-19,23.8082,23.815,23.8205,,,5.163619571377493,False,
902878,FUND018,2026-03-19,237.7534,238.0337,237.5679,,,7.808293965640579,False,
902879,FUND019,2026-03-19,153.9943,153.5818,153.9918,,,0.16234630675125078,False,
902880,FUND020,2026-03-19,131.9389,132.1981,130.4625,2026-03-19,2026-03-21,113.16661876017889,True,2.0
902881,FUND001,2026-03-20,32.2617,32.172,32.4538,2026-03-20,2026-03-21,59.1918357788621,True,1.0
902882,FUND002,2026-03-20,147.1632,146.8787,147.2215,,,3.9600194265105766,False,
902883,FUND003,2026-03-20,214.3749,212.5059,214.2762,,,4.606204515480861,False,
902884,FUND004,2026-03-20,78.2072,78.1929,78.261,,,6.874432987055545,False,
902885,FUND005,2026-03-20,211.5228,211.6988,211.5782,,,2.6184172093353713,False,
902886,FUND006,2026-03-20,235.7912,236.006,235.8701,,,3.3450615402293216,False,
902887,FUND007,2026-03-20,173.4895,173.5705,173.6043,,,6.612739430993498,False,
902888,FUND008,2026-03-20,54.1535,54.2049,54.1882,,,6.403608165615548,False,
902889,FUND009,2026-03-20,201.3291,202.1823,201.2179,,,5.526347308068768,False,
902890,FUND010,2026-03-20,116.3456,115.4752,116.3855,,,3.4282621116882024,False,
902891,FUND011,2026-03-20,159.3278,159.5434,159.1465,,,11.392019302968846,False,
902892,FUND012,2026-03-20,153.2986,153.2461,153.3656,,,4.368645902341026,False,
902893,FUND013,2026-03-20,170.4793,169.913,170.4606,,,1.09702770024249,False,
902894,FUND014,2026-03-20,126.3783,126.2199,126.4013,,,1.8196015389090416,False,
902895,FUND015,2026-03-20,152.6636,151.6517,152.646,,,1.1529945101749033,False,
902896,FUND016,2026-03-20,25.5193,25.5716,25.4948,,,9.609802783312576,False,
902897,FUND017,2026-03-20,23.907,23.8082,23.8803,,,11.180764060753727,False,
902898,FUND018,2026-03-20,236.5997,237.7534,236.7062,,,4.499248435401469,False,
902899,FUND019,2026-03-20,154.3369,153.9943,154.3919,,,3.5623630514281124,False,
902900,FUND020,2026-03-20,131.896,131.9389,132.0486,,,11.556351222202032,False,
902901,FUND001,2026-03-23,32.2237,32.2617,32.2427,,,5.892806743851586,False,
902902,FUND002,2026-03-23,147.7917,147.1632,147.7731,,,1.2586864591723512,False,
902903,FUND003,2026-03-23,214.6289,214.3749,214.6491,,,0.9410707988068373,False,
902904,FUND004,2026-03-23,77.9634,78.2072,77.8402,,,15.82729746326411,False,
902905,FUND005,2026-03-23,209.9768,211.5228,210.0133,,,1.7379851657009124,False,
902906,FUND006,2026-03-23,236.5507,235.7912,236.572,,,0.9003601440574769,False,
902907,FUND007,2026-03-23,174.234,173.4895,174.3913,,,9.019945375714972,False,
902908,FUND008,2026-03-23,54.2042,54.1535,54.1398,,,11.895130754084635,False,
902909,FUND009,2026-03-23,200.82,201.3291,200.5696,,,12.484444302625366,False,
902910,FUND010,2026-03-23,116.1392,116.3456,115.9904,,,12.828647888101816,False,
902911,FUND011,2026-03-23,158.9477,159.3278,158.8567,,,5.728433235740651,False,
902912,FUND012,2026-03-23,153.5412,153.2986,153.7641,,,14.496231565105889,False,
902913,FUND013,2026-03-23,169.79,170.4793,169.8226,,,1.919650270341061,False,
902914,FUND014,2026-03-23,126.1141,126.3783,126.2555,,,11.1995121004633,False,
902915,FUND015,2026-03-23,153.4122,152.6636,153.4537,,,2.7043987860823817,False,
902916,FUND016,2026-03-23,25.4805,25.5193,25.4756,,,1.9234090659294534,False,
902917,FUND017,2026-03-23,23.9412,23.907,23.9523,,,4.634210493356609,False,
902918,FUND018,2026-03-23,237.6629,236.5997,237.6255,,,1.57390515748602,False,
902919,FUND019,2026-03-23,152.8577,154.3369,152.7798,,,5.098841600787515,False,
902920,FUND020,2026-03-23,131.6573,131.896,131.7626,,,7.991645580764172,False,
902921,FUND001,2026-03-24,32.2648,32.2237,32.2691,,,1.332544136651049,False,
902922,FUND002,2026-03-24,147.3309,147.7917,147.2697,,,4.155640977065458,False,
902923,FUND003,2026-03-24,215.5916,214.6289,215.8362,,,11.332668013984277,False,
902924,FUND004,2026-03-24,78.2657,77.9634,78.394,,,16.3660484220744,False,
902925,FUND005,2026-03-24,210.2375,209.9768,210.2923,,,2.605896649568252,False,
902926,FUND006,2026-03-24,235.5417,236.5507,235.5362,,,0.23350975348942662,False,
902927,FUND007,2026-03-24,173.5985,174.234,173.5097,,,5.117869490869501,False,
902928,FUND008,2026-03-24,54.2498,54.2042,54.2765,,,4.919256031615555,False,
902929,FUND009,2026-03-24,202.5015,200.82,202.3378,,,8.0904309525954,False,
902930,FUND010,2026-03-24,115.5509,116.1392,115.5413,,,0.8308717315792566,False,
902931,FUND011,2026-03-24,159.1311,158.9477,159.2401,,,6.845009517075715,False,
902932,FUND012,2026-03-24,153.216,153.5412,153.3353,,,7.780334991354327,False,
902933,FUND013,2026-03-24,169.3196,169.79,169.2998,,,1.1695229409605676,False,
902934,FUND014,2026-03-24,126.0665,126.1141,125.9875,,,6.27046333961764,False,
902935,FUND015,2026-03-24,153.6271,153.4122,153.5919,,,2.2917875226495164,False,
902936,FUND016,2026-03-24,25.6648,25.4805,25.6647,,,0.03896402451607341,False,
902937,FUND017,2026-03-24,23.8088,23.9412,23.8264,,,7.386764261490641,False,
902938,FUND018,2026-03-24,236.3325,237.6629,236.5828,,,10.579805463456411,False,
902939,FUND019,2026-03-24,153.3724,152.8577,153.2755,,,6.321949691894993,False,
902940,FUND020,2026-03-24,131.1536,131.6573,131.2036,,,3.8108710431712964,False,
902941,FUND001,2026-03-25,32.1765,32.2648,32.1674,,,2.828951049819555,False,
902942,FUND002,2026-03-25,147.0607,147.3309,147.1079,,,3.2085292496190676,False,
902943,FUND003,2026-03-25,216.0539,215.5916,215.8095,,,11.324802661605935,False,
902944,FUND004,2026-03-25,77.6908,78.2657,77.6435,,,6.091945880851943,False,
902945,FUND005,2026-03-25,210.672,210.2375,210.5302,,,6.735375732317229,False,
902946,FUND006,2026-03-25,235.3594,235.5417,235.4821,,,5.2105871316762045,False,
902947,FUND007,2026-03-25,174.0871,173.5985,173.911,,,10.125868978959987,False,
902948,FUND008,2026-03-25,54.5658,54.2498,54.5566,,,1.6863220948519289,False,
902949,FUND009,2026-03-25,202.8396,202.5015,203.1212,,,13.863643972170184,False,
902950,FUND010,2026-03-25,115.6785,115.5509,115.7031,,,2.126131451966854,False,
902951,FUND011,2026-03-25,158.8467,159.1311,158.788,,,3.6967529032412734,False,
902952,FUND012,2026-03-25,153.5147,153.216,153.5658,,,3.32756381954778,False,
902953,FUND013,2026-03-25,170.2039,169.3196,170.2314,,,1.615448148814109,False,
902954,FUND014,2026-03-25,126.4932,126.0665,126.5837,,,7.14941971201597,False,
902955,FUND015,2026-03-25,153.8202,153.6271,153.7495,,,4.598388937849423,False,
902956,FUND016,2026-03-25,25.5719,25.6648,25.5853,,,5.237382403177115,False,
902957,FUND017,2026-03-25,23.7955,23.8088,23.7689,,,11.191094245001645,False,
902958,FUND018,2026-03-25,236.6809,236.3325,236.6064,,,3.148689130978725,False,
902959,FUND019,2026-03-25,153.3537,153.3724,153.4325,,,5.1358089061966075,False,
902960,FUND020,2026-03-25,130.976,131.1536,130.8951,,,6.180521654361816,False,
902961,FUND001,2026-03-26,32.2132,32.1765,32.2192,,,1.862243631126852,False,
902962,FUND002,2026-03-26,147.8607,147.0607,147.7172,,,9.714508533875357,False,
902963,FUND003,2026-03-26,215.6273,216.0539,215.4259,,,9.348922297642867,False,
902964,FUND004,2026-03-26,77.4244,77.6908,77.4903,,,8.504290214388016,False,
902965,FUND005,2026-03-26,209.7336,210.672,209.6626,,,3.386393186004464,False,
902966,FUND006,2026-03-26,235.9609,235.3594,235.8746,,,3.6587237455844206,False,
902967,FUND007,2026-03-26,174.2914,174.0871,174.3403,,,2.804859232202954,False,
902968,FUND008,2026-03-26,54.3873,54.5658,54.3549,,,5.960824139130539,False,
902969,FUND009,2026-03-26,204.1467,202.8396,204.1311,,,0.7642147619841502,False,
902970,FUND010,2026-03-26,116.0068,115.6785,116.0101,,,0.28445799115730974,False,
902971,FUND011,2026-03-26,158.1783,158.8467,158.2551,,,4.852924171163617,False,
902972,FUND012,2026-03-26,152.0367,153.5147,152.0936,,,3.7411173119719074,False,
902973,FUND013,2026-03-26,169.9764,170.2039,169.9872,,,0.6353419551583319,False,
902974,FUND014,2026-03-26,126.7625,126.4932,126.6871,,,5.951671480363976,False,
902975,FUND015,2026-03-26,153.1408,153.8202,153.0901,,,3.3117752225654162,False,
902976,FUND016,2026-03-26,25.5409,25.5719,25.5501,,,3.600768685836797,False,
902977,FUND017,2026-03-26,23.7818,23.7955,23.7811,,,0.2943513966981853,False,
902978,FUND018,2026-03-26,236.8112,236.6809,237.0704,,,10.93346111534771,False,
902979,FUND019,2026-03-26,153.3152,153.3537,153.4666,,,9.865338777297165,False,
902980,FUND020,2026-03-26,130.8676,130.976,130.7303,,,10.502538432177577,False,
902981,FUND001,2026-03-27,32.1219,32.2132,32.1261,,,1.307348230879074,False,
902982,FUND002,2026-03-27,148.4713,147.8607,148.4278,,,2.930717830488828,False,
902983,FUND003,2026-03-27,216.4271,215.6273,216.4133,,,0.6376687569573295,False,
902984,FUND004,2026-03-27,77.4083,77.4244,77.3335,,,9.672392947428502,False,
902985,FUND005,2026-03-27,209.4295,209.7336,209.1645,,,12.669453946534253,False,
902986,FUND006,2026-03-27,236.0282,235.9609,236.1944,,,7.036576650420309,False,
902987,FUND007,2026-03-27,175.3209,174.2914,173.6143,2026-03-27,2026-03-29,98.29835445582587,True,1.0
902988,FUND008,2026-03-27,54.2767,54.3873,54.3123,,,6.554684666273072,False,
902989,FUND009,2026-03-27,204.8035,204.1467,204.7097,,,4.5820984545439645,False,
902990,FUND010,2026-03-27,116.1748,116.0068,116.0743,,,8.658247346743503,False,
902991,FUND011,2026-03-27,157.3562,158.1783,157.3656,,,0.5973351227968126,False,
902992,FUND012,2026-03-27,151.8481,152.0367,151.8437,,,0.28977165334982846,False,
902993,FUND013,2026-03-27,170.3514,169.9764,170.5052,,,9.020252754754091,False,
902994,FUND014,2026-03-27,127.3744,126.7625,127.3598,,,1.1463585841048187,False,
902995,FUND015,2026-03-27,153.8634,153.1408,153.8177,,,2.97104949560491,False,
902996,FUND016,2026-03-27,25.3627,25.5409,25.3761,,,5.280559266396627,False,
902997,FUND017,2026-03-27,23.8502,23.7818,23.832,,,7.636790869419358,False,
902998,FUND018,2026-03-27,236.8943,236.8112,236.7984,,,4.049858444989507,False,
902999,FUND019,2026-03-27,154.3144,153.3152,154.4609,,,9.484600957265119,False,
903000,FUND020,2026-03-27,132.3881,130.8676,132.4547,,,5.028134146994708,False,
903001,FUND001,2026-03-30,32.054,32.1219,32.0341,,,6.212130198756889,False,
903002,FUND002,2026-03-30,147.5575,148.4713,147.49,,,4.5765814631497355,False,
903003,FUND003,2026-03-30,216.2719,216.4271,216.333,,,2.8243494982277495,False,
903004,FUND004,2026-03-30,77.227,77.4083,77.2118,,,1.9686110154156757,False,
903005,FUND005,2026-03-30,208.2681,209.4295,208.1717,,,4.630792754251271,False,
903006,FUND006,2026-03-30,234.353,236.0282,234.3514,,,0.06827354135696527,False,
903007,FUND007,2026-03-30,175.3888,175.3209,175.5799,,,10.88393375323746,False,
903008,FUND008,2026-03-30,54.3516,54.2767,54.3324,,,3.533803034652967,False,
903009,FUND009,2026-03-30,205.2019,204.8035,205.3826,,,8.798213675355246,False,
903010,FUND010,2026-03-30,115.2868,116.1748,115.2785,,,0.7199954891853664,False,
903011,FUND011,2026-03-30,157.7121,157.3562,157.8253,,,7.172487554277177,False,
903012,FUND012,2026-03-30,151.9144,151.8481,151.7122,,,13.327866842614164,False,
903013,FUND013,2026-03-30,170.3757,170.3514,170.3702,,,0.3228264097819706,False,
903014,FUND014,2026-03-30,127.0253,127.3744,127.0738,,,3.8166797561735155,False,
903015,FUND015,2026-03-30,153.2171,153.8634,153.2009,,,1.057435041177811,False,
903016,FUND016,2026-03-30,25.2244,25.3627,25.2303,,,2.33845812376407,False,
903017,FUND017,2026-03-30,23.8088,23.8502,23.8107,,,0.7979605807469434,False,
903018,FUND018,2026-03-30,236.4797,236.8943,236.4103,,,2.935574296043856,False,
903019,FUND019,2026-03-30,154.253,154.3144,154.0671,,,12.066171168275076,False,
903020,FUND020,2026-03-30,131.1074,132.3881,131.1299,,,1.7158558040522822,False,
903021,FUND001,2026-03-31,31.9769,32.054,31.9954,,,5.782081174168636,False,
903022,FUND002,2026-03-31,147.2159,147.5575,147.1979,,,1.2228435324145712,False,
903023,FUND003,2026-03-31,216.0613,216.2719,216.2313,,,7.861951530607081,False,
903024,FUND004,2026-03-31,77.2786,77.227,77.2678,,,1.397736185060692,False,
903025,FUND005,2026-03-31,206.8678,208.2681,206.9915,,,5.976090805661764,False,
903026,FUND006,2026-03-31,233.0207,234.353,233.0691,,,2.0766373577615687,False,
903027,FUND007,2026-03-31,174.8629,175.3888,174.8232,,,2.2708656516973766,False,
903028,FUND008,2026-03-31,54.3289,54.3516,54.3501,,,3.900636797356459,False,
903029,FUND009,2026-03-31,205.1469,205.2019,205.1417,,,0.2534833239659266,False,
903030,FUND010,2026-03-31,115.2338,115.2868,114.5978,2026-03-31,2026-04-02,55.4984476141772,True,2.0
903031,FUND011,2026-03-31,159.0194,157.7121,158.8913,,,8.06211542104503,False,
903032,FUND012,2026-03-31,151.1848,151.9144,151.2708,,,5.685168585081372,False,
903033,FUND013,2026-03-31,170.3318,170.3757,170.2666,,,3.8292888916543784,False,
903034,FUND014,2026-03-31,126.7237,127.0253,126.6917,,,2.5258166083489666,False,
903035,FUND015,2026-03-31,153.0985,153.2171,153.063,,,2.319306429379614,False,
903036,FUND016,2026-03-31,25.1582,25.2244,25.1716,,,5.323459772124435,False,
903037,FUND017,2026-03-31,23.7154,23.8088,23.7,,,6.497890295358497,False,
903038,FUND018,2026-03-31,236.7913,236.4797,236.7711,,,0.8531446616591666,False,
903039,FUND019,2026-03-31,154.2682,154.253,154.1037,,,10.674630135422047,False,
903040,FUND020,2026-03-31,131.9571,131.1074,132.0118,,,4.143568983984528,False,
903041,FUND001,2026-04-01,31.957,31.9769,31.9389,,,5.667070562856094,False,
903042,FUND002,2026-04-01,147.2466,147.2159,147.2159,,,2.085372571848282,False,
903043,FUND003,2026-04-01,216.3451,216.0613,216.2156,,,5.989392069767735,False,
903044,FUND004,2026-04-01,77.7155,77.2786,77.8059,,,11.618656168746622,False,
903045,FUND005,2026-04-01,208.4364,206.8678,208.374,,,2.994615451063793,False,
903046,FUND006,2026-04-01,233.5393,233.0207,233.421,,,5.068095843990256,False,
903047,FUND007,2026-04-01,175.7104,174.8629,175.5736,,,7.791604204732023,False,
903048,FUND008,2026-04-01,54.2596,54.3289,54.2494,,,1.8802051266921929,False,
903049,FUND009,2026-04-01,206.1871,205.1469,206.1609,,,1.2708520383830626,False,
903050,FUND010,2026-04-01,115.2407,115.2338,115.1782,,,5.426374088152098,False,
903051,FUND011,2026-04-01,159.5625,159.0194,159.5785,,,1.0026413332617572,False,
903052,FUND012,2026-04-01,151.8976,151.1848,151.8545,,,2.8382431867353084,False,
903053,FUND013,2026-04-01,171.3999,170.3318,171.3402,,,3.484296154667282,False,
903054,FUND014,2026-04-01,125.8045,126.7237,125.7438,,,4.827275778210242,False,
903055,FUND015,2026-04-01,151.9315,153.0985,151.8927,,,2.5544348082566875,False,
903056,FUND016,2026-04-01,25.2053,25.1582,25.1935,,,4.683747792089595,False,
903057,FUND017,2026-04-01,23.6206,23.7154,23.6272,,,2.7933906683817082,False,
903058,FUND018,2026-04-01,235.9969,236.7913,236.0458,,,2.0716318612745184,False,
903059,FUND019,2026-04-01,154.1079,154.2682,154.1122,,,0.27901749504585854,False,
903060,FUND020,2026-04-01,131.5781,131.9571,131.656,,,5.916935042838885,False,
903061,FUND001,2026-04-02,32.016,31.957,32.023,,,2.1859288636308283,False,
903062,FUND002,2026-04-02,147.3852,147.2466,147.2607,,,8.454394145891156,False,
903063,FUND003,2026-04-02,216.6269,216.3451,216.5955,,,1.4497069422042097,False,
903064,FUND004,2026-04-02,77.7987,77.7155,77.74,,,7.550810393619984,False,
903065,FUND005,2026-04-02,209.4349,208.4364,209.65,,,10.259957071309644,False,
903066,FUND006,2026-04-02,232.676,233.5393,232.6221,,,2.3170627382350486,False,
903067,FUND007,2026-04-02,176.674,175.7104,176.5764,,,5.5273524661279705,False,
903068,FUND008,2026-04-02,54.1328,54.2596,54.0491,,,15.485919284502485,False,
903069,FUND009,2026-04-02,205.3288,206.1871,204.2261,2026-04-02,2026-04-06,53.99407813203105,True,2.0
903070,FUND010,2026-04-02,115.3184,115.2407,115.3935,,,6.508165537920781,False,
903071,FUND011,2026-04-02,159.8148,159.5625,159.8361,,,1.332615097590378,False,
903072,FUND012,2026-04-02,152.3627,151.8976,152.4893,,,8.302221860812287,False,
903073,FUND013,2026-04-02,171.8156,171.3999,171.9287,,,6.578308333629165,False,
903074,FUND014,2026-04-02,126.6745,125.8045,126.5925,,,6.477476943736291,False,
903075,FUND015,2026-04-02,152.182,151.9315,152.0914,,,5.956944311117849,False,
903076,FUND016,2026-04-02,25.1499,25.2053,25.1365,,,5.330893322458254,False,
903077,FUND017,2026-04-02,23.6218,23.6206,23.6254,,,1.5237837242961878,False,
903078,FUND018,2026-04-02,235.7101,235.9969,235.7413,,,1.3234846842697536,False,
903079,FUND019,2026-04-02,154.2467,154.1079,154.2337,,,0.8428767513199276,False,
903080,FUND020,2026-04-02,131.4336,131.5781,131.4529,,,1.4682064830815442,False,
903081,FUND001,2026-04-03,32.0001,32.016,31.9927,,,2.313027659436081,False,
903082,FUND002,2026-04-03,148.2038,147.3852,148.3373,,,8.999759332278392,False,
903083,FUND003,2026-04-03,217.1419,216.6269,217.0551,,,3.998984589626433,False,
903084,FUND004,2026-04-03,77.6816,77.7987,77.2295,2026-04-03,2026-04-04,58.53980668009006,True,1.0
903085,FUND005,2026-04-03,208.7914,209.4349,208.8738,,,3.944965811891127,False,
903086,FUND006,2026-04-03,233.4382,232.676,233.4637,,,1.0922468889165151,False,
903087,FUND007,2026-04-03,177.2062,176.674,177.1957,,,0.5925651694712402,False,
903088,FUND008,2026-04-03,54.2663,54.1328,54.231,,,6.5091921594658855,False,
903089,FUND009,2026-04-03,205.4824,205.3288,205.4825,,,0.004866594477626949,False,
903090,FUND010,2026-04-03,115.0903,115.3184,115.0415,,,4.241947471129979,False,
903091,FUND011,2026-04-03,158.4965,159.8148,158.4491,,,2.991496953912034,False,
903092,FUND012,2026-04-03,152.8813,152.3627,152.8741,,,0.47097578988276245,False,
903093,FUND013,2026-04-03,171.2507,171.8156,171.2703,,,1.1443898913002988,False,
903094,FUND014,2026-04-03,126.895,126.6745,126.8039,,,7.184321617868007,False,
903095,FUND015,2026-04-03,152.7092,152.182,152.6858,,,1.5325590198963763,False,
903096,FUND016,2026-04-03,25.0151,25.1499,25.0225,,,2.9573383954443067,False,
903097,FUND017,2026-04-03,23.5749,23.6218,23.5741,,,0.33935547910551644,False,
903098,FUND018,2026-04-03,235.1019,235.7101,235.0397,,,2.6463614444704464,False,
903099,FUND019,2026-04-03,154.2587,154.2467,154.2124,,,3.0023525994020086,False,
903100,FUND020,2026-04-03,132.1223,131.4336,132.259,,,10.335780551795379,False,
903101,FUND001,2026-04-06,32.2384,32.0001,32.2268,,,3.5994886243751747,False,
903102,FUND002,2026-04-06,148.7324,148.2038,148.7025,,,2.0107261142231128,False,
903103,FUND003,2026-04-06,216.3732,217.1419,216.1905,,,8.45088012655557,False,
903104,FUND004,2026-04-06,77.55,77.6816,77.5368,,,1.7024174327542094,False,
903105,FUND005,2026-04-06,208.3338,208.7914,208.4801,,,7.017456342355771,False,
903106,FUND006,2026-04-06,234.1385,233.4382,234.0282,,,4.713107223830084,False,
903107,FUND007,2026-04-06,177.5993,177.2062,177.4107,,,10.630700403076482,False,
903108,FUND008,2026-04-06,54.2765,54.2663,54.2348,,,7.688790223251259,False,
903109,FUND009,2026-04-06,205.2918,205.4824,205.2702,,,1.052271591298031,False,
903110,FUND010,2026-04-06,114.8162,115.0903,114.8177,,,0.13064187838697014,False,
903111,FUND011,2026-04-06,157.5455,158.4965,157.4073,,,8.779770696785466,False,
903112,FUND012,2026-04-06,152.9326,152.8813,154.5442,2026-04-06,2026-04-08,104.28084651510582,True,2.0
903113,FUND013,2026-04-06,171.932,171.2507,171.969,,,2.151550570161258,False,
903114,FUND014,2026-04-06,126.8374,126.895,126.895,,,4.539185941131932,False,
903115,FUND015,2026-04-06,152.4341,152.7092,152.3925,,,2.729793132863383,False,
903116,FUND016,2026-04-06,24.9776,25.0151,24.9884,,,4.322005410510356,False,
903117,FUND017,2026-04-06,23.6552,23.5749,23.6533,,,0.8032705795804918,False,
903118,FUND018,2026-04-06,234.8117,235.1019,234.5987,,,9.079334199208857,False,
903119,FUND019,2026-04-06,154.7588,154.2587,154.8157,,,3.675337837182187,False,
903120,FUND020,2026-04-06,132.6148,132.1223,132.5413,,,5.5454413077279066,False,
903121,FUND001,2026-04-07,32.2244,32.2384,32.2253,,,0.2792836684202629,False,
903122,FUND002,2026-04-07,148.6634,148.7324,148.5704,,,6.2596587207135,False,
903123,FUND003,2026-04-07,217.3969,216.3732,217.3252,,,3.2992032217153264,False,
903124,FUND004,2026-04-07,77.8974,77.55,77.8944,,,0.3851368005915847,False,
903125,FUND005,2026-04-07,209.797,208.3338,209.9897,,,9.17664056856132,False,
903126,FUND006,2026-04-07,232.7233,234.1385,232.5001,,,9.599995870969149,False,
903127,FUND007,2026-04-07,178.9458,177.5993,178.9274,,,1.0283500458837236,False,
903128,FUND008,2026-04-07,54.3693,54.2765,54.3774,,,1.489589425018277,False,
903129,FUND009,2026-04-07,205.5493,205.2918,205.5229,,,1.2845283907533087,False,
903130,FUND010,2026-04-07,115.7802,114.8162,115.7576,,,1.95235561207187,False,
903131,FUND011,2026-04-07,157.8599,157.5455,157.9468,,,5.501852522494015,False,
903132,FUND012,2026-04-07,152.5393,152.9326,152.58,,,2.6674531393377423,False,
903133,FUND013,2026-04-07,172.0857,171.932,172.1412,,,3.2240974269956872,False,
903134,FUND014,2026-04-07,126.5194,126.8374,126.556,,,2.8920003792781745,False,
903135,FUND015,2026-04-07,152.1836,152.4341,152.002,,,11.94721122090519,False,
903136,FUND016,2026-04-07,24.9861,24.9776,24.9811,,,2.001513143936418,False,
903137,FUND017,2026-04-07,23.6953,23.6552,23.692,,,1.3928752321456248,False,
903138,FUND018,2026-04-07,235.2398,234.8117,235.2125,,,1.1606526013709633,False,
903139,FUND019,2026-04-07,155.1594,154.7588,154.8688,,,18.764270143502884,False,
903140,FUND020,2026-04-07,131.8919,132.6148,131.9618,,,5.296987461524341,False,
903141,FUND001,2026-04-08,32.3371,32.2244,32.2885,,,15.051798627994618,False,
903142,FUND002,2026-04-08,148.7906,148.6634,148.7207,,,4.700085462213282,False,
903143,FUND003,2026-04-08,217.2303,217.3969,217.2556,,,1.1645269442991215,False,
903144,FUND004,2026-04-08,77.733,77.8974,77.697,,,4.633383528321732,False,
903145,FUND005,2026-04-08,207.7918,209.797,207.8824,,,4.358233308832056,False,
903146,FUND006,2026-04-08,233.4639,232.7233,233.533,,,2.9588966013365017,False,
903147,FUND007,2026-04-08,179.6044,178.9458,179.565,,,2.1941915183916993,False,
903148,FUND008,2026-04-08,54.4293,54.3693,54.4594,,,5.527053180902555,False,
903149,FUND009,2026-04-08,206.0152,205.5493,205.9382,,,3.7389857734018355,False,
903150,FUND010,2026-04-08,116.4232,115.7802,116.4509,,,2.378684922144015,False,
903151,FUND011,2026-04-08,157.9566,157.8599,157.9626,,,0.37983674616651203,False,
903152,FUND012,2026-04-08,152.4712,152.5393,152.4721,,,0.059027192515972104,False,
903153,FUND013,2026-04-08,172.1883,172.0857,172.1563,,,1.8587760076169555,False,
903154,FUND014,2026-04-08,126.8502,126.5194,126.5379,,,24.68035268484838,False,
903155,FUND015,2026-04-08,152.4982,152.1836,152.5752,,,5.046691729717423,False,
903156,FUND016,2026-04-08,25.1553,24.9861,25.1643,,,3.5764952730655497,False,
903157,FUND017,2026-04-08,23.7808,23.6953,23.778,,,1.1775590882330642,False,
903158,FUND018,2026-04-08,233.2161,235.2398,233.0456,,,7.316164733425738,False,
903159,FUND019,2026-04-08,156.1822,155.1594,156.1669,,,0.9797210548455733,False,
903160,FUND020,2026-04-08,131.9339,131.8919,132.0265,,,7.01374345301924,False,
903161,FUND001,2026-04-09,32.3803,32.3371,32.3925,,,3.7663039283784796,False,
903162,FUND002,2026-04-09,147.8569,148.7906,147.8728,,,1.0752484567828724,False,
903163,FUND003,2026-04-09,218.3801,217.2303,218.2505,,,5.938130725932385,False,
903164,FUND004,2026-04-09,77.57,77.733,77.5774,,,0.9538860544442157,False,
903165,FUND005,2026-04-09,207.3689,207.7918,207.3324,,,1.7604580856629037,False,
903166,FUND006,2026-04-09,232.4592,233.4639,232.3068,,,6.560290099127537,False,
903167,FUND007,2026-04-09,180.383,179.6044,180.446,,,3.4913492125061336,False,
903168,FUND008,2026-04-09,54.5786,54.4293,54.5755,,,0.5680204487367836,False,
903169,FUND009,2026-04-09,205.7708,206.0152,205.6667,,,5.061587510278366,False,
903170,FUND010,2026-04-09,115.7832,116.4232,115.8234,,,3.4708012370568375,False,
903171,FUND011,2026-04-09,159.0148,157.9566,159.0042,,,0.6666490570696134,False,
903172,FUND012,2026-04-09,152.6029,152.4712,152.5396,,,4.149742099756269,False,
903173,FUND013,2026-04-09,171.9598,172.1883,171.8985,,,3.5660578771768563,False,
903174,FUND014,2026-04-09,127.3465,126.8502,127.3061,,,3.173453589419935,False,
903175,FUND015,2026-04-09,152.0057,152.4982,152.0187,,,0.8551579509629559,False,
903176,FUND016,2026-04-09,25.1114,25.1553,25.1205,,,3.622539360283477,False,
903177,FUND017,2026-04-09,23.6965,23.7808,23.6978,,,0.5485741292442855,False,
903178,FUND018,2026-04-09,232.581,233.2161,232.5436,,,1.6083005509500583,False,
903179,FUND019,2026-04-09,156.4462,156.1822,156.3794,,,4.271662380083351,False,
903180,FUND020,2026-04-09,132.0366,131.9339,131.9377,,,7.495962109388463,False,
903181,FUND001,2026-04-10,32.3576,32.3803,32.4036,,,14.19595353602667,False,
903182,FUND002,2026-04-10,147.267,147.8569,147.2022,,,4.402108120666069,False,
903183,FUND003,2026-04-10,218.19,218.3801,218.2116,,,0.9898648834437079,False,
903184,FUND004,2026-04-10,77.8438,77.57,77.837,,,0.8736205146650516,False,
903185,FUND005,2026-04-10,207.2732,207.3689,207.5226,,,12.017968163467907,False,
903186,FUND006,2026-04-10,232.5003,232.4592,232.5874,,,3.744828825636832,False,
903187,FUND007,2026-04-10,178.945,180.383,179.016,,,3.9661259328773943,False,
903188,FUND008,2026-04-10,54.941,54.5786,54.876,,,11.844886653547059,False,
903189,FUND009,2026-04-10,207.4882,205.7708,207.4222,,,3.1819159183540866,False,
903190,FUND010,2026-04-10,115.78,115.7832,115.8301,,,4.3253005911244555,False,
903191,FUND011,2026-04-10,158.8422,159.0148,158.9138,,,4.505587305823527,False,
903192,FUND012,2026-04-10,152.9756,152.6029,153.098,,,7.994879097050736,False,
903193,FUND013,2026-04-10,171.9661,171.9598,171.8043,,,9.417692106658535,False,
903194,FUND014,2026-04-10,127.5305,127.3465,127.5786,,,3.7702247869149628,False,
903195,FUND015,2026-04-10,150.8192,152.0057,150.9308,,,7.3941170390675675,False,
903196,FUND016,2026-04-10,25.0934,25.1114,25.105,,,4.62059350727002,False,
903197,FUND017,2026-04-10,23.7535,23.6965,23.7683,,,6.226781048708168,False,
903198,FUND018,2026-04-10,232.2448,232.581,232.235,,,0.4219863500326938,False,
903199,FUND019,2026-04-10,155.1826,156.4462,155.1549,,,1.7853126133953907,False,
903200,FUND020,2026-04-10,132.1456,132.0366,132.0629,,,6.262167497456775,False,
903201,FUND001,2026-04-13,32.4649,32.3576,32.5012,,,11.16881838208962,False,
903202,FUND002,2026-04-13,147.9489,147.267,147.8591,,,6.073349560493521,False,
903203,FUND003,2026-04-13,217.855,218.19,217.7528,,,4.693395446578968,False,
903204,FUND004,2026-04-13,77.9147,77.8438,77.8863,,,3.6463408840823934,False,
903205,FUND005,2026-04-13,207.5039,207.2732,207.2826,,,10.676245859516676,False,
903206,FUND006,2026-04-13,230.6018,232.5003,230.5151,,,3.7611418948263062,False,
903207,FUND007,2026-04-13,178.8533,178.945,178.9624,,,6.096252620662898,False,
903208,FUND008,2026-04-13,54.9798,54.941,54.9763,,,0.6366379694514538,False,
903209,FUND009,2026-04-13,207.0781,207.4882,207.1978,,,5.777088366768112,False,
903210,FUND010,2026-04-13,115.4455,115.78,115.391,,,4.723071990015705,False,
903211,FUND011,2026-04-13,157.6703,158.8422,157.7668,,,6.116622762202936,False,
903212,FUND012,2026-04-13,152.872,152.9756,152.8074,,,4.227543954024011,False,
903213,FUND013,2026-04-13,171.3344,171.9661,171.1673,,,9.762378678636427,False,
903214,FUND014,2026-04-13,127.3218,127.5305,127.2602,,,4.840476441181025,False,
903215,FUND015,2026-04-13,149.6219,150.8192,149.6359,,,0.9356043569746019,False,
903216,FUND016,2026-04-13,24.9855,25.0934,24.9827,,,1.1207755766978857,False,
903217,FUND017,2026-04-13,23.8477,23.7535,23.8368,,,4.572761444488969,False,
903218,FUND018,2026-04-13,233.3267,232.2448,233.429,,,4.382488893839833,False,
903219,FUND019,2026-04-13,155.9739,155.1826,155.9322,,,2.674239188569881,False,
903220,FUND020,2026-04-13,133.1331,132.1456,133.1444,,,0.8487026115989271,False,
903221,FUND001,2026-04-14,32.6887,32.4649,32.6745,,,4.345896647231121,False,
903222,FUND002,2026-04-14,147.8046,147.9489,147.8023,,,0.15561327530025493,False,
903223,FUND003,2026-04-14,217.3953,217.855,217.2822,,,5.205212391995427,False,
903224,FUND004,2026-04-14,77.5401,77.9147,77.4314,,,14.038232551652031,False,
903225,FUND005,2026-04-14,208.2359,207.5039,208.2719,,,1.7285097029412688,False,
903226,FUND006,2026-04-14,229.6063,230.6018,229.6047,,,0.06968498467131862,False,
903227,FUND007,2026-04-14,179.602,178.8533,179.3939,,,11.600171466253965,False,
903228,FUND008,2026-04-14,55.0436,54.9798,55.0322,,,2.0715144951491573,False,
903229,FUND009,2026-04-14,206.5374,207.0781,206.6873,,,7.252501726037467,False,
903230,FUND010,2026-04-14,115.7572,115.4455,115.7703,,,1.1315510109249565,False,
903231,FUND011,2026-04-14,158.45,157.6703,158.4363,,,0.86470082929228,False,
903232,FUND012,2026-04-14,151.7501,152.872,151.6089,,,9.313437403740663,False,
903233,FUND013,2026-04-14,171.8281,171.3344,171.7055,,,7.140132377821653,False,
903234,FUND014,2026-04-14,127.2473,127.3218,127.1925,,,4.308430135424666,False,
903235,FUND015,2026-04-14,149.4864,149.6219,149.4436,,,2.863956703398454,False,
903236,FUND016,2026-04-14,24.8789,24.9855,24.8808,,,0.7636410404806616,False,
903237,FUND017,2026-04-14,23.8701,23.8477,23.8469,,,9.728727843031681,False,
903238,FUND018,2026-04-14,232.6687,233.3267,232.5578,,,4.768706962312814,False,
903239,FUND019,2026-04-14,154.78,155.9739,154.694,,,5.559362354067562,False,
903240,FUND020,2026-04-14,133.6728,133.1331,133.7637,,,6.795565613092705,False,
903241,FUND001,2026-04-15,32.7027,32.6887,32.682,,,6.333761703689474,False,
903242,FUND002,2026-04-15,148.62,147.8046,148.6019,,,1.2180194196712157,False,
903243,FUND003,2026-04-15,216.992,217.3953,216.8491,,,6.589835973494811,False,
903244,FUND004,2026-04-15,77.9856,77.5401,77.9534,,,4.13067294050075,False,
903245,FUND005,2026-04-15,208.2996,208.2359,208.0939,,,9.88496058750436,False,
903246,FUND006,2026-04-15,229.2872,229.6063,229.3177,,,1.3300325269261515,False,
903247,FUND007,2026-04-15,179.9256,179.602,179.9367,,,0.6168836040673747,False,
903248,FUND008,2026-04-15,54.9159,55.0436,54.9056,,,1.8759470800794207,False,
903249,FUND009,2026-04-15,205.5547,206.5374,205.5316,,,1.1239147654180406,False,
903250,FUND010,2026-04-15,116.0046,115.7572,115.9879,,,1.4398053590072895,False,
903251,FUND011,2026-04-15,158.7608,158.45,158.8049,,,2.7769923975906576,False,
903252,FUND012,2026-04-15,151.9769,151.7501,151.9919,,,0.9868946963612113,False,
903253,FUND013,2026-04-15,172.2444,171.8281,172.1997,,,2.595823337671666,False,
903254,FUND014,2026-04-15,126.5164,127.2473,126.5894,,,5.76667556683208,False,
903255,FUND015,2026-04-15,149.6347,149.4864,149.6737,,,2.6056681968834385,False,
903256,FUND016,2026-04-15,24.946,24.8789,24.9355,,,4.210864029195483,False,
903257,FUND017,2026-04-15,23.9319,23.8701,23.9353,,,1.4204960873700074,False,
903258,FUND018,2026-04-15,232.6301,232.6687,232.6741,,,1.8910570622175453,False,
903259,FUND019,2026-04-15,155.3297,154.78,155.3334,,,0.2381973226626817,False,
903260,FUND020,2026-04-15,133.0805,133.6728,133.0603,,,1.518108707104106,False,
903261,FUND001,2026-04-16,32.7347,32.7027,32.7505,,,4.824353826660908,False,
903262,FUND002,2026-04-16,149.2087,148.62,149.1504,,,3.9088061446702578,False,
903263,FUND003,2026-04-16,217.2407,216.992,217.2041,,,1.6850510648736767,False,
903264,FUND004,2026-04-16,78.2019,77.9856,78.1728,,,3.7225224118874705,False,
903265,FUND005,2026-04-16,207.928,208.2996,207.839,,,4.282160710934841,False,
903266,FUND006,2026-04-16,229.4908,229.2872,229.4503,,,1.765088125838521,False,
903267,FUND007,2026-04-16,180.4904,179.9256,180.6669,,,9.769360076472465,False,
903268,FUND008,2026-04-16,55.036,54.9159,54.9815,,,9.912425088439646,False,
903269,FUND009,2026-04-16,204.4135,205.5547,204.3336,,,3.9102722215048913,False,
903270,FUND010,2026-04-16,115.7115,116.0046,115.7527,,,3.5593122233868804,False,
903271,FUND011,2026-04-16,157.2893,158.7608,157.231,,,3.707920193855072,False,
903272,FUND012,2026-04-16,151.6553,151.9769,151.7615,,,6.99782224081873,False,
903273,FUND013,2026-04-16,171.3709,172.2444,171.4087,,,2.2052556258815494,False,
903274,FUND014,2026-04-16,125.7067,126.5164,125.6534,,,4.241827121271133,False,
903275,FUND015,2026-04-16,148.2765,149.6347,148.3347,,,3.9235593559699358,False,
903276,FUND016,2026-04-16,24.9206,24.946,24.9016,,,7.630031805185974,False,
903277,FUND017,2026-04-16,24.0607,23.9319,24.0741,,,5.566147851841084,False,
903278,FUND018,2026-04-16,230.3641,232.6301,230.4288,,,2.8078087461284253,False,
903279,FUND019,2026-04-16,156.1699,155.3297,156.1685,,,0.08964675975104157,False,
903280,FUND020,2026-04-16,133.9048,133.0805,134.0511,,,10.913748563047715,False,
903281,FUND001,2026-04-17,32.4607,32.7347,32.461,,,0.09241859461992795,False,
903282,FUND002,2026-04-17,149.2582,149.2087,149.2214,,,2.466134213993402,False,
903283,FUND003,2026-04-17,217.6833,217.2407,217.8234,,,6.431815865512598,False,
903284,FUND004,2026-04-17,77.9632,78.2019,77.9455,,,2.270817430128094,False,
903285,FUND005,2026-04-17,208.8915,207.928,209.0181,,,6.056891723730924,False,
903286,FUND006,2026-04-17,228.8775,229.4908,228.7522,,,5.477542948221261,False,
903287,FUND007,2026-04-17,180.1165,180.4904,179.9296,,,10.387395959309002,False,
903288,FUND008,2026-04-17,55.1107,55.036,55.0774,,,6.046037031523657,False,
903289,FUND009,2026-04-17,204.4202,204.4135,204.2868,,,6.530035224987352,False,
903290,FUND010,2026-04-17,116.0203,115.7115,116.0982,,,6.709837017283613,False,
903291,FUND011,2026-04-17,156.4127,157.2893,156.5568,,,9.204327119614655,False,
903292,FUND012,2026-04-17,152.1178,151.6553,152.2705,,,10.028206382720885,False,
903293,FUND013,2026-04-17,172.8116,171.3709,172.6642,,,8.53680149098682,False,
903294,FUND014,2026-04-17,127.4306,125.7067,127.4033,,,2.1428016385758273,False,
903295,FUND015,2026-04-17,148.1192,148.2765,148.1054,,,0.9317688619053299,False,
903296,FUND016,2026-04-17,25.0284,24.9206,25.0222,,,2.4777997138540018,False,
903297,FUND017,2026-04-17,24.083,24.0607,24.0967,,,5.685425805193262,False,
903298,FUND018,2026-04-17,228.5193,230.3641,228.4926,,,1.1685279960916395,False,
903299,FUND019,2026-04-17,156.5398,156.1699,156.5048,,,2.236353134218568,False,
903300,FUND020,2026-04-17,133.7275,133.9048,133.7951,,,5.052501922716061,False,
903301,FUND001,2026-04-20,32.48,32.4607,32.4739,,,1.878431601993121,False,
903302,FUND002,2026-04-20,149.4322,149.2582,149.4917,,,3.980154082133931,False,
903303,FUND003,2026-04-20,217.3704,217.6833,217.3928,,,1.0303929108969865,False,
903304,FUND004,2026-04-20,78.135,77.9632,78.1197,,,1.9585328668710362,False,
903305,FUND005,2026-04-20,208.1847,208.8915,208.3327,,,7.104021596225467,False,
903306,FUND006,2026-04-20,227.7369,228.8775,227.791,,,2.374984086289861,False,
903307,FUND007,2026-04-20,179.5529,180.1165,179.4435,,,6.096626514752205,False,
903308,FUND008,2026-04-20,55.0515,55.1107,55.1264,,,13.586956521739046,False,
903309,FUND009,2026-04-20,204.4792,204.4202,204.5876,,,5.298463836518801,False,
903310,FUND010,2026-04-20,115.8093,116.0203,115.8435,,,2.9522588664890703,False,
903311,FUND011,2026-04-20,155.8676,156.4127,155.8765,,,0.5709648343389037,False,
903312,FUND012,2026-04-20,153.0569,152.1178,153.076,,,1.2477462175638476,False,
903313,FUND013,2026-04-20,172.4751,172.8116,172.5231,,,2.78223611794605,False,
903314,FUND014,2026-04-20,127.4948,127.4306,127.4632,,,2.479146922405636,False,
903315,FUND015,2026-04-20,148.0526,148.1192,148.0149,,,2.547040872236576,False,
903316,FUND016,2026-04-20,25.1958,25.0284,25.2164,,,8.169286654717457,False,
903317,FUND017,2026-04-20,24.088,24.083,24.078,,,4.153168867846816,False,
903318,FUND018,2026-04-20,227.3005,228.5193,227.3025,,,0.08798847351039032,False,
903319,FUND019,2026-04-20,157.0045,156.5398,157.0176,,,0.8343013776786888,False,
903320,FUND020,2026-04-20,133.6527,133.7275,133.7564,,,7.752900048147486,False,
903321,FUND001,2026-04-21,32.5155,32.48,32.5056,,,3.0456290608393,False,
903322,FUND002,2026-04-21,150.1869,149.4322,150.1458,,,2.737339306194388,False,
903323,FUND003,2026-04-21,217.4211,217.3704,217.3564,,,2.9766779354087465,False,
903324,FUND004,2026-04-21,78.268,78.135,78.2459,,,2.824429139417487,False,
903325,FUND005,2026-04-21,208.1949,208.1847,208.2183,,,1.123820528743603,False,
903326,FUND006,2026-04-21,228.0732,227.7369,228.2609,,,8.223046522640463,False,
903327,FUND007,2026-04-21,178.8132,179.5529,178.7432,,,3.9162328972510942,False,
903328,FUND008,2026-04-21,55.3548,55.0515,55.4249,,,12.64774496661313,False,
903329,FUND009,2026-04-21,204.2335,204.4792,204.3031,,,3.406703079885147,False,
903330,FUND010,2026-04-21,116.7127,115.8093,116.7483,,,3.049294936200553,False,
903331,FUND011,2026-04-21,155.8227,155.8676,155.8837,,,3.9131737314425465,False,
903332,FUND012,2026-04-21,152.8691,153.0569,152.7259,,,9.376274751041397,False,
903333,FUND013,2026-04-21,171.6813,172.4751,171.7436,,,3.6275005298592413,False,
903334,FUND014,2026-04-21,127.001,127.4948,126.89,,,8.747734258019088,False,
903335,FUND015,2026-04-21,147.779,148.0526,147.6782,,,6.825651991965804,False,
903336,FUND016,2026-04-21,25.1959,25.1958,25.1832,,,5.0430445693964145,False,
903337,FUND017,2026-04-21,24.0613,24.088,24.0726,,,4.69413357925695,False,
903338,FUND018,2026-04-21,227.6205,227.3005,227.4645,,,6.858213039837246,False,
903339,FUND019,2026-04-21,157.3595,157.0045,157.2636,,,6.098041759186508,False,
903340,FUND020,2026-04-21,134.297,133.6527,135.7204,2026-04-21,2026-04-23,104.87738026118512,True,2.0
903341,FUND001,2026-04-22,32.4217,32.5155,32.4223,,,0.18505781514531716,False,
903342,FUND002,2026-04-22,150.1226,150.1869,150.2473,,,8.299649977070473,False,
903343,FUND003,2026-04-22,216.6464,217.4211,216.6626,,,0.7477063415650773,False,
903344,FUND004,2026-04-22,78.3585,78.268,78.4703,,,14.24742864497627,False,
903345,FUND005,2026-04-22,208.9366,208.1949,208.8093,,,6.0964717567651965,False,
903346,FUND006,2026-04-22,228.3985,228.0732,228.4745,,,3.3264106059973173,False,
903347,FUND007,2026-04-22,177.128,178.8132,177.3337,,,11.599600076015294,False,
903348,FUND008,2026-04-22,55.5495,55.3548,55.544,,,0.9902059628411611,False,
903349,FUND009,2026-04-22,204.4909,204.2335,204.2626,,,11.176789094039664,False,
903350,FUND010,2026-04-22,116.5613,116.7127,116.7215,,,13.724977831847879,False,
903351,FUND011,2026-04-22,155.768,155.8227,155.6815,,,5.556215735331489,False,
903352,FUND012,2026-04-22,152.9909,152.8691,152.8111,,,11.766160966055487,False,
903353,FUND013,2026-04-22,171.14,171.6813,171.0292,,,6.47842590621855,False,
903354,FUND014,2026-04-22,126.5563,127.001,126.5253,,,2.4501028648018774,False,
903355,FUND015,2026-04-22,147.6126,147.779,147.5255,,,5.9040640431649045,False,
903356,FUND016,2026-04-22,25.1406,25.1959,25.1383,,,0.9149385598859877,False,
903357,FUND017,2026-04-22,24.15,24.0613,24.1481,,,0.7868113847462636,False,
903358,FUND018,2026-04-22,228.1433,227.6205,228.0035,,,6.131484823698239,False,
903359,FUND019,2026-04-22,158.107,157.3595,158.1112,,,0.2656358309846056,False,
903360,FUND020,2026-04-22,134.7823,134.297,134.8766,,,6.991576003547246,False,
903361,FUND001,2026-04-23,32.5674,32.4217,32.5381,,,9.004828186033977,False,
903362,FUND002,2026-04-23,150.0548,150.1226,150.0859,,,2.0721466839995784,False,
903363,FUND003,2026-04-23,217.4514,216.6464,217.4828,,,1.4437923366809131,False,
903364,FUND004,2026-04-23,78.2481,78.3585,78.2571,,,1.1500553943348708,False,
903365,FUND005,2026-04-23,209.0925,208.9366,208.9823,,,5.273173852522048,False,
903366,FUND006,2026-04-23,226.8506,228.3985,226.9003,,,2.1903893472155573,False,
903367,FUND007,2026-04-23,177.124,177.128,177.0723,,,2.9197113269541615,False,
903368,FUND008,2026-04-23,55.6832,55.5495,55.6404,,,7.692252392146664,False,
903369,FUND009,2026-04-23,203.9476,204.4909,203.905,,,2.0892082097051614,False,
903370,FUND010,2026-04-23,117.5337,116.5613,117.6455,,,9.503125916418592,False,
903371,FUND011,2026-04-23,155.5573,155.768,155.4611,,,6.188043182507411,False,
903372,FUND012,2026-04-23,152.5331,152.9909,152.5496,,,1.0816154221320626,False,
903373,FUND013,2026-04-23,171.5801,171.14,171.4783,,,5.9366112213613755,False,
903374,FUND014,2026-04-23,126.2114,126.5563,126.2526,,,3.263299132057752,False,
903375,FUND015,2026-04-23,147.6987,147.6126,147.7443,,,3.086413486003007,False,
903376,FUND016,2026-04-23,25.161,25.1406,25.1803,,,7.664722024756517,False,
903377,FUND017,2026-04-23,23.9966,24.15,24.0176,,,8.743588035441007,False,
903378,FUND018,2026-04-23,229.6175,228.1433,229.5501,,,2.9361782024935104,False,
903379,FUND019,2026-04-23,157.9183,158.107,157.9168,,,0.09498672718754125,False,
903380,FUND020,2026-04-23,133.9385,134.7823,133.9831,,,3.328778032453543,False,
903381,FUND001,2026-04-24,32.5685,32.5674,32.5606,,,2.4262452166112882,False,
903382,FUND002,2026-04-24,149.4523,150.0548,149.415,,,2.4964026369518524,False,
903383,FUND003,2026-04-24,217.1126,217.4514,217.2165,,,4.783246208276539,False,
903384,FUND004,2026-04-24,78.67,78.2481,78.8223,,,19.321943155680152,False,
903385,FUND005,2026-04-24,210.0926,209.0925,210.1305,,,1.803641070668351,False,
903386,FUND006,2026-04-24,224.8359,226.8506,224.5235,,,13.913911015995948,False,
903387,FUND007,2026-04-24,178.1944,177.124,178.2642,,,3.9155366024129656,False,
903388,FUND008,2026-04-24,55.9248,55.6832,55.9515,,,4.7719900270779645,False,
903389,FUND009,2026-04-24,202.3746,203.9476,202.6376,,,12.978835122405973,False,
903390,FUND010,2026-04-24,118.0462,117.5337,117.9093,,,11.610619348940002,False,
903391,FUND011,2026-04-24,155.4025,155.5573,155.4475,,,2.894868042264269,False,
903392,FUND012,2026-04-24,151.4947,152.5331,151.4814,,,0.8779955822950386,False,
903393,FUND013,2026-04-24,171.011,171.5801,170.7574,,,14.851479350236408,False,
903394,FUND014,2026-04-24,126.5761,126.2114,126.6949,,,9.376857316277714,False,
903395,FUND015,2026-04-24,148.3767,147.6987,148.3468,,,2.015547352554812,False,
903396,FUND016,2026-04-24,25.0672,25.161,25.0749,,,3.0707998835488155,False,
903397,FUND017,2026-04-24,24.0337,23.9966,24.0344,,,0.2912492094672308,False,
903398,FUND018,2026-04-24,229.4555,229.6175,229.1786,,,12.082279933641795,False,
903399,FUND019,2026-04-24,158.8996,157.9183,158.7663,,,8.395988317419459,False,
903400,FUND020,2026-04-24,134.9771,133.9385,134.883,,,6.976416598088521,False,
903401,FUND001,2026-04-27,32.3548,32.5685,32.3324,,,6.928035036062133,False,
903402,FUND002,2026-04-27,150.1157,149.4523,149.9409,,,11.65792655639687,False,
903403,FUND003,2026-04-27,217.9229,217.1126,217.8824,,,1.8588008944278491,False,
903404,FUND004,2026-04-27,78.562,78.67,78.5161,,,5.845934782802911,False,
903405,FUND005,2026-04-27,209.8375,210.0926,209.8945,,,2.715650005121047,False,
903406,FUND006,2026-04-27,225.4945,224.8359,225.4896,,,0.21730492226657608,False,
903407,FUND007,2026-04-27,178.8005,178.1944,178.8613,,,3.39928201349316,False,
903408,FUND008,2026-04-27,56.0778,55.9248,56.0802,,,0.42795853081736634,False,
903409,FUND009,2026-04-27,201.7836,202.3746,201.7683,,,0.7582955300706957,False,
903410,FUND010,2026-04-27,117.5607,118.0462,117.5404,,,1.7270657578153357,False,
903411,FUND011,2026-04-27,155.4654,155.4025,155.4273,,,2.4513068167552166,False,
903412,FUND012,2026-04-27,152.1346,151.4947,152.1133,,,1.4002720340691144,False,
903413,FUND013,2026-04-27,171.3977,171.011,171.4439,,,2.6947590436304427,False,
903414,FUND014,2026-04-27,126.6976,126.5761,126.5694,,,10.128830507215214,False,
903415,FUND015,2026-04-27,149.5107,148.3767,149.4472,,,4.248992286239205,False,
903416,FUND016,2026-04-27,25.1262,25.0672,25.1149,,,4.499321120132705,False,
903417,FUND017,2026-04-27,24.0321,24.0337,24.0366,,,1.8721449789072373,False,
903418,FUND018,2026-04-27,227.8381,229.4555,227.5546,,,12.45854840992024,False,
903419,FUND019,2026-04-27,158.3973,158.8996,158.3812,,,1.016534790745016,False,
903420,FUND020,2026-04-27,134.9928,134.9771,135.0242,,,2.3255090568964074,False,
903421,FUND001,2026-04-28,32.3095,32.3548,32.2788,,,9.510886402221601,False,
903422,FUND002,2026-04-28,150.6107,150.1157,150.6591,,,3.212550718807339,False,
903423,FUND003,2026-04-28,218.8393,217.9229,218.6526,,,8.538659041786005,False,
903424,FUND004,2026-04-28,78.4033,78.562,78.4174,,,1.7980703262285045,False,
903425,FUND005,2026-04-28,210.4975,209.8375,210.4658,,,1.5061829522896701,False,
903426,FUND006,2026-04-28,224.366,225.4945,224.2981,,,3.027221362999006,False,
903427,FUND007,2026-04-28,178.1945,178.8005,178.3255,,,7.346117072432166,False,
903428,FUND008,2026-04-28,56.06,56.0778,55.544,2026-04-28,2026-04-30,92.89932305919727,True,2.0
903429,FUND009,2026-04-28,202.4211,201.7836,202.385,,,1.7837290313019585,False,
903430,FUND010,2026-04-28,118.945,117.5607,119.0129,,,5.705263883159618,False,
903431,FUND011,2026-04-28,155.4051,155.4654,155.5122,,,6.886919482844602,False,
903432,FUND012,2026-04-28,152.6655,152.1346,152.7485,,,5.433768580378754,False,
903433,FUND013,2026-04-28,171.2814,171.3977,171.2436,,,2.207381764924603,False,
903434,FUND014,2026-04-28,126.3994,126.6976,126.3851,,,1.1314624904364323,False,
903435,FUND015,2026-04-28,150.1068,149.5107,150.1287,,,1.458748393879149,False,
903436,FUND016,2026-04-28,25.0144,25.1262,25.0093,,,2.039241402197891,False,
903437,FUND017,2026-04-28,23.9981,24.0321,23.9818,,,6.796820922533376,False,
903438,FUND018,2026-04-28,228.486,227.8381,228.3728,,,4.956807465686709,False,
903439,FUND019,2026-04-28,157.7543,158.3973,157.6612,,,5.905067321572627,False,
903440,FUND020,2026-04-28,134.9471,134.9928,135.0599,,,8.351849808862061,False,
903441,FUND001,2026-04-29,32.4018,32.3095,32.4092,,,2.2833022721933784,False,
903442,FUND002,2026-04-29,151.406,150.6107,151.2803,,,8.309079239001695,False,
903443,FUND003,2026-04-29,218.3289,218.8393,218.0865,,,11.114855802628934,False,
903444,FUND004,2026-04-29,78.0335,78.4033,78.0296,,,0.49981032838840245,False,
903445,FUND005,2026-04-29,211.0956,210.4975,210.9768,,,5.630950891282508,False,
903446,FUND006,2026-04-29,224.6941,224.366,224.7824,,,3.9282434923732383,False,
903447,FUND007,2026-04-29,178.4746,178.1945,178.3702,,,5.852995623708347,False,
903448,FUND008,2026-04-29,55.9747,56.06,55.8621,,,20.156778925246364,False,
903449,FUND009,2026-04-29,202.1545,202.4211,202.1097,,,2.216618004974985,False,
903450,FUND010,2026-04-29,119.0364,118.945,119.0781,,,3.501903372660954,False,
903451,FUND011,2026-04-29,155.9546,155.4051,155.8807,,,4.740804987404403,False,
903452,FUND012,2026-04-29,152.7113,152.6655,152.6174,,,6.152640524605371,False,
903453,FUND013,2026-04-29,171.0996,171.2814,171.2091,,,6.395688079663817,False,
903454,FUND014,2026-04-29,126.95,126.3994,126.9548,,,0.37808731926662276,False,
903455,FUND015,2026-04-29,149.9042,150.1068,150.0576,,,10.222741134071507,False,
903456,FUND016,2026-04-29,24.9347,25.0144,24.9524,,,7.09350603549213,False,
903457,FUND017,2026-04-29,24.0244,23.9981,24.0255,,,0.4578468710332726,False,
903458,FUND018,2026-04-29,228.3463,228.486,228.2304,,,5.0782016769024,False,
903459,FUND019,2026-04-29,157.6288,157.7543,157.7092,,,5.0979904786783115,False,
903460,FUND020,2026-04-29,135.0739,134.9471,135.0571,,,1.2439183130703748,False,
903461,FUND001,2026-04-30,32.292,32.4018,32.298,,,1.8577001671930853,False,
903462,FUND002,2026-04-30,151.3852,151.406,151.2972,,,5.816366727209351,False,
903463,FUND003,2026-04-30,217.0486,218.3289,217.1878,,,6.409199780098912,False,
903464,FUND004,2026-04-30,77.7924,78.0335,77.7152,,,9.933706662275181,False,
903465,FUND005,2026-04-30,211.266,211.0956,211.2068,,,2.802940056854426,False,
903466,FUND006,2026-04-30,224.67,224.6941,224.6532,,,0.7478193054890501,False,
903467,FUND007,2026-04-30,178.5453,178.4746,178.4737,,,4.011795575481958,False,
903468,FUND008,2026-04-30,55.7257,55.9747,55.6949,,,5.530129329616604,False,
903469,FUND009,2026-04-30,200.2374,202.1545,200.1206,,,5.836480602197476,False,
903470,FUND010,2026-04-30,119.8882,119.0364,119.9335,,,3.7770931391143807,False,
903471,FUND011,2026-04-30,156.4616,155.9546,156.3506,,,7.0994291035671395,False,
903472,FUND012,2026-04-30,152.036,152.7113,152.0968,,,3.9974542528179695,False,
903473,FUND013,2026-04-30,169.8398,171.0996,169.6821,,,9.293850087899992,False,
903474,FUND014,2026-04-30,127.092,126.95,127.041,,,4.014452027298426,False,
903475,FUND015,2026-04-30,149.2239,149.9042,149.2553,,,2.103777889295669,False,
903476,FUND016,2026-04-30,24.7707,24.9347,25.0077,2026-04-30,2026-05-02,94.7708105903375,True,2.0
903477,FUND017,2026-04-30,24.0213,24.0244,24.0369,,,6.490021591802258,False,
903478,FUND018,2026-04-30,227.9325,228.3463,228.0801,,,6.471410701765865,False,
903479,FUND019,2026-04-30,157.9931,157.6288,158.1013,,,6.843713492552606,False,
903480,FUND020,2026-04-30,135.4704,135.0739,135.5689,,,7.26567819020449,False,
903481,FUND001,2026-05-01,32.1099,32.292,32.0937,,,5.047719645913334,False,
903482,FUND002,2026-05-01,151.6115,151.3852,151.7096,,,6.466301407424981,False,
903483,FUND003,2026-05-01,217.8818,217.0486,217.969,,,4.000568888236205,False,
903484,FUND004,2026-05-01,77.7067,77.7924,77.7296,,,2.9461106193788495,False,
903485,FUND005,2026-05-01,211.5354,211.266,211.4639,,,3.3811917778880725,False,
903486,FUND006,2026-05-01,224.7113,224.67,224.6555,,,2.483802978338165,False,
903487,FUND007,2026-05-01,178.6489,178.5453,178.6166,,,1.8083425616651656,False,
903488,FUND008,2026-05-01,55.8228,55.7257,55.8342,,,2.041759351795468,False,
903489,FUND009,2026-05-01,200.8384,200.2374,200.8993,,,3.0313694472804897,False,
903490,FUND010,2026-05-01,119.6362,119.8882,119.6047,,,2.633675766922897,False,
903491,FUND011,2026-05-01,156.0931,156.4616,156.0663,,,1.717218899914983,False,
903492,FUND012,2026-05-01,151.7843,152.036,151.7253,,,3.8886065804448893,False,
903493,FUND013,2026-05-01,170.2817,169.8398,170.3989,,,6.877978672397348,False,
903494,FUND014,2026-05-01,126.1966,127.092,126.0603,,,10.812285866367574,False,
903495,FUND015,2026-05-01,148.9977,149.2239,149.175,,,11.885369532428518,False,
903496,FUND016,2026-05-01,24.5811,24.7707,24.6044,,,9.469850920973073,False,
903497,FUND017,2026-05-01,24.107,24.0213,24.1249,,,7.419719874486906,False,
903498,FUND018,2026-05-01,228.4655,227.9325,228.6617,,,8.580361293561825,False,
903499,FUND019,2026-05-01,157.5863,157.9931,157.5727,,,0.8630936704135124,False,
903500,FUND020,2026-05-01,136.0762,135.4704,136.1165,,,2.9606991070150936,False,
903501,FUND001,2026-05-04,32.1305,32.1099,32.1261,,,1.36960290853756,False,
903502,FUND002,2026-05-04,151.8342,151.6115,151.9415,,,7.061928439562651,False,
903503,FUND003,2026-05-04,218.435,217.8818,218.5981,,,7.461181044116387,False,
903504,FUND004,2026-05-04,77.1966,77.7067,77.282,,,11.050438653243035,False,
903505,FUND005,2026-05-04,211.2732,211.5354,211.3953,,,5.775908925126954,False,
903506,FUND006,2026-05-04,223.4099,224.7113,223.3487,,,2.7401099715371195,False,
903507,FUND007,2026-05-04,178.1691,178.6489,178.2225,,,2.9962546816485323,False,
903508,FUND008,2026-05-04,55.4128,55.8228,55.4406,,,5.014375746295362,False,
903509,FUND009,2026-05-04,202.3154,200.8384,202.2194,,,4.747319001045579,False,
903510,FUND010,2026-05-04,119.8265,119.6362,119.7512,,,6.288037197121916,False,
903511,FUND011,2026-05-04,156.3398,156.0931,156.3908,,,3.2610613923591503,False,
903512,FUND012,2026-05-04,150.8487,151.7843,150.9768,,,8.484747325416173,False,
903513,FUND013,2026-05-04,170.3398,170.2817,170.2903,,,2.9068009158475125,False,
903514,FUND014,2026-05-04,125.7621,126.1966,125.6351,,,10.108640021778115,False,
903515,FUND015,2026-05-04,148.4528,148.9977,148.5347,,,5.5138630905768355,False,
903516,FUND016,2026-05-04,24.3922,24.5811,24.4074,,,6.227619492449053,False,
903517,FUND017,2026-05-04,23.9632,24.107,23.9549,,,3.4648443533481554,False,
903518,FUND018,2026-05-04,229.7809,228.4655,229.8642,,,3.623878794523391,False,
903519,FUND019,2026-05-04,156.5435,157.5863,156.7527,,,13.34586262310058,False,
903520,FUND020,2026-05-04,135.7019,136.0762,135.5712,,,9.640690648160543,False,
903521,FUND001,2026-05-05,31.9933,32.1305,31.9771,,,5.066125446022724,False,
903522,FUND002,2026-05-05,152.2687,151.8342,152.5295,,,17.098331798112326,False,
903523,FUND003,2026-05-05,218.2933,218.435,218.3857,,,4.231046263561498,False,
903524,FUND004,2026-05-05,77.2032,77.1966,77.1908,,,1.6064090539286446,False,
903525,FUND005,2026-05-05,210.8936,211.2732,210.6884,,,9.739501557750247,False,
903526,FUND006,2026-05-05,223.6576,223.4099,223.5401,,,5.25632761191423,False,
903527,FUND007,2026-05-05,178.3678,178.1691,178.4014,,,1.8833932917570693,False,
903528,FUND008,2026-05-05,55.8109,55.4128,55.8206,,,1.7377097343995338,False,
903529,FUND009,2026-05-05,202.5453,202.3154,202.5976,,,2.581471843694222,False,
903530,FUND010,2026-05-05,118.7036,119.8265,118.8002,,,8.131299442257617,False,
903531,FUND011,2026-05-05,156.7803,156.3398,156.6222,,,10.094354440176346,False,
903532,FUND012,2026-05-05,151.0831,150.8487,151.0021,,,5.364163809641645,False,
903533,FUND013,2026-05-05,169.5059,170.3398,169.5572,,,3.025527668538858,False,
903534,FUND014,2026-05-05,125.486,125.7621,125.3344,,,12.095641739219396,False,
903535,FUND015,2026-05-05,147.5236,148.4528,147.3326,,,12.963865431002647,False,
903536,FUND016,2026-05-05,24.3248,24.3922,24.3269,,,0.8632419256044372,False,
903537,FUND017,2026-05-05,23.9873,23.9632,23.9846,,,1.1257223385008768,False,
903538,FUND018,2026-05-05,229.5852,229.7809,229.6402,,,2.395051040715294,False,
903539,FUND019,2026-05-05,157.4757,156.5435,157.4325,,,2.744033157066335,False,
903540,FUND020,2026-05-05,136.231,135.7019,136.1819,,,3.605471799114382,False,
903541,FUND001,2026-05-06,31.9286,31.9933,31.9725,,,13.730549691141048,False,
903542,FUND002,2026-05-06,151.7324,152.2687,151.7568,,,1.6078356950058097,False,
903543,FUND003,2026-05-06,217.602,218.2933,217.5506,,,2.3626687308608205,False,
903544,FUND004,2026-05-06,77.6598,77.2032,77.6781,,,2.35587636669749,False,
903545,FUND005,2026-05-06,212.2247,210.8936,212.4448,,,10.360338309055988,False,
903546,FUND006,2026-05-06,226.0127,223.6576,226.1385,,,5.5629625207560025,False,
903547,FUND007,2026-05-06,178.8593,178.3678,178.8689,,,0.536705933787598,False,
903548,FUND008,2026-05-06,55.785,55.8109,55.8545,,,12.443043980342676,False,
903549,FUND009,2026-05-06,202.7619,202.5453,202.8041,,,2.080825782122168,False,
903550,FUND010,2026-05-06,119.146,118.7036,119.0344,,,9.375441048973716,False,
903551,FUND011,2026-05-06,158.108,156.7803,158.221,,,7.141909101825899,False,
903552,FUND012,2026-05-06,150.5285,151.0831,150.7281,,,13.242388114757881,False,
903553,FUND013,2026-05-06,170.4021,169.5059,170.3013,,,5.918921347047406,False,
903554,FUND014,2026-05-06,124.704,125.486,124.5621,,,11.391908132569425,False,
903555,FUND015,2026-05-06,147.3234,147.5236,147.3802,,,3.8539776713567853,False,
903556,FUND016,2026-05-06,24.3144,24.3248,24.3439,,,12.118025460177828,False,
903557,FUND017,2026-05-06,24.0856,23.9873,24.1249,,,16.290222964655097,False,
903558,FUND018,2026-05-06,229.8391,229.5852,229.9123,,,3.183822701090186,False,
903559,FUND019,2026-05-06,158.3539,157.4757,158.2462,,,6.805850630221931,False,
903560,FUND020,2026-05-06,136.4157,136.231,136.4636,,,3.510093534101908,False,
903561,FUND001,2026-05-07,31.9536,31.9286,31.9452,,,2.629503023929022,False,
903562,FUND002,2026-05-07,151.9606,151.7324,152.0037,,,2.8354572947901717,False,
903563,FUND003,2026-05-07,217.7251,217.602,217.7759,,,2.3326731745803597,False,
903564,FUND004,2026-05-07,77.8923,77.6598,77.8867,,,0.718993101518123,False,
903565,FUND005,2026-05-07,212.2267,212.2247,212.0087,,,10.282596893428869,False,
903566,FUND006,2026-05-07,227.2628,226.0127,227.1893,,,3.2351875726539796,False,
903567,FUND007,2026-05-07,178.4529,178.8593,178.3928,,,3.368970048118847,False,
903568,FUND008,2026-05-07,55.804,55.785,55.7355,,,12.290192067892137,False,
903569,FUND009,2026-05-07,202.2593,202.7619,202.4241,,,8.141323093446571,False,
903570,FUND010,2026-05-07,118.2791,119.146,118.3698,,,7.662427409693877,False,
903571,FUND011,2026-05-07,158.4322,158.108,158.5085,,,4.813621982417559,False,
903572,FUND012,2026-05-07,149.5089,150.5285,149.5729,,,4.278849978839278,False,
903573,FUND013,2026-05-07,169.9589,170.4021,169.9978,,,2.288264906958347,False,
903574,FUND014,2026-05-07,124.4666,124.704,124.5619,,,7.650814574921755,False,
903575,FUND015,2026-05-07,147.038,147.3234,146.9902,,,3.251917474772033,False,
903576,FUND016,2026-05-07,24.3588,24.3144,24.3406,,,7.4772191318209975,False,
903577,FUND017,2026-05-07,24.0238,24.0856,23.9869,,,15.383396770738537,False,
903578,FUND018,2026-05-07,231.7915,229.8391,231.7883,,,0.13805701150666208,False,
903579,FUND019,2026-05-07,158.5676,158.3539,158.4673,,,6.329381519089698,False,
903580,FUND020,2026-05-07,135.6811,136.4157,135.731,,,3.6763893288937717,False,
903581,FUND001,2026-05-08,31.8546,31.9536,31.8312,,,7.351277991405385,False,
903582,FUND002,2026-05-08,152.5194,151.9606,152.5089,,,0.6884844097609438,False,
903583,FUND003,2026-05-08,218.4369,217.7251,218.3162,,,5.528678128329431,False,
903584,FUND004,2026-05-08,77.1076,77.8923,77.0433,,,8.345956105203555,False,
903585,FUND005,2026-05-08,212.7937,212.2267,212.88,,,4.053927095076769,False,
903586,FUND006,2026-05-08,226.5382,227.2628,226.4857,,,2.3180271425516343,False,
903587,FUND007,2026-05-08,177.6605,178.4529,177.4965,,,9.239618809385858,False,
903588,FUND008,2026-05-08,55.721,55.804,55.7047,,,2.9261444725479153,False,
903589,FUND009,2026-05-08,202.4484,202.2593,202.4394,,,0.44457748837361355,False,
903590,FUND010,2026-05-08,118.534,118.2791,118.4684,,,5.537341603330797,False,
903591,FUND011,2026-05-08,158.8114,158.4322,158.9123,,,6.34941411080173,False,
903592,FUND012,2026-05-08,148.7761,149.5089,148.8561,,,5.374317881496565,False,
903593,FUND013,2026-05-08,169.9663,169.9589,169.8289,,,8.090495787229694,False,
903594,FUND014,2026-05-08,124.3605,124.4666,124.4459,,,6.862419734197174,False,
903595,FUND015,2026-05-08,147.1789,147.038,147.1922,,,0.9035804886410549,False,
903596,FUND016,2026-05-08,24.4866,24.3588,24.5031,,,6.733841840420447,False,
903597,FUND017,2026-05-08,24.1432,24.0238,24.1443,,,0.4555940739640366,False,
903598,FUND018,2026-05-08,231.0851,231.7915,231.2484,,,7.061670480746783,False,
903599,FUND019,2026-05-08,157.3801,158.5676,157.4547,,,4.73787063834892,False,
903600,FUND020,2026-05-08,136.268,135.6811,136.2098,,,4.272820311020159,False,
903601,FUND001,2026-05-11,31.9309,31.8546,31.8962,,,10.879038882374967,False,
903602,FUND002,2026-05-11,152.9095,152.5194,152.9259,,,1.0724148100488151,False,
903603,FUND003,2026-05-11,218.4334,218.4369,218.6041,,,7.808636709008766,False,
903604,FUND004,2026-05-11,77.3949,77.1076,77.382,,,1.6670543537259195,False,
903605,FUND005,2026-05-11,213.6699,212.7937,213.8134,,,6.7114596185266615,False,
903606,FUND006,2026-05-11,225.3427,226.5382,225.1866,,,6.932028815214104,False,
903607,FUND007,2026-05-11,177.5839,177.6605,177.5636,,,1.1432523332480176,False,
903608,FUND008,2026-05-11,55.9054,55.721,55.92,,,2.610872675250626,False,
903609,FUND009,2026-05-11,201.9413,202.4484,201.7186,,,11.040132144482621,False,
903610,FUND010,2026-05-11,118.741,118.534,118.8476,,,8.969470144958775,False,
903611,FUND011,2026-05-11,158.7802,158.8114,158.7482,,,2.0157708874816023,False,
903612,FUND012,2026-05-11,148.041,148.7761,148.1472,,,7.1685458786937035,False,
903613,FUND013,2026-05-11,171.1725,169.9663,171.1429,,,1.7295488156398122,False,
903614,FUND014,2026-05-11,124.7828,124.3605,124.91,,,10.183331999039467,False,
903615,FUND015,2026-05-11,148.2034,147.1789,148.2414,,,2.5633864763831777,False,
903616,FUND016,2026-05-11,24.4125,24.4866,24.3937,,,7.7069079311471285,False,
903617,FUND017,2026-05-11,24.2127,24.1432,24.1947,,,7.439645872856734,False,
903618,FUND018,2026-05-11,233.1155,231.0851,233.1379,,,0.9608047426010374,False,
903619,FUND019,2026-05-11,157.6992,157.3801,157.6511,,,3.0510411915918576,False,
903620,FUND020,2026-05-11,135.501,136.268,135.4021,,,7.304170319368359,False,
903621,FUND001,2026-05-12,31.8606,31.9309,31.8735,,,4.047249282318653,False,
903622,FUND002,2026-05-12,153.7263,152.9095,153.5147,,,13.78369628446033,False,
903623,FUND003,2026-05-12,219.4242,218.4334,219.5758,,,6.904221685630818,False,
903624,FUND004,2026-05-12,77.0467,77.3949,77.0513,,,0.5970048526107132,False,
903625,FUND005,2026-05-12,212.8509,213.6699,212.7444,,,5.006007208649568,False,
903626,FUND006,2026-05-12,223.5992,225.3427,223.4498,,,6.6860655055402045,False,
903627,FUND007,2026-05-12,177.5635,177.5839,177.4482,,,6.49767086958282,False,
903628,FUND008,2026-05-12,55.5089,55.9054,55.4685,,,7.283413108340449,False,
903629,FUND009,2026-05-12,201.9739,201.9413,202.1547,,,8.943645633764882,False,
903630,FUND010,2026-05-12,118.6532,118.741,118.6042,,,4.131388264495893,False,
903631,FUND011,2026-05-12,158.4961,158.7802,158.4884,,,0.48583997314628813,False,
903632,FUND012,2026-05-12,148.0172,148.041,148.068,,,3.4308560931470335,False,
903633,FUND013,2026-05-12,170.8072,171.1725,170.6919,,,6.754860658296652,False,
903634,FUND014,2026-05-12,124.0387,124.7828,124.0637,,,2.0150938590410794,False,
903635,FUND015,2026-05-12,147.7671,148.2034,147.7146,,,3.5541510453272123,False,
903636,FUND016,2026-05-12,24.5016,24.4125,24.4996,,,0.816339858609484,False,
903637,FUND017,2026-05-12,24.3306,24.2127,24.3255,,,2.096565332675082,False,
903638,FUND018,2026-05-12,232.2929,233.1155,232.1433,,,6.444295398574605,False,
903639,FUND019,2026-05-12,157.9791,157.6992,157.8868,,,5.845960523615306,False,
903640,FUND020,2026-05-12,135.5859,135.501,135.5416,,,3.2683692681819534,False,
903641,FUND001,2026-05-13,31.9514,31.8606,31.941,,,3.2560032560034533,False,
903642,FUND002,2026-05-13,153.3385,153.7263,153.465,,,8.242921838855304,False,
903643,FUND003,2026-05-13,219.8999,219.4242,219.8473,,,2.392569751823762,False,
903644,FUND004,2026-05-13,77.4344,77.0467,77.4592,,,3.201685532512477,False,
903645,FUND005,2026-05-13,213.3492,212.8509,213.4021,,,2.478888445802265,False,
903646,FUND006,2026-05-13,223.4979,223.5992,223.4187,,,3.54491365315374,False,
903647,FUND007,2026-05-13,176.2409,177.5635,176.0622,,,10.149822051526138,False,
903648,FUND008,2026-05-13,55.3523,55.5089,55.3843,,,5.777810679200347,False,
903649,FUND009,2026-05-13,201.2573,201.9739,201.1193,,,6.861599060854766,False,
903650,FUND010,2026-05-13,119.3457,118.6532,119.2721,,,6.170764160268747,False,
903651,FUND011,2026-05-13,158.2137,158.4961,158.1622,,,3.2561509640088397,False,
903652,FUND012,2026-05-13,147.598,148.0172,147.5586,,,2.670125631444087,False,
903653,FUND013,2026-05-13,169.8141,170.8072,169.8576,,,2.56096871732525,False,
903654,FUND014,2026-05-13,124.7285,124.0387,124.8439,,,9.243543336919798,False,
903655,FUND015,2026-05-13,146.8731,147.7671,146.9222,,,3.3419047632018795,False,
903656,FUND016,2026-05-13,24.4312,24.5016,24.4055,,,10.530413226527012,False,
903657,FUND017,2026-05-13,24.2123,24.3306,24.2194,,,2.931534224630344,False,
903658,FUND018,2026-05-13,233.8774,232.2929,233.7534,,,5.3047356744327665,False,
903659,FUND019,2026-05-13,157.5166,157.9791,157.4666,,,3.1752765348341403,False,
903660,FUND020,2026-05-13,135.7838,135.5859,135.8317,,,3.5264227717092913,False,
903661,FUND001,2026-05-14,32.0535,31.9514,32.0588,,,1.6532122225405526,False,
903662,FUND002,2026-05-14,153.3192,153.3385,153.3701,,,3.318769434199549,False,
903663,FUND003,2026-05-14,219.5894,219.8999,219.5418,,,2.168152033007699,False,
903664,FUND004,2026-05-14,77.3332,77.4344,77.3107,,,2.910334533254512,False,
903665,FUND005,2026-05-14,212.9924,213.3492,212.9112,,,3.813796549922949,False,
903666,FUND006,2026-05-14,223.2992,223.4979,223.349,,,2.2296943348739555,False,
903667,FUND007,2026-05-14,175.0608,176.2409,175.0475,,,0.7597937702616013,False,
903668,FUND008,2026-05-14,54.9887,55.3523,54.9403,,,8.809562379528485,False,
903669,FUND009,2026-05-14,201.5861,201.2573,201.4962,,,4.461622601319534,False,
903670,FUND010,2026-05-14,119.2172,119.3457,119.1688,,,4.061465752781004,False,
903671,FUND011,2026-05-14,157.6185,158.2137,157.5904,,,1.783103539303367,False,
903672,FUND012,2026-05-14,147.159,147.598,147.1785,,,1.3249217786580276,False,
903673,FUND013,2026-05-14,169.6221,169.8141,169.6893,,,3.960178985947488,False,
903674,FUND014,2026-05-14,124.7976,124.7285,124.8123,,,1.1777685372347606,False,
903675,FUND015,2026-05-14,146.5371,146.8731,146.5164,,,1.4128111255808256,False,
903676,FUND016,2026-05-14,24.3749,24.4312,24.3667,,,3.365248474351739,False,
903677,FUND017,2026-05-14,24.1558,24.2123,24.1411,,,6.089200574952141,False,
903678,FUND018,2026-05-14,233.8984,233.8774,234.2866,,,16.56944955451927,False,
903679,FUND019,2026-05-14,157.8707,157.5166,157.8282,,,2.692801413181533,False,
903680,FUND020,2026-05-14,135.1244,135.7838,135.0673,,,4.2275221315610585,False,
903681,FUND001,2026-05-15,31.8069,32.0535,31.7952,,,3.6798007246369266,False,
903682,FUND002,2026-05-15,154.115,153.3192,154.2728,,,10.228633952322147,False,
903683,FUND003,2026-05-15,219.2718,219.5894,219.1405,,,5.991589870426059,False,
903684,FUND004,2026-05-15,77.5956,77.3332,77.6875,,,11.829444891391205,False,
903685,FUND005,2026-05-15,212.233,212.9924,212.3106,,,3.6550224058520717,False,
903686,FUND006,2026-05-15,223.6742,223.2992,223.7115,,,1.6673259979923998,False,
903687,FUND007,2026-05-15,174.978,175.0608,174.8836,,,5.397876072999833,False,
903688,FUND008,2026-05-15,55.0158,54.9887,55.0354,,,3.561344153036783,False,
903689,FUND009,2026-05-15,202.0081,201.5861,201.9146,,,4.630670590438032,False,
903690,FUND010,2026-05-15,118.9818,119.2172,119.0883,,,8.942944017170195,False,
903691,FUND011,2026-05-15,156.1749,157.6185,156.3747,,,12.777002929500872,False,
903692,FUND012,2026-05-15,146.534,147.159,146.5117,,,1.5220627431120737,False,
903693,FUND013,2026-05-15,169.8149,169.6221,169.6175,,,11.637950093592204,False,
903694,FUND014,2026-05-15,124.8708,124.7976,124.8534,,,1.3936344544889596,False,
903695,FUND015,2026-05-15,147.4687,146.5371,147.5565,,,5.950263119549951,False,
903696,FUND016,2026-05-15,24.3712,24.3749,24.3615,,,3.9816924245232284,False,
903697,FUND017,2026-05-15,24.2293,24.1558,24.2045,,,10.24602863103929,False,
903698,FUND018,2026-05-15,233.7853,233.8984,233.7012,,,3.5986122450379585,False,
903699,FUND019,2026-05-15,156.5098,157.8707,156.416,,,5.996828968904452,False,
903700,FUND020,2026-05-15,134.923,135.1244,134.9124,,,0.7856950139505949,False,
903701,FUND001,2026-05-18,31.9125,31.8069,31.9446,,,10.0486467196333,False,
903702,FUND002,2026-05-18,152.6786,154.115,151.9505,2026-05-18,2026-05-20,47.916920312863965,True,2.0
903703,FUND003,2026-05-18,219.2133,219.2718,219.1848,,,1.3002726466437537,False,
903704,FUND004,2026-05-18,77.6965,77.5956,77.6781,,,2.3687500080459936,False,
903705,FUND005,2026-05-18,212.1037,212.233,212.2797,,,8.290948215961663,False,
903706,FUND006,2026-05-18,225.6806,223.6742,225.8616,,,8.013757097267158,False,
903707,FUND007,2026-05-18,174.6619,174.978,174.6997,,,2.1637129313905104,False,
903708,FUND008,2026-05-18,55.3686,55.0158,55.3846,,,2.8888896913579294,False,
903709,FUND009,2026-05-18,201.1615,202.0081,201.2322,,,3.513354224622919,False,
903710,FUND010,2026-05-18,118.7292,118.9818,118.8704,,,11.878482784612299,False,
903711,FUND011,2026-05-18,156.8197,156.1749,156.8487,,,1.8489155472755823,False,
903712,FUND012,2026-05-18,147.6077,146.534,147.6512,,,2.9461325068807125,False,
903713,FUND013,2026-05-18,169.79,169.8149,169.6401,,,8.836354140324273,False,
903714,FUND014,2026-05-18,125.8857,124.8708,125.9094,,,1.8823058484914676,False,
903715,FUND015,2026-05-18,147.191,147.4687,147.319,,,8.688628079201319,False,
903716,FUND016,2026-05-18,24.268,24.3712,24.2517,,,6.721178309149912,False,
903717,FUND017,2026-05-18,24.1259,24.2293,24.0988,,,11.245373213604324,False,
903718,FUND018,2026-05-18,233.671,233.7853,233.5929,,,3.343423537273876,False,
903719,FUND019,2026-05-18,156.5464,156.5098,156.5495,,,0.1980204344305937,False,
903720,FUND020,2026-05-18,135.1143,134.923,135.0476,,,4.938999286177416,False,
903721,FUND001,2026-05-19,31.9274,31.9125,31.9216,,,1.8169515312506703,False,
903722,FUND002,2026-05-19,153.1438,152.6786,153.0839,,,3.9128869855026527,False,
903723,FUND003,2026-05-19,218.6981,219.2133,218.7137,,,0.7132612177462068,False,
903724,FUND004,2026-05-19,77.5625,77.6965,77.5787,,,2.0882020451487033,False,
903725,FUND005,2026-05-19,211.3362,212.1037,211.3856,,,2.3369614581135076,False,
903726,FUND006,2026-05-19,224.7495,225.6806,224.6045,,,6.4557922926749125,False,
903727,FUND007,2026-05-19,174.3703,174.6619,174.5208,,,8.62361391880064,False,
903728,FUND008,2026-05-19,55.2497,55.3686,55.2772,,,4.974926371090325,False,
903729,FUND009,2026-05-19,202.9775,201.1615,202.9948,,,0.8522385795107,False,
903730,FUND010,2026-05-19,118.517,118.7292,118.4815,,,2.9962483594484355,False,
903731,FUND011,2026-05-19,157.1742,156.8197,157.1341,,,2.551960395612651,False,
903732,FUND012,2026-05-19,146.8148,147.6077,146.8522,,,2.5467783254196674,False,
903733,FUND013,2026-05-19,168.2875,169.79,168.2948,,,0.43376265933439184,False,
903734,FUND014,2026-05-19,126.6115,125.8857,126.6677,,,4.43680591026677,False,
903735,FUND015,2026-05-19,148.1263,147.191,148.1976,,,4.811144040119942,False,
903736,FUND016,2026-05-19,24.4424,24.268,24.4308,,,4.7481048512524495,False,
903737,FUND017,2026-05-19,24.1215,24.1259,24.0994,,,9.170352788866854,False,
903738,FUND018,2026-05-19,235.2822,233.671,235.4542,,,7.305030022823846,False,
903739,FUND019,2026-05-19,157.5663,156.5464,157.5407,,,1.6249769107300909,False,
903740,FUND020,2026-05-19,134.8261,135.1143,134.856,,,2.2171798066083688,False,
903741,FUND001,2026-05-20,31.7967,31.9274,31.8202,,,7.3852458501199,False,
903742,FUND002,2026-05-20,153.2478,153.1438,153.2362,,,0.7570012829876751,False,
903743,FUND003,2026-05-20,219.0962,218.6981,219.0036,,,4.228240996951852,False,
903744,FUND004,2026-05-20,77.1561,77.5625,77.0938,,,8.081064884594268,False,
903745,FUND005,2026-05-20,211.3263,211.3362,211.3194,,,0.32651995036904713,False,
903746,FUND006,2026-05-20,225.1764,224.7495,222.7218,2026-05-20,2026-05-22,110.2092386106793,True,2.0
903747,FUND007,2026-05-20,173.2716,174.3703,173.2864,,,0.8540774117287749,False,
903748,FUND008,2026-05-20,55.006,55.2497,55.0418,,,6.504147756796077,False,
903749,FUND009,2026-05-20,204.111,202.9775,204.1966,,,4.192038457055576,False,
903750,FUND010,2026-05-20,119.2371,118.517,119.6423,2026-05-20,2026-05-22,33.86762039847176,True,2.0
903751,FUND011,2026-05-20,158.0877,157.1742,158.2326,,,9.157404984812137,False,
903752,FUND012,2026-05-20,146.9346,146.8148,147.0703,,,9.226879934290888,False,
903753,FUND013,2026-05-20,167.7121,168.2875,167.6062,,,6.31838201689384,False,
903754,FUND014,2026-05-20,126.5755,126.6115,126.4535,,,9.647815204798592,False,
903755,FUND015,2026-05-20,148.5585,148.1263,148.5813,,,1.5345134280013364,False,
903756,FUND016,2026-05-20,24.5087,24.4424,24.5181,,,3.833902300749001,False,
903757,FUND017,2026-05-20,24.1067,24.1215,24.1254,,,7.751166820031606,False,
903758,FUND018,2026-05-20,235.0519,235.2822,235.0191,,,1.395631248693421,False,
903759,FUND019,2026-05-20,157.2939,157.5663,157.2333,,,3.8541454004968263,False,
903760,FUND020,2026-05-20,136.1187,134.8261,136.1204,,,0.12488943611681944,False,
903761,FUND001,2026-05-21,31.7335,31.7967,31.7443,,,3.402185589223797,False,
903762,FUND002,2026-05-21,153.8033,153.2478,153.7203,,,5.399416993071078,False,
903763,FUND003,2026-05-21,217.8311,219.0962,218.0356,,,9.379202295404784,False,
903764,FUND004,2026-05-21,76.9497,77.1561,76.9367,,,1.689700753997147,False,
903765,FUND005,2026-05-21,211.7973,211.3263,211.7623,,,1.6527965553829265,False,
903766,FUND006,2026-05-21,223.4791,225.1764,223.4857,,,0.29532090867649,False,
903767,FUND007,2026-05-21,173.3073,173.2716,173.3652,,,3.3397706114023697,False,
903768,FUND008,2026-05-21,55.1382,55.006,55.1585,,,3.6803031264444965,False,
903769,FUND009,2026-05-21,204.6765,204.111,204.7865,,,5.371447824929144,False,
903770,FUND010,2026-05-21,118.6187,119.2371,118.6676,,,4.120754106427455,False,
903771,FUND011,2026-05-21,157.569,158.0877,157.5548,,,0.9012737155572678,False,
903772,FUND012,2026-05-21,146.858,146.9346,146.8707,,,0.8647061667163888,False,
903773,FUND013,2026-05-21,167.2232,167.7121,167.1981,,,1.5012132314889095,False,
903774,FUND014,2026-05-21,126.6528,126.5755,126.7713,,,9.3475415965599,False,
903775,FUND015,2026-05-21,148.5142,148.5585,148.5583,,,2.968531546202027,False,
903776,FUND016,2026-05-21,24.6689,24.5087,24.6644,,,1.824491980344209,False,
903777,FUND017,2026-05-21,24.0955,24.1067,24.0992,,,1.5353206745445833,False,
903778,FUND018,2026-05-21,236.4115,235.0519,236.3024,,,4.616965379953135,False,
903779,FUND019,2026-05-21,157.2668,157.2939,157.408,,,8.970319170562982,False,
903780,FUND020,2026-05-21,135.473,136.1187,135.3652,,,7.963642058669871,False,
903781,FUND001,2026-05-22,31.7849,31.7335,31.4946,2026-05-22,2026-05-23,92.17453150698914,True,1.0
903782,FUND002,2026-05-22,152.6133,153.8033,152.4824,,,8.58459730434443,False,
903783,FUND003,2026-05-22,218.0996,217.8311,217.8886,,,9.683847617544595,False,
903784,FUND004,2026-05-22,76.7074,76.9497,76.6168,,,11.825082749476502,False,
903785,FUND005,2026-05-22,212.4009,211.7973,212.3404,,,2.849198739383503,False,
903786,FUND006,2026-05-22,222.4532,223.4791,222.5788,,,5.642945329923223,False,
903787,FUND007,2026-05-22,172.6994,173.3073,172.6964,,,0.17371525984246938,False,
903788,FUND008,2026-05-22,55.1313,55.1382,55.1278,,,0.6348883866220856,False,
903789,FUND009,2026-05-22,204.4871,204.6765,204.541,,,2.6351684992250317,False,
903790,FUND010,2026-05-22,117.8153,118.6187,117.792,,,1.9780630263508459,False,
903791,FUND011,2026-05-22,157.4162,157.569,157.4183,,,0.13340253324959347,False,
903792,FUND012,2026-05-22,147.8482,146.858,147.7605,,,5.935280403083632,False,
903793,FUND013,2026-05-22,167.3311,167.2232,168.3158,2026-05-22,2026-05-23,58.50312329561477,True,1.0
903794,FUND014,2026-05-22,126.8143,126.6528,126.7978,,,1.3012844071433205,False,
903795,FUND015,2026-05-22,148.5794,148.5142,148.6432,,,4.2921573270768345,False,
903796,FUND016,2026-05-22,24.6697,24.6689,24.6567,,,5.272400605108601,False,
903797,FUND017,2026-05-22,24.0222,24.0955,24.0315,,,3.8699207290429816,False,
903798,FUND018,2026-05-22,236.6405,236.4115,236.4032,,,10.03793518869477,False,
903799,FUND019,2026-05-22,157.2092,157.2668,157.2518,,,2.709030993603449,False,
903800,FUND020,2026-05-22,134.9579,135.473,135.6589,2026-05-22,2026-05-31,51.6737198960034,True,6.0
903801,FUND001,2026-05-25,31.8833,31.7849,31.8766,,,2.101855279420828,False,
903802,FUND002,2026-05-25,152.0228,152.6133,152.109,,,5.666988804082557,False,
903803,FUND003,2026-05-25,218.1849,218.0996,218.032,,,7.012732076024999,False,
903804,FUND004,2026-05-25,76.2611,76.7074,76.2817,,,2.700516637673482,False,
903805,FUND005,2026-05-25,213.4432,212.4009,213.3304,,,5.287572704124349,False,
903806,FUND006,2026-05-25,221.6834,222.4532,221.4395,,,11.014295100919053,False,
903807,FUND007,2026-05-25,172.2766,172.6994,172.3388,,,3.609169844514993,False,
903808,FUND008,2026-05-25,55.5388,55.1313,55.4817,,,10.291681761735038,False,
903809,FUND009,2026-05-25,203.9199,204.4871,203.8079,,,5.495370886016842,False,
903810,FUND010,2026-05-25,116.9577,117.8153,117.0888,,,11.196630249861947,False,
903811,FUND011,2026-05-25,158.0731,157.4162,158.02,,,3.3603341349196674,False,
903812,FUND012,2026-05-25,147.9803,147.8482,148.0643,,,5.673210895536816,False,
903813,FUND013,2026-05-25,167.5225,167.3311,167.6386,,,6.925612597575307,False,
903814,FUND014,2026-05-25,126.8745,126.8143,126.8577,,,1.3243185080608808,False,
903815,FUND015,2026-05-25,148.5546,148.5794,148.5477,,,0.46449726249559453,False,
903816,FUND016,2026-05-25,24.636,24.6697,24.6205,,,6.295566702544385,False,
903817,FUND017,2026-05-25,24.0324,24.0222,24.0408,,,3.494060097834406,False,
903818,FUND018,2026-05-25,236.3611,236.6405,236.3085,,,2.225903850262855,False,
903819,FUND019,2026-05-25,156.3076,157.2092,156.2817,,,1.6572637743259218,False,
903820,FUND020,2026-05-25,134.5678,134.9579,134.6584,,,6.728135786552856,False,
903821,FUND001,2026-05-26,32.0952,31.8833,32.1199,,,7.689936768172637,False,
903822,FUND002,2026-05-26,151.9337,152.0228,152.1019,,,11.058375996618912,False,
903823,FUND003,2026-05-26,218.4407,218.1849,218.2968,,,6.591942712857089,False,
903824,FUND004,2026-05-26,75.6815,76.2611,75.7112,,,3.922801382094774,False,
903825,FUND005,2026-05-26,213.7892,213.4432,213.9621,,,8.080870397140359,False,
903826,FUND006,2026-05-26,223.2297,221.6834,223.1356,,,4.217166601833029,False,
903827,FUND007,2026-05-26,171.9767,172.2766,172.0767,,,5.811362026351873,False,
903828,FUND008,2026-05-26,55.9413,55.5388,55.9582,,,3.020111440325045,False,
903829,FUND009,2026-05-26,204.7094,203.9199,204.6915,,,0.8744867275874847,False,
903830,FUND010,2026-05-26,116.2919,116.9577,116.2626,,,2.520156955030432,False,
903831,FUND011,2026-05-26,157.2428,158.0731,157.4286,,,11.802175716483564,False,
903832,FUND012,2026-05-26,147.1089,147.9803,147.0687,,,2.733416423752891,False,
903833,FUND013,2026-05-26,167.8152,167.5225,167.7388,,,4.554700522479395,False,
903834,FUND014,2026-05-26,127.5565,126.8745,127.5922,,,2.7979766788256346,False,
903835,FUND015,2026-05-26,148.2362,148.5546,148.2389,,,0.1821384265536486,False,
903836,FUND016,2026-05-26,24.5506,24.636,24.5237,,,10.968981026516268,False,
903837,FUND017,2026-05-26,24.2253,24.0324,24.2312,,,2.434877348212412,False,
903838,FUND018,2026-05-26,236.5282,236.3611,236.6369,,,4.593535496788494,False,
903839,FUND019,2026-05-26,156.2294,156.3076,156.1739,,,3.553730809052921,False,
903840,FUND020,2026-05-26,134.0322,134.5678,134.006,,,1.9551363371780872,False,
903841,FUND001,2026-05-27,31.9889,32.0952,32.0094,,,6.404368716688976,False,
903842,FUND002,2026-05-27,152.6719,151.9337,151.0602,2026-05-27,2026-05-29,106.69256362695036,True,2.0
903843,FUND003,2026-05-27,218.4123,218.4407,218.3397,,,3.325093878941586,False,
903844,FUND004,2026-05-27,76.0239,75.6815,76.0222,,,0.22361889027147214,False,
903845,FUND005,2026-05-27,213.4307,213.7892,213.3201,,,5.184696613212029,False,
903846,FUND006,2026-05-27,222.4594,223.2297,222.4778,,,0.8270488111629097,False,
903847,FUND007,2026-05-27,171.5748,171.9767,171.5434,,,1.8304405765549239,False,
903848,FUND008,2026-05-27,55.6737,55.9413,55.7037,,,5.3856386559602205,False,
903849,FUND009,2026-05-27,204.2296,204.7094,204.2539,,,1.1896957659061809,False,
903850,FUND010,2026-05-27,116.4772,116.2919,116.4871,,,0.8498795145558433,False,
903851,FUND011,2026-05-27,156.9243,157.2428,156.92,,,0.27402498088201865,False,
903852,FUND012,2026-05-27,147.2743,147.1089,147.3611,,,5.8902926213215325,False,
903853,FUND013,2026-05-27,167.7597,167.8152,167.8245,,,3.861176407496586,False,
903854,FUND014,2026-05-27,127.5697,127.5565,127.5976,,,2.186561502724383,False,
903855,FUND015,2026-05-27,148.347,148.2362,148.3772,,,2.035353140508067,False,
903856,FUND016,2026-05-27,24.6026,24.5506,24.6074,,,1.9506327364936855,False,
903857,FUND017,2026-05-27,24.1289,24.2253,24.1357,,,2.817403265701166,False,
903858,FUND018,2026-05-27,235.4471,236.5282,235.4863,,,1.664640363366952,False,
903859,FUND019,2026-05-27,156.5983,156.2294,156.6183,,,1.2769899813757546,False,
903860,FUND020,2026-05-27,133.8855,134.0322,133.8197,,,4.917063780594027,False,
903861,FUND001,2026-05-28,32.0655,31.9889,32.0162,,,15.398454532393709,False,
903862,FUND002,2026-05-28,152.307,152.6719,152.245,,,4.072383329500699,False,
903863,FUND003,2026-05-28,217.3252,218.4123,217.2525,,,3.3463366359419364,False,
903864,FUND004,2026-05-28,76.162,76.0239,76.1663,,,0.5645541400856594,False,
903865,FUND005,2026-05-28,214.7085,213.4307,214.5704,,,6.436116071926981,False,
903866,FUND006,2026-05-28,221.7419,222.4594,221.8811,,,6.273630336248407,False,
903867,FUND007,2026-05-28,171.3603,171.5748,171.4555,,,5.5524611342304855,False,
903868,FUND008,2026-05-28,55.5535,55.6737,55.527,,,4.772453040862758,False,
903869,FUND009,2026-05-28,205.9428,204.2296,206.0582,,,5.600359510079868,False,
903870,FUND010,2026-05-28,116.9356,116.4772,116.9945,,,5.0344246951786955,False,
903871,FUND011,2026-05-28,156.6166,156.9243,156.5449,,,4.580155597530981,False,
903872,FUND012,2026-05-28,147.5373,147.2743,147.5561,,,1.2740916844507832,False,
903873,FUND013,2026-05-28,166.9026,167.7597,166.8161,,,5.18535081445981,False,
903874,FUND014,2026-05-28,127.3727,127.5697,127.3118,,,4.783531455842232,False,
903875,FUND015,2026-05-28,147.9408,148.347,148.0122,,,4.823926676315279,False,
903876,FUND016,2026-05-28,24.4732,24.6026,24.4635,,,3.9650908496326,False,
903877,FUND017,2026-05-28,24.0739,24.1289,24.0733,,,0.24923878321567947,False,
903878,FUND018,2026-05-28,236.8127,235.4471,236.9221,,,4.617551507436146,False,
903879,FUND019,2026-05-28,156.3054,156.5983,156.275,,,1.9452887537984958,False,
903880,FUND020,2026-05-28,134.0075,133.8855,133.8922,,,8.611405294706534,False,
903881,FUND001,2026-05-29,32.2867,32.0655,32.3051,,,5.695695106964457,False,
903882,FUND002,2026-05-29,151.9414,152.307,151.9149,,,1.7443976858095314,False,
903883,FUND003,2026-05-29,216.9407,217.3252,216.9334,,,0.3365088086936608,False,
903884,FUND004,2026-05-29,75.7681,76.162,75.7825,,,1.9001748424761469,False,
903885,FUND005,2026-05-29,214.3512,214.7085,214.382,,,1.4366877816234231,False,
903886,FUND006,2026-05-29,220.9162,221.7419,220.9394,,,1.0500616911244791,False,
903887,FUND007,2026-05-29,170.8335,171.3603,170.8178,,,0.9191079618155235,False,
903888,FUND008,2026-05-29,55.5413,55.5535,54.8868,2026-05-29,2026-06-04,119.2454287734025,True,4.0
903889,FUND009,2026-05-29,205.6122,205.9428,205.5783,,,1.6490067288224726,False,
903890,FUND010,2026-05-29,116.6571,116.9356,116.708,,,4.361311992322601,False,
903891,FUND011,2026-05-29,157.0892,156.6166,158.6604,2026-05-29,2026-05-30,99.02912131823722,True,1.0
903892,FUND012,2026-05-29,148.5487,147.5373,148.5602,,,0.7740969654060964,False,
903893,FUND013,2026-05-29,167.1042,166.9026,167.0431,,,3.6577386315257523,False,
903894,FUND014,2026-05-29,126.8539,127.3727,126.8413,,,0.9933673022897077,False,
903895,FUND015,2026-05-29,147.2385,147.9408,147.309,,,4.785858297864338,False,
903896,FUND016,2026-05-29,24.5623,24.4732,24.7673,2026-05-29,2026-05-31,82.77042713577916,True,1.0
903897,FUND017,2026-05-29,24.0884,24.0739,24.0814,,,2.9068077437364312,False,
903898,FUND018,2026-05-29,236.3119,236.8127,236.3904,,,3.3207778319251178,False,
903899,FUND019,2026-05-29,156.0675,156.3054,156.1441,,,4.905724904111864,False,
903900,FUND020,2026-05-29,133.584,134.0075,133.6622,,,5.85056957015593,False,
903901,FUND001,2026-06-01,32.4953,32.2867,32.5103,,,4.6139223569147525,False,
903902,FUND002,2026-06-01,151.8593,151.9414,151.982,,,8.073324472635504,False,
903903,FUND003,2026-06-01,218.2513,216.9407,218.14,,,5.102227927019343,False,
903904,FUND004,2026-06-01,75.8508,75.7681,75.8131,,,4.9727553681357115,False,
903905,FUND005,2026-06-01,214.5332,214.3512,214.5939,,,2.8285985761942487,False,
903906,FUND006,2026-06-01,220.24,220.9162,220.2273,,,0.5766769151687947,False,
903907,FUND007,2026-06-01,170.7647,170.8335,170.8624,,,5.718051484703669,False,
903908,FUND008,2026-06-01,55.5839,55.5413,55.5898,,,1.0613457864566715,False,
903909,FUND009,2026-06-01,206.268,205.6122,206.3024,,,1.6674551532122308,False,
903910,FUND010,2026-06-01,117.2908,116.6571,117.3889,,,8.35683782708606,False,
903911,FUND011,2026-06-01,157.1026,157.0892,157.1536,,,3.245232689548069,False,
903912,FUND012,2026-06-01,147.6684,148.5487,147.7135,,,3.0532077298296523,False,
903913,FUND013,2026-06-01,166.2457,167.1042,166.1356,,,6.627116644475268,False,
903914,FUND014,2026-06-01,127.3861,126.8539,127.3329,,,4.1780246896131255,False,
903915,FUND015,2026-06-01,147.708,147.2385,147.7815,,,4.973558936673108,False,
903916,FUND016,2026-06-01,24.5207,24.5623,24.5267,,,2.4463136092504194,False,
903917,FUND017,2026-06-01,24.1091,24.0884,24.096,,,5.436586985392366,False,
903918,FUND018,2026-06-01,235.8376,236.3119,236.1265,,,12.234967273896999,False,
903919,FUND019,2026-06-01,156.5122,156.0675,156.6332,,,7.7250544584405425,False,
903920,FUND020,2026-06-01,133.8167,133.584,133.8636,,,3.5035663167577837,False,
903921,FUND001,2026-06-02,32.2599,32.4953,32.242,,,5.5517647788612585,False,
903922,FUND002,2026-06-02,152.1786,151.8593,152.3318,,,10.056994009129953,False,
903923,FUND003,2026-06-02,217.6166,218.2513,217.7419,,,5.754519456291212,False,
903924,FUND004,2026-06-02,75.2219,75.8508,75.2181,,,0.5051975521846801,False,
903925,FUND005,2026-06-02,215.7863,214.5332,215.7836,,,0.12512535707089723,False,
903926,FUND006,2026-06-02,219.1465,220.24,219.4927,,,15.772734127376914,False,
903927,FUND007,2026-06-02,171.2031,170.7647,171.305,,,5.9484545109600155,False,
903928,FUND008,2026-06-02,55.6364,55.5839,55.6172,,,3.4521694727539307,False,
903929,FUND009,2026-06-02,206.0503,206.268,205.9726,,,3.77234641889227,False,
903930,FUND010,2026-06-02,117.3059,117.2908,117.3709,,,5.5379996234170425,False,
903931,FUND011,2026-06-02,156.628,157.1026,156.6372,,,0.5873445133098134,False,
903932,FUND012,2026-06-02,146.6621,147.6684,146.6523,,,0.6682472760408591,False,
903933,FUND013,2026-06-02,166.7382,166.2457,166.7227,,,0.9296874390831577,False,
903934,FUND014,2026-06-02,127.5645,127.3861,127.5719,,,0.5800650456726026,False,
903935,FUND015,2026-06-02,148.5098,147.708,148.5564,,,3.136855766562987,False,
903936,FUND016,2026-06-02,24.5038,24.5207,24.5172,,,5.46555071541642,False,
903937,FUND017,2026-06-02,24.2065,24.1091,24.2085,,,0.8261561021965195,False,
903938,FUND018,2026-06-02,235.6372,235.8376,235.5456,,,3.888843603956078,False,
903939,FUND019,2026-06-02,155.8826,156.5122,155.8489,,,2.1623508411038053,False,
903940,FUND020,2026-06-02,133.9043,133.8167,133.8739,,,2.2707936349067603,False,
903941,FUND001,2026-06-03,32.2287,32.2599,32.2444,,,4.869062534888348,False,
903942,FUND002,2026-06-03,152.8975,152.1786,153.0887,,,12.489491386364946,False,
903943,FUND003,2026-06-03,217.7682,217.6166,217.7853,,,0.7851769609794245,False,
903944,FUND004,2026-06-03,74.9191,75.2219,74.9331,,,1.8683332198982552,False,
903945,FUND005,2026-06-03,215.1409,215.7863,215.1901,,,2.2863505337844647,False,
903946,FUND006,2026-06-03,218.8093,219.1465,218.7392,,,3.204729650652306,False,
903947,FUND007,2026-06-03,170.9427,171.2031,170.8671,,,4.424491315180544,False,
903948,FUND008,2026-06-03,55.5421,55.6364,55.5665,,,4.391134946415552,False,
903949,FUND009,2026-06-03,206.5936,206.0503,206.7132,,,5.7857940373421375,False,
903950,FUND010,2026-06-03,117.1247,117.3059,117.1154,,,0.7940885656378496,False,
903951,FUND011,2026-06-03,157.9091,156.628,157.859,,,3.1737183182451596,False,
903952,FUND012,2026-06-03,146.4065,146.6621,146.4167,,,0.6966418448167145,False,
903953,FUND013,2026-06-03,167.0839,166.7382,167.1643,,,4.809639378742792,False,
903954,FUND014,2026-06-03,128.4939,127.5645,128.3731,,,9.41007111302934,False,
903955,FUND015,2026-06-03,148.6158,148.5098,148.7403,,,8.370293726715854,False,
903956,FUND016,2026-06-03,24.6131,24.5038,24.6098,,,1.340929223317302,False,
903957,FUND017,2026-06-03,24.2888,24.2065,24.2759,,,5.313912151557041,False,
903958,FUND018,2026-06-03,236.8578,235.6372,237.0916,,,9.861167582487202,False,
903959,FUND019,2026-06-03,155.2605,155.8826,155.1288,,,8.489719510496762,False,
903960,FUND020,2026-06-03,134.6406,133.9043,134.6,,,3.01634472511233,False,
903961,FUND001,2026-06-04,32.1393,32.2287,32.1505,,,3.48361611794601,False,
903962,FUND002,2026-06-04,153.5388,152.8975,153.605,,,4.309755541810535,False,
903963,FUND003,2026-06-04,218.0648,217.7682,218.1847,,,5.495344082330303,False,
903964,FUND004,2026-06-04,74.8785,74.9191,74.8829,,,0.5875840812794317,False,
903965,FUND005,2026-06-04,214.6978,215.1409,214.7166,,,0.8755727316844071,False,
903966,FUND006,2026-06-04,219.8872,218.8093,219.7073,,,8.188166710892332,False,
903967,FUND007,2026-06-04,171.6197,170.9427,171.7552,,,7.889135234333953,False,
903968,FUND008,2026-06-04,55.5962,55.5421,55.582,,,2.55478392285316,False,
903969,FUND009,2026-06-04,206.6032,206.5936,206.7078,,,5.060283162996506,False,
903970,FUND010,2026-06-04,116.9473,117.1247,116.9366,,,0.9150257489956037,False,
903971,FUND011,2026-06-04,157.1026,157.9091,157.1611,,,3.722295148100218,False,
903972,FUND012,2026-06-04,146.9978,146.4065,146.9867,,,0.7551703657541124,False,
903973,FUND013,2026-06-04,168.4473,167.0839,168.362,,,5.06646392891614,False,
903974,FUND014,2026-06-04,129.5059,128.4939,129.4706,,,2.726487712268774,False,
903975,FUND015,2026-06-04,148.6013,148.6158,148.4794,,,8.209893089547155,False,
903976,FUND016,2026-06-04,24.631,24.6131,24.5258,2026-06-04,2026-06-05,42.89360591703429,True,1.0
903977,FUND017,2026-06-04,24.41,24.2888,24.3889,,,8.6514766963662,False,
903978,FUND018,2026-06-04,235.6423,236.8578,235.6094,,,1.3963789220638965,False,
903979,FUND019,2026-06-04,155.6822,155.2605,155.6218,,,3.8812043042804496,False,
903980,FUND020,2026-06-04,134.1069,134.6406,134.0016,,,7.858115126983538,False,
903981,FUND001,2026-06-05,31.8268,32.1393,31.8307,,,1.2252322443432186,False,
903982,FUND002,2026-06-05,154.0607,153.5388,154.0908,,,1.9533937133173724,False,
903983,FUND003,2026-06-05,218.7552,218.0648,218.944,,,8.623209587839188,False,
903984,FUND004,2026-06-05,74.7454,74.8785,74.7797,,,4.586806312408551,False,
903985,FUND005,2026-06-05,214.3917,214.6978,214.3317,,,2.7993992489199617,False,
903986,FUND006,2026-06-05,219.4176,219.8872,219.4265,,,0.4056027872664073,False,
903987,FUND007,2026-06-05,171.7445,171.6197,171.9019,,,9.156385124307757,False,
903988,FUND008,2026-06-05,55.3701,55.5962,55.3283,,,7.554904090673681,False,
903989,FUND009,2026-06-05,207.1581,206.6032,206.9193,,,11.540731096615815,False,
903990,FUND010,2026-06-05,117.5216,116.9473,117.6058,,,7.159510840451373,False,
903991,FUND011,2026-06-05,157.9546,157.1026,157.9236,,,1.9629745015948163,False,
903992,FUND012,2026-06-05,146.8529,146.9978,146.6403,,,14.498060901403571,False,
903993,FUND013,2026-06-05,169.3913,168.4473,169.4235,,,1.9005627908754634,False,
903994,FUND014,2026-06-05,128.7974,129.5059,128.6232,,,13.543435398902627,False,
903995,FUND015,2026-06-05,149.1929,148.6013,149.0233,,,11.380770658011372,False,
903996,FUND016,2026-06-05,24.6217,24.631,24.6446,,,9.292096443034142,False,
903997,FUND017,2026-06-05,24.3635,24.41,24.3733,,,4.020793245068181,False,
903998,FUND018,2026-06-05,236.1085,235.6423,236.2508,,,6.023260027056241,False,
903999,FUND019,2026-06-05,155.5569,155.6822,155.5899,,,2.1209602936943233,False,
904000,FUND020,2026-06-05,134.7801,134.1069,134.8939,,,8.436259905006652,False,
904001,FUND001,2026-06-08,31.6252,31.8268,31.6209,,,1.359860092533937,False,
904002,FUND002,2026-06-08,154.4332,154.0607,154.465,,,2.058718803612731,False,
904003,FUND003,2026-06-08,218.5511,218.7552,218.5362,,,0.6818092380110498,False,
904004,FUND004,2026-06-08,74.8034,74.7454,74.8506,,,6.305894675527474,False,
904005,FUND005,2026-06-08,213.7024,214.3917,213.754,,,2.413989913638071,False,
904006,FUND006,2026-06-08,217.9038,219.4176,217.9357,,,1.463734486823745,False,
904007,FUND007,2026-06-08,172.5814,171.7445,172.5459,,,2.0574235609199167,False,
904008,FUND008,2026-06-08,55.4236,55.3701,55.4688,,,8.148725049036798,False,
904009,FUND009,2026-06-08,207.0513,207.1581,207.2285,,,8.550947384167676,False,
904010,FUND010,2026-06-08,117.5457,117.5216,117.5506,,,0.41684176856658695,False,
904011,FUND011,2026-06-08,156.8072,157.9546,156.6963,,,7.077384724462969,False,
904012,FUND012,2026-06-08,146.697,146.8529,146.7236,,,1.8129326161573158,False,
904013,FUND013,2026-06-08,168.4856,169.3913,168.6345,,,8.829747175103408,False,
904014,FUND014,2026-06-08,128.258,128.7974,128.1098,,,11.568201652020592,False,
904015,FUND015,2026-06-08,149.2551,149.1929,149.2418,,,0.8911712402280572,False,
904016,FUND016,2026-06-08,24.7228,24.6217,24.7208,,,0.8090353063003185,False,
904017,FUND017,2026-06-08,24.4098,24.3635,24.3923,,,7.1743951984855245,False,
904018,FUND018,2026-06-08,236.0004,236.1085,235.7615,,,10.133121820144552,False,
904019,FUND019,2026-06-08,155.8091,155.5569,155.7774,,,2.034955006310333,False,
904020,FUND020,2026-06-08,135.7281,134.7801,135.6142,,,8.398825491725866,False,
904021,FUND001,2026-06-09,31.5021,31.6252,31.4993,,,0.888908642413332,False,
904022,FUND002,2026-06-09,153.4375,154.4332,153.3746,,,4.101070190240971,False,
904023,FUND003,2026-06-09,219.3838,218.5511,219.4943,,,5.034299296154925,False,
904024,FUND004,2026-06-09,75.0257,74.8034,75.0029,,,3.0398824578787895,False,
904025,FUND005,2026-06-09,214.7828,213.7024,215.0853,,,14.064187557214774,False,
904026,FUND006,2026-06-09,218.3288,217.9038,218.2034,,,5.746931532689834,False,
904027,FUND007,2026-06-09,173.4149,172.5814,173.2326,,,10.523423420302988,False,
904028,FUND008,2026-06-09,55.0858,55.4236,55.1007,,,2.7041398748118177,False,
904029,FUND009,2026-06-09,207.2566,207.0513,207.3953,,,6.687711823749142,False,
904030,FUND010,2026-06-09,117.2609,117.5457,117.2371,,,2.0300740977052896,False,
904031,FUND011,2026-06-09,157.4719,156.8072,157.5963,,,7.893586334197471,False,
904032,FUND012,2026-06-09,147.0237,146.697,146.9446,,,5.382981069054775,False,
904033,FUND013,2026-06-09,168.5514,168.4856,168.6602,,,6.450840210079332,False,
904034,FUND014,2026-06-09,127.6241,128.258,127.6505,,,2.068147010782983,False,
904035,FUND015,2026-06-09,149.0271,149.2551,149.0355,,,0.5636241029837223,False,
904036,FUND016,2026-06-09,24.7194,24.7228,24.7319,,,5.054201254250296,False,
904037,FUND017,2026-06-09,24.3474,24.4098,24.3585,,,4.5569308454950015,False,
904038,FUND018,2026-06-09,235.4818,236.0004,235.5106,,,1.2228748939545881,False,
904039,FUND019,2026-06-09,155.6797,155.8091,155.7332,,,3.4353625302770294,False,
904040,FUND020,2026-06-09,135.7401,135.7281,135.8131,,,5.375033778036072,False,
904041,FUND001,2026-06-10,31.5035,31.5021,31.9527,2026-06-10,2026-06-11,140.58279894969786,True,1.0
904042,FUND002,2026-06-10,153.6647,153.4375,153.4282,,,15.414376235920553,False,
904043,FUND003,2026-06-10,219.1767,219.3838,219.1453,,,1.4328393079851218,False,
904044,FUND004,2026-06-10,75.0188,75.0257,75.0073,,,1.5331841034136768,False,
904045,FUND005,2026-06-10,216.7062,214.7828,216.6406,,,3.028056606194278,False,
904046,FUND006,2026-06-10,217.3298,218.3288,217.2167,,,5.206781983153361,False,
904047,FUND007,2026-06-10,173.0961,173.4149,173.1446,,,2.801126919348914,False,
904048,FUND008,2026-06-10,55.1559,55.0858,55.1722,,,2.9543864482463973,False,
904049,FUND009,2026-06-10,207.3124,207.2566,207.5855,,,13.156024866862062,False,
904050,FUND010,2026-06-10,117.3966,117.2609,118.1706,2026-06-10,2026-06-12,65.49852501383481,True,2.0
904051,FUND011,2026-06-10,157.9145,157.4719,157.8181,,,6.108298097621054,False,
904052,FUND012,2026-06-10,147.1569,147.0237,147.1637,,,0.46207046982362926,False,
904053,FUND013,2026-06-10,168.7408,168.5514,168.6553,,,5.069511601473309,False,
904054,FUND014,2026-06-10,127.2347,127.6241,127.2349,,,0.015718957612449763,False,
904055,FUND015,2026-06-10,148.6563,149.0271,148.6636,,,0.49104151924310735,False,
904056,FUND016,2026-06-10,24.6031,24.7194,24.5827,,,8.298518877097388,False,
904057,FUND017,2026-06-10,24.2872,24.3474,24.2788,,,3.4598085572590844,False,
904058,FUND018,2026-06-10,235.2451,235.4818,235.2468,,,0.07226453239744773,False,
904059,FUND019,2026-06-10,155.5613,155.6797,155.6507,,,5.7436298069981,False,
904060,FUND020,2026-06-10,135.759,135.7401,135.7086,,,3.713839800867169,False,
904061,FUND001,2026-06-11,31.5342,31.5035,31.547,,,4.057438108220161,False,
904062,FUND002,2026-06-11,152.6192,153.6647,152.4969,,,8.01983515730455,False,
904063,FUND003,2026-06-11,218.3462,219.1767,218.4292,,,3.79985826070866,False,
904064,FUND004,2026-06-11,75.1936,75.0188,75.1693,,,3.232702712410074,False,
904065,FUND005,2026-06-11,216.4959,216.7062,216.5021,,,0.28637135621349014,False,
904066,FUND006,2026-06-11,216.2918,217.3298,216.5877,,,13.661902314859864,False,
904067,FUND007,2026-06-11,174.0408,173.0961,173.9879,,,3.0404413180453327,False,
904068,FUND008,2026-06-11,54.8632,55.1559,54.8382,,,4.558865900047518,False,
904069,FUND009,2026-06-11,206.0556,207.3124,206.0142,,,2.0095702140925287,False,
904070,FUND010,2026-06-11,118.3678,117.3966,118.3453,,,1.901216186870789,False,
904071,FUND011,2026-06-11,158.4566,157.9145,158.4226,,,2.1461584395168516,False,
904072,FUND012,2026-06-11,146.6102,147.1569,146.6289,,,1.2753283970619365,False,
904073,FUND013,2026-06-11,169.0548,168.7408,168.9152,,,8.264501951275047,False,
904074,FUND014,2026-06-11,127.2868,127.2347,127.2057,,,6.37550046892603,False,
904075,FUND015,2026-06-11,149.7177,148.6563,149.7729,,,3.685579968070662,False,
904076,FUND016,2026-06-11,24.547,24.6031,24.5633,,,6.635916183900816,False,
904077,FUND017,2026-06-11,24.2842,24.2872,24.2804,,,1.5650483517562515,False,
904078,FUND018,2026-06-11,234.5977,235.2451,234.588,,,0.4134908861497335,False,
904079,FUND019,2026-06-11,155.5141,155.5613,153.3176,2026-06-11,2026-06-12,143.26470020402186,True,1.0
904080,FUND020,2026-06-11,134.8667,135.759,134.9075,,,3.024294423956428,False,
904081,FUND001,2026-06-12,31.577,31.5342,31.5544,,,7.162234109981688,False,
904082,FUND002,2026-06-12,153.2451,152.6192,153.1167,,,8.385760664904558,False,
904083,FUND003,2026-06-12,218.8858,218.3462,218.92,,,1.562214507582608,False,
904084,FUND004,2026-06-12,75.0526,75.1936,74.2056,2026-06-12,2026-06-14,114.14232888083839,True,1.0
904085,FUND005,2026-06-12,217.0744,216.4959,217.2311,,,7.213515928428329,False,
904086,FUND006,2026-06-12,214.9411,216.2918,214.9385,,,0.12096483412701986,False,
904087,FUND007,2026-06-12,173.6321,174.0408,173.6249,,,0.41468706389530774,False,
904088,FUND008,2026-06-12,55.0044,54.8632,55.0369,,,5.905129104292932,False,
904089,FUND009,2026-06-12,207.4209,206.0556,207.4684,,,2.289505293336896,False,
904090,FUND010,2026-06-12,118.2216,118.3678,118.1597,,,5.238672745444877,False,
904091,FUND011,2026-06-12,157.85,158.4566,157.9146,,,4.090818708340639,False,
904092,FUND012,2026-06-12,147.5636,146.6102,147.6258,,,4.213355660053327,False,
904093,FUND013,2026-06-12,169.1339,169.0548,169.1459,,,0.7094466966092855,False,
904094,FUND014,2026-06-12,127.0362,127.2868,126.9928,,,3.417516583616648,False,
904095,FUND015,2026-06-12,149.3481,149.7177,149.3012,,,3.1413009406484154,False,
904096,FUND016,2026-06-12,24.453,24.547,24.4442,,,3.600036000360334,False,
904097,FUND017,2026-06-12,24.4508,24.2842,24.4307,,,8.227353289099101,False,
904098,FUND018,2026-06-12,234.5152,234.5977,234.66,,,6.170629847439001,False,
904099,FUND019,2026-06-12,155.429,155.5141,155.4714,,,2.727189695338593,False,
904100,FUND020,2026-06-12,135.2575,134.8667,135.2849,,,2.0253553796469594,False,
904101,FUND001,2026-06-15,31.4136,31.577,31.408,,,1.7829852266930741,False,
904102,FUND002,2026-06-15,153.2647,153.2451,153.205,,,3.896739662543149,False,
904103,FUND003,2026-06-15,219.314,218.8858,219.2714,,,1.9427978295387858,False,
904104,FUND004,2026-06-15,74.7862,75.0526,74.792,,,0.7754840089859609,False,
904105,FUND005,2026-06-15,217.208,217.0744,217.2935,,,3.9347702531367084,False,
904106,FUND006,2026-06-15,215.2723,214.9411,215.4898,,,10.093285157812627,False,
904107,FUND007,2026-06-15,173.6037,173.6321,173.5277,,,4.3797042201327745,False,
904108,FUND008,2026-06-15,55.0696,55.0044,55.0603,,,1.689057269939175,False,
904109,FUND009,2026-06-15,206.4966,207.4209,206.3538,,,6.920153639041008,False,
904110,FUND010,2026-06-15,117.9672,118.2216,117.9009,,,5.623366742748568,False,
904111,FUND011,2026-06-15,157.383,157.85,157.4208,,,2.401207464325189,False,
904112,FUND012,2026-06-15,147.9199,147.5636,147.908,,,0.8045541823312842,False,
904113,FUND013,2026-06-15,169.5278,169.1339,169.6042,,,4.504605428402025,False,
904114,FUND014,2026-06-15,127.132,127.0362,127.1732,,,3.239676283996097,False,
904115,FUND015,2026-06-15,149.4863,149.3481,149.6664,,,12.03342901279179,False,
904116,FUND016,2026-06-15,24.4777,24.453,24.4872,,,3.879577901925385,False,
904117,FUND017,2026-06-15,24.5369,24.4508,24.5244,,,5.096964655608002,False,
904118,FUND018,2026-06-15,236.6758,234.5152,236.7614,,,3.6154542083295444,False,
904119,FUND019,2026-06-15,155.3718,155.429,155.389,,,1.1068994587778123,False,
904120,FUND020,2026-06-15,135.3886,135.2575,135.5487,,,11.811253077307263,False,
904121,FUND001,2026-06-16,31.3497,31.4136,31.3042,,,14.534790858733647,False,
904122,FUND002,2026-06-16,152.9479,153.2647,152.8113,,,8.939129501549663,False,
904123,FUND003,2026-06-16,220.8954,219.314,220.749,,,6.631966622725352,False,
904124,FUND004,2026-06-16,74.9403,74.7862,74.9492,,,1.1874709803455183,False,
904125,FUND005,2026-06-16,218.1685,217.208,218.1277,,,1.8704639529958909,False,
904126,FUND006,2026-06-16,216.6542,215.2723,216.7001,,,2.118134693984403,False,
904127,FUND007,2026-06-16,172.7994,173.6037,175.0427,2026-06-16,2026-06-18,128.15730104711622,True,2.0
904128,FUND008,2026-06-16,55.3238,55.0696,55.308,,,2.856729587039615,False,
904129,FUND009,2026-06-16,206.7119,206.4966,206.5323,,,8.695976367862167,False,
904130,FUND010,2026-06-16,117.9717,117.9672,117.8884,,,7.066004797757384,False,
904131,FUND011,2026-06-16,157.3014,157.383,157.2396,,,3.9303076324288018,False,
904132,FUND012,2026-06-16,146.7081,147.9199,146.5756,,,9.039703743323798,False,
904133,FUND013,2026-06-16,169.629,169.5278,171.2174,2026-06-16,2026-06-17,92.77094500909412,True,1.0
904134,FUND014,2026-06-16,126.6814,127.132,126.6828,,,0.11051224002025868,False,
904135,FUND015,2026-06-16,149.8149,149.4863,149.9001,,,5.683785401078091,False,
904136,FUND016,2026-06-16,24.322,24.4777,24.3529,,,12.688427250965013,False,
904137,FUND017,2026-06-16,24.5824,24.5369,24.567,,,6.268571661171342,False,
904138,FUND018,2026-06-16,236.3987,236.6758,236.3941,,,0.19459030491802348,False,
904139,FUND019,2026-06-16,155.6867,155.3718,155.6876,,,0.05780807206235147,False,
904140,FUND020,2026-06-16,135.6872,135.3886,135.7779,,,6.680026720106751,False,
904141,FUND001,2026-06-17,31.397,31.3497,31.4105,,,4.29792585282008,False,
904142,FUND002,2026-06-17,153.4659,152.9479,153.7249,,,16.848278971070147,False,
904143,FUND003,2026-06-17,220.0911,220.8954,220.0637,,,1.2450940341364838,False,
904144,FUND004,2026-06-17,75.0745,74.9403,75.1009,,,3.515270789031199,False,
904145,FUND005,2026-06-17,218.9855,218.1685,218.9987,,,0.6027433039562275,False,
904146,FUND006,2026-06-17,215.7282,216.6542,215.71,,,0.8437253720262805,False,
904147,FUND007,2026-06-17,172.4295,172.7994,172.634,,,11.84587045425559,False,
904148,FUND008,2026-06-17,55.4637,55.3238,55.4152,,,8.752111334075165,False,
904149,FUND009,2026-06-17,206.1887,206.7119,206.2013,,,0.6110533735719391,False,
904150,FUND010,2026-06-17,118.4445,117.9717,119.3481,2026-06-17,2026-06-19,75.71130164619272,True,2.0
904151,FUND011,2026-06-17,157.0819,157.3014,156.9476,,,8.556996092963264,False,
904152,FUND012,2026-06-17,147.3736,146.7081,147.5213,,,10.012113504964109,False,
904153,FUND013,2026-06-17,169.2678,169.629,169.3609,,,5.497136588196723,False,
904154,FUND014,2026-06-17,127.0403,126.6814,127.0461,,,0.45652719760729277,False,
904155,FUND015,2026-06-17,149.9957,149.8149,149.8994,,,6.424308569613031,False,
904156,FUND016,2026-06-17,24.2727,24.322,24.2706,,,0.865244369730727,False,
904157,FUND017,2026-06-17,24.555,24.5824,24.5492,,,2.362602447330542,False,
904158,FUND018,2026-06-17,236.5165,236.3987,236.4438,,,3.0747264254760553,False,
904159,FUND019,2026-06-17,156.4802,155.6867,156.3927,,,5.594890298588469,False,
904160,FUND020,2026-06-17,136.0405,135.6872,136.0078,,,2.4042738725283037,False,
904161,FUND001,2026-06-18,31.3814,31.397,31.3776,,,1.2110550201411991,False,
904162,FUND002,2026-06-18,153.6146,153.4659,153.6213,,,0.4361374366702432,False,
904163,FUND003,2026-06-18,220.0932,220.0911,219.9224,,,7.766375776182217,False,
904164,FUND004,2026-06-18,74.701,75.0745,74.6789,,,2.959336572980411,False,
904165,FUND005,2026-06-18,217.6334,218.9855,217.7568,,,5.666872400770205,False,
904166,FUND006,2026-06-18,215.1696,215.7282,215.2569,,,4.055619123010646,False,
904167,FUND007,2026-06-18,172.5655,172.4295,172.7403,,,10.119236796509252,False,
904168,FUND008,2026-06-18,55.7584,55.4637,55.7273,,,5.580747676632839,False,
904169,FUND009,2026-06-18,207.3729,206.1887,207.4727,,,4.810271423662781,False,
904170,FUND010,2026-06-18,119.1118,118.4445,119.1631,,,4.3050239545629205,False,
904171,FUND011,2026-06-18,156.917,157.0819,156.7453,,,10.954076453968032,False,
904172,FUND012,2026-06-18,147.2374,147.3736,147.2762,,,2.6345057789364903,False,
904173,FUND013,2026-06-18,169.4253,169.2678,169.3581,,,3.967923589127741,False,
904174,FUND014,2026-06-18,127.2306,127.0403,127.3201,,,7.029526367007332,False,
904175,FUND015,2026-06-18,150.4718,149.9957,150.437,,,2.313260700491897,False,
904176,FUND016,2026-06-18,24.3662,24.2727,24.3529,,,5.4613618911905455,False,
904177,FUND017,2026-06-18,24.3108,24.555,24.5965,2026-06-18,2026-06-20,116.15473746264652,True,2.0
904178,FUND018,2026-06-18,235.8562,236.5165,235.8369,,,0.81836218165974,False,
904179,FUND019,2026-06-18,156.5377,156.4802,156.5431,,,0.3449529235085245,False,
904180,FUND020,2026-06-18,137.0002,136.0405,136.9279,,,5.280151086813768,False,
904181,FUND001,2026-06-19,31.2079,31.3814,30.9763,2026-06-19,2026-06-20,74.76683787282543,True,1.0
904182,FUND002,2026-06-19,152.6546,153.6146,152.6977,,,2.8225703465088006,False,
904183,FUND003,2026-06-19,220.7249,220.0932,220.6695,,,2.510541783073405,False,
904184,FUND004,2026-06-19,74.8684,74.701,74.8418,,,3.554163582381469,False,
904185,FUND005,2026-06-19,218.8525,217.6334,218.9311,,,3.590170606185894,False,
904186,FUND006,2026-06-19,214.556,215.1696,214.6321,,,3.5456019859096903,False,
904187,FUND007,2026-06-19,172.4602,172.5655,172.3485,,,6.481054375291041,False,
904188,FUND008,2026-06-19,55.2022,55.7584,55.2153,,,2.3725308021511147,False,
904189,FUND009,2026-06-19,206.3417,207.3729,206.3963,,,2.6453962595256573,False,
904190,FUND010,2026-06-19,119.3298,119.1118,119.2903,,,3.31124995075072,False,
904191,FUND011,2026-06-19,156.7148,156.917,156.6696,,,2.8850523649766218,False,
904192,FUND012,2026-06-19,147.0703,147.2374,147.0073,,,4.285501468295561,False,
904193,FUND013,2026-06-19,170.179,169.4253,170.2019,,,1.345460890859198,False,
904194,FUND014,2026-06-19,126.6654,127.2306,126.7564,,,7.179124683250232,False,
904195,FUND015,2026-06-19,151.2403,150.4718,151.167,,,4.848941898694096,False,
904196,FUND016,2026-06-19,24.1999,24.3662,24.2036,,,1.5286982101844497,False,
904197,FUND017,2026-06-19,24.2962,24.3108,24.2738,,,9.228056587760273,False,
904198,FUND018,2026-06-19,235.4879,235.8562,235.2461,,,10.278597604805501,False,
904199,FUND019,2026-06-19,155.8109,156.5377,155.7701,,,2.6192446432267924,False,
904200,FUND020,2026-06-19,137.2991,137.0002,137.3844,,,6.208856318474987,False,
904201,FUND001,2026-06-22,31.2737,31.2079,31.2929,,,6.135577079784195,False,
904202,FUND002,2026-06-22,151.6421,152.6546,151.7211,,,5.206922438606609,False,
904203,FUND003,2026-06-22,223.0919,220.7249,223.2558,,,7.341354625500612,False,
904204,FUND004,2026-06-22,74.6073,74.8684,74.6656,,,7.80814725924692,False,
904205,FUND005,2026-06-22,220.7778,218.8525,220.7098,,,3.0809687653204367,False,
904206,FUND006,2026-06-22,214.8461,214.556,214.8065,,,1.8435196327861207,False,
904207,FUND007,2026-06-22,172.5579,172.4602,172.5047,,,3.0839739438969187,False,
904208,FUND008,2026-06-22,54.898,55.2022,54.8582,,,7.255068522118247,False,
904209,FUND009,2026-06-22,206.4886,206.3417,206.8801,,,18.92400477377997,False,
904210,FUND010,2026-06-22,119.3753,119.3298,119.3998,,,2.0519297352259636,False,
904211,FUND011,2026-06-22,156.9287,156.7148,156.926,,,0.17205561857208912,False,
904212,FUND012,2026-06-22,146.5465,147.0703,146.5115,,,2.3888909744283953,False,
904213,FUND013,2026-06-22,170.4934,170.179,170.4939,,,0.02932656241590911,False,
904214,FUND014,2026-06-22,126.7294,126.6654,126.6894,,,3.1573280795387806,False,
904215,FUND015,2026-06-22,151.0435,151.2403,151.0798,,,2.4027037367014863,False,
904216,FUND016,2026-06-22,24.2777,24.1999,24.2707,,,2.884136015853641,False,
904217,FUND017,2026-06-22,24.425,24.2962,24.4518,,,10.960338298202153,False,
904218,FUND018,2026-06-22,234.4493,235.4879,234.4126,,,1.5656155001905265,False,
904219,FUND019,2026-06-22,155.574,155.8109,155.7186,,,9.285981250794507,False,
904220,FUND020,2026-06-22,137.3184,137.2991,137.4311,,,8.200472818742599,False,
904221,FUND001,2026-06-23,31.316,31.2737,31.446,2026-06-23,2026-06-24,41.34071106023105,True,1.0
904222,FUND002,2026-06-23,151.0555,151.6421,150.8888,,,11.04787101494555,False,
904223,FUND003,2026-06-23,221.5442,223.0919,221.8458,,,13.595028618978032,False,
904224,FUND004,2026-06-23,75.171,74.6073,75.198,,,3.5905210244935786,False,
904225,FUND005,2026-06-23,220.9934,220.7778,220.9191,,,3.363222102571586,False,
904226,FUND006,2026-06-23,214.4685,214.8461,214.3068,,,7.545257546657231,False,
904227,FUND007,2026-06-23,173.2974,172.5579,173.2977,,,0.017311251100362975,False,
904228,FUND008,2026-06-23,54.8666,54.898,54.8842,,,3.206751669879786,False,
904229,FUND009,2026-06-23,205.9972,206.4886,205.9849,,,0.5971311489328582,False,
904230,FUND010,2026-06-23,118.9525,119.3753,119.0278,,,6.326253194631724,False,
904231,FUND011,2026-06-23,156.2205,156.9287,156.1007,,,7.674533169934403,False,
904232,FUND012,2026-06-23,145.1854,146.5465,145.0694,,,7.996172866227161,False,
904233,FUND013,2026-06-23,171.257,170.4934,171.1475,,,6.397990037832691,False,
904234,FUND014,2026-06-23,126.9859,126.7294,126.9787,,,0.5670242331979639,False,
904235,FUND015,2026-06-23,151.1604,151.0435,151.3218,,,10.666011110096907,False,
904236,FUND016,2026-06-23,24.2874,24.2777,24.3052,,,7.323535704292743,False,
904237,FUND017,2026-06-23,24.4686,24.425,24.4542,,,5.888559020535701,False,
904238,FUND018,2026-06-23,233.2932,234.4493,233.2628,,,1.303251097046525,False,
904239,FUND019,2026-06-23,155.9999,155.574,155.9515,,,3.103528981765913,False,
904240,FUND020,2026-06-23,138.6979,137.3184,138.8162,,,8.522060105377106,False,
904241,FUND001,2026-06-24,31.2181,31.316,31.1998,,,5.8654222142449575,False,
904242,FUND002,2026-06-24,151.0081,151.0555,150.9552,,,3.50435095975643,False,
904243,FUND003,2026-06-24,220.8589,221.5442,220.654,,,9.286031524468589,False,
904244,FUND004,2026-06-24,75.2185,75.171,75.3085,,,11.950842202405997,False,
904245,FUND005,2026-06-24,221.2395,220.9934,221.1339,,,4.775387220140433,False,
904246,FUND006,2026-06-24,215.4976,214.4685,215.4936,,,0.18562036181209557,False,
904247,FUND007,2026-06-24,173.7495,173.2974,173.6879,,,3.546591328468969,False,
904248,FUND008,2026-06-24,55.1253,54.8666,55.1415,,,2.9378961399305012,False,
904249,FUND009,2026-06-24,204.8011,205.9972,204.7452,,,2.7302227353793813,False,
904250,FUND010,2026-06-24,118.7655,118.9525,118.7837,,,1.5321967576353583,False,
904251,FUND011,2026-06-24,156.8744,156.2205,156.9327,,,3.714968263465975,False,
904252,FUND012,2026-06-24,145.4178,145.1854,145.3475,,,4.836684497497592,False,
904253,FUND013,2026-06-24,171.0917,171.257,171.1671,,,4.40505213910862,False,
904254,FUND014,2026-06-24,127.7619,126.9859,127.675,,,6.806344233405129,False,
904255,FUND015,2026-06-24,151.275,151.1604,151.2155,,,3.9347818180023943,False,
904256,FUND016,2026-06-24,24.2528,24.2874,24.2504,,,0.98967439712397,False,
904257,FUND017,2026-06-24,24.5098,24.4686,24.5015,,,3.3875477011605084,False,
904258,FUND018,2026-06-24,233.6899,233.2932,233.4946,,,8.364219129693069,False,
904259,FUND019,2026-06-24,155.9326,155.9999,155.949,,,1.0516258520416553,False,
904260,FUND020,2026-06-24,139.5826,138.6979,139.5407,,,3.002708170449675,False,
904261,FUND001,2026-06-25,31.3086,31.2181,31.3136,,,1.596750293802871,False,
904262,FUND002,2026-06-25,150.3434,151.0081,150.3214,,,1.4635308079881746,False,
904263,FUND003,2026-06-25,221.9142,220.8589,222.0422,,,5.764669959134539,False,
904264,FUND004,2026-06-25,74.5667,75.2185,74.5818,,,2.0246226291137903,False,
904265,FUND005,2026-06-25,219.9783,221.2395,220.0658,,,3.976083516839313,False,
904266,FUND006,2026-06-25,215.6599,215.4976,215.8448,,,8.566340259297373,False,
904267,FUND007,2026-06-25,173.7811,173.7495,173.7577,,,1.3467029087061704,False,
904268,FUND008,2026-06-25,55.1355,55.1253,55.1731,,,6.81491523949128,False,
904269,FUND009,2026-06-25,204.8497,204.8011,205.0077,,,7.707027589694779,False,
904270,FUND010,2026-06-25,118.72,118.7655,118.6064,,,9.577897988641865,False,
904271,FUND011,2026-06-25,156.5477,156.8744,156.6936,,,9.31116522946768,False,
904272,FUND012,2026-06-25,146.1359,145.4178,145.933,,,13.903640711833487,False,
904273,FUND013,2026-06-25,170.9483,171.0917,171.0618,,,6.635028977832348,False,
904274,FUND014,2026-06-25,127.6576,127.7619,127.5725,,,6.670716651315688,False,
904275,FUND015,2026-06-25,150.9285,151.275,150.7942,,,8.906178089079322,False,
904276,FUND016,2026-06-25,24.3184,24.2528,24.3105,,,3.2496246477856694,False,
904277,FUND017,2026-06-25,24.4545,24.5098,24.4741,,,8.008466092726803,False,
904278,FUND018,2026-06-25,233.5445,233.6899,233.478,,,2.848234094860787,False,
904279,FUND019,2026-06-25,156.8525,155.9326,156.9888,,,8.68214802584679,False,
904280,FUND020,2026-06-25,138.72,139.5826,138.6863,,,2.429944414120954,False,
904281,FUND001,2026-06-26,31.4185,31.3086,31.425,,,2.068416865552605,False,
904282,FUND002,2026-06-26,151.3725,150.3434,151.442,,,4.589215673327412,False,
904283,FUND003,2026-06-26,221.7889,221.9142,221.8003,,,0.5139758602662187,False,
904284,FUND004,2026-06-26,74.2569,74.5667,74.2542,,,0.3636157954707432,False,
904285,FUND005,2026-06-26,220.0109,219.9783,219.897,,,5.179697767591236,False,
904286,FUND006,2026-06-26,215.6495,215.6599,215.6894,,,1.8498822844338731,False,
904287,FUND007,2026-06-26,173.8607,173.7811,173.8025,,,3.348628471972461,False,
904288,FUND008,2026-06-26,55.2668,55.1355,55.2458,,,3.801193936914805,False,
904289,FUND009,2026-06-26,205.2231,204.8497,204.9466,,,13.491319202172598,False,
904290,FUND010,2026-06-26,117.9793,118.72,118.0108,,,2.6692472214414527,False,
904291,FUND011,2026-06-26,156.871,156.5477,156.9121,,,2.6193008697226112,False,
904292,FUND012,2026-06-26,145.9883,146.1359,145.9581,,,2.0690869502965423,False,
904293,FUND013,2026-06-26,170.5028,170.9483,170.4825,,,1.1907380522939417,False,
904294,FUND014,2026-06-26,128.3344,127.6576,128.3884,,,4.2059874568109,False,
904295,FUND015,2026-06-26,150.8415,150.9285,150.7872,,,3.6011014197480673,False,
904296,FUND016,2026-06-26,24.4036,24.3184,24.3694,,,14.03399345080388,False,
904297,FUND017,2026-06-26,24.5886,24.4545,24.5721,,,6.714932789627515,False,
904298,FUND018,2026-06-26,232.2411,233.5445,232.3099,,,2.9615612593354905,False,
904299,FUND019,2026-06-26,157.467,156.8525,157.5023,,,2.2412371120915777,False,
904300,FUND020,2026-06-26,138.4539,138.72,138.6154,,,11.65094210311333,False,
904301,FUND001,2026-06-29,31.2805,31.4185,31.2813,,,0.2557438469634217,False,
904302,FUND002,2026-06-29,152.2352,151.3725,152.2612,,,1.7075919538274005,False,
904303,FUND003,2026-06-29,220.6034,221.7889,220.7562,,,6.921662902333586,False,
904304,FUND004,2026-06-29,74.1413,74.2569,74.1465,,,0.7013142899532805,False,
904305,FUND005,2026-06-29,220.5829,220.0109,220.7696,,,8.456780281343168,False,
904306,FUND006,2026-06-29,214.6541,215.6495,214.6708,,,0.7779353316806185,False,
904307,FUND007,2026-06-29,174.1579,173.8607,174.1499,,,0.45937436656637626,False,
904308,FUND008,2026-06-29,55.0377,55.2668,55.0116,,,4.744453896996191,False,
904309,FUND009,2026-06-29,205.9191,205.2231,205.8862,,,1.5979701407857214,False,
904310,FUND010,2026-06-29,117.8648,117.9793,117.8467,,,1.5358936652451025,False,
904311,FUND011,2026-06-29,156.1259,156.871,156.1773,,,3.291131297570198,False,
904312,FUND012,2026-06-29,145.2148,145.9883,145.341,,,8.68302818888073,False,
904313,FUND013,2026-06-29,170.2583,170.5028,170.3097,,,3.0180312689178015,False,
904314,FUND014,2026-06-29,128.786,128.3344,128.8168,,,2.3909924792417816,False,
904315,FUND015,2026-06-29,150.8313,150.8415,150.9837,,,10.093804827938387,False,
904316,FUND016,2026-06-29,24.2632,24.4036,24.2348,,,11.718685526598657,False,
904317,FUND017,2026-06-29,24.5466,24.5886,24.6963,2026-06-29,2026-07-01,60.616367634017756,True,2.0
904318,FUND018,2026-06-29,231.6431,232.2411,231.7798,,,5.897839242245894,False,
904319,FUND019,2026-06-29,159.057,157.467,158.9893,,,4.25814818984687,False,
904320,FUND020,2026-06-29,138.7471,138.4539,138.6932,,,3.8862756068789768,False,
904321,FUND001,2026-06-30,31.0911,31.2805,31.0548,,,11.68901425866554,False,
904322,FUND002,2026-06-30,152.0527,152.2352,152.1209,,,4.483276131025959,False,
904323,FUND003,2026-06-30,220.7897,220.6034,220.77,,,0.8923313856049405,False,
904324,FUND004,2026-06-30,74.3654,74.1413,74.3108,,,7.347518799419943,False,
904325,FUND005,2026-06-30,220.453,220.5829,220.6327,,,8.14475823393345,False,
904326,FUND006,2026-06-30,213.1999,214.6541,213.2872,,,4.093072626955534,False,
904327,FUND007,2026-06-30,174.6543,174.1579,174.6853,,,1.7746198449443604,False,
904328,FUND008,2026-06-30,55.2208,55.0377,55.2137,,,1.2859127354251048,False,
904329,FUND009,2026-06-30,206.4169,205.9191,206.2476,,,8.208580366510576,False,
904330,FUND010,2026-06-30,118.1238,117.8648,118.1988,,,6.345242083676217,False,
904331,FUND011,2026-06-30,155.3445,156.1259,155.3639,,,1.248681321722119,False,
904332,FUND012,2026-06-30,146.0567,145.2148,146.0028,,,3.6917100219994907,False,
904333,FUND013,2026-06-30,170.7191,170.2583,170.7464,,,1.5988624064692885,False,
904334,FUND014,2026-06-30,130.1815,128.786,130.3616,,,13.815418037214188,False,
904335,FUND015,2026-06-30,151.1191,150.8313,150.9898,,,8.5634923683587,False,
904336,FUND016,2026-06-30,24.2752,24.2632,24.2811,,,2.4298734406583344,False,
904337,FUND017,2026-06-30,24.4801,24.5466,24.4799,,,0.08169968014556182,False,
904338,FUND018,2026-06-30,230.8219,231.6431,230.6373,,,8.003909168204318,False,
904339,FUND019,2026-06-30,157.7014,159.057,157.576,,,7.9580646799013355,False,
904340,FUND020,2026-06-30,139.3372,138.7471,139.4303,,,6.67717131785506,False,
904341,FUND001,2026-07-01,31.1693,31.0911,31.1552,,,4.52572925225937,False,
904342,FUND002,2026-07-01,152.179,152.0527,152.4217,,,15.922929609103235,False,
904343,FUND003,2026-07-01,220.2822,220.7897,220.3271,,,2.037879135159161,False,
904344,FUND004,2026-07-01,74.6235,74.3654,74.5929,,,4.102267105851475,False,
904345,FUND005,2026-07-01,218.8344,220.453,218.8019,,,1.485361873000137,False,
904346,FUND006,2026-07-01,213.6537,213.1999,213.5408,,,5.2870458479127285,False,
904347,FUND007,2026-07-01,174.6053,174.6543,174.6662,,,3.4866505368527925,False,
904348,FUND008,2026-07-01,55.1529,55.2208,55.1378,,,2.7385931248624154,False,
904349,FUND009,2026-07-01,206.6034,206.4169,206.8223,,,10.583965075333714,False,
904350,FUND010,2026-07-01,117.8142,118.1238,117.7315,,,7.024458195130671,False,
904351,FUND011,2026-07-01,155.9945,155.3445,155.9365,,,3.7194627300210485,False,
904352,FUND012,2026-07-01,146.1931,146.0567,146.296,,,7.033685131514555,False,
904353,FUND013,2026-07-01,171.2019,170.7191,171.3254,,,7.2085049852507,False,
904354,FUND014,2026-07-01,129.7011,130.1815,129.8256,,,9.589788146560602,False,
904355,FUND015,2026-07-01,151.2115,151.1191,151.1397,,,4.750571821963129,False,
904356,FUND016,2026-07-01,24.0334,24.2752,24.0224,,,4.579059544424884,False,
904357,FUND017,2026-07-01,24.3859,24.4801,24.3808,,,2.0918099488116764,False,
904358,FUND018,2026-07-01,231.2802,230.8219,231.204,,,3.295790730264184,False,
904359,FUND019,2026-07-01,158.1323,157.7014,158.3453,,,13.451614920052712,False,
904360,FUND020,2026-07-01,139.8864,139.3372,140.0554,,,12.066653624207472,False,
904361,FUND001,2026-07-02,31.2575,31.1693,31.2518,,,1.8238949436515424,False,
904362,FUND002,2026-07-02,152.421,152.179,152.4214,,,0.026243034115503373,False,
904363,FUND003,2026-07-02,220.1387,220.2822,220.1025,,,1.6446882702380938,False,
904364,FUND004,2026-07-02,74.673,74.6235,74.623,,,6.700347077978258,False,
904365,FUND005,2026-07-02,220.1261,218.8344,220.1143,,,0.5360851157794945,False,
904366,FUND006,2026-07-02,214.6626,213.6537,214.632,,,1.4256960751422263,False,
904367,FUND007,2026-07-02,174.678,174.6053,174.6643,,,0.7843617728408179,False,
904368,FUND008,2026-07-02,55.1211,55.1529,55.1402,,,3.4638974831432736,False,
904369,FUND009,2026-07-02,206.8809,206.6034,206.8478,,,1.6002103962425687,False,
904370,FUND010,2026-07-02,118.1633,117.8142,118.0641,,,8.402215406716385,False,
904371,FUND011,2026-07-02,156.1233,155.9945,156.1673,,,2.8174912417651545,False,
904372,FUND012,2026-07-02,145.6322,146.1931,145.5962,,,2.4725920044617484,False,
904373,FUND013,2026-07-02,171.6871,171.2019,171.6966,,,0.5533015796470477,False,
904374,FUND014,2026-07-02,129.9481,129.7011,129.9439,,,0.32321640338617796,False,
904375,FUND015,2026-07-02,151.5053,151.2115,151.5327,,,1.8081905753675669,False,
904376,FUND016,2026-07-02,24.1062,24.0334,24.0989,,,3.02918390465986,False,
904377,FUND017,2026-07-02,24.1856,24.3859,24.2221,,,15.068883375099679,False,
904378,FUND018,2026-07-02,232.1617,231.2802,232.0847,,,3.317754250926415,False,
904379,FUND019,2026-07-02,157.9672,158.1323,157.8553,,,7.088770538587647,False,
904380,FUND020,2026-07-02,139.3616,139.8864,139.3327,,,2.074172107482412,False,
904381,FUND001,2026-07-03,31.4108,31.2575,31.4167,,,1.877982092326839,False,
904382,FUND002,2026-07-03,152.4691,152.421,152.4614,,,0.5050458673473953,False,
904383,FUND003,2026-07-03,221.3936,220.1387,221.5393,,,6.576711220086236,False,
904384,FUND004,2026-07-03,74.765,74.673,74.7751,,,1.3507170167601548,False,
904385,FUND005,2026-07-03,219.2637,220.1261,219.1473,,,5.311495966411575,False,
904386,FUND006,2026-07-03,213.0466,214.6626,212.8898,,,7.365312945946872,False,
904387,FUND007,2026-07-03,174.9134,174.678,173.931,2026-07-03,2026-07-04,56.48216821613077,True,1.0
904388,FUND008,2026-07-03,54.9816,55.1211,54.9967,,,2.7456192826109174,False,
904389,FUND009,2026-07-03,207.056,206.8809,206.9436,,,5.43143155913051,False,
904390,FUND010,2026-07-03,118.0185,118.1633,117.9805,,,3.220871245671675,False,
904391,FUND011,2026-07-03,156.4618,156.1233,156.4477,,,0.9012596541856048,False,
904392,FUND012,2026-07-03,146.3385,145.6322,146.3713,,,2.2408764559705627,False,
904393,FUND013,2026-07-03,172.4644,171.6871,172.5312,,,3.871763483938014,False,
904394,FUND014,2026-07-03,130.546,129.9481,130.6438,,,7.486003928238963,False,
904395,FUND015,2026-07-03,152.1022,151.5053,152.7105,2026-07-03,2026-07-04,39.833541243070094,True,1.0
904396,FUND016,2026-07-03,24.0516,24.1062,24.0482,,,1.4138272303121155,False,
904397,FUND017,2026-07-03,23.9393,24.1856,23.9244,,,6.2279513801812385,False,
904398,FUND018,2026-07-03,232.1265,232.1617,231.8336,,,12.63406167181992,False,
904399,FUND019,2026-07-03,157.6301,157.9672,157.6783,,,3.056856904216272,False,
904400,FUND020,2026-07-03,138.6809,139.3616,138.7275,,,3.3591032780078764,False,
904401,FUND001,2026-07-06,31.5096,31.4108,31.5033,,,1.9997904981381405,False,
904402,FUND002,2026-07-06,152.9386,152.4691,153.0274,,,5.80288235962919,False,
904403,FUND003,2026-07-06,222.5586,221.3936,222.3828,,,7.905287639152376,False,
904404,FUND004,2026-07-06,74.6945,74.765,74.6715,,,3.080157757646538,False,
904405,FUND005,2026-07-06,220.5214,219.2637,220.6605,,,6.303801541282346,False,
904406,FUND006,2026-07-06,212.3626,213.0466,212.4356,,,3.4363355294502194,False,
904407,FUND007,2026-07-06,174.3214,174.9134,174.3007,,,1.18760280366086,False,
904408,FUND008,2026-07-06,55.3557,54.9816,55.3353,,,3.686615957625999,False,
904409,FUND009,2026-07-06,206.4807,207.056,206.1845,,,14.36577434288217,False,
904410,FUND010,2026-07-06,118.3126,118.0185,118.3326,,,1.6901513192472761,False,
904411,FUND011,2026-07-06,156.8137,156.4618,156.7402,,,4.689288389323487,False,
904412,FUND012,2026-07-06,146.4924,146.3385,146.7023,,,14.307887470067246,False,
904413,FUND013,2026-07-06,171.8313,172.4644,171.8826,,,2.9845952993495377,False,
904414,FUND014,2026-07-06,129.7745,130.546,129.7233,,,3.946862283028135,False,
904415,FUND015,2026-07-06,152.7105,152.1022,152.6632,,,3.0983236300566874,False,
904416,FUND016,2026-07-06,24.1685,24.0516,24.1354,,,13.714295184666927,False,
904417,FUND017,2026-07-06,23.8984,23.9393,23.9079,,,3.9735819540832646,False,
904418,FUND018,2026-07-06,232.6186,232.1265,232.5381,,,3.4617983031598127,False,
904419,FUND019,2026-07-06,157.3822,157.6301,157.6913,,,19.601588673566695,False,
904420,FUND020,2026-07-06,138.4795,138.6809,138.5616,,,5.925162526991385,False,
904421,FUND001,2026-07-07,31.408,31.5096,31.3891,,,6.021198441497888,False,
904422,FUND002,2026-07-07,154.0851,152.9386,153.3506,2026-07-07,2026-07-08,47.89678031908747,True,1.0
904423,FUND003,2026-07-07,222.745,222.5586,222.6971,,,2.1509036264952934,False,
904424,FUND004,2026-07-07,74.6966,74.6945,74.7771,,,10.765327887816014,False,
904425,FUND005,2026-07-07,219.2891,220.5214,219.2748,,,0.6521497226307601,False,
904426,FUND006,2026-07-07,212.4606,212.3626,212.3992,,,2.8907830161315067,False,
904427,FUND007,2026-07-07,173.9839,174.3214,173.9717,,,0.7012634813597323,False,
904428,FUND008,2026-07-07,55.7371,55.3557,55.7162,,,3.751153165506168,False,
904429,FUND009,2026-07-07,207.9706,206.4807,207.9235,,,2.265256212020304,False,
904430,FUND010,2026-07-07,118.3183,118.3126,118.3587,,,3.4133527995834125,False,
904431,FUND011,2026-07-07,157.1144,156.8137,157.0404,,,4.7121632395220505,False,
904432,FUND012,2026-07-07,145.7371,146.4924,145.8999,,,11.158335269592664,False,
904433,FUND013,2026-07-07,171.8107,171.8313,171.7631,,,2.7712587860831888,False,
904434,FUND014,2026-07-07,129.783,129.7745,129.8571,,,5.706272510322162,False,
904435,FUND015,2026-07-07,152.4557,152.7105,152.3375,,,7.759087552309945,False,
904436,FUND016,2026-07-07,24.1796,24.1685,24.1915,,,4.919083149040237,False,
904437,FUND017,2026-07-07,23.8995,23.8984,23.6665,2026-07-07,2026-07-09,98.45139754505335,True,2.0
904438,FUND018,2026-07-07,232.7305,232.6186,232.4278,,,13.023399094257044,False,
904439,FUND019,2026-07-07,156.9343,157.3822,156.914,,,1.2937022827803888,False,
904440,FUND020,2026-07-07,137.581,138.4795,137.6537,,,5.281369116848843,False,
904441,FUND001,2026-07-08,31.0592,31.408,31.0611,,,0.6116975895892691,False,
904442,FUND002,2026-07-08,153.3576,154.0851,153.4141,,,3.682842711328344,False,
904443,FUND003,2026-07-08,224.4217,222.745,224.3695,,,2.3265194244315355,False,
904444,FUND004,2026-07-08,74.4541,74.6966,74.4114,,,5.738368045755947,False,
904445,FUND005,2026-07-08,219.3483,219.2891,219.4231,,,3.4089391682102024,False,
904446,FUND006,2026-07-08,212.7223,212.4606,212.6881,,,1.6079884111992377,False,
904447,FUND007,2026-07-08,173.7666,173.9839,173.6402,,,7.279420318567824,False,
904448,FUND008,2026-07-08,55.5178,55.7371,55.512,,,1.0448191382044771,False,
904449,FUND009,2026-07-08,208.2765,207.9706,208.442,,,7.939858569770423,False,
904450,FUND010,2026-07-08,118.5298,118.3183,118.4888,,,3.460242655845685,False,
904451,FUND011,2026-07-08,156.8825,157.1144,156.8105,,,4.591529266216404,False,
904452,FUND012,2026-07-08,144.9291,145.7371,145.028,,,6.819372810766626,False,
904453,FUND013,2026-07-08,171.1436,171.8107,171.1888,,,2.6403596496963666,False,
904454,FUND014,2026-07-08,129.697,129.783,129.6507,,,3.5711338234195593,False,
904455,FUND015,2026-07-08,151.7058,152.4557,151.5943,,,7.355157812662256,False,
904456,FUND016,2026-07-08,24.2823,24.1796,24.28,,,0.9472817133435718,False,
904457,FUND017,2026-07-08,24.0312,23.8995,24.0355,,,1.789020407314446,False,
904458,FUND018,2026-07-08,233.4676,232.7305,233.3593,,,4.64091210421072,False,
904459,FUND019,2026-07-08,157.1041,156.9343,157.1227,,,1.1837882113800615,False,
904460,FUND020,2026-07-08,137.5817,137.581,137.54,,,3.03184528137415,False,
904461,FUND001,2026-07-09,31.2762,31.0592,31.2978,,,6.901443551942755,False,
904462,FUND002,2026-07-09,151.7027,153.3576,151.6585,,,2.914442645812095,False,
904463,FUND003,2026-07-09,223.4088,224.4217,223.4823,,,3.2888510633726105,False,
904464,FUND004,2026-07-09,74.405,74.4541,74.4097,,,0.6316380794439038,False,
904465,FUND005,2026-07-09,219.662,219.3483,220.0301,,,16.72952927803961,False,
904466,FUND006,2026-07-09,214.0712,212.7223,214.1701,,,4.617824803741803,False,
904467,FUND007,2026-07-09,175.0539,173.7666,174.9063,,,8.438804091105425,False,
904468,FUND008,2026-07-09,55.0006,55.5178,55.0266,,,4.724987551475714,False,
904469,FUND009,2026-07-09,207.7479,208.2765,207.784,,,1.7373811265547243,False,
904470,FUND010,2026-07-09,118.6857,118.5298,118.8202,,,11.319624104319193,False,
904471,FUND011,2026-07-09,156.1436,156.8825,156.1039,,,2.5431779731308497,False,
904472,FUND012,2026-07-09,144.2771,144.9291,144.401,,,8.580272989800648,False,
904473,FUND013,2026-07-09,170.9567,171.1436,170.9272,,,1.7258809598479916,False,
904474,FUND014,2026-07-09,129.7433,129.697,129.6408,,,7.906461546055874,False,
904475,FUND015,2026-07-09,152.8884,151.7058,152.9133,,,1.6283737255034303,False,
904476,FUND016,2026-07-09,24.1897,24.2823,24.1719,,,7.363922571249092,False,
904477,FUND017,2026-07-09,23.9318,24.0312,23.9357,,,1.6293653413109157,False,
904478,FUND018,2026-07-09,234.3294,233.4676,234.1718,,,6.730101574997596,False,
904479,FUND019,2026-07-09,155.9274,157.1041,155.7574,,,10.914409203030862,False,
904480,FUND020,2026-07-09,137.4665,137.5817,137.4205,,,3.347389945458812,False,
904481,FUND001,2026-07-10,31.3949,31.2762,31.3716,,,7.427099669764687,False,
904482,FUND002,2026-07-10,152.2878,151.7027,152.2841,,,0.24296692826165964,False,
904483,FUND003,2026-07-10,223.3916,223.4088,223.2531,,,6.203721247320725,False,
904484,FUND004,2026-07-10,74.1031,74.405,73.969,,,18.12921629331256,False,
904485,FUND005,2026-07-10,219.3111,219.662,219.2637,,,2.1617805409655277,False,
904486,FUND006,2026-07-10,214.3218,214.0712,214.0657,,,11.96361677746615,False,
904487,FUND007,2026-07-10,174.8107,175.0539,174.9507,,,8.00225434936898,False,
904488,FUND008,2026-07-10,55.1037,55.0006,55.1213,,,3.192958076096629,False,
904489,FUND009,2026-07-10,206.3224,207.7479,206.04,,,13.706076490001726,False,
904490,FUND010,2026-07-10,118.0264,118.6857,118.2516,,,19.044139783309568,False,
904491,FUND011,2026-07-10,157.5418,156.1436,157.3133,,,14.525154580063912,False,
904492,FUND012,2026-07-10,144.0876,144.2771,144.1255,,,2.6296526291308044,False,
904493,FUND013,2026-07-10,170.5004,170.9567,170.623,,,7.185432210193068,False,
904494,FUND014,2026-07-10,129.5966,129.7433,129.491,,,8.155006911675812,False,
904495,FUND015,2026-07-10,153.1406,152.8884,153.1528,,,0.7965900721375706,False,
904496,FUND016,2026-07-10,24.2163,24.1897,24.2252,,,3.6738602777275617,False,
904497,FUND017,2026-07-10,23.6307,23.9318,23.647,,,6.893051972765061,False,
904498,FUND018,2026-07-10,232.2753,234.3294,232.4574,,,7.833693399307559,False,
904499,FUND019,2026-07-10,156.5332,155.9274,156.538,,,0.30663481071798765,False,
904500,FUND020,2026-07-10,138.0359,137.4665,138.1229,,,6.298738297558847,False,
904501,FUND001,2026-07-13,31.5539,31.3949,31.5614,,,2.376320442059061,False,
904502,FUND002,2026-07-13,152.7157,152.2878,152.6574,,,3.819009101425983,False,
904503,FUND003,2026-07-13,222.6418,223.3916,222.3706,,,12.19585682639671,False,
904504,FUND004,2026-07-13,73.9839,74.1031,73.9385,,,6.140238170912417,False,
904505,FUND005,2026-07-13,220.4965,219.3111,220.5165,,,0.9069616105828922,False,
904506,FUND006,2026-07-13,214.2669,214.3218,214.18,,,4.057334951908944,False,
904507,FUND007,2026-07-13,174.3041,174.8107,174.3336,,,1.6921580234667637,False,
904508,FUND008,2026-07-13,55.1159,55.1037,55.1747,,,10.657058398142258,False,
904509,FUND009,2026-07-13,205.7391,206.3224,205.7641,,,1.2149835661325605,False,
904510,FUND010,2026-07-13,117.5962,118.0264,117.6359,,,3.3748201016875377,False,
904511,FUND011,2026-07-13,157.9144,157.5418,157.918,,,0.22796641294886083,False,
904512,FUND012,2026-07-13,144.5014,144.0876,144.6001,,,6.825721420663472,False,
904513,FUND013,2026-07-13,171.1651,170.5004,171.1069,,,3.401382410645004,False,
904514,FUND014,2026-07-13,129.4768,129.5966,129.7326,,,19.71748041741194,False,
904515,FUND015,2026-07-13,153.2365,153.1406,152.5174,2026-07-13,2026-07-15,47.148718769136984,True,2.0
904516,FUND016,2026-07-13,24.3195,24.2163,24.298,,,8.848464894231288,False,
904517,FUND017,2026-07-13,23.7512,23.6307,23.7435,,,3.242992819087253,False,
904518,FUND018,2026-07-13,232.214,232.2753,232.0404,,,7.481455815452538,False,
904519,FUND019,2026-07-13,156.3467,156.5332,156.0685,,,17.825506107894817,False,
904520,FUND020,2026-07-13,138.287,138.0359,138.439,,,10.979565006969626,False,
904521,FUND001,2026-07-14,31.6259,31.5539,31.6211,,,1.5179737580296147,False,
904522,FUND002,2026-07-14,153.1024,152.7157,153.2168,,,7.466544138764,False,
904523,FUND003,2026-07-14,221.5831,222.6418,221.6478,,,2.91904544055875,False,
904524,FUND004,2026-07-14,74.3187,73.9839,74.4015,,,11.128807886936658,False,
904525,FUND005,2026-07-14,220.5623,220.4965,220.4388,,,5.602461998523267,False,
904526,FUND006,2026-07-14,214.9468,214.2669,215.0533,,,4.952260672122266,False,
904527,FUND007,2026-07-14,173.4691,174.3041,173.5607,,,5.277692473007984,False,
904528,FUND008,2026-07-14,55.491,55.1159,55.4741,,,3.046466729518765,False,
904529,FUND009,2026-07-14,204.5222,205.7391,204.4573,,,3.1742569230834214,False,
904530,FUND010,2026-07-14,117.2315,117.5962,117.2838,,,4.459268884534987,False,
904531,FUND011,2026-07-14,157.7605,157.9144,157.7001,,,3.830054641691131,False,
904532,FUND012,2026-07-14,144.1222,144.5014,145.2463,2026-07-14,2026-07-15,77.39267712843622,True,1.0
904533,FUND013,2026-07-14,171.337,171.1651,171.4138,,,4.480386059933329,False,
904534,FUND014,2026-07-14,129.8823,129.4768,129.8893,,,0.5389204499527677,False,
904535,FUND015,2026-07-14,153.127,153.2365,153.1612,,,2.2329415021557972,False,
904536,FUND016,2026-07-14,24.4249,24.3195,24.4456,,,8.467781523054432,False,
904537,FUND017,2026-07-14,23.7124,23.7512,23.7119,,,0.21086458697904206,False,
904538,FUND018,2026-07-14,231.9815,232.214,231.8631,,,5.106461528376369,False,
904539,FUND019,2026-07-14,157.438,156.3467,157.3198,,,7.5133581405520244,False,
904540,FUND020,2026-07-14,137.0097,138.287,136.9577,,,3.796792732356116,False,
904541,FUND001,2026-07-15,31.478,31.6259,31.4901,,,3.8424774770484125,False,
904542,FUND002,2026-07-15,153.1951,153.1024,153.236,,,2.6690855934632527,False,
904543,FUND003,2026-07-15,223.9458,221.5831,223.9048,,,1.831135375391542,False,
904544,FUND004,2026-07-15,74.2199,74.3187,74.2418,,,2.949820720941875,False,
904545,FUND005,2026-07-15,220.2667,220.5623,220.4434,,,8.015662977435975,False,
904546,FUND006,2026-07-15,215.5232,214.9468,215.5838,,,2.8109718819314704,False,
904547,FUND007,2026-07-15,173.2397,173.4691,173.3459,,,6.126478907202372,False,
904548,FUND008,2026-07-15,55.6466,55.491,55.665,,,3.305488188269065,False,
904549,FUND009,2026-07-15,204.0336,204.5222,204.0982,,,3.1651430536861396,False,
904550,FUND010,2026-07-15,116.7245,117.2315,116.7343,,,0.8395133221339809,False,
904551,FUND011,2026-07-15,158.2707,157.7605,158.2687,,,0.12636737396652337,False,
904552,FUND012,2026-07-15,144.0106,144.1222,144.034,,,1.6246164100129827,False,
904553,FUND013,2026-07-15,172.1546,171.337,172.2031,,,2.8164417481461372,False,
904554,FUND014,2026-07-15,129.8561,129.8823,129.9404,,,6.487589694968858,False,
904555,FUND015,2026-07-15,152.8855,153.127,152.9534,,,4.439260585248861,False,
904556,FUND016,2026-07-15,24.2772,24.4249,24.2484,,,11.877072301677792,False,
904557,FUND017,2026-07-15,23.6298,23.7124,23.6224,,,3.1326198862099184,False,
904558,FUND018,2026-07-15,230.9734,231.9815,231.1951,,,9.589303579530814,False,
904559,FUND019,2026-07-15,156.9641,157.438,156.9537,,,0.662615790516833,False,
904560,FUND020,2026-07-15,137.6414,137.0097,137.6316,,,0.7120457801851238,False,
904561,FUND001,2026-07-16,31.5204,31.478,31.5224,,,0.6344694566411327,False,
904562,FUND002,2026-07-16,152.3364,153.1951,152.2199,,,7.6534014278029385,False,
904563,FUND003,2026-07-16,224.2066,223.9458,224.211,,,0.1962437168561737,False,
904564,FUND004,2026-07-16,74.2476,74.2199,74.3308,,,11.193206584617794,False,
904565,FUND005,2026-07-16,219.9289,220.2667,219.7915,,,6.251379147964562,False,
904566,FUND006,2026-07-16,215.6381,215.5232,215.7875,,,6.923477958639206,False,
904567,FUND007,2026-07-16,173.4089,173.2397,173.4409,,,1.8450088762230066,False,
904568,FUND008,2026-07-16,56.0192,55.6466,56.0291,,,1.7669389656449588,False,
904569,FUND009,2026-07-16,203.0012,204.0336,203.0593,,,2.8612331471642047,False,
904570,FUND010,2026-07-16,116.2815,116.7245,116.3415,,,5.157231082631931,False,
904571,FUND011,2026-07-16,157.7347,158.2707,157.6634,,,4.52229242804658,False,
904572,FUND012,2026-07-16,143.5282,144.0106,143.3726,,,10.852840779897457,False,
904573,FUND013,2026-07-16,171.4754,172.1546,171.372,,,6.033657773731618,False,
904574,FUND014,2026-07-16,129.4845,129.8561,129.4885,,,0.30890774084113093,False,
904575,FUND015,2026-07-16,153.3384,152.8855,153.4771,,,9.037178836451824,False,
904576,FUND016,2026-07-16,24.1527,24.2772,24.1645,,,4.883196424507406,False,
904577,FUND017,2026-07-16,23.5381,23.6298,23.5423,,,1.784022801510842,False,
904578,FUND018,2026-07-16,232.0395,230.9734,232.3373,,,12.817571694256374,False,
904579,FUND019,2026-07-16,157.1831,156.9641,157.3786,,,12.422273422181274,False,
904580,FUND020,2026-07-16,138.0532,137.6414,138.0773,,,1.7453991351224443,False,
904581,FUND001,2026-07-17,31.7025,31.5204,31.7081,,,1.7661102368168258,False,
904582,FUND002,2026-07-17,151.3468,152.3364,151.4149,,,4.497575866046668,False,
904583,FUND003,2026-07-17,223.8418,224.2066,223.6607,,,8.097086345523149,False,
904584,FUND004,2026-07-17,73.6957,74.2476,73.7387,,,5.8314019639608725,False,
904585,FUND005,2026-07-17,219.0751,219.9289,219.1316,,,2.5783593055497143,False,
904586,FUND006,2026-07-17,215.7819,215.6381,215.7826,,,0.03244005772452533,False,
904587,FUND007,2026-07-17,173.711,173.4089,173.8454,,,7.731006975162955,False,
904588,FUND008,2026-07-17,56.1413,56.0192,56.1507,,,1.6740663963226476,False,
904589,FUND009,2026-07-17,201.7403,203.0012,201.2975,,,21.99729256448674,False,
904590,FUND010,2026-07-17,115.5752,116.2815,115.4449,,,11.286769705720321,False,
904591,FUND011,2026-07-17,157.8449,157.7347,157.8745,,,1.8749069672439995,False,
904592,FUND012,2026-07-17,142.4829,143.5282,142.4282,,,3.840531580122255,False,
904593,FUND013,2026-07-17,172.353,171.4754,172.439,,,4.987270860999213,False,
904594,FUND014,2026-07-17,129.4348,129.4845,129.4343,,,0.03862963681096715,False,
904595,FUND015,2026-07-17,152.5504,153.3384,152.5673,,,1.1077078771134174,False,
904596,FUND016,2026-07-17,24.2379,24.1527,24.261,,,9.52145418572996,False,
904597,FUND017,2026-07-17,23.4336,23.5381,23.4513,,,7.547555999028361,False,
904598,FUND018,2026-07-17,231.9041,232.0395,231.8539,,,2.1651565921465883,False,
904599,FUND019,2026-07-17,157.0178,157.1831,156.9757,,,2.6819437658188443,False,
904600,FUND020,2026-07-17,138.493,138.0532,138.3976,,,6.89318311878123,False,
904601,FUND001,2026-07-20,31.884,31.7025,31.8813,,,0.8468914379278175,False,
904602,FUND002,2026-07-20,151.3391,151.3468,151.2933,,,3.0272325344224793,False,
904603,FUND003,2026-07-20,223.676,223.8418,223.5804,,,4.275866757550768,False,
904604,FUND004,2026-07-20,73.3373,73.6957,73.362,,,3.36686567977914,False,
904605,FUND005,2026-07-20,218.7129,219.0751,218.6595,,,2.4421532108132564,False,
904606,FUND006,2026-07-20,215.091,215.7819,215.0909,,,0.004649197153543904,False,
904607,FUND007,2026-07-20,173.6592,173.711,173.6651,,,0.33973435077035674,False,
904608,FUND008,2026-07-20,55.8886,56.1413,55.9223,,,6.026218521055674,False,
904609,FUND009,2026-07-20,200.9148,201.7403,200.8979,,,0.8412233278705756,False,
904610,FUND010,2026-07-20,114.5227,115.5752,114.4616,,,5.3380347644971025,False,
904611,FUND011,2026-07-20,158.4415,157.8449,158.3114,,,8.217980511826614,False,
904612,FUND012,2026-07-20,142.3091,142.4829,142.2185,,,6.370479227385671,False,
904613,FUND013,2026-07-20,171.7012,172.353,171.6985,,,0.1572523930031052,False,
904614,FUND014,2026-07-20,129.1623,129.4348,130.1797,2026-07-20,2026-07-21,78.15350626864321,True,1.0
904615,FUND015,2026-07-20,152.3767,152.5504,152.2867,,,5.90990546121253,False,
904616,FUND016,2026-07-20,24.2973,24.2379,24.2923,,,2.0582653762710836,False,
904617,FUND017,2026-07-20,23.3736,23.4336,23.3956,,,9.40347757698115,False,
904618,FUND018,2026-07-20,232.2505,231.9041,232.2902,,,1.7090690868581846,False,
904619,FUND019,2026-07-20,156.7006,157.0178,156.7621,,,3.9231421370340933,False,
904620,FUND020,2026-07-20,138.1373,138.493,138.1,,,2.700941346851274,False,
904621,FUND001,2026-07-21,31.7246,31.884,31.7288,,,1.3237185144098957,False,
904622,FUND002,2026-07-21,151.0942,151.3391,151.0045,,,5.94022032455943,False,
904623,FUND003,2026-07-21,224.6281,223.676,224.737,,,4.845664042859234,False,
904624,FUND004,2026-07-21,73.7006,73.3373,73.7372,,,4.963573338831291,False,
904625,FUND005,2026-07-21,216.9995,218.7129,217.2374,,,10.951152978262316,False,
904626,FUND006,2026-07-21,214.2583,215.091,214.0536,,,9.563025335710428,False,
904627,FUND007,2026-07-21,174.1985,173.6592,174.185,,,0.7750380342735257,False,
904628,FUND008,2026-07-21,55.5087,55.8886,55.4977,,,1.982064121575431,False,
904629,FUND009,2026-07-21,201.0177,200.9148,201.0753,,,2.8645984862391285,False,
904630,FUND010,2026-07-21,115.3181,114.5227,115.2953,,,1.9775307406289508,False,
904631,FUND011,2026-07-21,157.906,158.4415,157.9334,,,1.734908512069017,False,
904632,FUND012,2026-07-21,141.575,142.3091,141.5904,,,1.0876443600695838,False,
904633,FUND013,2026-07-21,171.8868,171.7012,171.9141,,,1.5880023802583252,False,
904634,FUND014,2026-07-21,128.3228,129.1623,128.4559,,,10.361532634936433,False,
904635,FUND015,2026-07-21,152.0265,152.3767,151.984,,,2.7963469838923682,False,
904636,FUND016,2026-07-21,24.3449,24.2973,24.3897,,,18.368409615535317,False,
904637,FUND017,2026-07-21,23.3691,23.3736,23.3921,,,9.832379307543865,False,
904638,FUND018,2026-07-21,233.1489,232.2505,233.1213,,,1.183932999687576,False,
904639,FUND019,2026-07-21,155.9768,156.7006,155.8873,,,5.7413272280671235,False,
904640,FUND020,2026-07-21,138.2079,138.1373,138.4233,,,15.56096408624969,False,
904641,FUND001,2026-07-22,32.0707,31.7246,32.0851,,,4.488064553326891,False,
904642,FUND002,2026-07-22,150.5896,151.0942,150.6351,,,3.0205443485617955,False,
904643,FUND003,2026-07-22,224.2282,224.6281,224.1853,,,1.9135955836522118,False,
904644,FUND004,2026-07-22,73.812,73.7006,73.8673,,,7.486397905433469,False,
904645,FUND005,2026-07-22,217.909,216.9995,217.8382,,,3.250118666055417,False,
904646,FUND006,2026-07-22,214.1646,214.2583,214.0663,,,4.592035271315229,False,
904647,FUND007,2026-07-22,174.0881,174.1985,173.9608,,,7.317740548444885,False,
904648,FUND008,2026-07-22,55.5983,55.5087,55.5755,,,4.102527192738474,False,
904649,FUND009,2026-07-22,201.0505,201.0177,201.0184,,,1.5968687443530336,False,
904650,FUND010,2026-07-22,115.6462,115.3181,115.5867,,,5.14765107058164,False,
904651,FUND011,2026-07-22,158.1905,157.906,157.984,,,13.070943893051007,False,
904652,FUND012,2026-07-22,142.9558,141.575,142.9125,,,3.029825942448444,False,
904653,FUND013,2026-07-22,172.4854,171.8868,172.4406,,,2.5979960635725736,False,
904654,FUND014,2026-07-22,128.9463,128.3228,129.0387,,,7.160642504922772,False,
904655,FUND015,2026-07-22,152.813,152.0265,152.7824,,,2.002848495637759,False,
904656,FUND016,2026-07-22,24.2533,24.3449,24.2485,,,1.9795038868381432,False,
904657,FUND017,2026-07-22,23.2132,23.3691,23.2136,,,0.1723127821617792,False,
904658,FUND018,2026-07-22,232.693,233.1489,232.5751,,,5.069330293742542,False,
904659,FUND019,2026-07-22,156.3256,155.9768,156.0313,,,18.86160020457569,False,
904660,FUND020,2026-07-22,138.1062,138.2079,138.0613,,,3.2521785612631926,False,
904661,FUND001,2026-07-23,32.0905,32.0707,32.0836,,,2.1506314752713793,False,
904662,FUND002,2026-07-23,149.9732,150.5896,150.0839,,,7.375874427570742,False,
904663,FUND003,2026-07-23,226.0607,224.2282,226.0895,,,1.273831823237688,False,
904664,FUND004,2026-07-23,73.6606,73.812,73.5963,,,8.736852260236304,False,
904665,FUND005,2026-07-23,217.8213,217.909,217.844,,,1.0420300765679191,False,
904666,FUND006,2026-07-23,215.3739,214.1646,215.1627,,,9.815827743377033,False,
904667,FUND007,2026-07-23,173.7489,174.0881,173.87,,,6.964973831023905,False,
904668,FUND008,2026-07-23,55.3379,55.5983,55.3101,,,5.026206786825401,False,
904669,FUND009,2026-07-23,200.0798,201.0505,200.1733,,,4.67095261955545,False,
904670,FUND010,2026-07-23,115.8542,115.6462,115.8077,,,4.0152770497997,False,
904671,FUND011,2026-07-23,158.2242,158.1905,158.3359,,,7.0546224829626905,False,
904672,FUND012,2026-07-23,142.7025,142.9558,142.6203,,,5.763555398495185,False,
904673,FUND013,2026-07-23,171.9485,172.4854,171.9963,,,2.7791295510423875,False,
904674,FUND014,2026-07-23,130.0572,128.9463,129.9375,,,9.212121212120795,False,
904675,FUND015,2026-07-23,153.1421,152.813,153.246,,,6.779948579408931,False,
904676,FUND016,2026-07-23,24.3368,24.2533,24.3188,,,7.401681003997188,False,
904677,FUND017,2026-07-23,23.1444,23.2132,23.1527,,,3.5848950662334933,False,
904678,FUND018,2026-07-23,233.0505,232.693,232.9177,,,5.701584722844299,False,
904679,FUND019,2026-07-23,156.7924,156.3256,156.9112,,,7.571161268285601,False,
904680,FUND020,2026-07-23,138.4327,138.1062,138.2915,,,10.210316613819199,False,
904681,FUND001,2026-07-24,31.9846,32.0905,32.024,,,12.303272545590978,False,
904682,FUND002,2026-07-24,149.4217,149.9732,148.7074,2026-07-24,2026-07-26,48.03392433732149,True,1.0
904683,FUND003,2026-07-24,227.3364,226.0607,227.2709,,,2.8820231714656783,False,
904684,FUND004,2026-07-24,73.6466,73.6606,73.6043,,,5.746946849574217,False,
904685,FUND005,2026-07-24,217.1009,217.8213,217.1239,,,1.0593030062556972,False,
904686,FUND006,2026-07-24,216.274,215.3739,216.5618,,,13.28950904545512,False,
904687,FUND007,2026-07-24,173.2952,173.7489,173.3219,,,1.5404862282265124,False,
904688,FUND008,2026-07-24,55.006,55.3379,55.0121,,,1.1088469627584554,False,
904689,FUND009,2026-07-24,198.5405,200.0798,198.6542,,,5.723513522492571,False,
904690,FUND010,2026-07-24,116.0558,115.8542,116.0969,,,3.5401462054542487,False,
904691,FUND011,2026-07-24,158.725,158.2242,158.7829,,,3.646488381306666,False,
904692,FUND012,2026-07-24,142.6667,142.7025,142.6149,,,3.632159052103662,False,
904693,FUND013,2026-07-24,171.1471,171.9485,171.0683,,,4.60634728935759,False,
904694,FUND014,2026-07-24,129.7549,130.0572,129.6735,,,6.277304152352034,False,
904695,FUND015,2026-07-24,153.1471,153.1421,153.2194,,,4.718723608107895,False,
904696,FUND016,2026-07-24,24.3822,24.3368,24.3873,,,2.0912524141658864,False,
904697,FUND017,2026-07-24,23.0527,23.1444,23.0436,,,3.9490357409433017,False,
904698,FUND018,2026-07-24,232.7011,233.0505,232.919,,,9.35518356166798,False,
904699,FUND019,2026-07-24,157.2235,156.7924,157.2091,,,0.9159775102074155,False,
904700,FUND020,2026-07-24,139.1772,138.4327,139.2191,,,3.009644509984497,False,
904701,FUND001,2026-07-27,32.1535,31.9846,32.1601,,,2.052232424650057,False,
904702,FUND002,2026-07-27,150.3861,149.4217,150.4144,,,1.8814687955409553,False,
904703,FUND003,2026-07-27,226.9444,227.3364,226.7758,,,7.434655726051804,False,
904704,FUND004,2026-07-27,73.7745,73.6466,73.7895,,,2.0328095460737052,False,
904705,FUND005,2026-07-27,217.5197,217.1009,217.5894,,,3.2032810421836557,False,
904706,FUND006,2026-07-27,215.1949,216.274,215.3463,,,7.030536396493635,False,
904707,FUND007,2026-07-27,174.0285,173.2952,174.0005,,,1.6091907781885693,False,
904708,FUND008,2026-07-27,55.1535,55.006,55.1592,,,1.0333724927115284,False,
904709,FUND009,2026-07-27,197.0013,198.5405,197.1068,,,5.352428226728168,False,
904710,FUND010,2026-07-27,116.2983,116.0558,116.329,,,2.6390667847222926,False,
904711,FUND011,2026-07-27,159.0923,158.725,158.9756,,,7.340749146410436,False,
904712,FUND012,2026-07-27,142.6805,142.6667,142.8602,,,12.578730815160336,False,
904713,FUND013,2026-07-27,171.6604,171.1471,171.5976,,,3.659724844637102,False,
904714,FUND014,2026-07-27,129.5332,129.7549,129.5804,,,3.642526184515844,False,
904715,FUND015,2026-07-27,152.7064,153.1471,152.6846,,,1.4277798808794826,False,
904716,FUND016,2026-07-27,24.2924,24.3822,24.2809,,,4.736233006190718,False,
904717,FUND017,2026-07-27,23.0554,23.0527,23.0421,,,5.772043346742452,False,
904718,FUND018,2026-07-27,232.4519,232.7011,232.29,,,6.9697361057300276,False,
904719,FUND019,2026-07-27,157.3442,157.2235,157.243,,,6.435898577361519,False,
904720,FUND020,2026-07-27,139.1069,139.1772,139.197,,,6.472840650301855,False,
904721,FUND001,2026-07-28,32.1656,32.1535,32.1651,,,0.15544798554808845,False,
904722,FUND002,2026-07-28,149.6574,150.3861,149.6385,,,1.263043935885627,False,
904723,FUND003,2026-07-28,227.0839,226.9444,227.2824,,,8.7336282967795,False,
904724,FUND004,2026-07-28,74.538,73.7745,74.5021,,,4.818656118417876,False,
904725,FUND005,2026-07-28,218.7309,217.5197,218.4891,,,11.066913635507838,False,
904726,FUND006,2026-07-28,215.4456,215.1949,215.4878,,,1.9583475259378864,False,
904727,FUND007,2026-07-28,174.0086,174.0285,173.9433,,,3.754096880995571,False,
904728,FUND008,2026-07-28,55.183,55.1535,55.1735,,,1.7218411012538137,False,
904729,FUND009,2026-07-28,196.5887,197.0013,196.4106,,,9.067738706566784,False,
904730,FUND010,2026-07-28,116.2175,116.2983,116.1935,,,2.065520016179985,False,
904731,FUND011,2026-07-28,158.1176,159.0923,158.0767,,,2.5873515831252756,False,
904732,FUND012,2026-07-28,142.2262,142.6805,142.2442,,,1.2654294516051046,False,
904733,FUND013,2026-07-28,172.0271,171.6604,172.13,,,5.978039853599333,False,
904734,FUND014,2026-07-28,129.721,129.5332,129.7577,,,2.828348529605271,False,
904735,FUND015,2026-07-28,153.1131,152.7064,151.0554,2026-07-28,2026-08-03,136.22154520791784,True,4.0
904736,FUND016,2026-07-28,24.3535,24.2924,24.3528,,,0.28744127985361906,False,
904737,FUND017,2026-07-28,23.0607,23.0554,23.0605,,,0.08672838836952099,False,
904738,FUND018,2026-07-28,230.9301,232.4519,230.9863,,,2.4330447303580263,False,
904739,FUND019,2026-07-28,158.2264,157.3442,158.3515,,,7.900146193750921,False,
904740,FUND020,2026-07-28,138.9271,139.1069,138.9905,,,4.561462833790904,False,
904741,FUND001,2026-07-29,32.2619,32.1656,32.2544,,,2.3252641500075293,False,
904742,FUND002,2026-07-29,148.9041,149.6574,148.9098,,,0.38278206001151494,False,
904743,FUND003,2026-07-29,226.6419,227.0839,226.4441,,,8.735047634272691,False,
904744,FUND004,2026-07-29,74.411,74.538,74.3936,,,2.3389108740530067,False,
904745,FUND005,2026-07-29,219.2257,218.7309,219.0724,,,6.997686609541026,False,
904746,FUND006,2026-07-29,215.3155,215.4456,215.4233,,,5.004101227677131,False,
904747,FUND007,2026-07-29,174.6095,174.0086,174.59,,,1.116902457185041,False,
904748,FUND008,2026-07-29,54.9761,55.183,54.9784,,,0.41834611410994,False,
904749,FUND009,2026-07-29,195.815,196.5887,195.5576,,,13.162362393483548,False,
904750,FUND010,2026-07-29,116.17,116.2175,116.2007,,,2.6419806421128236,False,
904751,FUND011,2026-07-29,157.3663,158.1176,157.4003,,,2.1600975347564026,False,
904752,FUND012,2026-07-29,142.3265,142.2262,142.2839,,,2.994014080301532,False,
904753,FUND013,2026-07-29,173.2844,172.0271,173.1181,,,9.60615903247591,False,
904754,FUND014,2026-07-29,130.36,129.721,130.383,,,1.7640336546939503,False,
904755,FUND015,2026-07-29,152.6072,153.1131,152.7672,,,10.473452416487085,False,
904756,FUND016,2026-07-29,24.4373,24.3535,24.4517,,,5.889161080823998,False,
904757,FUND017,2026-07-29,23.0664,23.0607,23.0763,,,4.290115833126733,False,
904758,FUND018,2026-07-29,231.997,230.9301,231.8681,,,5.559195076856876,False,
904759,FUND019,2026-07-29,157.8759,158.2264,157.7351,,,8.926358178998392,False,
904760,FUND020,2026-07-29,139.3028,138.9271,139.3004,,,0.1722895268064131,False,
904761,FUND001,2026-07-30,32.2737,32.2619,32.2971,,,7.245232544099101,False,
904762,FUND002,2026-07-30,149.5051,148.9041,149.3885,,,7.805152337697036,False,
904763,FUND003,2026-07-30,227.3114,226.6419,227.1926,,,5.229043551594248,False,
904764,FUND004,2026-07-30,74.4111,74.411,74.3935,,,2.365798087198695,False,
904765,FUND005,2026-07-30,218.8934,219.2257,217.6684,2026-07-30,2026-07-31,56.2782654717002,True,1.0
904766,FUND006,2026-07-30,215.1311,215.3155,215.337,,,9.561756688352933,False,
904767,FUND007,2026-07-30,174.9592,174.6095,175.0638,,,5.97496455577775,False,
904768,FUND008,2026-07-30,55.2834,54.9761,55.316,,,5.893412394244375,False,
904769,FUND009,2026-07-30,194.8181,195.815,194.9011,,,4.258570115819091,False,
904770,FUND010,2026-07-30,115.6012,116.17,115.5606,,,3.5133081690482713,False,
904771,FUND011,2026-07-30,157.4588,157.3663,157.6408,,,11.54523448244467,False,
904772,FUND012,2026-07-30,142.1266,142.3265,142.0986,,,1.9704627631793408,False,
904773,FUND013,2026-07-30,174.5857,173.2844,174.7388,,,8.761648815259973,False,
904774,FUND014,2026-07-30,130.6516,130.36,130.8076,,,11.92591256165589,False,
904775,FUND015,2026-07-30,153.599,152.6072,153.6891,,,5.862484717524322,False,
904776,FUND016,2026-07-30,24.3415,24.4373,24.3319,,,3.945437881956996,False,
904777,FUND017,2026-07-30,22.9898,23.0664,22.9982,,,3.6524597577209255,False,
904778,FUND018,2026-07-30,233.8981,231.997,233.9029,,,0.20521335990228481,False,
904779,FUND019,2026-07-30,157.6863,157.8759,157.8652,,,11.332453257589306,False,
904780,FUND020,2026-07-30,139.2369,139.3028,139.034,,,14.593552656184793,False,
904781,FUND001,2026-07-31,32.4395,32.2737,32.4196,,,6.138262039013376,False,
904782,FUND002,2026-07-31,148.8112,149.5051,148.8455,,,2.3044028875561136,False,
904783,FUND003,2026-07-31,228.6835,227.3114,228.6447,,,1.6969560195363833,False,
904784,FUND004,2026-07-31,74.5016,74.4111,74.4272,,,9.996345422103362,False,
904785,FUND005,2026-07-31,219.5123,218.8934,219.6804,,,7.652025396893909,False,
904786,FUND006,2026-07-31,215.2727,215.1311,215.3537,,,3.761254160017556,False,
904787,FUND007,2026-07-31,175.5964,174.9592,175.5509,,,2.5918408848929664,False,
904788,FUND008,2026-07-31,55.1594,55.2834,55.1397,,,3.57274341354782,False,
904789,FUND009,2026-07-31,195.5375,194.8181,195.5645,,,1.3806186705672672,False,
904790,FUND010,2026-07-31,116.365,115.6012,116.4482,,,7.1448077342548055,False,
904791,FUND011,2026-07-31,157.3483,157.4588,157.3048,,,2.765332017840177,False,
904792,FUND012,2026-07-31,142.4934,142.1266,142.5465,,,3.725100230451157,False,
904793,FUND013,2026-07-31,173.2456,174.5857,173.3066,,,3.519773626625128,False,
904794,FUND014,2026-07-31,130.7327,130.6516,130.7236,,,0.6961252597074629,False,
904795,FUND015,2026-07-31,153.3719,153.599,153.6216,,,16.254224666322315,False,
904796,FUND016,2026-07-31,24.3025,24.3415,24.3061,,,1.4811096802869517,False,
904797,FUND017,2026-07-31,22.9966,22.9898,22.9847,,,5.177357111470103,False,
904798,FUND018,2026-07-31,234.3393,233.8981,234.3526,,,0.5675209065308756,False,
904799,FUND019,2026-07-31,158.0101,157.6863,158.0188,,,0.5505674008412033,False,
904800,FUND020,2026-07-31,139.3352,139.2369,139.347,,,0.8468068921485383,False,
904801,FUND001,2026-08-03,32.395,32.4395,32.4369,,,12.917387296566032,False,
904802,FUND002,2026-08-03,148.6816,148.8112,148.5949,,,5.834655159767095,False,
904803,FUND003,2026-08-03,227.0215,228.6835,226.8706,,,6.6513686656625906,False,
904804,FUND004,2026-08-03,74.684,74.5016,74.7167,,,4.376531618768696,False,
904805,FUND005,2026-08-03,220.5627,219.5123,220.4296,,,6.038209024559909,False,
904806,FUND006,2026-08-03,216.2717,215.2727,216.1632,,,5.019355746029883,False,
904807,FUND007,2026-08-03,175.8312,175.5964,175.7122,,,6.7724381118670065,False,
904808,FUND008,2026-08-03,55.2373,55.1594,55.252,,,2.660537175125755,False,
904809,FUND009,2026-08-03,195.2714,195.5375,195.2697,,,0.08705907777804703,False,
904810,FUND010,2026-08-03,117.2956,116.365,117.4972,,,17.157855676561937,False,
904811,FUND011,2026-08-03,157.6569,157.3483,157.701,,,2.7964312211074147,False,
904812,FUND012,2026-08-03,143.3208,142.4934,143.2807,,,2.79870212806019,False,
904813,FUND013,2026-08-03,172.8952,173.2456,172.9308,,,2.0586269189766373,False,
904814,FUND014,2026-08-03,131.5809,130.7327,131.5645,,,1.2465368697486334,False,
904815,FUND015,2026-08-03,152.4494,153.3719,152.4971,,,3.1279283343743494,False,
904816,FUND016,2026-08-03,24.4429,24.3025,24.4335,,,3.847177031535786,False,
904817,FUND017,2026-08-03,23.0336,22.9966,23.0137,,,8.647023294819958,False,
904818,FUND018,2026-08-03,233.1379,234.3393,235.4472,2026-08-03,2026-08-10,98.08143821629679,True,5.0
904819,FUND019,2026-08-03,157.622,158.0101,157.6198,,,0.13957637302015286,False,
904820,FUND020,2026-08-03,139.4203,139.3352,139.3912,,,2.0876497225075674,False,
904821,FUND001,2026-08-04,32.2438,32.395,32.2409,,,0.8994786125687538,False,
904822,FUND002,2026-08-04,147.9337,148.6816,147.8729,,,4.111639117106678,False,
904823,FUND003,2026-08-04,225.9794,227.0215,225.8425,,,6.061746571172261,False,
904824,FUND004,2026-08-04,74.6266,74.684,74.5766,,,6.704515893724997,False,
904825,FUND005,2026-08-04,220.9159,220.5627,220.8652,,,2.2955178090530417,False,
904826,FUND006,2026-08-04,217.7456,216.2717,217.5587,,,8.590784923793374,False,
904827,FUND007,2026-08-04,175.5712,175.8312,175.4252,,,8.322635516448893,False,
904828,FUND008,2026-08-04,55.3857,55.2373,55.3663,,,3.503936510114893,False,
904829,FUND009,2026-08-04,195.6591,195.2714,195.7367,,,3.9645094660336104,False,
904830,FUND010,2026-08-04,117.9685,117.2956,117.9502,,,1.551502244168356,False,
904831,FUND011,2026-08-04,156.4426,157.6569,156.4014,,,2.634247519523704,False,
904832,FUND012,2026-08-04,142.7764,143.3208,142.6966,,,5.592284609444505,False,
904833,FUND013,2026-08-04,172.2473,172.8952,172.0901,,,9.134749761897337,False,
904834,FUND014,2026-08-04,131.8196,131.5809,131.8813,,,4.678449484498701,False,
904835,FUND015,2026-08-04,152.3265,152.4494,152.1684,,,10.389804979221624,False,
904836,FUND016,2026-08-04,24.482,24.4429,24.4903,,,3.3890969077561204,False,
904837,FUND017,2026-08-04,23.1553,23.0336,23.1664,,,4.791422059534066,False,
904838,FUND018,2026-08-04,232.9846,233.1379,233.3177,,,14.276670822659478,False,
904839,FUND019,2026-08-04,157.7678,157.622,157.7237,,,2.7960287515437465,False,
904840,FUND020,2026-08-04,139.6762,139.4203,141.7411,2026-08-04,2026-08-06,145.68110449262736,True,2.0
904841,FUND001,2026-08-05,32.2628,32.2438,32.2742,,,3.5322331769654562,False,
904842,FUND002,2026-08-05,148.69,147.9337,148.9185,,,15.343963308789494,False,
904843,FUND003,2026-08-05,225.3476,225.9794,225.2084,,,6.180941741071302,False,
904844,FUND004,2026-08-05,74.8399,74.6266,74.8335,,,0.8552319482583729,False,
904845,FUND005,2026-08-05,221.1992,220.9159,221.2778,,,3.552096053016745,False,
904846,FUND006,2026-08-05,218.1408,217.7456,218.1012,,,1.81567089039433,False,
904847,FUND007,2026-08-05,174.6444,175.5712,174.6893,,,2.5702776300559105,False,
904848,FUND008,2026-08-05,55.1784,55.3857,55.2044,,,4.709769511125245,False,
904849,FUND009,2026-08-05,195.5284,195.6591,195.5134,,,0.7672108407922311,False,
904850,FUND010,2026-08-05,118.2119,117.9685,118.1542,,,4.883448916754291,False,
904851,FUND011,2026-08-05,156.7795,156.4426,156.7265,,,3.381687206696104,False,
904852,FUND012,2026-08-05,142.996,142.7764,143.0902,,,6.58326006952263,False,
904853,FUND013,2026-08-05,171.9196,172.2473,171.8769,,,2.4843361731562763,False,
904854,FUND014,2026-08-05,131.0715,131.8196,131.0103,,,4.671388432816753,False,
904855,FUND015,2026-08-05,152.1105,152.3265,152.1477,,,2.444992596009296,False,
904856,FUND016,2026-08-05,24.4902,24.482,24.4664,,,9.727626459144531,False,
904857,FUND017,2026-08-05,23.1023,23.1553,23.089,,,5.760318766512615,False,
904858,FUND018,2026-08-05,233.0604,232.9846,233.098,,,1.6130554530723582,False,
904859,FUND019,2026-08-05,158.0079,157.7678,157.9573,,,3.203397373847417,False,
904860,FUND020,2026-08-05,139.914,139.6762,139.8859,,,2.0087800128529687,False,
904861,FUND001,2026-08-06,32.4382,32.2628,32.4428,,,1.4178800843319272,False,
904862,FUND002,2026-08-06,149.4458,148.69,149.4941,,,3.230896737731575,False,
904863,FUND003,2026-08-06,225.7009,225.3476,225.7769,,,3.366154819205234,False,
904864,FUND004,2026-08-06,74.6916,74.8399,74.6534,,,5.116980606374141,False,
904865,FUND005,2026-08-06,221.2433,221.1992,221.1872,,,2.5363131320444814,False,
904866,FUND006,2026-08-06,217.6986,218.1408,217.6144,,,3.8692292421829544,False,
904867,FUND007,2026-08-06,174.0605,174.6444,173.0173,2026-08-06,2026-08-07,60.29454857982321,True,1.0
904868,FUND008,2026-08-06,55.2494,55.1784,55.2751,,,4.649471461833719,False,
904869,FUND009,2026-08-06,194.809,195.5284,194.7907,,,0.9394699028244491,False,
904870,FUND010,2026-08-06,118.2281,118.2119,118.3081,,,6.762005306483521,False,
904871,FUND011,2026-08-06,155.029,156.7795,155.0237,,,0.34188320882583834,False,
904872,FUND012,2026-08-06,143.8088,142.996,143.7817,,,1.8848017515434947,False,
904873,FUND013,2026-08-06,172.0164,171.9196,171.8615,,,9.013071572166997,False,
904874,FUND014,2026-08-06,131.6573,131.0715,131.6654,,,0.6151957917579787,False,
904875,FUND015,2026-08-06,151.4717,152.1105,151.3677,,,6.8706864146039734,False,
904876,FUND016,2026-08-06,24.4435,24.4902,24.4489,,,2.2086883254453467,False,
904877,FUND017,2026-08-06,23.2367,23.1023,23.2397,,,1.2908944607719177,False,
904878,FUND018,2026-08-06,234.2216,233.0604,234.0737,,,6.318522755866756,False,
904879,FUND019,2026-08-06,159.0684,158.0079,158.994,,,4.679421864975857,False,
904880,FUND020,2026-08-06,140.5824,139.914,140.6942,,,7.946311930412777,False,
904881,FUND001,2026-08-07,32.4853,32.4382,32.4465,,,11.95814648729507,False,
904882,FUND002,2026-08-07,149.1399,149.4458,149.1135,,,1.770463438925633,False,
904883,FUND003,2026-08-07,226.8436,225.7009,226.7282,,,5.089794741016881,False,
904884,FUND004,2026-08-07,75.025,74.6916,74.9926,,,4.320426282061131,False,
904885,FUND005,2026-08-07,222.1983,221.2433,222.3408,,,6.409080114851278,False,
904886,FUND006,2026-08-07,217.0698,217.6986,217.1334,,,2.929074937343039,False,
904887,FUND007,2026-08-07,174.1015,174.0605,174.1401,,,2.216606054550469,False,
904888,FUND008,2026-08-07,55.3538,55.2494,55.2907,,,11.41240751157041,False,
904889,FUND009,2026-08-07,195.7639,194.809,195.9789,,,10.970568770413724,False,
904890,FUND010,2026-08-07,119.2509,118.2281,119.2253,,,2.1471952681181916,False,
904891,FUND011,2026-08-07,154.4102,155.029,154.3035,,,6.914943601408222,False,
904892,FUND012,2026-08-07,143.6265,143.8088,143.5538,,,5.0643034179518445,False,
904893,FUND013,2026-08-07,171.9228,172.0164,171.9292,,,0.3722462502014495,False,
904894,FUND014,2026-08-07,130.9505,131.6573,131.0046,,,4.129625982599493,False,
904895,FUND015,2026-08-07,151.3118,151.4717,151.2559,,,3.69572360483183,False,
904896,FUND016,2026-08-07,24.4508,24.4435,24.4629,,,4.946265569495122,False,
904897,FUND017,2026-08-07,23.1899,23.2367,23.1725,,,7.508900636531267,False,
904898,FUND018,2026-08-07,233.6679,234.2216,233.9338,,,11.366463503777043,False,
904899,FUND019,2026-08-07,158.7602,159.0684,158.8979,,,8.665942092374744,False,
904900,FUND020,2026-08-07,141.6436,140.5824,141.5983,,,3.1991909507386356,False,
904901,FUND001,2026-08-10,32.4443,32.4853,32.4563,,,3.6972791106812717,False,
904902,FUND002,2026-08-10,148.7547,149.1399,148.8384,,,5.6235487616094515,False,
904903,FUND003,2026-08-10,226.4034,226.8436,226.3977,,,0.25176934218053854,False,
904904,FUND004,2026-08-10,75.1099,75.025,75.1618,,,6.905103390286474,False,
904905,FUND005,2026-08-10,222.8108,222.1983,222.845,,,1.5346990060355157,False,
904906,FUND006,2026-08-10,216.172,217.0698,216.0399,,,6.1146112361655565,False,
904907,FUND007,2026-08-10,173.3154,174.1015,173.2113,,,6.0100005022776655,False,
904908,FUND008,2026-08-10,55.0837,55.3538,55.1135,,,5.407023687481579,False,
904909,FUND009,2026-08-10,195.4271,195.7639,195.4351,,,0.409343050455613,False,
904910,FUND010,2026-08-10,119.4378,119.2509,119.5029,,,5.447566544410307,False,
904911,FUND011,2026-08-10,154.1989,154.4102,154.208,,,0.5901120564425614,False,
904912,FUND012,2026-08-10,143.7712,143.6265,143.7628,,,0.5842957983563644,False,
904913,FUND013,2026-08-10,171.943,171.9228,172.0201,,,4.482034366914186,False,
904914,FUND014,2026-08-10,130.5461,130.9505,130.5924,,,3.5453824265426035,False,
904915,FUND015,2026-08-10,151.4289,151.3118,151.4893,,,3.98708027563578,False,
904916,FUND016,2026-08-10,24.4287,24.4508,24.4193,,,3.8494141928717895,False,
904917,FUND017,2026-08-10,23.4314,23.1899,23.457,,,10.913586562646858,False,
904918,FUND018,2026-08-10,234.1026,233.6679,234.0074,,,4.0682474143982414,False,
904919,FUND019,2026-08-10,159.9387,158.7602,159.8382,,,6.28760834393849,False,
904920,FUND020,2026-08-10,141.3924,141.6436,141.3874,,,0.35363830157393455,False,
904921,FUND001,2026-08-11,32.3207,32.4443,32.3219,,,0.37126530309084654,False,
904922,FUND002,2026-08-11,149.0434,148.7547,149.0359,,,0.5032344555904436,False,
904923,FUND003,2026-08-11,227.4958,226.4034,227.4501,,,2.009231915044695,False,
904924,FUND004,2026-08-11,75.0441,75.1099,75.0178,,,3.505834615252142,False,
904925,FUND005,2026-08-11,221.7457,222.8108,221.604,,,6.394288911751861,False,
904926,FUND006,2026-08-11,215.8072,216.172,215.7046,,,4.756504960951012,False,
904927,FUND007,2026-08-11,173.1682,173.3154,175.4925,2026-08-11,2026-08-16,132.444406456116,True,4.0
904928,FUND008,2026-08-11,55.0523,55.0837,55.0502,,,0.38147000374308615,False,
904929,FUND009,2026-08-11,196.1221,195.4271,195.9525,,,8.655158775723844,False,
904930,FUND010,2026-08-11,120.3485,119.4378,120.399,,,4.194386996569701,False,
904931,FUND011,2026-08-11,153.5115,154.1989,153.5751,,,4.141296342960524,False,
904932,FUND012,2026-08-11,143.1712,143.7712,143.2265,,,3.8610173396674754,False,
904933,FUND013,2026-08-11,172.0147,171.943,171.8858,,,7.499165143369364,False,
904934,FUND014,2026-08-11,130.2525,130.5461,130.2885,,,2.763098815321488,False,
904935,FUND015,2026-08-11,151.7765,151.4289,151.7746,,,0.12518563712282754,False,
904936,FUND016,2026-08-11,24.4283,24.4287,24.45,,,8.87525562372154,False,
904937,FUND017,2026-08-11,23.377,23.4314,23.3846,,,3.2500021381593234,False,
904938,FUND018,2026-08-11,234.107,234.1026,233.9723,,,5.757091758298285,False,
904939,FUND019,2026-08-11,159.9169,159.9387,161.8219,2026-08-11,2026-08-16,117.72201414023696,True,4.0
904940,FUND020,2026-08-11,141.4585,141.3924,141.4365,,,1.5554683550562522,False,
904941,FUND001,2026-08-12,32.4201,32.3207,32.4179,,,0.6786374194487838,False,
904942,FUND002,2026-08-12,148.8456,149.0434,148.7729,,,4.886642661398517,False,
904943,FUND003,2026-08-12,227.5538,227.4958,227.6543,,,4.414588259479874,False,
904944,FUND004,2026-08-12,75.6684,75.0441,75.6339,,,4.561446652890888,False,
904945,FUND005,2026-08-12,221.2479,221.7457,221.2505,,,0.11751385872579027,False,
904946,FUND006,2026-08-12,216.2184,215.8072,216.1221,,,4.455814560381081,False,
904947,FUND007,2026-08-12,172.6938,173.1682,172.5521,,,8.212012487823351,False,
904948,FUND008,2026-08-12,55.1434,55.0523,55.1718,,,5.147557266574185,False,
904949,FUND009,2026-08-12,198.0032,196.1221,197.7627,,,12.161039468008743,False,
904950,FUND010,2026-08-12,120.3174,120.3485,120.2807,,,3.051196077177003,False,
904951,FUND011,2026-08-12,153.2914,153.5115,153.2262,,,4.255146965728078,False,
904952,FUND012,2026-08-12,143.6266,143.1712,143.5486,,,5.433699806198247,False,
904953,FUND013,2026-08-12,171.6751,172.0147,171.561,,,6.65069567092633,False,
904954,FUND014,2026-08-12,130.5318,130.2525,130.5073,,,1.877289622880675,False,
904955,FUND015,2026-08-12,151.6072,151.7765,151.5941,,,0.8641497261442596,False,
904956,FUND016,2026-08-12,24.4168,24.4283,24.4018,,,6.1470875099365685,False,
904957,FUND017,2026-08-12,23.4343,23.377,23.4174,,,7.216855842236837,False,
904958,FUND018,2026-08-12,234.0339,234.107,234.1102,,,3.259148896545446,False,
904959,FUND019,2026-08-12,160.4032,159.9169,160.2829,,,7.50547937428048,False,
904960,FUND020,2026-08-12,142.33,141.4585,142.279,,,3.584506497797718,False,
904961,FUND001,2026-08-13,32.5316,32.4201,32.5435,,,3.656644183939724,False,
904962,FUND002,2026-08-13,149.7163,148.8456,149.6672,,,3.2806119176400363,False,
904963,FUND003,2026-08-13,227.4014,227.5538,227.5646,,,7.171589957313991,False,
904964,FUND004,2026-08-13,75.849,75.6684,75.7807,,,9.0128489179973,False,
904965,FUND005,2026-08-13,220.9189,221.2479,221.1196,,,9.076535956106264,False,
904966,FUND006,2026-08-13,216.5676,216.2184,216.3401,,,10.515849812401495,False,
904967,FUND007,2026-08-13,172.7203,172.6938,172.9079,,,10.849706693563643,False,
904968,FUND008,2026-08-13,55.4793,55.1434,55.4904,,,2.0003460057954165,False,
904969,FUND009,2026-08-13,197.9322,198.0032,198.0296,,,4.918456634765373,False,
904970,FUND010,2026-08-13,121.182,120.3174,121.2245,,,3.505891960783833,False,
904971,FUND011,2026-08-13,152.7515,153.2914,152.7975,,,3.0105204600874154,False,
904972,FUND012,2026-08-13,144.5532,143.6266,144.6539,,,6.961443832484927,False,
904973,FUND013,2026-08-13,171.0427,171.6751,171.2185,,,10.267582066190831,False,
904974,FUND014,2026-08-13,131.9138,130.5318,131.7337,,,13.67152065113256,False,
904975,FUND015,2026-08-13,151.7013,151.6072,151.7364,,,2.313222140501548,False,
904976,FUND016,2026-08-13,24.3493,24.4168,24.3282,,,8.673062536480531,False,
904977,FUND017,2026-08-13,23.3539,23.4343,23.3579,,,1.7124827146281711,False,
904978,FUND018,2026-08-13,233.7175,234.0339,233.7493,,,1.360431881507412,False,
904979,FUND019,2026-08-13,160.1442,160.4032,160.0907,,,3.3418555856157712,False,
904980,FUND020,2026-08-13,142.6831,142.33,142.6696,,,0.9462422267948747,False,
904981,FUND001,2026-08-14,32.5172,32.5316,32.5292,,,3.6889932737357367,False,
904982,FUND002,2026-08-14,148.9624,149.7163,148.9719,,,0.6377041576299106,False,
904983,FUND003,2026-08-14,227.4261,227.4014,227.3758,,,2.2121967245411738,False,
904984,FUND004,2026-08-14,76.0084,75.849,75.9312,,,10.16709863665932,False,
904985,FUND005,2026-08-14,219.4092,220.9189,219.3308,,,3.5745093712323035,False,
904986,FUND006,2026-08-14,217.6224,216.5676,217.6281,,,0.2619147067860386,False,
904987,FUND007,2026-08-14,173.3481,172.7203,173.2586,,,5.165688745031232,False,
904988,FUND008,2026-08-14,55.3398,55.4793,55.3812,,,7.475460986761391,False,
904989,FUND009,2026-08-14,198.4328,197.9322,198.446,,,0.6651683581433674,False,
904990,FUND010,2026-08-14,121.4459,121.182,121.4564,,,0.8645077575168951,False,
904991,FUND011,2026-08-14,153.0385,152.7515,152.8976,,,9.215317964440763,False,
904992,FUND012,2026-08-14,143.9792,144.5532,143.957,,,1.5421271629721374,False,
904993,FUND013,2026-08-14,171.4108,171.0427,171.3722,,,2.2524073332782337,False,
904994,FUND014,2026-08-14,131.5378,131.9138,131.5035,,,2.60829559669528,False,
904995,FUND015,2026-08-14,152.6906,151.7013,152.9134,,,14.570338505324356,False,
904996,FUND016,2026-08-14,24.282,24.3493,24.2467,,,14.558682212424552,False,
904997,FUND017,2026-08-14,23.2057,23.3539,23.2149,,,3.962972056739368,False,
904998,FUND018,2026-08-14,234.0586,233.7175,234.1758,,,5.004787001901856,False,
904999,FUND019,2026-08-14,158.7403,160.1442,158.7353,,,0.3149897974801732,False,
905000,FUND020,2026-08-14,142.29,142.6831,142.4567,,,11.701801319279475,False,
905001,FUND001,2026-08-17,32.5893,32.5172,32.564,,,7.769315808869129,False,
905002,FUND002,2026-08-17,148.397,148.9624,148.3922,,,0.3234671364120764,False,
905003,FUND003,2026-08-17,225.8138,227.4261,225.9102,,,4.267182269769887,False,
905004,FUND004,2026-08-17,75.7474,76.0084,75.7979,,,6.66245370913964,False,
905005,FUND005,2026-08-17,219.2769,219.4092,219.0838,,,8.813978943217863,False,
905006,FUND006,2026-08-17,218.2564,217.6224,218.1976,,,2.69480507576707,False,
905007,FUND007,2026-08-17,172.963,173.3481,173.0772,,,6.598211665084191,False,
905008,FUND008,2026-08-17,55.0405,55.3398,55.0346,,,1.0720528540234713,False,
905009,FUND009,2026-08-17,197.4014,198.4328,197.3745,,,1.3628913562787235,False,
905010,FUND010,2026-08-17,121.0649,121.4459,121.1115,,,3.8476940670384057,False,
905011,FUND011,2026-08-17,152.1218,153.0385,152.1531,,,2.0571385006278184,False,
905012,FUND012,2026-08-17,144.278,143.9792,144.3165,,,2.6677476241454783,False,
905013,FUND013,2026-08-17,171.4917,171.4108,171.4666,,,1.463841937730672,False,
905014,FUND014,2026-08-17,132.0817,131.5378,132.1483,,,5.039792415036288,False,
905015,FUND015,2026-08-17,152.1397,152.6906,152.0249,,,7.551394541289121,False,
905016,FUND016,2026-08-17,24.1627,24.282,24.1455,,,7.123480565737942,False,
905017,FUND017,2026-08-17,23.2685,23.2057,23.2617,,,2.923260122862199,False,
905018,FUND018,2026-08-17,234.3399,234.0586,234.5342,,,8.284506054980397,False,
905019,FUND019,2026-08-17,157.879,158.7403,157.7941,,,5.3804293062924815,False,
905020,FUND020,2026-08-17,142.8032,142.29,142.6018,,,14.123243886122523,False,
905021,FUND001,2026-08-18,32.7751,32.5893,32.8001,,,7.621927981926451,False,
905022,FUND002,2026-08-18,148.6323,148.397,148.5785,,,3.620981501360925,False,
905023,FUND003,2026-08-18,225.2858,225.8138,225.4905,,,9.077987764451386,False,
905024,FUND004,2026-08-18,76.1337,75.7474,76.1141,,,2.575081358120396,False,
905025,FUND005,2026-08-18,218.77,219.2769,218.7316,,,1.7555762404711617,False,
905026,FUND006,2026-08-18,218.227,218.2564,218.1704,,,2.594302435160915,False,
905027,FUND007,2026-08-18,173.658,172.963,173.796,,,7.940343851412301,False,
905028,FUND008,2026-08-18,55.3414,55.0405,55.3477,,,1.1382586810297592,False,
905029,FUND009,2026-08-18,196.7982,197.4014,196.9496,,,7.687245874071099,False,
905030,FUND010,2026-08-18,121.1457,121.0649,121.0811,,,5.335267023507273,False,
905031,FUND011,2026-08-18,152.1665,152.1218,152.0857,,,5.312794036520898,False,
905032,FUND012,2026-08-18,144.508,144.278,144.4474,,,4.195298773118949,False,
905033,FUND013,2026-08-18,172.4274,171.4917,172.2292,,,11.507920840369355,False,
905034,FUND014,2026-08-18,132.7293,132.0817,132.8099,,,6.0688246885212624,False,
905035,FUND015,2026-08-18,151.8092,152.1397,151.7072,,,6.723477857346512,False,
905036,FUND016,2026-08-18,24.1019,24.1627,24.1295,,,11.43828094241473,False,
905037,FUND017,2026-08-18,23.2958,23.2685,23.2988,,,1.2876199632599594,False,
905038,FUND018,2026-08-18,234.2239,234.3399,234.3941,,,7.2612749211700525,False,
905039,FUND019,2026-08-18,157.7442,157.879,155.76,2026-08-18,2026-08-25,127.38828967642627,True,5.0
905040,FUND020,2026-08-18,144.2173,142.8032,144.2204,,,0.21494878671932985,False,
905041,FUND001,2026-08-19,32.6475,32.7751,32.6252,,,6.835207140493029,False,
905042,FUND002,2026-08-19,148.2246,148.6323,148.0368,,,12.686034823774222,False,
905043,FUND003,2026-08-19,225.4606,225.2858,225.789,,,14.54455265756914,False,
905044,FUND004,2026-08-19,76.3123,76.1337,76.2622,,,6.569440692766045,False,
905045,FUND005,2026-08-19,218.0666,218.77,217.96,,,4.890805652412646,False,
905046,FUND006,2026-08-19,218.3976,218.227,218.3968,,,0.03663057334164857,False,
905047,FUND007,2026-08-19,173.6543,173.658,173.5915,,,3.6176886541109416,False,
905048,FUND008,2026-08-19,55.5615,55.3414,55.5045,,,10.26943761316689,False,
905049,FUND009,2026-08-19,197.7056,196.7982,197.6191,,,4.377107273537877,False,
905050,FUND010,2026-08-19,121.1514,121.1457,121.172,,,1.7000627207607144,False,
905051,FUND011,2026-08-19,151.6625,152.1665,151.6416,,,1.3782497678726195,False,
905052,FUND012,2026-08-19,145.2167,144.508,145.1623,,,3.747529489407052,False,
905053,FUND013,2026-08-19,172.8007,172.4274,172.9947,,,11.214216389287557,False,
905054,FUND014,2026-08-19,133.5478,132.7293,133.6418,,,7.033727471494255,False,
905055,FUND015,2026-08-19,151.1387,151.8092,151.2219,,,5.501848607906992,False,
905056,FUND016,2026-08-19,24.1415,24.1019,24.1096,,,13.231243985798297,False,
905057,FUND017,2026-08-19,23.2869,23.2958,23.2966,,,4.163697706962502,False,
905058,FUND018,2026-08-19,233.6898,234.2239,233.8444,,,6.611233794780473,False,
905059,FUND019,2026-08-19,158.2359,157.7442,158.316,,,5.05950125066423,False,
905060,FUND020,2026-08-19,144.9877,144.2173,144.9685,,,1.3244256510885934,False,
905061,FUND001,2026-08-20,32.5678,32.6475,32.5557,,,3.716707058977896,False,
905062,FUND002,2026-08-20,148.7832,148.2246,148.8178,,,2.3249906933183886,False,
905063,FUND003,2026-08-20,225.2907,225.4606,225.3011,,,0.4616044928322225,False,
905064,FUND004,2026-08-20,76.1726,76.3123,76.1236,,,6.436899988966181,False,
905065,FUND005,2026-08-20,219.4037,218.0666,219.5586,,,7.055064115002839,False,
905066,FUND006,2026-08-20,218.099,218.3976,218.0787,,,0.9308566127729012,False,
905067,FUND007,2026-08-20,173.4249,173.6543,173.4245,,,0.02306479188426541,False,
905068,FUND008,2026-08-20,55.4939,55.5615,55.4649,,,5.228531918383763,False,
905069,FUND009,2026-08-20,197.5203,197.7056,197.5867,,,3.360550077511076,False,
905070,FUND010,2026-08-20,120.8496,121.1514,120.8626,,,1.075601550852392,False,
905071,FUND011,2026-08-20,152.1568,151.6625,152.1776,,,1.3668240266641323,False,
905072,FUND012,2026-08-20,145.174,145.2167,145.1616,,,0.8542203998863153,False,
905073,FUND013,2026-08-20,172.4909,172.8007,172.5716,,,4.676319857959183,False,
905074,FUND014,2026-08-20,133.1868,133.5478,133.1894,,,0.1952107299830952,False,
905075,FUND015,2026-08-20,149.7709,151.1387,149.7417,,,1.95002460904364,False,
905076,FUND016,2026-08-20,24.1486,24.1415,24.1608,,,5.049501672130058,False,
905077,FUND017,2026-08-20,23.1541,23.2869,23.1478,,,2.7216409334794354,False,
905078,FUND018,2026-08-20,234.7753,233.6898,234.7527,,,0.9627152318155598,False,
905079,FUND019,2026-08-20,158.4008,158.2359,158.521,,,7.5825915809251,False,
905080,FUND020,2026-08-20,145.478,144.9877,145.3542,,,8.51712575212942,False,
905081,FUND001,2026-08-21,32.6441,32.5678,32.5987,,,13.926935736701394,False,
905082,FUND002,2026-08-21,149.2214,148.7832,149.1671,,,3.640212888765926,False,
905083,FUND003,2026-08-21,224.599,225.2907,224.3132,,,12.741113764147395,False,
905084,FUND004,2026-08-21,76.123,76.1726,76.1221,,,0.11823110502750911,False,
905085,FUND005,2026-08-21,220.015,219.4037,219.8505,,,7.482357329183943,False,
905086,FUND006,2026-08-21,218.1309,218.099,218.3056,,,8.00254322381109,False,
905087,FUND007,2026-08-21,171.9111,173.4249,171.8528,,,3.392438179651579,False,
905088,FUND008,2026-08-21,55.7111,55.4939,56.0759,2026-08-21,2026-08-23,65.05468481112125,True,1.0
905089,FUND009,2026-08-21,199.0127,197.5203,199.0786,,,3.310250323239122,False,
905090,FUND010,2026-08-21,120.4566,120.8496,120.3989,,,4.79240258839549,False,
905091,FUND011,2026-08-21,151.7593,152.1568,151.9404,,,11.91914724457846,False,
905092,FUND012,2026-08-21,145.1163,145.174,145.1358,,,1.34356926409567,False,
905093,FUND013,2026-08-21,172.6556,172.4909,172.5964,,,3.429967253083155,False,
905094,FUND014,2026-08-21,132.8857,133.1868,132.8348,,,3.831827201908899,False,
905095,FUND015,2026-08-21,149.3042,149.7709,149.2727,,,2.110231810640694,False,
905096,FUND016,2026-08-21,24.3768,24.1486,24.3983,,,8.812089366881969,False,
905097,FUND017,2026-08-21,23.0763,23.1541,23.0756,,,0.303350725440885,False,
905098,FUND018,2026-08-21,235.2327,234.7753,235.1811,,,2.194053858920111,False,
905099,FUND019,2026-08-21,157.4973,158.4008,157.5017,,,0.27936206402876645,False,
905100,FUND020,2026-08-21,145.0634,145.478,145.1135,,,3.4524699631658167,False,
905101,FUND001,2026-08-24,32.6141,32.6441,32.656,,,12.830720235178307,False,
905102,FUND002,2026-08-24,148.2051,149.2214,148.2144,,,0.6274693956879028,False,
905103,FUND003,2026-08-24,223.8643,224.599,223.7763,,,3.9324986604923695,False,
905104,FUND004,2026-08-24,75.7537,76.123,75.7209,,,4.331697061180547,False,
905105,FUND005,2026-08-24,219.6519,220.015,218.3428,2026-08-24,2026-08-25,59.956178999261745,True,1.0
905106,FUND006,2026-08-24,217.4888,218.1309,217.485,,,0.1747246936562999,False,
905107,FUND007,2026-08-24,170.9459,171.9111,170.925,,,1.2227585198176547,False,
905108,FUND008,2026-08-24,55.8809,55.7111,55.8741,,,1.2170218401725241,False,
905109,FUND009,2026-08-24,199.5625,199.0127,199.6133,,,2.544920603988287,False,
905110,FUND010,2026-08-24,120.2162,120.4566,120.1279,,,7.350498926561092,False,
905111,FUND011,2026-08-24,151.1252,151.7593,151.1745,,,3.2611320030817454,False,
905112,FUND012,2026-08-24,146.1805,145.1163,146.3195,,,9.499759088843934,False,
905113,FUND013,2026-08-24,173.5356,172.6556,173.7529,,,12.506266082466704,False,
905114,FUND014,2026-08-24,133.5694,132.8857,133.5901,,,1.5495160195257767,False,
905115,FUND015,2026-08-24,149.8359,149.3042,149.8713,,,2.3620266188377257,False,
905116,FUND016,2026-08-24,24.2099,24.3768,24.2203,,,4.293918737588151,False,
905117,FUND017,2026-08-24,22.9782,23.0763,22.9726,,,2.4376866353835265,False,
905118,FUND018,2026-08-24,235.1364,235.2327,235.0144,,,5.191171264399718,False,
905119,FUND019,2026-08-24,157.8325,157.4973,157.901,,,4.338161252936981,False,
905120,FUND020,2026-08-24,145.8673,145.0634,145.7776,,,6.1532087234248225,False,
905121,FUND001,2026-08-25,32.466,32.6141,32.4505,,,4.776505754919942,False,
905122,FUND002,2026-08-25,148.0904,148.2051,148.0473,,,2.91123174823055,False,
905123,FUND003,2026-08-25,222.7646,223.8643,222.6516,,,5.075193710712141,False,
905124,FUND004,2026-08-25,75.7657,75.7537,75.8135,,,6.30494568909355,False,
905125,FUND005,2026-08-25,219.5156,219.6519,219.6818,,,7.565487901137165,False,
905126,FUND006,2026-08-25,218.1741,217.4888,218.2668,,,4.247095756202013,False,
905127,FUND007,2026-08-25,171.6196,170.9459,171.5885,,,1.8124757778045038,False,
905128,FUND008,2026-08-25,55.917,55.8809,55.9418,,,4.433178767933646,False,
905129,FUND009,2026-08-25,199.3773,199.5625,199.2876,,,4.501032678400134,False,
905130,FUND010,2026-08-25,119.5722,120.2162,119.5852,,,1.0870910447116557,False,
905131,FUND011,2026-08-25,151.845,151.1252,151.8048,,,2.648137608296884,False,
905132,FUND012,2026-08-25,145.7276,146.1805,145.7097,,,1.2284700332234135,False,
905133,FUND013,2026-08-25,173.7373,173.5356,173.7875,,,2.888585197438802,False,
905134,FUND014,2026-08-25,133.0911,133.5694,133.1248,,,2.5314592021908657,False,
905135,FUND015,2026-08-25,150.3166,149.8359,150.3912,,,4.96039661895136,False,
905136,FUND016,2026-08-25,24.2066,24.2099,23.9713,2026-08-25,2026-08-26,98.15904852886673,True,1.0
905137,FUND017,2026-08-25,23.0869,22.9782,23.0908,,,1.6889843574070922,False,
905138,FUND018,2026-08-25,235.2153,235.1364,235.251,,,1.5175280870215815,False,
905139,FUND019,2026-08-25,157.2193,157.8325,157.2089,,,0.6615401545335018,False,
905140,FUND020,2026-08-25,145.1297,145.8673,145.053,,,5.287722418703278,False,
905141,FUND001,2026-08-26,32.728,32.466,32.7242,,,1.1612201367789736,False,
905142,FUND002,2026-08-26,148.55,148.0904,148.5406,,,0.632823618593126,False,
905143,FUND003,2026-08-26,222.0809,222.7646,222.1402,,,2.6694853070258797,False,
905144,FUND004,2026-08-26,75.4962,75.7657,75.5417,,,6.023163365400049,False,
905145,FUND005,2026-08-26,220.5759,219.5156,220.6493,,,3.3265457900850253,False,
905146,FUND006,2026-08-26,218.8725,218.1741,218.9803,,,4.922817257990671,False,
905147,FUND007,2026-08-26,171.7277,171.6196,171.7673,,,2.3054446335249597,False,
905148,FUND008,2026-08-26,56.0038,55.917,56.0892,,,15.225747559244903,False,
905149,FUND009,2026-08-26,198.536,199.3773,198.3819,,,7.767845756089627,False,
905150,FUND010,2026-08-26,119.2265,119.5722,119.28,,,4.485244802146182,False,
905151,FUND011,2026-08-26,152.0466,151.845,152.0331,,,0.8879645287783929,False,
905152,FUND012,2026-08-26,146.3403,145.7276,146.9954,2026-08-26,2026-08-27,44.566020433290845,True,1.0
905153,FUND013,2026-08-26,173.7953,173.7373,173.522,,,15.750164244303667,False,
905154,FUND014,2026-08-26,133.1898,133.0911,133.2011,,,0.848341342526874,False,
905155,FUND015,2026-08-26,150.3619,150.3166,150.4525,,,6.021834133696344,False,
905156,FUND016,2026-08-26,24.2127,24.2066,24.1977,,,6.1989362625375835,False,
905157,FUND017,2026-08-26,22.9282,23.0869,22.9522,,,10.456513972517193,False,
905158,FUND018,2026-08-26,235.3761,235.2153,235.2059,,,7.236213037172712,False,
905159,FUND019,2026-08-26,157.1568,157.2193,157.1504,,,0.40725317912098896,False,
905160,FUND020,2026-08-26,144.41,145.1297,144.3461,,,4.426860164562092,False,
905161,FUND001,2026-08-27,32.7169,32.728,32.7238,,,2.1085570746657107,False,
905162,FUND002,2026-08-27,149.3488,148.55,149.4185,,,4.664750348851261,False,
905163,FUND003,2026-08-27,222.2399,222.0809,222.2805,,,1.8265209948683552,False,
905164,FUND004,2026-08-27,75.5208,75.4962,75.4991,,,2.8742064474934947,False,
905165,FUND005,2026-08-27,220.0415,220.5759,220.1475,,,4.814953610647159,False,
905166,FUND006,2026-08-27,218.9491,218.8725,218.8055,,,6.562906325480492,False,
905167,FUND007,2026-08-27,170.7319,171.7277,170.954,,,12.991798963464543,False,
905168,FUND008,2026-08-27,55.7345,56.0038,55.7801,,,8.174958452925024,False,
905169,FUND009,2026-08-27,198.0447,198.536,197.9704,,,3.753086319974795,False,
905170,FUND010,2026-08-27,118.3591,119.2265,118.3264,,,2.7635422019085585,False,
905171,FUND011,2026-08-27,151.9925,152.0466,151.9254,,,4.416641325282711,False,
905172,FUND012,2026-08-27,145.6155,146.3403,145.6116,,,0.2678358042894493,False,
905173,FUND013,2026-08-27,174.0795,173.7953,173.9804,,,5.696043922188526,False,
905174,FUND014,2026-08-27,131.6766,133.1898,131.6739,,,0.2050520262561043,False,
905175,FUND015,2026-08-27,150.8843,150.3619,150.8773,,,0.46395315928936975,False,
905176,FUND016,2026-08-27,24.0132,24.2127,24.0104,,,1.1661613300905358,False,
905177,FUND017,2026-08-27,22.9467,22.9282,22.9487,,,0.8715090615149842,False,
905178,FUND018,2026-08-27,234.252,235.3761,234.2529,,,0.0384200152912282,False,
905179,FUND019,2026-08-27,156.7393,157.1568,156.8828,,,9.146955561732534,False,
905180,FUND020,2026-08-27,144.2801,144.41,144.3227,,,2.951718613911262,False,
905181,FUND001,2026-08-28,32.4932,32.7169,32.4882,,,1.5390203212251088,False,
905182,FUND002,2026-08-28,148.8026,149.3488,148.7833,,,1.297188595764136,False,
905183,FUND003,2026-08-28,220.9921,222.2399,221.2627,,,12.22980646986599,False,
905184,FUND004,2026-08-28,75.5404,75.5208,75.5353,,,0.6751810080847991,False,
905185,FUND005,2026-08-28,219.709,220.0415,219.8155,,,4.844972260827045,False,
905186,FUND006,2026-08-28,219.5715,218.9491,219.3224,,,11.35770901649802,False,
905187,FUND007,2026-08-28,170.8463,170.7319,170.8046,,,2.4413862390134726,False,
905188,FUND008,2026-08-28,55.674,55.7345,55.683,,,1.6162922256344558,False,
905189,FUND009,2026-08-28,196.7071,198.0447,196.6908,,,0.8287118665438898,False,
905190,FUND010,2026-08-28,117.8754,118.3591,117.9248,,,4.189110348290237,False,
905191,FUND011,2026-08-28,151.3407,151.9925,151.3317,,,0.594720075171701,False,
905192,FUND012,2026-08-28,145.4329,145.6155,145.3421,,,6.247329576220624,False,
905193,FUND013,2026-08-28,175.2522,174.0795,175.2753,,,1.317926713005167,False,
905194,FUND014,2026-08-28,131.1671,131.6766,131.2348,,,5.158692663836276,False,
905195,FUND015,2026-08-28,151.4367,150.8843,151.5377,,,6.6650081134924894,False,
905196,FUND016,2026-08-28,24.0478,24.0132,24.0665,,,7.770136912306568,False,
905197,FUND017,2026-08-28,22.9989,22.9467,22.9977,,,0.5217913095660679,False,
905198,FUND018,2026-08-28,234.3861,234.252,234.5896,,,8.674723858175772,False,
905199,FUND019,2026-08-28,156.896,156.7393,156.8569,,,2.4927178848995863,False,
905200,FUND020,2026-08-28,143.5907,144.2801,143.401,,,13.228638572951915,False,
905201,FUND001,2026-08-31,32.3963,32.4932,32.3928,,,1.0804870218058937,False,
905202,FUND002,2026-08-31,149.3966,148.8026,149.4405,,,2.937624004200963,False,
905203,FUND003,2026-08-31,221.6621,220.9921,221.8324,,,7.67696693539796,False,
905204,FUND004,2026-08-31,75.6388,75.5404,75.6402,,,0.18508676603044835,False,
905205,FUND005,2026-08-31,218.3343,219.709,218.3318,,,0.11450462094968063,False,
905206,FUND006,2026-08-31,220.5254,219.5715,220.338,,,8.50511486897388,False,
905207,FUND007,2026-08-31,171.5401,170.8463,171.5657,,,1.4921397458814427,False,
905208,FUND008,2026-08-31,56.1719,55.674,56.2033,,,5.586860558009561,False,
905209,FUND009,2026-08-31,197.1786,196.7071,197.2594,,,4.096129259239897,False,
905210,FUND010,2026-08-31,118.242,117.8754,118.2578,,,1.336064090486945,False,
905211,FUND011,2026-08-31,151.929,151.3407,151.8614,,,4.451427420002632,False,
905212,FUND012,2026-08-31,145.6895,145.4329,145.7122,,,1.5578654361121564,False,
905213,FUND013,2026-08-31,174.2581,175.2522,174.321,,,3.608285863434977,False,
905214,FUND014,2026-08-31,131.1341,131.1671,131.1848,,,3.864777016849984,False,
905215,FUND015,2026-08-31,152.1813,151.4367,152.1263,,,3.6154169265936806,False,
905216,FUND016,2026-08-31,24.0963,24.0478,24.1149,,,7.713073659853155,False,
905217,FUND017,2026-08-31,22.7617,22.9989,22.7688,,,3.118302238149426,False,
905218,FUND018,2026-08-31,235.1019,234.3861,235.2237,,,5.178049660812556,False,
905219,FUND019,2026-08-31,157.0097,156.896,156.8122,,,12.594683321834612,False,
905220,FUND020,2026-08-31,142.1833,143.5907,142.0907,,,6.516964164438943,False,
