movement_id,account_id,movement_type,amount,movement_date,approver_1,approver_2,custodian_match_flag
1100001,ACC00799,Collateral Pledge,85768.45,2025-09-01,APPR004,APPR012,True
1100002,ACC00641,Collateral Return,5263.32,2025-09-01,APPR004,,True
1100003,ACC00069,Collateral Return,221597.63,2025-09-01,APPR011,,True
1100004,ACC00724,Wire In,954592.7,2025-09-01,APPR001,APPR013,True
1100005,ACC00871,Wire Out,55985.41,2025-09-01,APPR006,APPR005,True
1100006,ACC00725,Collateral Pledge,477892.45,2025-09-01,APPR011,,True
1100007,ACC00359,Wire Out,50011.53,2025-09-02,APPR007,APPR003,True
1100008,ACC00402,Collateral Return,108364.0,2025-09-02,APPR008,,True
1100009,ACC00464,Collateral Pledge,118500.26,2025-09-02,APPR010,,True
1100010,ACC00716,Collateral Pledge,18060.89,2025-09-02,APPR002,APPR009,True
1100011,ACC00142,Collateral Pledge,810265.58,2025-09-02,APPR003,APPR014,True
1100012,ACC00304,Collateral Return,78050.07,2025-09-02,APPR002,,True
1100013,ACC00072,Wire Out,18493.49,2025-09-02,APPR013,,True
1100014,ACC00253,Collateral Return,247436.64,2025-09-02,APPR005,APPR013,True
1100015,ACC00398,Collateral Return,206168.05,2025-09-02,APPR009,,True
1100016,ACC00780,Wire Out,35876.38,2025-09-02,APPR013,APPR008,True
1100017,ACC00578,Wire Out,147562.61,2025-09-02,APPR010,APPR005,True
1100018,ACC00520,Wire Out,377789.85,2025-09-02,APPR006,APPR010,True
1100019,ACC00518,Collateral Return,63199.06,2025-09-03,APPR005,,True
1100020,ACC00728,Wire Out,42665.87,2025-09-03,APPR009,,True
1100021,ACC00528,Collateral Return,38633.21,2025-09-03,APPR002,,True
1100022,ACC00198,Collateral Return,67719.18,2025-09-03,APPR014,,True
1100023,ACC00793,Wire Out,68677.51,2025-09-03,APPR013,,True
1100024,ACC00199,Collateral Pledge,44121.59,2025-09-03,APPR014,,True
1100025,ACC00674,Collateral Pledge,345598.62,2025-09-03,APPR006,APPR005,True
1100026,ACC00567,Collateral Return,28433.48,2025-09-03,APPR008,APPR004,True
1100027,ACC00391,Collateral Pledge,19423.49,2025-09-03,APPR007,APPR006,True
1100028,ACC00603,Wire In,406158.93,2025-09-03,APPR006,APPR004,True
1100029,ACC00416,Collateral Pledge,52986.56,2025-09-03,APPR003,,True
1100030,ACC00219,Wire Out,54765.61,2025-09-03,APPR010,APPR004,True
1100031,ACC00823,Collateral Pledge,277218.34,2025-09-03,APPR006,APPR003,True
1100032,ACC00079,Collateral Pledge,179334.99,2025-09-03,APPR011,APPR010,True
1100033,ACC00118,Collateral Pledge,78555.63,2025-09-03,APPR003,APPR004,True
1100034,ACC00699,Wire Out,217838.09,2025-09-03,APPR012,,True
1100035,ACC00832,Collateral Pledge,73273.47,2025-09-04,APPR013,APPR011,True
1100036,ACC00816,Collateral Return,175372.81,2025-09-04,APPR003,APPR011,True
1100037,ACC00445,Collateral Return,19911.07,2025-09-04,APPR007,,True
1100038,ACC00371,Collateral Return,90354.08,2025-09-04,APPR005,,True
1100039,ACC00596,Wire In,43443.49,2025-09-04,APPR010,APPR003,True
1100040,ACC00161,Collateral Pledge,176404.5,2025-09-04,APPR002,,True
1100041,ACC00183,Wire In,744352.71,2025-09-04,APPR009,APPR010,True
1100042,ACC00359,Wire In,664837.38,2025-09-04,APPR007,APPR008,True
1100043,ACC00542,Collateral Return,13704.2,2025-09-04,APPR009,,True
1100044,ACC00776,Collateral Pledge,452970.82,2025-09-04,APPR006,APPR014,True
1100045,ACC00123,Collateral Pledge,285202.5,2025-09-04,APPR006,APPR011,True
1100046,ACC00798,Wire Out,277904.74,2025-09-04,APPR001,APPR008,True
1100047,ACC00254,Wire Out,77265.53,2025-09-05,APPR013,,True
1100048,ACC00714,Collateral Pledge,65414.54,2025-09-05,APPR009,,True
1100049,ACC00341,Collateral Return,230630.97,2025-09-05,APPR002,APPR011,True
1100050,ACC00859,Collateral Pledge,185683.16,2025-09-05,APPR009,APPR008,True
1100051,ACC00890,Collateral Pledge,101684.95,2025-09-05,APPR006,APPR002,True
1100052,ACC00247,Collateral Pledge,175121.91,2025-09-05,APPR009,,True
1100053,ACC00043,Wire Out,31719.47,2025-09-05,APPR001,APPR003,True
1100054,ACC00302,Wire In,60694.11,2025-09-05,APPR005,,True
1100055,ACC00372,Collateral Return,657297.46,2025-09-05,APPR006,APPR009,False
1100056,ACC00233,Collateral Pledge,22104.83,2025-09-05,APPR007,APPR006,True
1100057,ACC00775,Wire Out,20390.45,2025-09-05,APPR002,APPR005,True
1100058,ACC00883,Collateral Pledge,211247.65,2025-09-08,APPR011,,True
1100059,ACC00457,Collateral Return,395126.03,2025-09-08,APPR009,APPR010,True
1100060,ACC00856,Wire In,105624.36,2025-09-08,APPR009,APPR007,True
1100061,ACC00405,Collateral Return,95581.13,2025-09-08,APPR005,,True
1100062,ACC00840,Collateral Pledge,95008.61,2025-09-08,APPR012,APPR009,True
1100063,ACC00616,Wire In,172981.81,2025-09-08,APPR002,,True
1100064,ACC00706,Wire Out,528734.17,2025-09-08,APPR006,APPR008,True
1100065,ACC00882,Wire In,192388.54,2025-09-08,APPR014,,True
1100066,ACC00476,Wire Out,48899.8,2025-09-08,APPR012,,True
1100067,ACC00815,Wire In,465055.05,2025-09-08,APPR013,APPR001,True
1100068,ACC00127,Wire In,23120.86,2025-09-08,APPR013,,True
1100069,ACC00246,Wire In,106398.63,2025-09-09,APPR012,,True
1100070,ACC00428,Wire Out,211951.29,2025-09-09,APPR008,,True
1100071,ACC00012,Wire In,108926.34,2025-09-09,APPR008,APPR011,True
1100072,ACC00062,Wire In,59585.03,2025-09-09,APPR002,APPR006,True
1100073,ACC00136,Collateral Pledge,41569.12,2025-09-09,APPR003,APPR002,True
1100074,ACC00174,Wire Out,189211.88,2025-09-09,APPR011,,True
1100075,ACC00525,Wire Out,336132.77,2025-09-09,APPR005,APPR009,False
1100076,ACC00761,Wire In,11726.91,2025-09-09,APPR014,,True
1100077,ACC00015,Collateral Return,45784.63,2025-09-09,APPR005,,True
1100078,ACC00847,Collateral Pledge,87538.95,2025-09-09,APPR013,APPR007,True
1100079,ACC00745,Collateral Return,296302.72,2025-09-09,APPR009,APPR006,True
1100080,ACC00138,Wire Out,171796.66,2025-09-09,APPR007,,True
1100081,ACC00734,Wire In,55324.91,2025-09-09,APPR004,APPR002,True
1100082,ACC00060,Collateral Return,536198.86,2025-09-09,APPR013,APPR005,True
1100083,ACC00025,Wire Out,168719.8,2025-09-09,APPR010,APPR009,True
1100084,ACC00620,Collateral Pledge,172757.84,2025-09-09,APPR001,APPR010,True
1100085,ACC00841,Wire Out,142647.46,2025-09-09,APPR006,,True
1100086,ACC00638,Collateral Pledge,61414.18,2025-09-10,APPR007,,True
1100087,ACC00450,Wire In,9380.91,2025-09-10,APPR005,APPR006,True
1100088,ACC00595,Wire Out,793724.04,2025-09-10,APPR002,APPR001,True
1100089,ACC00664,Collateral Pledge,44995.21,2025-09-10,APPR005,APPR002,True
1100090,ACC00242,Collateral Pledge,30851.49,2025-09-10,APPR006,,True
1100091,ACC00521,Wire Out,105364.14,2025-09-10,APPR008,APPR010,True
1100092,ACC00840,Collateral Pledge,141557.47,2025-09-10,APPR005,,True
1100093,ACC00316,Wire In,201119.35,2025-09-10,APPR014,APPR010,True
1100094,ACC00052,Collateral Return,241639.6,2025-09-10,APPR013,APPR009,True
1100095,ACC00792,Wire Out,45178.11,2025-09-10,APPR011,,True
1100096,ACC00873,Wire Out,83700.98,2025-09-10,APPR012,APPR013,True
1100097,ACC00326,Wire Out,523133.31,2025-09-10,APPR003,APPR004,True
1100098,ACC00118,Collateral Return,76700.63,2025-09-10,APPR011,APPR012,True
1100099,ACC00869,Wire In,178297.72,2025-09-10,APPR004,APPR012,True
1100100,ACC00194,Wire Out,246694.79,2025-09-10,APPR007,,True
1100101,ACC00816,Collateral Pledge,160339.57,2025-09-10,APPR001,APPR012,True
1100102,ACC00798,Wire Out,220898.03,2025-09-10,APPR012,APPR005,True
1100103,ACC00279,Collateral Return,175242.61,2025-09-10,APPR014,APPR013,True
1100104,ACC00304,Collateral Return,119102.89,2025-09-10,APPR008,APPR009,True
1100105,ACC00007,Collateral Return,239417.3,2025-09-10,APPR010,,True
1100106,ACC00477,Wire Out,59040.38,2025-09-10,APPR013,,True
1100107,ACC00859,Collateral Pledge,173000.7,2025-09-10,APPR006,,True
1100108,ACC00764,Wire In,55241.28,2025-09-10,APPR004,APPR011,True
1100109,ACC00865,Wire Out,167803.08,2025-09-11,APPR005,APPR013,True
1100110,ACC00810,Wire In,121909.21,2025-09-11,APPR002,,True
1100111,ACC00163,Collateral Return,494363.7,2025-09-11,APPR009,APPR014,True
1100112,ACC00758,Wire Out,170824.85,2025-09-11,APPR008,APPR002,True
1100113,ACC00245,Collateral Pledge,877066.14,2025-09-11,APPR007,APPR008,True
1100114,ACC00448,Wire Out,367006.98,2025-09-11,APPR001,APPR005,True
1100115,ACC00845,Collateral Return,108706.43,2025-09-11,APPR005,,True
1100116,ACC00893,Collateral Pledge,50047.0,2025-09-11,APPR009,,True
1100117,ACC00686,Wire In,148648.06,2025-09-11,APPR009,,True
1100118,ACC00622,Collateral Return,268927.74,2025-09-11,APPR004,APPR002,True
1100119,ACC00012,Wire Out,130829.52,2025-09-11,APPR014,,True
1100120,ACC00787,Collateral Pledge,149261.76,2025-09-11,APPR004,,True
1100121,ACC00687,Wire In,14405.95,2025-09-12,APPR004,APPR012,True
1100122,ACC00874,Wire In,160063.0,2025-09-12,APPR013,APPR010,True
1100123,ACC00380,Collateral Return,435425.81,2025-09-12,APPR001,APPR009,True
1100124,ACC00602,Wire Out,121791.12,2025-09-12,APPR009,,True
1100125,ACC00747,Collateral Pledge,657720.85,2025-09-12,APPR001,,True
1100126,ACC00854,Wire In,539338.66,2025-09-12,APPR014,APPR008,True
1100127,ACC00613,Collateral Pledge,193736.73,2025-09-12,APPR006,APPR001,True
1100128,ACC00863,Collateral Return,42643.07,2025-09-12,APPR014,,True
1100129,ACC00150,Wire In,49105.67,2025-09-12,APPR001,,True
1100130,ACC00444,Wire Out,584756.31,2025-09-12,APPR010,APPR002,True
1100131,ACC00534,Wire In,504881.95,2025-09-12,APPR005,APPR011,True
1100132,ACC00210,Collateral Pledge,19125.02,2025-09-12,APPR011,APPR009,True
1100133,ACC00703,Collateral Return,153252.14,2025-09-12,APPR004,,True
1100134,ACC00160,Wire In,41870.66,2025-09-12,APPR012,,True
1100135,ACC00479,Collateral Pledge,379316.22,2025-09-12,APPR001,,True
1100136,ACC00375,Collateral Pledge,95909.78,2025-09-12,APPR008,APPR005,True
1100137,ACC00384,Wire In,77732.33,2025-09-12,APPR011,,True
1100138,ACC00455,Collateral Return,138174.67,2025-09-12,APPR002,,True
1100139,ACC00152,Wire Out,34245.08,2025-09-12,APPR002,,True
1100140,ACC00810,Collateral Return,96883.22,2025-09-12,APPR008,,True
1100141,ACC00574,Wire In,34705.21,2025-09-12,APPR007,,True
1100142,ACC00177,Collateral Pledge,264542.13,2025-09-12,APPR014,APPR010,True
1100143,ACC00040,Collateral Return,147285.15,2025-09-12,APPR014,,True
1100144,ACC00299,Wire Out,21499.51,2025-09-12,APPR005,APPR004,True
1100145,ACC00532,Collateral Pledge,99586.44,2025-09-12,APPR013,APPR009,True
1100146,ACC00532,Collateral Pledge,344223.03,2025-09-15,APPR006,APPR009,True
1100147,ACC00504,Collateral Pledge,102931.89,2025-09-15,APPR013,,True
1100148,ACC00555,Collateral Return,144516.88,2025-09-15,APPR001,APPR002,True
1100149,ACC00751,Collateral Pledge,51165.47,2025-09-15,APPR002,,True
1100150,ACC00410,Collateral Return,98012.23,2025-09-15,APPR004,,True
1100151,ACC00183,Wire Out,172746.09,2025-09-15,APPR008,,True
1100152,ACC00686,Wire Out,219879.09,2025-09-15,APPR004,,True
1100153,ACC00432,Collateral Pledge,210893.74,2025-09-15,APPR005,APPR006,True
1100154,ACC00783,Collateral Pledge,194968.62,2025-09-15,APPR011,APPR005,True
1100155,ACC00364,Wire Out,41948.34,2025-09-15,APPR009,APPR008,True
1100156,ACC00031,Wire Out,1261289.35,2025-09-15,APPR003,APPR013,True
1100157,ACC00072,Wire Out,62733.73,2025-09-15,APPR006,APPR013,True
1100158,ACC00455,Wire In,282375.18,2025-09-16,APPR008,APPR010,True
1100159,ACC00655,Collateral Pledge,264437.94,2025-09-16,APPR012,APPR002,True
1100160,ACC00870,Wire In,94569.26,2025-09-16,APPR004,,True
1100161,ACC00661,Collateral Return,311837.27,2025-09-16,APPR013,APPR006,True
1100162,ACC00740,Collateral Pledge,501097.55,2025-09-16,APPR014,APPR006,True
1100163,ACC00387,Wire Out,37707.52,2025-09-16,APPR010,APPR003,True
1100164,ACC00427,Wire In,133021.42,2025-09-16,APPR014,,True
1100165,ACC00541,Wire Out,42432.05,2025-09-16,APPR013,,True
1100166,ACC00168,Collateral Return,35662.48,2025-09-16,APPR014,,True
1100167,ACC00141,Wire Out,1090127.91,2025-09-16,APPR001,APPR011,True
1100168,ACC00063,Wire Out,45010.41,2025-09-16,APPR001,,True
1100169,ACC00576,Collateral Return,203360.53,2025-09-16,APPR008,APPR011,True
1100170,ACC00267,Collateral Return,35645.61,2025-09-16,APPR014,,True
1100171,ACC00715,Collateral Pledge,92159.06,2025-09-16,APPR014,APPR005,True
1100172,ACC00050,Wire In,41495.68,2025-09-16,APPR011,APPR003,True
1100173,ACC00377,Wire In,35843.75,2025-09-17,APPR004,APPR005,True
1100174,ACC00171,Collateral Pledge,134225.64,2025-09-17,APPR004,,True
1100175,ACC00151,Wire Out,112161.89,2025-09-17,APPR009,,True
1100176,ACC00217,Wire Out,214834.35,2025-09-17,APPR006,APPR003,True
1100177,ACC00620,Collateral Pledge,149596.85,2025-09-17,APPR013,,False
1100178,ACC00550,Wire Out,20478.75,2025-09-17,APPR009,,True
1100179,ACC00229,Wire In,70038.22,2025-09-17,APPR007,APPR004,True
1100180,ACC00208,Wire In,84993.04,2025-09-17,APPR012,,True
1100181,ACC00006,Collateral Pledge,2344000.41,2025-09-17,APPR011,APPR009,False
1100182,ACC00381,Collateral Return,13745.61,2025-09-17,APPR005,APPR003,True
1100183,ACC00685,Wire Out,124282.88,2025-09-17,APPR006,APPR014,True
1100184,ACC00152,Wire In,580758.39,2025-09-17,APPR001,APPR005,True
1100185,ACC00402,Collateral Return,226071.69,2025-09-17,APPR011,,True
1100186,ACC00811,Collateral Return,103312.92,2025-09-17,APPR001,,True
1100187,ACC00120,Wire In,32339.97,2025-09-17,APPR013,,True
1100188,ACC00883,Collateral Pledge,19524.82,2025-09-17,APPR004,APPR010,True
1100189,ACC00829,Collateral Pledge,394783.22,2025-09-18,APPR007,APPR008,True
1100190,ACC00451,Wire In,101557.99,2025-09-18,APPR003,APPR008,True
1100191,ACC00406,Collateral Return,71604.0,2025-09-18,APPR010,,True
1100192,ACC00223,Collateral Return,42870.05,2025-09-18,APPR008,,True
1100193,ACC00159,Wire In,101998.4,2025-09-18,APPR008,,True
1100194,ACC00017,Wire Out,109711.88,2025-09-18,APPR004,,True
1100195,ACC00819,Wire In,122032.07,2025-09-18,APPR013,APPR007,True
1100196,ACC00293,Wire Out,164179.5,2025-09-18,APPR011,APPR013,True
1100197,ACC00391,Collateral Pledge,50974.67,2025-09-18,APPR006,,True
1100198,ACC00554,Wire In,36612.67,2025-09-18,APPR002,,True
1100199,ACC00110,Collateral Return,22359.17,2025-09-18,APPR014,APPR010,True
1100200,ACC00006,Wire In,23528.89,2025-09-18,APPR010,,True
1100201,ACC00558,Wire In,31215.46,2025-09-18,APPR006,,True
1100202,ACC00079,Collateral Pledge,868788.94,2025-09-18,APPR009,APPR014,True
1100203,ACC00645,Wire In,126540.66,2025-09-18,APPR002,APPR012,True
1100204,ACC00348,Collateral Pledge,46331.3,2025-09-18,APPR007,,True
1100205,ACC00826,Wire Out,75440.58,2025-09-18,APPR004,APPR012,True
1100206,ACC00280,Wire Out,94695.52,2025-09-18,APPR010,APPR012,True
1100207,ACC00714,Wire Out,95258.35,2025-09-19,APPR007,,True
1100208,ACC00033,Collateral Return,38253.52,2025-09-19,APPR004,APPR008,True
1100209,ACC00726,Collateral Pledge,235152.73,2025-09-19,APPR003,,True
1100210,ACC00011,Collateral Pledge,226438.83,2025-09-19,APPR003,,True
1100211,ACC00882,Wire Out,1140381.53,2025-09-19,APPR013,APPR006,True
1100212,ACC00272,Collateral Pledge,94279.88,2025-09-19,APPR001,,True
1100213,ACC00818,Wire Out,5061.25,2025-09-19,APPR012,APPR001,True
1100214,ACC00394,Collateral Pledge,460587.83,2025-09-19,APPR013,APPR005,True
1100215,ACC00713,Collateral Return,123195.23,2025-09-19,APPR010,,True
1100216,ACC00269,Wire In,167895.3,2025-09-19,APPR004,APPR003,True
1100217,ACC00180,Collateral Pledge,51525.08,2025-09-19,APPR014,,True
1100218,ACC00808,Collateral Return,17867.13,2025-09-19,APPR006,,True
1100219,ACC00837,Wire Out,342140.37,2025-09-19,APPR001,APPR010,True
1100220,ACC00628,Collateral Return,402179.37,2025-09-19,APPR002,APPR008,True
1100221,ACC00486,Wire In,97556.73,2025-09-19,APPR006,,True
1100222,ACC00692,Collateral Pledge,183087.34,2025-09-19,APPR013,,True
1100223,ACC00603,Collateral Pledge,86443.59,2025-09-19,APPR007,APPR013,True
1100224,ACC00250,Collateral Pledge,87325.75,2025-09-19,APPR004,,True
1100225,ACC00792,Collateral Return,40521.52,2025-09-19,APPR009,,True
1100226,ACC00127,Wire In,553038.08,2025-09-22,APPR012,APPR013,True
1100227,ACC00250,Wire In,42540.52,2025-09-22,APPR003,APPR006,True
1100228,ACC00445,Collateral Return,19303.69,2025-09-22,APPR001,APPR012,True
1100229,ACC00169,Collateral Pledge,63933.53,2025-09-22,APPR002,,True
1100230,ACC00094,Wire Out,110429.27,2025-09-22,APPR009,APPR010,True
1100231,ACC00812,Wire In,448097.52,2025-09-22,APPR004,,True
1100232,ACC00252,Wire Out,245333.67,2025-09-22,APPR007,APPR001,True
1100233,ACC00556,Wire Out,68049.63,2025-09-22,APPR002,,True
1100234,ACC00163,Collateral Return,309300.75,2025-09-22,APPR008,APPR011,True
1100235,ACC00587,Collateral Return,106453.39,2025-09-22,APPR007,,True
1100236,ACC00894,Collateral Pledge,129052.48,2025-09-22,APPR003,APPR002,False
1100237,ACC00046,Collateral Pledge,84094.08,2025-09-22,APPR004,APPR009,True
1100238,ACC00426,Collateral Pledge,79083.38,2025-09-22,APPR007,APPR004,True
1100239,ACC00890,Wire In,85705.58,2025-09-22,APPR003,APPR001,True
1100240,ACC00848,Wire Out,15076.81,2025-09-22,APPR011,APPR002,True
1100241,ACC00010,Wire Out,78574.77,2025-09-22,APPR002,APPR001,True
1100242,ACC00525,Collateral Return,567951.17,2025-09-22,APPR004,APPR013,True
1100243,ACC00272,Wire Out,57089.58,2025-09-22,APPR012,APPR010,True
1100244,ACC00378,Collateral Return,91006.3,2025-09-22,APPR004,APPR008,True
1100245,ACC00331,Collateral Pledge,168470.06,2025-09-22,APPR009,,True
1100246,ACC00717,Wire Out,22433.97,2025-09-23,APPR013,APPR003,True
1100247,ACC00680,Wire Out,73060.5,2025-09-23,APPR006,APPR007,True
1100248,ACC00556,Collateral Pledge,562103.49,2025-09-23,APPR014,APPR005,True
1100249,ACC00381,Collateral Pledge,2055560.45,2025-09-23,APPR014,APPR013,True
1100250,ACC00822,Wire Out,67194.97,2025-09-23,APPR001,,True
1100251,ACC00072,Collateral Return,336848.37,2025-09-23,APPR001,APPR003,True
1100252,ACC00064,Wire In,43587.09,2025-09-23,APPR012,APPR001,True
1100253,ACC00001,Collateral Pledge,88101.86,2025-09-23,APPR004,,True
1100254,ACC00751,Wire In,88308.19,2025-09-23,APPR003,APPR014,True
1100255,ACC00479,Wire In,17471.97,2025-09-23,APPR008,,True
1100256,ACC00413,Wire In,332325.42,2025-09-23,APPR003,APPR001,True
1100257,ACC00536,Wire Out,52956.86,2025-09-23,APPR011,APPR009,True
1100258,ACC00012,Collateral Pledge,349226.59,2025-09-23,APPR006,APPR007,True
1100259,ACC00396,Wire Out,78864.71,2025-09-23,APPR002,APPR011,True
1100260,ACC00085,Wire In,85909.84,2025-09-23,APPR012,,True
1100261,ACC00226,Wire Out,129212.26,2025-09-23,APPR003,,True
1100262,ACC00132,Collateral Pledge,35299.42,2025-09-23,APPR013,,True
1100263,ACC00510,Collateral Pledge,25855.0,2025-09-23,APPR002,,True
1100264,ACC00005,Wire Out,431630.93,2025-09-23,APPR006,APPR014,True
1100265,ACC00488,Collateral Pledge,67425.74,2025-09-23,APPR001,,True
1100266,ACC00236,Wire Out,131219.34,2025-09-24,APPR003,APPR013,True
1100267,ACC00413,Collateral Return,207427.3,2025-09-24,APPR007,APPR010,True
1100268,ACC00233,Collateral Pledge,320149.1,2025-09-24,APPR005,APPR012,True
1100269,ACC00042,Wire In,104083.21,2025-09-24,APPR007,,True
1100270,ACC00765,Collateral Pledge,50567.95,2025-09-24,APPR006,,True
1100271,ACC00266,Wire In,79251.31,2025-09-24,APPR005,APPR011,True
1100272,ACC00171,Wire Out,187341.86,2025-09-24,APPR001,APPR005,True
1100273,ACC00309,Collateral Return,75805.41,2025-09-24,APPR004,APPR009,True
1100274,ACC00242,Collateral Pledge,89447.24,2025-09-24,APPR003,APPR001,True
1100275,ACC00660,Collateral Return,30061.51,2025-09-24,APPR013,,True
1100276,ACC00774,Wire Out,54254.09,2025-09-24,APPR011,APPR006,True
1100277,ACC00376,Collateral Pledge,62090.67,2025-09-24,APPR014,APPR008,True
1100278,ACC00118,Wire Out,64694.1,2025-09-24,APPR004,,True
1100279,ACC00452,Collateral Return,42189.73,2025-09-24,APPR010,,True
1100280,ACC00583,Collateral Pledge,156103.87,2025-09-24,APPR006,,True
1100281,ACC00425,Collateral Return,44952.86,2025-09-24,APPR013,APPR007,True
1100282,ACC00563,Wire Out,78680.38,2025-09-24,APPR014,,True
1100283,ACC00811,Wire Out,211792.93,2025-09-24,APPR013,APPR014,True
1100284,ACC00593,Collateral Pledge,69704.64,2025-09-24,APPR011,APPR010,True
1100285,ACC00065,Wire In,1975915.11,2025-09-25,APPR002,APPR010,True
1100286,ACC00301,Collateral Pledge,371696.9,2025-09-25,APPR006,APPR011,True
1100287,ACC00464,Wire Out,342675.32,2025-09-25,APPR010,APPR006,True
1100288,ACC00577,Wire Out,483131.69,2025-09-25,APPR009,APPR003,True
1100289,ACC00657,Wire Out,54209.6,2025-09-25,APPR013,,True
1100290,ACC00704,Collateral Return,71682.29,2025-09-25,APPR006,APPR001,True
1100291,ACC00642,Collateral Return,5508.92,2025-09-25,APPR009,,True
1100292,ACC00171,Wire Out,331085.65,2025-09-25,APPR014,APPR004,True
1100293,ACC00337,Wire In,399449.9,2025-09-25,APPR004,APPR006,True
1100294,ACC00598,Wire Out,223726.18,2025-09-25,APPR008,APPR007,True
1100295,ACC00707,Wire In,18101.63,2025-09-25,APPR012,,True
1100296,ACC00830,Collateral Pledge,47709.83,2025-09-26,APPR008,APPR007,True
1100297,ACC00800,Wire In,2080756.44,2025-09-26,APPR005,APPR013,True
1100298,ACC00437,Collateral Return,78871.59,2025-09-26,APPR002,APPR003,True
1100299,ACC00735,Wire In,56310.4,2025-09-26,APPR010,,True
1100300,ACC00436,Wire Out,82831.35,2025-09-26,APPR005,APPR003,True
1100301,ACC00304,Collateral Return,91143.87,2025-09-26,APPR004,APPR005,True
1100302,ACC00058,Wire Out,87889.47,2025-09-26,APPR012,APPR008,True
1100303,ACC00895,Wire Out,83476.35,2025-09-26,APPR005,,True
1100304,ACC00878,Wire Out,55721.39,2025-09-26,APPR008,,True
1100305,ACC00231,Wire In,77069.42,2025-09-26,APPR001,APPR010,False
1100306,ACC00498,Wire In,39477.93,2025-09-29,APPR001,,True
1100307,ACC00059,Collateral Return,11735.77,2025-09-29,APPR004,APPR013,True
1100308,ACC00284,Collateral Pledge,47678.96,2025-09-29,APPR006,APPR014,True
1100309,ACC00133,Collateral Return,257440.09,2025-09-29,APPR010,APPR006,True
1100310,ACC00814,Collateral Return,162053.48,2025-09-29,APPR006,APPR007,True
1100311,ACC00648,Collateral Pledge,568093.23,2025-09-29,APPR006,APPR014,True
1100312,ACC00246,Wire In,203822.48,2025-09-29,APPR012,,True
1100313,ACC00356,Collateral Pledge,360795.02,2025-09-29,APPR009,APPR014,True
1100314,ACC00759,Wire In,205793.34,2025-09-29,APPR007,,True
1100315,ACC00162,Wire In,220663.44,2025-09-29,APPR003,,True
1100316,ACC00490,Wire In,299785.23,2025-09-29,APPR005,APPR014,True
1100317,ACC00252,Collateral Pledge,387169.03,2025-09-29,APPR003,APPR009,True
1100318,ACC00845,Collateral Return,153258.86,2025-09-29,APPR008,,True
1100319,ACC00070,Collateral Return,112240.5,2025-09-29,APPR004,,True
1100320,ACC00327,Collateral Pledge,167677.83,2025-09-29,APPR005,,True
1100321,ACC00285,Collateral Pledge,24832.68,2025-09-29,APPR007,APPR009,True
1100322,ACC00633,Collateral Pledge,33579.8,2025-09-29,APPR005,,True
1100323,ACC00476,Wire In,345719.74,2025-09-30,APPR001,APPR011,True
1100324,ACC00628,Collateral Pledge,519711.12,2025-09-30,APPR009,APPR001,True
1100325,ACC00517,Collateral Pledge,112210.22,2025-09-30,APPR014,APPR010,True
1100326,ACC00545,Wire In,200862.75,2025-09-30,APPR005,APPR001,True
1100327,ACC00318,Wire Out,216702.58,2025-09-30,APPR006,APPR004,True
1100328,ACC00063,Wire In,112832.6,2025-09-30,APPR006,APPR007,True
1100329,ACC00844,Wire In,45662.63,2025-09-30,APPR001,,True
1100330,ACC00858,Collateral Return,472717.28,2025-09-30,APPR014,APPR003,True
1100331,ACC00892,Wire In,184035.98,2025-09-30,APPR014,APPR009,True
1100332,ACC00785,Wire Out,156299.21,2025-09-30,APPR013,,True
1100333,ACC00772,Wire Out,11173.57,2025-09-30,APPR008,,True
1100334,ACC00863,Wire In,124058.65,2025-09-30,APPR010,,True
1100335,ACC00586,Wire Out,134272.41,2025-09-30,APPR009,,True
1100336,ACC00444,Wire In,49932.28,2025-09-30,APPR002,APPR008,True
1100337,ACC00613,Collateral Return,1209779.91,2025-09-30,APPR006,APPR002,True
1100338,ACC00436,Wire Out,537720.84,2025-10-01,APPR013,APPR004,True
1100339,ACC00329,Wire Out,107369.4,2025-10-01,APPR008,,True
1100340,ACC00601,Collateral Pledge,59000.67,2025-10-01,APPR005,APPR010,True
1100341,ACC00211,Wire Out,39887.49,2025-10-01,APPR006,APPR008,True
1100342,ACC00235,Wire In,389990.18,2025-10-01,APPR002,APPR007,True
1100343,ACC00338,Wire In,421407.43,2025-10-01,APPR013,APPR007,True
1100344,ACC00395,Wire Out,382996.38,2025-10-01,APPR002,APPR011,True
1100345,ACC00471,Collateral Return,182475.28,2025-10-01,APPR013,APPR012,True
1100346,ACC00575,Collateral Return,97216.92,2025-10-01,APPR010,,True
1100347,ACC00136,Wire In,128415.84,2025-10-01,APPR004,APPR012,True
1100348,ACC00570,Collateral Return,492759.42,2025-10-01,APPR003,APPR008,True
1100349,ACC00215,Wire Out,108859.8,2025-10-01,APPR009,,True
1100350,ACC00298,Wire In,51523.38,2025-10-01,APPR002,APPR013,True
1100351,ACC00437,Wire In,139563.79,2025-10-02,APPR009,APPR001,True
1100352,ACC00315,Collateral Return,229683.6,2025-10-02,APPR002,,True
1100353,ACC00842,Collateral Return,82784.97,2025-10-02,APPR004,,True
1100354,ACC00814,Wire Out,137501.23,2025-10-02,APPR012,APPR011,True
1100355,ACC00020,Collateral Pledge,184762.25,2025-10-02,APPR008,APPR002,True
1100356,ACC00213,Wire In,135408.47,2025-10-02,APPR012,APPR014,True
1100357,ACC00655,Wire Out,432591.34,2025-10-02,APPR001,APPR003,True
1100358,ACC00657,Wire In,405168.86,2025-10-02,APPR002,APPR004,True
1100359,ACC00879,Wire In,45127.92,2025-10-02,APPR011,,True
1100360,ACC00142,Wire In,20961.67,2025-10-02,APPR014,APPR013,True
1100361,ACC00450,Wire In,26316.71,2025-10-02,APPR010,,True
1100362,ACC00681,Collateral Pledge,187118.38,2025-10-02,APPR012,APPR008,True
1100363,ACC00192,Wire In,350017.69,2025-10-02,APPR014,,True
1100364,ACC00061,Collateral Return,196987.38,2025-10-02,APPR004,,False
1100365,ACC00135,Collateral Pledge,109208.11,2025-10-03,APPR006,APPR013,True
1100366,ACC00098,Wire Out,185480.41,2025-10-03,APPR011,,True
1100367,ACC00678,Collateral Pledge,199460.79,2025-10-03,APPR003,,True
1100368,ACC00005,Wire In,41197.33,2025-10-03,APPR003,,True
1100369,ACC00182,Collateral Pledge,15384.19,2025-10-03,APPR009,APPR012,True
1100370,ACC00674,Collateral Pledge,994850.58,2025-10-03,APPR002,APPR007,True
1100371,ACC00075,Collateral Pledge,490296.43,2025-10-03,APPR007,APPR011,True
1100372,ACC00167,Collateral Pledge,76077.59,2025-10-03,APPR004,,True
1100373,ACC00490,Collateral Pledge,129023.78,2025-10-03,APPR012,,True
1100374,ACC00885,Wire Out,122414.57,2025-10-03,APPR010,APPR011,True
1100375,ACC00167,Wire Out,105400.38,2025-10-03,APPR003,APPR006,True
1100376,ACC00204,Wire Out,103933.77,2025-10-03,APPR011,APPR004,True
1100377,ACC00211,Collateral Pledge,6890.31,2025-10-03,APPR007,,True
1100378,ACC00708,Collateral Return,456121.93,2025-10-03,APPR014,APPR003,True
1100379,ACC00325,Wire Out,231356.69,2025-10-03,APPR001,APPR012,True
1100380,ACC00120,Collateral Pledge,28221.19,2025-10-03,APPR014,APPR005,True
1100381,ACC00641,Collateral Return,232946.43,2025-10-03,APPR012,,True
1100382,ACC00811,Wire Out,109088.36,2025-10-03,APPR004,,True
1100383,ACC00494,Wire In,123354.27,2025-10-06,APPR013,APPR003,True
1100384,ACC00853,Wire Out,7734.71,2025-10-06,APPR009,APPR002,True
1100385,ACC00786,Collateral Pledge,83363.92,2025-10-06,APPR008,,True
1100386,ACC00822,Wire Out,14172.44,2025-10-06,APPR002,,True
1100387,ACC00455,Collateral Return,15626.97,2025-10-06,APPR004,,True
1100388,ACC00354,Wire Out,11646.36,2025-10-06,APPR010,APPR012,True
1100389,ACC00246,Collateral Pledge,50217.65,2025-10-06,APPR004,,True
1100390,ACC00264,Collateral Return,3891120.0,2025-10-06,APPR007,APPR005,True
1100391,ACC00659,Wire In,39103.45,2025-10-06,APPR008,APPR005,True
1100392,ACC00175,Wire In,140182.75,2025-10-06,APPR014,APPR011,True
1100393,ACC00296,Wire In,38671.67,2025-10-06,APPR001,,True
1100394,ACC00314,Collateral Return,19261.78,2025-10-06,APPR010,,True
1100395,ACC00553,Wire In,158161.34,2025-10-06,APPR002,APPR012,False
1100396,ACC00085,Wire In,154113.59,2025-10-06,APPR013,APPR010,True
1100397,ACC00208,Collateral Return,194488.05,2025-10-07,APPR008,APPR011,True
1100398,ACC00360,Collateral Pledge,48804.23,2025-10-07,APPR009,,True
1100399,ACC00727,Wire Out,9336.32,2025-10-07,APPR003,APPR011,True
1100400,ACC00304,Collateral Pledge,3224460.28,2025-10-07,APPR014,APPR007,True
1100401,ACC00354,Collateral Return,343591.52,2025-10-07,APPR002,APPR005,True
1100402,ACC00755,Wire In,127464.85,2025-10-07,APPR009,,True
1100403,ACC00420,Collateral Return,80879.6,2025-10-07,APPR005,,True
1100404,ACC00829,Wire In,56279.05,2025-10-07,APPR005,,True
1100405,ACC00344,Collateral Return,274559.06,2025-10-07,APPR006,APPR002,True
1100406,ACC00354,Collateral Pledge,113388.88,2025-10-07,APPR007,,True
1100407,ACC00418,Wire In,134557.05,2025-10-07,APPR012,APPR002,True
1100408,ACC00217,Collateral Pledge,188641.88,2025-10-07,APPR006,,True
1100409,ACC00084,Collateral Pledge,313153.83,2025-10-07,APPR013,APPR003,True
1100410,ACC00235,Wire Out,128750.97,2025-10-07,APPR003,APPR001,True
1100411,ACC00768,Wire In,21507.4,2025-10-07,APPR001,,True
1100412,ACC00758,Collateral Pledge,209379.58,2025-10-08,APPR005,APPR009,True
1100413,ACC00426,Wire In,46194.34,2025-10-08,APPR011,APPR010,True
1100414,ACC00688,Wire In,16689.7,2025-10-08,APPR013,,True
1100415,ACC00031,Collateral Pledge,19518.4,2025-10-08,APPR012,,True
1100416,ACC00582,Wire In,14085.19,2025-10-08,APPR012,,True
1100417,ACC00300,Collateral Return,906454.02,2025-10-08,APPR011,APPR003,True
1100418,ACC00803,Wire Out,100562.22,2025-10-08,APPR008,,True
1100419,ACC00486,Wire Out,8643.9,2025-10-08,APPR002,,True
1100420,ACC00021,Wire In,395393.71,2025-10-08,APPR010,APPR013,True
1100421,ACC00556,Collateral Return,54795.8,2025-10-08,APPR009,,True
1100422,ACC00822,Collateral Return,206432.66,2025-10-08,APPR003,APPR008,True
1100423,ACC00722,Wire In,72519.0,2025-10-08,APPR004,APPR001,True
1100424,ACC00716,Wire In,785860.83,2025-10-08,APPR001,APPR014,True
1100425,ACC00677,Collateral Pledge,42872.83,2025-10-09,APPR010,APPR009,True
1100426,ACC00156,Wire Out,166350.31,2025-10-09,APPR003,APPR013,True
1100427,ACC00495,Collateral Pledge,1110397.4,2025-10-09,APPR007,APPR010,True
1100428,ACC00330,Collateral Return,164166.12,2025-10-09,APPR001,,True
1100429,ACC00130,Collateral Return,53406.88,2025-10-09,APPR002,,True
1100430,ACC00475,Collateral Pledge,146411.48,2025-10-09,APPR008,APPR011,True
1100431,ACC00541,Wire Out,513933.17,2025-10-09,APPR008,APPR003,True
1100432,ACC00535,Wire In,25995.55,2025-10-09,APPR001,,True
1100433,ACC00741,Collateral Return,51444.03,2025-10-09,APPR001,APPR013,True
1100434,ACC00808,Wire Out,15105.11,2025-10-09,APPR014,APPR008,True
1100435,ACC00754,Collateral Pledge,799346.3,2025-10-09,APPR007,APPR013,True
1100436,ACC00737,Wire In,247228.25,2025-10-09,APPR008,APPR014,True
1100437,ACC00106,Collateral Return,146557.2,2025-10-09,APPR007,,True
1100438,ACC00642,Collateral Return,40307.25,2025-10-09,APPR011,,True
1100439,ACC00760,Wire Out,144965.68,2025-10-10,APPR008,,True
1100440,ACC00035,Wire In,199497.9,2025-10-10,APPR005,APPR007,True
1100441,ACC00777,Collateral Return,55655.94,2025-10-10,APPR012,,True
1100442,ACC00337,Collateral Return,74436.68,2025-10-10,APPR010,,True
1100443,ACC00647,Wire Out,59177.89,2025-10-10,APPR014,APPR009,True
1100444,ACC00382,Collateral Pledge,19135.38,2025-10-10,APPR012,,True
1100445,ACC00194,Wire Out,86616.89,2025-10-10,APPR009,APPR012,True
1100446,ACC00644,Wire In,113605.72,2025-10-10,APPR003,,True
1100447,ACC00760,Wire Out,124962.33,2025-10-10,APPR001,,True
1100448,ACC00232,Collateral Pledge,25446.21,2025-10-10,APPR007,,True
1100449,ACC00705,Wire In,287092.95,2025-10-10,APPR010,APPR003,True
1100450,ACC00723,Collateral Return,35683.66,2025-10-10,APPR002,APPR009,True
1100451,ACC00894,Collateral Return,27060.63,2025-10-10,APPR003,,True
1100452,ACC00264,Wire In,79944.54,2025-10-10,APPR006,,True
1100453,ACC00820,Wire In,26609.24,2025-10-10,APPR006,,True
1100454,ACC00018,Collateral Pledge,118868.68,2025-10-10,APPR010,,True
1100455,ACC00521,Wire Out,349092.23,2025-10-10,APPR005,APPR003,True
1100456,ACC00103,Wire Out,77120.77,2025-10-10,APPR006,APPR001,True
1100457,ACC00315,Collateral Pledge,75813.19,2025-10-10,APPR002,APPR014,True
1100458,ACC00852,Collateral Pledge,430732.48,2025-10-10,APPR004,APPR012,True
1100459,ACC00464,Collateral Return,73765.36,2025-10-10,APPR010,APPR008,True
1100460,ACC00045,Collateral Return,28450.35,2025-10-13,APPR001,,True
1100461,ACC00584,Wire Out,166707.44,2025-10-13,APPR012,,True
1100462,ACC00724,Collateral Return,39359.87,2025-10-13,APPR013,,True
1100463,ACC00397,Collateral Return,767708.1,2025-10-13,APPR009,APPR004,True
1100464,ACC00127,Wire Out,20486.83,2025-10-13,APPR010,APPR012,True
1100465,ACC00533,Wire Out,153648.94,2025-10-13,APPR004,APPR006,False
1100466,ACC00117,Collateral Return,114304.41,2025-10-13,APPR013,APPR008,True
1100467,ACC00451,Wire Out,32988.75,2025-10-13,APPR011,APPR005,True
1100468,ACC00380,Collateral Pledge,11460.73,2025-10-13,APPR013,APPR012,True
1100469,ACC00403,Collateral Pledge,75946.57,2025-10-13,APPR003,,True
1100470,ACC00477,Wire Out,141500.89,2025-10-13,APPR003,APPR008,True
1100471,ACC00518,Wire Out,109036.95,2025-10-13,APPR002,,True
1100472,ACC00515,Collateral Return,527653.98,2025-10-13,APPR010,APPR011,True
1100473,ACC00043,Wire In,1308205.63,2025-10-13,APPR006,APPR011,True
1100474,ACC00470,Wire In,57388.8,2025-10-13,APPR008,,True
1100475,ACC00438,Collateral Return,123668.14,2025-10-13,APPR009,,True
1100476,ACC00797,Wire In,48598.98,2025-10-13,APPR009,,True
1100477,ACC00607,Collateral Pledge,60303.15,2025-10-14,APPR003,,True
1100478,ACC00751,Collateral Return,105323.82,2025-10-14,APPR009,,True
1100479,ACC00243,Wire Out,485479.15,2025-10-14,APPR010,APPR012,True
1100480,ACC00295,Wire Out,57932.93,2025-10-14,APPR004,APPR006,True
1100481,ACC00223,Collateral Return,94904.08,2025-10-14,APPR007,,True
1100482,ACC00669,Wire In,205247.98,2025-10-14,APPR008,,True
1100483,ACC00592,Collateral Pledge,62437.73,2025-10-14,APPR014,,True
1100484,ACC00379,Collateral Pledge,262983.15,2025-10-14,APPR011,APPR012,True
1100485,ACC00377,Collateral Pledge,145145.75,2025-10-14,APPR008,APPR009,True
1100486,ACC00001,Collateral Pledge,31514.32,2025-10-14,APPR004,APPR005,True
1100487,ACC00777,Wire Out,7165.12,2025-10-14,APPR009,APPR005,True
1100488,ACC00848,Collateral Return,3772.04,2025-10-14,APPR012,,True
1100489,ACC00030,Wire Out,42525.59,2025-10-14,APPR011,,True
1100490,ACC00371,Collateral Pledge,490475.35,2025-10-14,APPR013,APPR010,True
1100491,ACC00122,Collateral Pledge,78956.37,2025-10-14,APPR001,,True
1100492,ACC00418,Collateral Pledge,57457.22,2025-10-14,APPR009,APPR002,True
1100493,ACC00399,Wire Out,44401.13,2025-10-14,APPR014,APPR001,True
1100494,ACC00885,Collateral Pledge,27999.84,2025-10-14,APPR004,APPR010,True
1100495,ACC00159,Collateral Return,70609.8,2025-10-15,APPR014,,True
1100496,ACC00742,Collateral Return,148517.47,2025-10-15,APPR007,APPR008,True
1100497,ACC00334,Collateral Return,130215.6,2025-10-15,APPR007,APPR013,True
1100498,ACC00895,Wire Out,5435.31,2025-10-15,APPR006,APPR003,True
1100499,ACC00267,Collateral Pledge,176849.71,2025-10-15,APPR012,APPR004,True
1100500,ACC00247,Collateral Return,32451.47,2025-10-15,APPR002,APPR011,True
1100501,ACC00410,Collateral Pledge,56913.63,2025-10-15,APPR011,APPR010,True
1100502,ACC00681,Wire In,426279.77,2025-10-15,APPR010,APPR014,True
1100503,ACC00785,Collateral Return,12282.63,2025-10-15,APPR008,,True
1100504,ACC00059,Collateral Pledge,136306.01,2025-10-15,APPR005,APPR001,True
1100505,ACC00067,Collateral Return,18754.27,2025-10-16,APPR012,,True
1100506,ACC00356,Collateral Pledge,145113.25,2025-10-16,APPR001,,True
1100507,ACC00841,Collateral Pledge,529848.32,2025-10-16,APPR014,APPR007,True
1100508,ACC00364,Wire Out,178011.0,2025-10-16,APPR011,,True
1100509,ACC00803,Collateral Return,625441.16,2025-10-16,APPR004,APPR010,True
1100510,ACC00657,Collateral Pledge,51497.38,2025-10-16,APPR008,APPR011,True
1100511,ACC00718,Collateral Pledge,9737.16,2025-10-16,APPR014,APPR005,True
1100512,ACC00618,Collateral Return,180503.32,2025-10-16,APPR004,APPR006,True
1100513,ACC00259,Collateral Return,132414.05,2025-10-16,APPR012,APPR007,True
1100514,ACC00793,Wire In,88052.92,2025-10-16,APPR008,APPR012,True
1100515,ACC00801,Collateral Pledge,82836.38,2025-10-16,APPR007,APPR006,True
1100516,ACC00393,Collateral Pledge,62471.1,2025-10-16,APPR002,APPR009,True
1100517,ACC00747,Wire In,13118.02,2025-10-16,APPR010,APPR007,True
1100518,ACC00655,Wire Out,207147.8,2025-10-16,APPR011,,True
1100519,ACC00262,Collateral Return,4680.55,2025-10-17,APPR009,,True
1100520,ACC00284,Collateral Pledge,1752902.15,2025-10-17,APPR014,APPR005,True
1100521,ACC00897,Collateral Pledge,114419.39,2025-10-17,APPR007,APPR012,True
1100522,ACC00030,Wire Out,532118.49,2025-10-17,APPR002,APPR001,True
1100523,ACC00582,Wire In,199222.71,2025-10-17,APPR002,,True
1100524,ACC00126,Collateral Return,64926.0,2025-10-17,APPR012,APPR005,True
1100525,ACC00647,Wire Out,73298.49,2025-10-17,APPR011,APPR004,True
1100526,ACC00267,Wire Out,12553.58,2025-10-17,APPR005,,True
1100527,ACC00775,Wire In,15851.2,2025-10-17,APPR013,APPR011,True
1100528,ACC00767,Wire Out,71233.27,2025-10-17,APPR001,,True
1100529,ACC00656,Collateral Pledge,558005.59,2025-10-17,APPR001,APPR011,True
1100530,ACC00108,Collateral Return,261119.65,2025-10-17,APPR006,APPR009,True
1100531,ACC00843,Collateral Pledge,197410.62,2025-10-17,APPR010,APPR005,True
1100532,ACC00092,Wire In,258177.75,2025-10-17,APPR007,APPR013,True
1100533,ACC00210,Collateral Pledge,1878807.55,2025-10-17,APPR010,APPR008,True
1100534,ACC00791,Collateral Return,66938.55,2025-10-17,APPR008,APPR002,True
1100535,ACC00302,Wire Out,128689.52,2025-10-17,APPR006,APPR002,True
1100536,ACC00230,Collateral Return,101516.91,2025-10-17,APPR014,,True
1100537,ACC00167,Wire Out,150586.75,2025-10-17,APPR012,,True
1100538,ACC00316,Collateral Pledge,84869.89,2025-10-20,APPR013,,True
1100539,ACC00212,Collateral Pledge,94659.76,2025-10-20,APPR002,,True
1100540,ACC00077,Wire Out,255010.07,2025-10-20,APPR014,APPR001,True
1100541,ACC00683,Collateral Pledge,5816.13,2025-10-20,APPR006,,True
1100542,ACC00267,Collateral Return,35513.29,2025-10-20,APPR005,,True
1100543,ACC00887,Collateral Return,18977.88,2025-10-20,APPR001,,True
1100544,ACC00582,Collateral Pledge,59803.04,2025-10-20,APPR013,,True
1100545,ACC00768,Collateral Return,424828.33,2025-10-20,APPR012,APPR002,True
1100546,ACC00275,Wire Out,451175.39,2025-10-20,APPR004,APPR008,True
1100547,ACC00664,Collateral Pledge,22264.23,2025-10-20,APPR009,,True
1100548,ACC00375,Collateral Return,49575.07,2025-10-20,APPR003,APPR006,True
1100549,ACC00173,Collateral Pledge,159602.5,2025-10-20,APPR013,APPR007,True
1100550,ACC00824,Collateral Return,123304.75,2025-10-20,APPR009,,True
1100551,ACC00581,Collateral Return,598523.2,2025-10-20,APPR012,APPR009,True
1100552,ACC00699,Collateral Pledge,69381.31,2025-10-20,APPR005,APPR011,True
1100553,ACC00290,Wire Out,24245.25,2025-10-20,APPR010,,True
1100554,ACC00773,Wire Out,411645.9,2025-10-20,APPR014,APPR001,True
1100555,ACC00871,Wire Out,281295.11,2025-10-20,APPR004,APPR013,True
1100556,ACC00713,Collateral Pledge,14679.97,2025-10-20,APPR005,,True
1100557,ACC00360,Wire In,130825.69,2025-10-21,APPR006,,True
1100558,ACC00329,Collateral Pledge,28818.9,2025-10-21,APPR001,,True
1100559,ACC00880,Wire Out,18820.68,2025-10-21,APPR009,,True
1100560,ACC00841,Collateral Return,247835.1,2025-10-21,APPR003,,True
1100561,ACC00241,Wire In,86108.03,2025-10-21,APPR011,,True
1100562,ACC00441,Wire Out,55212.54,2025-10-21,APPR012,,True
1100563,ACC00197,Wire Out,87664.44,2025-10-21,APPR004,,True
1100564,ACC00302,Wire Out,3498587.78,2025-10-21,APPR012,APPR010,True
1100565,ACC00776,Collateral Pledge,20894.23,2025-10-21,APPR002,APPR004,True
1100566,ACC00208,Wire In,58105.19,2025-10-21,APPR005,APPR013,True
1100567,ACC00010,Collateral Return,61266.96,2025-10-21,APPR007,APPR005,True
1100568,ACC00047,Collateral Pledge,46132.56,2025-10-21,APPR009,,True
1100569,ACC00604,Wire In,162196.48,2025-10-21,APPR013,APPR012,True
1100570,ACC00579,Wire Out,62736.48,2025-10-21,APPR001,APPR014,True
1100571,ACC00466,Collateral Pledge,30682.25,2025-10-21,APPR001,APPR006,True
1100572,ACC00005,Wire Out,157373.92,2025-10-21,APPR009,APPR012,True
1100573,ACC00475,Wire In,89740.19,2025-10-21,APPR002,,True
1100574,ACC00565,Wire Out,46676.97,2025-10-21,APPR004,APPR008,True
1100575,ACC00373,Wire Out,926516.07,2025-10-21,APPR007,APPR003,True
1100576,ACC00134,Collateral Pledge,21464.14,2025-10-21,APPR008,,True
1100577,ACC00571,Wire In,151083.25,2025-10-21,APPR002,APPR011,False
1100578,ACC00260,Wire Out,24386.17,2025-10-21,APPR006,APPR002,True
1100579,ACC00273,Collateral Return,498907.42,2025-10-21,APPR005,APPR010,True
1100580,ACC00787,Wire In,97854.88,2025-10-21,APPR005,,True
1100581,ACC00081,Collateral Pledge,7852.44,2025-10-21,APPR006,,True
1100582,ACC00766,Collateral Return,208919.01,2025-10-21,APPR010,APPR003,False
1100583,ACC00845,Wire Out,329341.29,2025-10-22,APPR010,APPR011,True
1100584,ACC00771,Collateral Pledge,455481.02,2025-10-22,APPR011,APPR004,True
1100585,ACC00814,Wire In,120845.69,2025-10-22,APPR011,APPR004,True
1100586,ACC00649,Wire Out,65487.99,2025-10-22,APPR002,,True
1100587,ACC00395,Wire Out,93986.41,2025-10-22,APPR013,,True
1100588,ACC00189,Collateral Return,234582.97,2025-10-22,APPR005,,True
1100589,ACC00447,Collateral Pledge,191936.13,2025-10-22,APPR013,,True
1100590,ACC00394,Wire Out,333916.64,2025-10-22,APPR010,APPR005,True
1100591,ACC00814,Wire In,56600.88,2025-10-22,APPR012,,True
1100592,ACC00493,Wire Out,541987.68,2025-10-22,APPR001,APPR005,True
1100593,ACC00806,Wire Out,15022.59,2025-10-22,APPR002,,True
1100594,ACC00017,Wire In,82657.81,2025-10-22,APPR006,,True
1100595,ACC00442,Collateral Pledge,8846.4,2025-10-22,APPR004,APPR003,True
1100596,ACC00400,Wire Out,1014714.74,2025-10-22,APPR006,,True
1100597,ACC00700,Wire In,79940.75,2025-10-23,APPR014,,True
1100598,ACC00278,Collateral Pledge,74163.17,2025-10-23,APPR002,,True
1100599,ACC00115,Wire Out,96157.01,2025-10-23,APPR007,,True
1100600,ACC00711,Collateral Pledge,129237.54,2025-10-23,APPR006,,True
1100601,ACC00726,Wire Out,4374.35,2025-10-23,APPR007,,True
1100602,ACC00701,Wire Out,552036.92,2025-10-23,APPR007,APPR002,False
1100603,ACC00706,Collateral Pledge,166054.29,2025-10-23,APPR012,,True
1100604,ACC00206,Collateral Return,18039.9,2025-10-23,APPR001,APPR013,True
1100605,ACC00891,Wire Out,45056.39,2025-10-23,APPR008,,False
1100606,ACC00194,Collateral Return,9267.08,2025-10-23,APPR014,APPR003,True
1100607,ACC00403,Collateral Pledge,217830.02,2025-10-23,APPR004,,True
1100608,ACC00439,Wire Out,692583.62,2025-10-23,APPR010,APPR006,True
1100609,ACC00834,Collateral Pledge,234567.29,2025-10-23,APPR013,APPR002,True
1100610,ACC00545,Wire In,26360.02,2025-10-23,APPR001,,True
1100611,ACC00547,Collateral Pledge,288823.45,2025-10-23,APPR014,APPR002,True
1100612,ACC00057,Collateral Pledge,29254.48,2025-10-24,APPR013,APPR008,True
1100613,ACC00176,Collateral Return,28002.04,2025-10-24,APPR010,,True
1100614,ACC00793,Wire In,104482.6,2025-10-24,APPR007,APPR008,True
1100615,ACC00186,Collateral Pledge,25993.41,2025-10-24,APPR013,,True
1100616,ACC00215,Wire In,23908.03,2025-10-24,APPR001,,True
1100617,ACC00794,Wire Out,19405.64,2025-10-24,APPR004,APPR012,True
1100618,ACC00714,Wire Out,545342.64,2025-10-24,APPR014,APPR002,True
1100619,ACC00171,Collateral Pledge,49943.38,2025-10-24,APPR009,,True
1100620,ACC00769,Wire Out,178987.79,2025-10-24,APPR013,,True
1100621,ACC00482,Wire Out,159831.01,2025-10-24,APPR009,APPR012,True
1100622,ACC00035,Collateral Return,436616.04,2025-10-24,APPR004,APPR005,True
1100623,ACC00841,Collateral Pledge,81850.58,2025-10-24,APPR013,APPR006,True
1100624,ACC00473,Collateral Pledge,116309.87,2025-10-24,APPR011,,True
1100625,ACC00467,Collateral Return,735363.18,2025-10-24,APPR013,APPR008,False
1100626,ACC00492,Wire In,22740.73,2025-10-24,APPR004,APPR001,True
1100627,ACC00503,Wire In,18937.37,2025-10-24,APPR002,APPR009,True
1100628,ACC00060,Collateral Pledge,29060.91,2025-10-27,APPR008,APPR012,True
1100629,ACC00820,Collateral Return,58902.38,2025-10-27,APPR008,APPR004,True
1100630,ACC00774,Wire Out,47599.55,2025-10-27,APPR003,,True
1100631,ACC00105,Wire Out,138362.52,2025-10-27,APPR003,APPR013,True
1100632,ACC00717,Wire Out,100960.18,2025-10-27,APPR009,,True
1100633,ACC00078,Wire In,2731157.13,2025-10-27,APPR010,APPR005,True
1100634,ACC00099,Collateral Return,302453.22,2025-10-27,APPR001,APPR013,True
1100635,ACC00115,Wire Out,724480.24,2025-10-27,APPR004,,True
1100636,ACC00266,Wire In,500094.36,2025-10-27,APPR007,APPR004,True
1100637,ACC00479,Collateral Return,287604.98,2025-10-27,APPR008,APPR013,True
1100638,ACC00769,Wire Out,6656.2,2025-10-27,APPR002,APPR011,True
1100639,ACC00885,Collateral Pledge,65670.25,2025-10-27,APPR013,APPR011,True
1100640,ACC00602,Collateral Return,152715.86,2025-10-27,APPR009,,True
1100641,ACC00407,Wire Out,20928.38,2025-10-27,APPR014,APPR005,True
1100642,ACC00768,Collateral Return,374995.24,2025-10-28,APPR006,APPR002,True
1100643,ACC00267,Wire In,81892.37,2025-10-28,APPR003,,True
1100644,ACC00640,Wire Out,95316.71,2025-10-28,APPR010,,True
1100645,ACC00346,Wire In,198141.22,2025-10-28,APPR002,,True
1100646,ACC00884,Collateral Return,175917.19,2025-10-28,APPR006,APPR008,True
1100647,ACC00221,Collateral Return,122368.49,2025-10-28,APPR011,APPR002,True
1100648,ACC00885,Wire In,18856.03,2025-10-28,APPR003,,True
1100649,ACC00874,Wire Out,54953.04,2025-10-28,APPR014,APPR006,True
1100650,ACC00468,Wire Out,85950.53,2025-10-28,APPR003,,True
1100651,ACC00899,Wire In,247883.7,2025-10-28,APPR003,,True
1100652,ACC00336,Wire Out,95341.42,2025-10-28,APPR013,APPR008,True
1100653,ACC00661,Collateral Return,16711.51,2025-10-28,APPR010,,True
1100654,ACC00682,Wire In,125133.36,2025-10-28,APPR003,APPR007,True
1100655,ACC00872,Wire In,133800.63,2025-10-28,APPR012,APPR003,True
1100656,ACC00174,Wire Out,144331.9,2025-10-28,APPR010,,True
1100657,ACC00781,Collateral Return,28714.75,2025-10-29,APPR013,,True
1100658,ACC00608,Wire Out,41710.25,2025-10-29,APPR009,APPR005,True
1100659,ACC00542,Wire In,20186.84,2025-10-29,APPR001,,True
1100660,ACC00726,Wire Out,51953.76,2025-10-29,APPR007,,True
1100661,ACC00229,Wire Out,63324.21,2025-10-29,APPR012,APPR003,True
1100662,ACC00756,Collateral Return,339423.79,2025-10-29,APPR008,APPR005,True
1100663,ACC00653,Collateral Pledge,351405.13,2025-10-29,APPR001,,True
1100664,ACC00581,Collateral Pledge,88845.79,2025-10-29,APPR001,APPR002,True
1100665,ACC00337,Collateral Pledge,1004360.38,2025-10-29,APPR006,APPR002,True
1100666,ACC00046,Wire In,82443.16,2025-10-29,APPR009,,True
1100667,ACC00795,Wire Out,322260.4,2025-10-29,APPR005,APPR012,True
1100668,ACC00518,Wire In,28854.25,2025-10-29,APPR003,,True
1100669,ACC00871,Collateral Return,74195.34,2025-10-29,APPR011,,True
1100670,ACC00094,Wire In,183289.29,2025-10-29,APPR011,,True
1100671,ACC00527,Collateral Pledge,30777.2,2025-10-29,APPR002,APPR012,True
1100672,ACC00048,Wire Out,48412.01,2025-10-29,APPR014,,True
1100673,ACC00016,Collateral Return,171995.81,2025-10-29,APPR010,,True
1100674,ACC00581,Wire In,104154.98,2025-10-29,APPR003,APPR014,True
1100675,ACC00295,Wire In,34433.73,2025-10-30,APPR008,APPR002,True
1100676,ACC00668,Collateral Pledge,353833.71,2025-10-30,APPR009,APPR005,True
1100677,ACC00711,Wire Out,131092.71,2025-10-30,APPR003,APPR002,True
1100678,ACC00771,Wire Out,242074.72,2025-10-30,APPR006,,True
1100679,ACC00730,Wire In,159364.93,2025-10-30,APPR013,,True
1100680,ACC00517,Collateral Return,668745.07,2025-10-30,APPR005,APPR008,True
1100681,ACC00419,Wire In,63658.87,2025-10-30,APPR007,APPR012,True
1100682,ACC00677,Collateral Pledge,164369.21,2025-10-30,APPR007,,True
1100683,ACC00123,Wire In,34119.38,2025-10-30,APPR007,,True
1100684,ACC00898,Collateral Pledge,40477.68,2025-10-30,APPR008,APPR012,True
1100685,ACC00522,Collateral Pledge,301661.59,2025-10-30,APPR012,APPR002,True
1100686,ACC00877,Wire Out,57088.82,2025-10-31,APPR004,,True
1100687,ACC00501,Wire In,150890.53,2025-10-31,APPR010,APPR005,True
1100688,ACC00004,Collateral Pledge,107869.15,2025-10-31,APPR006,,True
1100689,ACC00174,Wire In,219835.74,2025-10-31,APPR013,,True
1100690,ACC00696,Wire In,1326351.09,2025-10-31,APPR011,APPR009,True
1100691,ACC00442,Wire Out,82742.83,2025-10-31,APPR014,,True
1100692,ACC00132,Wire In,182266.35,2025-10-31,APPR008,,True
1100693,ACC00442,Collateral Pledge,20607.03,2025-10-31,APPR011,,True
1100694,ACC00225,Collateral Return,118621.59,2025-10-31,APPR012,,True
1100695,ACC00112,Collateral Pledge,77220.59,2025-10-31,APPR012,,True
1100696,ACC00713,Collateral Return,48030.04,2025-10-31,APPR013,APPR006,True
1100697,ACC00024,Collateral Return,56812.71,2025-11-03,APPR004,APPR002,True
1100698,ACC00741,Collateral Pledge,49641.6,2025-11-03,APPR005,,True
1100699,ACC00761,Wire Out,189328.72,2025-11-03,APPR010,,True
1100700,ACC00834,Wire In,222195.81,2025-11-03,APPR001,APPR012,True
1100701,ACC00265,Wire In,6085.28,2025-11-03,APPR013,APPR004,True
1100702,ACC00291,Wire Out,537759.17,2025-11-03,APPR003,APPR014,True
1100703,ACC00887,Wire Out,252816.6,2025-11-03,APPR009,APPR001,True
1100704,ACC00019,Wire Out,58206.26,2025-11-03,APPR010,,True
1100705,ACC00718,Collateral Return,11082.65,2025-11-03,APPR002,APPR003,True
1100706,ACC00766,Wire In,49296.06,2025-11-03,APPR003,APPR009,True
1100707,ACC00294,Collateral Return,28199.41,2025-11-03,APPR014,APPR003,True
1100708,ACC00375,Wire Out,40185.52,2025-11-03,APPR004,APPR006,True
1100709,ACC00457,Wire Out,113321.54,2025-11-03,APPR001,APPR010,True
1100710,ACC00444,Wire In,11413.86,2025-11-03,APPR011,,True
1100711,ACC00721,Wire In,40512.29,2025-11-03,APPR001,,True
1100712,ACC00622,Wire Out,483292.44,2025-11-03,APPR009,APPR011,True
1100713,ACC00232,Wire Out,77467.31,2025-11-03,APPR010,,True
1100714,ACC00522,Collateral Pledge,3309.98,2025-11-03,APPR011,,True
1100715,ACC00111,Collateral Pledge,21045.74,2025-11-04,APPR011,APPR009,True
1100716,ACC00864,Collateral Pledge,54881.4,2025-11-04,APPR002,APPR014,True
1100717,ACC00628,Collateral Return,392185.93,2025-11-04,APPR004,APPR011,True
1100718,ACC00258,Wire Out,23135.1,2025-11-04,APPR013,,True
1100719,ACC00062,Collateral Pledge,76638.29,2025-11-04,APPR007,APPR003,True
1100720,ACC00810,Collateral Return,102616.24,2025-11-04,APPR011,,True
1100721,ACC00874,Collateral Pledge,60436.06,2025-11-04,APPR012,,True
1100722,ACC00072,Wire Out,37271.65,2025-11-04,APPR001,APPR011,True
1100723,ACC00313,Wire In,115374.97,2025-11-04,APPR012,APPR014,True
1100724,ACC00045,Collateral Pledge,265253.13,2025-11-04,APPR011,APPR010,True
1100725,ACC00727,Collateral Return,374189.55,2025-11-04,APPR011,APPR009,True
1100726,ACC00847,Wire Out,30520.08,2025-11-04,APPR014,APPR004,True
1100727,ACC00591,Wire In,186546.9,2025-11-04,APPR001,APPR008,True
1100728,ACC00638,Collateral Pledge,245594.76,2025-11-04,APPR014,APPR012,True
1100729,ACC00328,Wire Out,908599.59,2025-11-04,APPR011,APPR001,True
1100730,ACC00493,Wire Out,171423.69,2025-11-04,APPR002,APPR013,True
1100731,ACC00136,Collateral Pledge,389416.26,2025-11-04,APPR008,APPR003,True
1100732,ACC00832,Collateral Pledge,32025.83,2025-11-04,APPR009,APPR007,True
1100733,ACC00654,Wire Out,44675.11,2025-11-04,APPR004,APPR007,False
1100734,ACC00146,Collateral Pledge,536614.88,2025-11-04,APPR004,APPR013,True
1100735,ACC00076,Wire Out,56022.87,2025-11-04,APPR014,,True
1100736,ACC00246,Collateral Pledge,991477.92,2025-11-05,APPR008,APPR003,True
1100737,ACC00118,Wire Out,19642.82,2025-11-05,APPR008,APPR010,True
1100738,ACC00310,Wire In,453208.79,2025-11-05,APPR004,APPR010,False
1100739,ACC00407,Collateral Pledge,15188.27,2025-11-05,APPR002,,True
1100740,ACC00733,Collateral Return,28482.88,2025-11-05,APPR014,APPR003,True
1100741,ACC00286,Wire In,638516.57,2025-11-05,APPR005,APPR013,True
1100742,ACC00312,Collateral Return,235213.81,2025-11-05,APPR009,,True
1100743,ACC00169,Wire Out,117017.18,2025-11-05,APPR001,APPR007,True
1100744,ACC00030,Collateral Return,29014.54,2025-11-05,APPR013,,True
1100745,ACC00661,Collateral Return,127284.02,2025-11-05,APPR005,,True
1100746,ACC00017,Wire Out,285136.12,2025-11-05,APPR004,APPR006,True
1100747,ACC00101,Wire Out,33066.19,2025-11-05,APPR004,,True
1100748,ACC00845,Collateral Pledge,65143.79,2025-11-05,APPR010,APPR012,True
1100749,ACC00180,Collateral Pledge,997971.15,2025-11-05,APPR004,APPR003,True
1100750,ACC00670,Collateral Return,458500.97,2025-11-06,APPR009,APPR013,True
1100751,ACC00425,Collateral Return,59934.44,2025-11-06,APPR014,APPR004,True
1100752,ACC00269,Wire In,118173.41,2025-11-06,APPR001,,True
1100753,ACC00099,Collateral Return,41596.01,2025-11-06,APPR011,,True
1100754,ACC00825,Collateral Pledge,115806.98,2025-11-06,APPR011,APPR001,True
1100755,ACC00789,Collateral Return,345634.75,2025-11-06,APPR014,APPR009,True
1100756,ACC00685,Collateral Return,1425473.29,2025-11-06,APPR003,APPR008,True
1100757,ACC00513,Collateral Pledge,24196.06,2025-11-06,APPR002,APPR003,True
1100758,ACC00828,Collateral Return,29205.65,2025-11-06,APPR013,,True
1100759,ACC00371,Collateral Return,77429.57,2025-11-06,APPR010,APPR011,True
1100760,ACC00232,Collateral Pledge,63909.61,2025-11-06,APPR003,,False
1100761,ACC00123,Collateral Pledge,986368.27,2025-11-06,APPR013,APPR001,True
1100762,ACC00564,Wire In,85809.3,2025-11-06,APPR012,,True
1100763,ACC00557,Collateral Return,131718.18,2025-11-06,APPR008,,True
1100764,ACC00645,Collateral Return,119906.65,2025-11-07,APPR006,,True
1100765,ACC00483,Collateral Return,247434.12,2025-11-07,APPR005,APPR014,True
1100766,ACC00843,Wire In,539445.1,2025-11-07,APPR009,APPR007,True
1100767,ACC00153,Wire In,189062.34,2025-11-07,APPR011,APPR005,True
1100768,ACC00161,Collateral Return,96133.32,2025-11-07,APPR008,,True
1100769,ACC00175,Collateral Return,40620.26,2025-11-07,APPR012,APPR013,True
1100770,ACC00379,Collateral Return,338409.41,2025-11-07,APPR001,APPR011,True
1100771,ACC00177,Collateral Pledge,75585.91,2025-11-07,APPR013,,True
1100772,ACC00338,Wire In,8247.8,2025-11-07,APPR013,,False
1100773,ACC00369,Collateral Return,65795.06,2025-11-07,APPR011,APPR006,True
1100774,ACC00235,Collateral Return,121765.38,2025-11-07,APPR008,,True
1100775,ACC00622,Collateral Pledge,112433.01,2025-11-07,APPR013,APPR008,True
1100776,ACC00734,Collateral Return,20638.92,2025-11-07,APPR013,,True
1100777,ACC00221,Wire Out,117485.56,2025-11-07,APPR003,APPR009,True
1100778,ACC00823,Collateral Return,209727.12,2025-11-07,APPR014,APPR013,True
1100779,ACC00435,Collateral Return,70515.99,2025-11-07,APPR012,APPR003,True
1100780,ACC00743,Wire Out,59743.14,2025-11-07,APPR007,,True
1100781,ACC00873,Wire In,315902.15,2025-11-07,APPR008,APPR012,True
1100782,ACC00269,Collateral Pledge,336825.54,2025-11-10,APPR006,APPR013,True
1100783,ACC00457,Collateral Pledge,115000.58,2025-11-10,APPR004,,True
1100784,ACC00613,Wire Out,130291.74,2025-11-10,APPR008,APPR003,True
1100785,ACC00666,Collateral Pledge,1025721.42,2025-11-10,APPR014,APPR010,True
1100786,ACC00622,Collateral Pledge,91501.51,2025-11-10,APPR005,,True
1100787,ACC00695,Wire In,65289.63,2025-11-10,APPR005,,True
1100788,ACC00330,Collateral Return,381011.03,2025-11-10,APPR008,APPR002,True
1100789,ACC00857,Wire Out,122990.16,2025-11-10,APPR001,,True
1100790,ACC00794,Wire In,744042.71,2025-11-10,APPR004,APPR014,True
1100791,ACC00635,Wire Out,30747.12,2025-11-10,APPR012,,True
1100792,ACC00501,Wire In,222752.78,2025-11-10,APPR002,,True
1100793,ACC00036,Wire In,269602.13,2025-11-10,APPR003,APPR010,True
1100794,ACC00709,Wire In,103976.62,2025-11-10,APPR007,APPR012,False
1100795,ACC00678,Wire In,48142.57,2025-11-10,APPR012,APPR005,True
1100796,ACC00341,Collateral Pledge,24622.55,2025-11-10,APPR009,APPR008,True
1100797,ACC00878,Collateral Return,3168463.85,2025-11-11,APPR004,APPR010,True
1100798,ACC00376,Collateral Return,118692.79,2025-11-11,APPR011,,True
1100799,ACC00615,Wire Out,515329.63,2025-11-11,APPR013,APPR003,True
1100800,ACC00301,Collateral Return,44400.79,2025-11-11,APPR006,,True
1100801,ACC00168,Wire In,154037.34,2025-11-11,APPR007,APPR010,True
1100802,ACC00694,Wire Out,31892.87,2025-11-11,APPR004,,True
1100803,ACC00546,Wire Out,438946.0,2025-11-11,APPR014,APPR013,True
1100804,ACC00755,Wire In,28293.41,2025-11-11,APPR009,APPR002,True
1100805,ACC00064,Collateral Pledge,45380.94,2025-11-11,APPR010,,True
1100806,ACC00691,Wire Out,199835.03,2025-11-11,APPR002,,True
1100807,ACC00236,Wire Out,39388.77,2025-11-11,APPR005,APPR014,True
1100808,ACC00458,Collateral Return,142348.71,2025-11-11,APPR014,,True
1100809,ACC00552,Wire In,22165.37,2025-11-11,APPR003,APPR010,True
1100810,ACC00128,Collateral Return,11105.35,2025-11-11,APPR011,APPR005,True
1100811,ACC00889,Collateral Return,463000.29,2025-11-11,APPR006,APPR009,True
1100812,ACC00821,Collateral Return,292450.2,2025-11-11,APPR008,APPR014,True
1100813,ACC00005,Wire In,515895.24,2025-11-11,APPR004,APPR005,True
1100814,ACC00151,Collateral Pledge,166016.63,2025-11-11,APPR005,APPR012,True
1100815,ACC00792,Collateral Pledge,53812.81,2025-11-11,APPR006,APPR002,False
1100816,ACC00726,Wire In,11034.62,2025-11-11,APPR003,,True
1100817,ACC00810,Collateral Return,53448.81,2025-11-11,APPR002,,True
1100818,ACC00648,Collateral Pledge,16209.13,2025-11-11,APPR011,APPR006,True
1100819,ACC00339,Collateral Return,47982.57,2025-11-11,APPR005,,True
1100820,ACC00814,Collateral Pledge,32047.07,2025-11-12,APPR001,APPR002,True
1100821,ACC00320,Collateral Pledge,307528.55,2025-11-12,APPR010,APPR005,True
1100822,ACC00277,Collateral Return,95428.35,2025-11-12,APPR004,APPR014,True
1100823,ACC00594,Wire In,4573.81,2025-11-12,APPR010,,True
1100824,ACC00768,Wire In,8159.67,2025-11-12,APPR002,APPR010,True
1100825,ACC00839,Wire Out,204633.76,2025-11-12,APPR001,,True
1100826,ACC00241,Wire Out,1459177.89,2025-11-13,APPR008,APPR002,True
1100827,ACC00855,Collateral Return,918351.41,2025-11-13,APPR009,APPR006,True
1100828,ACC00022,Wire In,7790.26,2025-11-13,APPR001,APPR012,True
1100829,ACC00664,Wire In,106425.08,2025-11-13,APPR002,APPR004,True
1100830,ACC00680,Wire Out,15501.47,2025-11-13,APPR002,APPR012,True
1100831,ACC00339,Collateral Pledge,142949.46,2025-11-13,APPR002,,True
1100832,ACC00822,Collateral Pledge,52841.6,2025-11-13,APPR003,,True
1100833,ACC00193,Wire In,53100.87,2025-11-13,APPR001,APPR005,True
1100834,ACC00133,Collateral Return,45085.02,2025-11-13,APPR002,APPR006,True
1100835,ACC00315,Collateral Pledge,254706.37,2025-11-13,APPR007,APPR002,True
1100836,ACC00831,Wire In,65284.45,2025-11-13,APPR010,,True
1100837,ACC00358,Collateral Return,68391.06,2025-11-13,APPR001,APPR009,True
1100838,ACC00036,Wire Out,30962.41,2025-11-13,APPR012,,True
1100839,ACC00332,Collateral Pledge,646505.18,2025-11-13,APPR010,APPR014,True
1100840,ACC00683,Wire Out,182004.3,2025-11-13,APPR012,,True
1100841,ACC00732,Collateral Return,95901.37,2025-11-13,APPR008,,True
1100842,ACC00782,Wire In,105675.3,2025-11-13,APPR007,APPR006,True
1100843,ACC00285,Wire In,74159.8,2025-11-13,APPR003,,True
1100844,ACC00405,Wire Out,40621.1,2025-11-14,APPR001,,True
1100845,ACC00612,Wire In,112894.52,2025-11-14,APPR014,,True
1100846,ACC00198,Wire In,421951.77,2025-11-14,APPR004,APPR009,True
1100847,ACC00301,Wire In,67902.86,2025-11-14,APPR014,APPR008,True
1100848,ACC00765,Wire In,129719.9,2025-11-14,APPR005,,True
1100849,ACC00553,Collateral Pledge,42145.42,2025-11-14,APPR001,,True
1100850,ACC00782,Wire In,1013242.31,2025-11-14,APPR012,APPR005,True
1100851,ACC00689,Wire In,126901.75,2025-11-14,APPR014,APPR010,True
1100852,ACC00443,Wire In,13219.35,2025-11-14,APPR003,,True
1100853,ACC00421,Collateral Return,16177.63,2025-11-14,APPR013,,True
1100854,ACC00189,Collateral Pledge,346755.12,2025-11-14,APPR008,APPR013,True
1100855,ACC00229,Wire Out,14414.86,2025-11-14,APPR011,,True
1100856,ACC00287,Wire In,83455.54,2025-11-14,APPR014,APPR011,True
1100857,ACC00804,Wire Out,94281.27,2025-11-14,APPR004,APPR010,True
1100858,ACC00140,Collateral Pledge,49375.69,2025-11-14,APPR009,APPR003,True
1100859,ACC00104,Wire Out,24955.42,2025-11-14,APPR004,APPR008,True
1100860,ACC00322,Wire Out,61907.75,2025-11-17,APPR012,,True
1100861,ACC00681,Collateral Pledge,111215.2,2025-11-17,APPR005,APPR004,True
1100862,ACC00569,Wire In,250811.93,2025-11-17,APPR010,APPR006,True
1100863,ACC00187,Collateral Pledge,9752.47,2025-11-17,APPR002,APPR003,True
1100864,ACC00680,Collateral Pledge,237039.69,2025-11-17,APPR013,,True
1100865,ACC00853,Collateral Pledge,128375.5,2025-11-17,APPR011,,True
1100866,ACC00626,Wire In,146933.26,2025-11-17,APPR005,,True
1100867,ACC00635,Wire In,154102.14,2025-11-17,APPR005,APPR006,True
1100868,ACC00336,Collateral Return,39910.86,2025-11-17,APPR009,APPR002,True
1100869,ACC00393,Collateral Pledge,156372.1,2025-11-17,APPR013,,True
1100870,ACC00711,Collateral Pledge,448583.47,2025-11-17,APPR006,APPR009,True
1100871,ACC00368,Collateral Pledge,128786.79,2025-11-17,APPR010,,True
1100872,ACC00541,Wire Out,30171.94,2025-11-17,APPR014,,True
1100873,ACC00529,Wire In,119129.06,2025-11-17,APPR007,,True
1100874,ACC00339,Collateral Pledge,25302.32,2025-11-17,APPR012,,True
1100875,ACC00037,Collateral Return,299210.43,2025-11-17,APPR014,APPR007,True
1100876,ACC00303,Collateral Return,76925.59,2025-11-17,APPR008,,True
1100877,ACC00697,Collateral Return,113241.66,2025-11-17,APPR001,,True
1100878,ACC00582,Wire In,75409.45,2025-11-17,APPR002,,True
1100879,ACC00719,Collateral Pledge,596539.65,2025-11-17,APPR002,APPR012,True
1100880,ACC00583,Wire In,468223.58,2025-11-18,APPR001,APPR014,True
1100881,ACC00616,Wire In,16123.54,2025-11-18,APPR011,APPR002,True
1100882,ACC00886,Wire Out,181282.43,2025-11-18,APPR011,,True
1100883,ACC00176,Wire In,10883.8,2025-11-18,APPR003,APPR009,True
1100884,ACC00311,Wire In,69518.43,2025-11-18,APPR014,,True
1100885,ACC00698,Wire Out,162621.41,2025-11-18,APPR012,,True
1100886,ACC00654,Collateral Pledge,222163.31,2025-11-18,APPR014,APPR003,True
1100887,ACC00360,Collateral Pledge,65245.05,2025-11-18,APPR008,,True
1100888,ACC00491,Wire Out,45216.86,2025-11-18,APPR007,,True
1100889,ACC00377,Wire Out,98795.97,2025-11-18,APPR012,,True
1100890,ACC00681,Wire In,40420.71,2025-11-18,APPR005,APPR002,True
1100891,ACC00215,Wire In,157876.98,2025-11-18,APPR005,APPR006,True
1100892,ACC00756,Collateral Return,193210.12,2025-11-18,APPR009,,True
1100893,ACC00880,Collateral Pledge,70646.74,2025-11-18,APPR013,APPR011,True
1100894,ACC00118,Collateral Return,912316.21,2025-11-19,APPR011,APPR004,True
1100895,ACC00115,Wire Out,882257.91,2025-11-19,APPR006,APPR002,True
1100896,ACC00405,Wire In,388154.77,2025-11-19,APPR013,APPR008,False
1100897,ACC00300,Collateral Return,68177.28,2025-11-19,APPR008,APPR010,True
1100898,ACC00588,Collateral Return,22944.65,2025-11-19,APPR008,APPR006,True
1100899,ACC00061,Collateral Pledge,21973.82,2025-11-19,APPR009,,True
1100900,ACC00371,Wire In,296193.13,2025-11-19,APPR014,APPR010,True
1100901,ACC00262,Collateral Return,67433.94,2025-11-19,APPR009,APPR014,True
1100902,ACC00843,Wire In,237798.95,2025-11-19,APPR003,,True
1100903,ACC00501,Collateral Return,92158.17,2025-11-20,APPR014,APPR007,True
1100904,ACC00592,Wire Out,142842.97,2025-11-20,APPR014,,True
1100905,ACC00793,Wire In,12292.32,2025-11-20,APPR003,,True
1100906,ACC00104,Collateral Pledge,288891.44,2025-11-20,APPR003,APPR004,True
1100907,ACC00003,Wire In,401574.21,2025-11-20,APPR002,APPR007,True
1100908,ACC00303,Wire Out,9835.3,2025-11-20,APPR007,APPR014,True
1100909,ACC00106,Wire In,47782.25,2025-11-20,APPR009,,True
1100910,ACC00782,Collateral Return,104334.02,2025-11-20,APPR012,,True
1100911,ACC00497,Collateral Return,118765.78,2025-11-20,APPR009,,True
1100912,ACC00753,Wire Out,99680.74,2025-11-20,APPR003,APPR010,True
1100913,ACC00775,Wire Out,213651.5,2025-11-20,APPR011,APPR012,True
1100914,ACC00806,Collateral Pledge,22782.91,2025-11-20,APPR003,APPR002,True
1100915,ACC00255,Wire In,42323.98,2025-11-20,APPR007,,True
1100916,ACC00412,Wire In,132979.06,2025-11-20,APPR002,APPR008,True
1100917,ACC00116,Wire Out,57002.07,2025-11-20,APPR009,APPR008,True
1100918,ACC00386,Wire In,411451.85,2025-11-20,APPR003,APPR001,True
1100919,ACC00618,Collateral Return,13909.08,2025-11-20,APPR008,,True
1100920,ACC00059,Collateral Pledge,516185.23,2025-11-20,APPR006,APPR013,True
1100921,ACC00513,Collateral Pledge,195606.88,2025-11-20,APPR014,,True
1100922,ACC00108,Wire Out,100548.28,2025-11-20,APPR006,,True
1100923,ACC00792,Wire Out,342527.13,2025-11-20,APPR013,APPR004,True
1100924,ACC00839,Wire Out,43993.68,2025-11-20,APPR014,APPR011,True
1100925,ACC00565,Wire In,110619.6,2025-11-20,APPR001,,True
1100926,ACC00245,Collateral Pledge,11787.84,2025-11-21,APPR013,APPR014,True
1100927,ACC00683,Collateral Return,119384.19,2025-11-21,APPR004,,True
1100928,ACC00382,Collateral Pledge,69062.0,2025-11-21,APPR002,,True
1100929,ACC00832,Collateral Return,77254.54,2025-11-21,APPR002,,True
1100930,ACC00715,Wire In,267014.6,2025-11-21,APPR011,APPR001,True
1100931,ACC00843,Collateral Pledge,227201.52,2025-11-21,APPR004,,True
1100932,ACC00692,Wire In,693672.41,2025-11-21,APPR005,APPR001,True
1100933,ACC00796,Collateral Return,141756.12,2025-11-21,APPR014,,True
1100934,ACC00311,Collateral Pledge,105355.71,2025-11-21,APPR010,,True
1100935,ACC00287,Collateral Pledge,25695.89,2025-11-21,APPR011,APPR005,True
1100936,ACC00073,Collateral Return,168664.69,2025-11-21,APPR006,,True
1100937,ACC00581,Wire In,20057.47,2025-11-21,APPR008,APPR001,True
1100938,ACC00733,Wire Out,17983.19,2025-11-24,APPR005,,True
1100939,ACC00752,Collateral Pledge,48910.92,2025-11-24,APPR008,,True
1100940,ACC00797,Wire In,40736.55,2025-11-24,APPR002,,True
1100941,ACC00857,Wire Out,71482.92,2025-11-24,APPR001,APPR005,True
1100942,ACC00572,Collateral Return,224196.15,2025-11-24,APPR004,,True
1100943,ACC00683,Collateral Pledge,314080.83,2025-11-24,APPR009,APPR002,True
1100944,ACC00052,Wire In,234287.01,2025-11-24,APPR011,,True
1100945,ACC00423,Collateral Return,259768.54,2025-11-24,APPR003,APPR008,True
1100946,ACC00715,Wire Out,5638551.52,2025-11-24,APPR013,APPR012,True
1100947,ACC00535,Collateral Return,68577.21,2025-11-24,APPR003,,True
1100948,ACC00831,Collateral Return,76807.88,2025-11-24,APPR002,APPR013,True
1100949,ACC00681,Wire In,89382.17,2025-11-24,APPR009,,True
1100950,ACC00791,Collateral Pledge,106393.85,2025-11-25,APPR011,,True
1100951,ACC00745,Wire In,51085.34,2025-11-25,APPR003,,True
1100952,ACC00804,Wire Out,45762.56,2025-11-25,APPR008,,True
1100953,ACC00110,Wire Out,23087.04,2025-11-25,APPR007,,True
1100954,ACC00498,Wire In,28758.34,2025-11-25,APPR013,,True
1100955,ACC00751,Wire In,24468.01,2025-11-25,APPR010,APPR013,True
1100956,ACC00262,Wire Out,13790.33,2025-11-25,APPR012,,True
1100957,ACC00624,Wire In,121123.54,2025-11-25,APPR014,APPR003,True
1100958,ACC00899,Wire In,114711.62,2025-11-25,APPR003,APPR010,True
1100959,ACC00474,Wire Out,77073.65,2025-11-26,APPR012,,True
1100960,ACC00632,Wire In,116254.61,2025-11-26,APPR003,,True
1100961,ACC00121,Collateral Return,70494.4,2025-11-26,APPR011,,True
1100962,ACC00709,Collateral Return,214473.43,2025-11-26,APPR002,APPR012,True
1100963,ACC00851,Wire Out,9562.02,2025-11-26,APPR013,APPR009,True
1100964,ACC00631,Wire Out,120465.99,2025-11-26,APPR013,APPR009,True
1100965,ACC00095,Wire Out,84834.27,2025-11-26,APPR011,APPR006,True
1100966,ACC00396,Collateral Return,26016.79,2025-11-26,APPR005,,True
1100967,ACC00643,Collateral Pledge,50574.91,2025-11-26,APPR005,,True
1100968,ACC00761,Collateral Pledge,455271.26,2025-11-26,APPR007,APPR002,True
1100969,ACC00160,Collateral Pledge,127252.14,2025-11-26,APPR009,,True
1100970,ACC00602,Wire In,61380.37,2025-11-26,APPR013,,True
1100971,ACC00625,Wire In,92112.66,2025-11-26,APPR002,,True
1100972,ACC00732,Collateral Return,546675.19,2025-11-26,APPR010,,True
1100973,ACC00331,Wire In,28314.59,2025-11-26,APPR009,,True
1100974,ACC00741,Wire In,211139.36,2025-11-26,APPR013,APPR006,True
1100975,ACC00040,Collateral Pledge,68975.41,2025-11-26,APPR004,,True
1100976,ACC00370,Collateral Pledge,25788.42,2025-11-26,APPR009,APPR010,True
1100977,ACC00779,Collateral Pledge,307016.77,2025-11-26,APPR013,APPR005,True
1100978,ACC00556,Wire Out,212244.71,2025-11-26,APPR005,APPR001,True
1100979,ACC00139,Wire Out,52823.9,2025-11-26,APPR006,APPR013,True
1100980,ACC00737,Wire Out,244550.48,2025-11-26,APPR008,APPR001,True
1100981,ACC00308,Wire Out,71616.57,2025-11-26,APPR003,APPR010,True
1100982,ACC00849,Collateral Return,80527.53,2025-11-26,APPR008,APPR002,True
1100983,ACC00411,Wire In,616063.57,2025-11-26,APPR008,APPR002,True
1100984,ACC00462,Collateral Return,14840.52,2025-11-27,APPR001,,False
1100985,ACC00215,Collateral Pledge,159798.41,2025-11-27,APPR009,APPR005,True
1100986,ACC00848,Collateral Pledge,50437.35,2025-11-27,APPR002,,True
1100987,ACC00891,Wire Out,11781.18,2025-11-27,APPR010,,True
1100988,ACC00375,Wire In,28270.18,2025-11-27,APPR014,APPR013,True
1100989,ACC00859,Wire Out,98337.8,2025-11-27,APPR012,APPR007,False
1100990,ACC00867,Wire In,92618.95,2025-11-28,APPR001,APPR009,True
1100991,ACC00249,Collateral Return,365219.66,2025-11-28,APPR002,APPR005,True
1100992,ACC00406,Collateral Return,246309.06,2025-11-28,APPR006,APPR014,True
1100993,ACC00393,Collateral Pledge,36140.24,2025-11-28,APPR006,,True
1100994,ACC00017,Collateral Pledge,192575.31,2025-11-28,APPR001,APPR002,True
1100995,ACC00509,Collateral Pledge,221801.84,2025-11-28,APPR003,APPR010,True
1100996,ACC00749,Collateral Pledge,43264.0,2025-11-28,APPR006,APPR005,True
1100997,ACC00610,Wire In,303418.51,2025-11-28,APPR014,,True
1100998,ACC00209,Collateral Pledge,160765.92,2025-11-28,APPR012,APPR006,True
1100999,ACC00473,Collateral Return,37569.15,2025-11-28,APPR010,,True
1101000,ACC00066,Collateral Return,531621.44,2025-11-28,APPR005,APPR009,True
1101001,ACC00572,Wire Out,442018.2,2025-11-28,APPR009,APPR011,True
1101002,ACC00288,Wire In,218489.99,2025-11-28,APPR002,APPR001,True
1101003,ACC00043,Collateral Pledge,85896.77,2025-12-01,APPR012,APPR014,True
1101004,ACC00698,Wire In,272472.28,2025-12-01,APPR005,APPR014,True
1101005,ACC00745,Collateral Return,690782.67,2025-12-01,APPR010,APPR014,True
1101006,ACC00512,Wire Out,599562.83,2025-12-01,APPR012,APPR014,True
1101007,ACC00218,Wire In,56302.53,2025-12-01,APPR005,APPR007,True
1101008,ACC00766,Wire Out,788570.92,2025-12-01,APPR002,APPR007,True
1101009,ACC00775,Collateral Return,56792.04,2025-12-01,APPR008,APPR010,True
1101010,ACC00383,Collateral Return,144179.79,2025-12-01,APPR001,APPR013,True
1101011,ACC00551,Collateral Return,546664.97,2025-12-01,APPR001,,True
1101012,ACC00136,Collateral Pledge,330711.05,2025-12-01,APPR004,APPR014,True
1101013,ACC00764,Wire Out,100534.75,2025-12-01,APPR006,APPR003,True
1101014,ACC00681,Wire Out,72593.73,2025-12-01,APPR007,APPR008,True
1101015,ACC00335,Collateral Pledge,540807.63,2025-12-01,APPR003,APPR004,True
1101016,ACC00820,Collateral Pledge,248283.22,2025-12-02,APPR007,,True
1101017,ACC00079,Wire In,103161.6,2025-12-02,APPR004,APPR003,True
1101018,ACC00230,Collateral Return,53230.19,2025-12-02,APPR006,,True
1101019,ACC00235,Wire In,131433.75,2025-12-02,APPR008,,True
1101020,ACC00781,Collateral Return,113536.35,2025-12-02,APPR006,APPR003,True
1101021,ACC00197,Collateral Pledge,178859.21,2025-12-02,APPR008,APPR014,True
1101022,ACC00040,Collateral Pledge,141122.64,2025-12-02,APPR007,APPR004,True
1101023,ACC00024,Wire Out,82036.52,2025-12-02,APPR007,,True
1101024,ACC00837,Wire In,144506.79,2025-12-02,APPR004,APPR007,True
1101025,ACC00567,Collateral Return,91831.99,2025-12-02,APPR012,APPR014,True
1101026,ACC00169,Wire Out,105108.45,2025-12-02,APPR003,APPR007,True
1101027,ACC00240,Collateral Return,36133.85,2025-12-02,APPR014,,True
1101028,ACC00273,Collateral Pledge,96104.93,2025-12-02,APPR001,,True
1101029,ACC00134,Collateral Return,891707.97,2025-12-02,APPR009,APPR010,True
1101030,ACC00053,Collateral Pledge,119609.47,2025-12-02,APPR003,,True
1101031,ACC00602,Wire In,247163.87,2025-12-02,APPR006,APPR002,True
1101032,ACC00131,Collateral Pledge,61480.34,2025-12-02,APPR004,,True
1101033,ACC00097,Collateral Pledge,233743.15,2025-12-02,APPR009,,True
1101034,ACC00486,Wire Out,244505.33,2025-12-02,APPR008,APPR005,True
1101035,ACC00453,Collateral Pledge,147499.96,2025-12-02,APPR002,,True
1101036,ACC00600,Wire Out,56309.0,2025-12-03,APPR008,APPR009,True
1101037,ACC00050,Collateral Pledge,17779.66,2025-12-03,APPR009,,True
1101038,ACC00499,Wire Out,940920.55,2025-12-03,APPR001,APPR009,True
1101039,ACC00608,Collateral Pledge,396692.96,2025-12-03,APPR010,APPR006,True
1101040,ACC00122,Wire In,377309.22,2025-12-03,APPR012,APPR004,True
1101041,ACC00182,Collateral Pledge,33970.73,2025-12-03,APPR006,APPR014,True
1101042,ACC00506,Wire Out,113503.8,2025-12-03,APPR013,,True
1101043,ACC00093,Wire Out,516398.2,2025-12-03,APPR002,APPR005,False
1101044,ACC00372,Collateral Pledge,8660.87,2025-12-03,APPR003,,True
1101045,ACC00767,Collateral Pledge,34990.77,2025-12-03,APPR006,APPR014,True
1101046,ACC00703,Wire In,159981.93,2025-12-04,APPR014,APPR008,True
1101047,ACC00298,Collateral Return,83196.69,2025-12-04,APPR013,APPR007,True
1101048,ACC00005,Wire Out,9998.94,2025-12-04,APPR006,APPR008,True
1101049,ACC00695,Wire Out,8617.08,2025-12-04,APPR008,,True
1101050,ACC00449,Wire Out,145750.64,2025-12-04,APPR008,,True
1101051,ACC00102,Wire In,22606.51,2025-12-04,APPR011,,True
1101052,ACC00022,Wire Out,26264.23,2025-12-04,APPR001,APPR009,True
1101053,ACC00258,Collateral Pledge,475389.52,2025-12-04,APPR010,APPR007,True
1101054,ACC00269,Wire Out,770518.42,2025-12-04,APPR001,APPR012,True
1101055,ACC00187,Wire In,94905.43,2025-12-04,APPR004,APPR007,True
1101056,ACC00169,Wire Out,100382.19,2025-12-04,APPR003,APPR012,True
1101057,ACC00781,Collateral Pledge,37831.68,2025-12-04,APPR014,,True
1101058,ACC00343,Collateral Pledge,130178.29,2025-12-05,APPR002,,True
1101059,ACC00060,Collateral Pledge,4095.84,2025-12-05,APPR004,APPR003,True
1101060,ACC00285,Collateral Return,295672.34,2025-12-05,APPR011,APPR010,True
1101061,ACC00392,Wire In,76868.33,2025-12-05,APPR012,,True
1101062,ACC00885,Collateral Pledge,56888.55,2025-12-05,APPR014,APPR003,True
1101063,ACC00353,Collateral Return,48061.09,2025-12-05,APPR002,,True
1101064,ACC00308,Wire In,184119.89,2025-12-05,APPR007,APPR004,True
1101065,ACC00365,Collateral Pledge,663535.26,2025-12-05,APPR002,APPR010,True
1101066,ACC00592,Collateral Pledge,364933.14,2025-12-05,APPR014,APPR003,True
1101067,ACC00262,Collateral Return,550823.02,2025-12-05,APPR001,APPR014,True
1101068,ACC00828,Collateral Pledge,175575.99,2025-12-05,APPR004,,True
1101069,ACC00850,Wire In,89805.9,2025-12-05,APPR005,APPR011,True
1101070,ACC00018,Collateral Return,66662.59,2025-12-05,APPR003,APPR006,True
1101071,ACC00599,Collateral Return,89394.65,2025-12-05,APPR011,,True
1101072,ACC00333,Collateral Pledge,66155.14,2025-12-05,APPR013,APPR009,True
1101073,ACC00595,Collateral Return,26842.58,2025-12-05,APPR005,APPR011,True
1101074,ACC00610,Wire Out,23499.11,2025-12-05,APPR007,,True
1101075,ACC00455,Wire Out,339803.58,2025-12-08,APPR011,APPR014,True
1101076,ACC00358,Wire Out,150475.93,2025-12-08,APPR014,,True
1101077,ACC00188,Wire In,1087683.38,2025-12-08,APPR005,APPR010,True
1101078,ACC00867,Collateral Return,63793.86,2025-12-08,APPR008,,True
1101079,ACC00160,Wire In,59585.49,2025-12-08,APPR003,,True
1101080,ACC00283,Wire Out,65983.74,2025-12-08,APPR003,APPR013,True
1101081,ACC00777,Collateral Pledge,36955.86,2025-12-08,APPR011,APPR012,True
1101082,ACC00293,Collateral Pledge,205208.54,2025-12-08,APPR004,APPR006,True
1101083,ACC00581,Collateral Return,20734.53,2025-12-08,APPR002,,True
1101084,ACC00134,Collateral Return,129318.0,2025-12-08,APPR005,APPR002,True
1101085,ACC00390,Collateral Pledge,26852.93,2025-12-08,APPR003,APPR007,True
1101086,ACC00798,Collateral Pledge,39620.02,2025-12-09,APPR003,,True
1101087,ACC00483,Collateral Pledge,115002.26,2025-12-09,APPR010,,True
1101088,ACC00435,Collateral Return,38661.66,2025-12-09,APPR013,APPR003,True
1101089,ACC00231,Collateral Return,93606.28,2025-12-09,APPR009,,True
1101090,ACC00413,Collateral Pledge,121237.17,2025-12-09,APPR009,APPR006,True
1101091,ACC00434,Collateral Pledge,104164.51,2025-12-09,APPR011,,True
1101092,ACC00164,Wire Out,475838.78,2025-12-09,APPR001,,True
1101093,ACC00434,Collateral Pledge,119461.26,2025-12-09,APPR002,APPR014,True
1101094,ACC00824,Wire Out,89756.83,2025-12-09,APPR009,,True
1101095,ACC00875,Collateral Pledge,1047805.29,2025-12-09,APPR005,APPR006,True
1101096,ACC00277,Collateral Return,721757.36,2025-12-09,APPR002,APPR014,True
1101097,ACC00027,Collateral Pledge,43679.02,2025-12-09,APPR013,,True
1101098,ACC00362,Wire Out,142182.71,2025-12-09,APPR012,,True
1101099,ACC00735,Wire Out,82530.62,2025-12-10,APPR013,APPR008,True
1101100,ACC00431,Wire In,56123.36,2025-12-10,APPR011,APPR009,True
1101101,ACC00840,Collateral Pledge,60989.09,2025-12-10,APPR007,,True
1101102,ACC00063,Wire In,192264.34,2025-12-10,APPR004,,True
1101103,ACC00750,Collateral Return,185504.62,2025-12-10,APPR007,,True
1101104,ACC00714,Collateral Return,77325.68,2025-12-10,APPR013,,True
1101105,ACC00539,Wire Out,47461.8,2025-12-10,APPR012,,True
1101106,ACC00283,Collateral Pledge,26506.77,2025-12-10,APPR012,,True
1101107,ACC00856,Collateral Return,54267.8,2025-12-10,APPR009,APPR008,True
1101108,ACC00307,Collateral Return,60307.29,2025-12-10,APPR006,,True
1101109,ACC00243,Collateral Return,41956.67,2025-12-10,APPR013,,True
1101110,ACC00898,Collateral Return,60917.69,2025-12-10,APPR011,,True
1101111,ACC00560,Collateral Pledge,366388.21,2025-12-10,APPR013,APPR010,True
1101112,ACC00021,Collateral Pledge,105243.74,2025-12-10,APPR008,APPR005,True
1101113,ACC00134,Wire Out,493538.13,2025-12-10,APPR003,APPR007,True
1101114,ACC00840,Wire In,27537.48,2025-12-10,APPR002,,True
1101115,ACC00287,Wire In,171911.96,2025-12-10,APPR013,,True
1101116,ACC00580,Collateral Return,238751.3,2025-12-11,APPR010,APPR008,True
1101117,ACC00785,Wire Out,47518.58,2025-12-11,APPR005,,True
1101118,ACC00155,Collateral Pledge,55101.14,2025-12-11,APPR011,APPR003,True
1101119,ACC00472,Wire Out,618582.65,2025-12-11,APPR003,APPR012,True
1101120,ACC00327,Collateral Pledge,182592.6,2025-12-11,APPR012,,True
1101121,ACC00140,Collateral Pledge,132094.94,2025-12-11,APPR008,APPR003,True
1101122,ACC00428,Wire Out,64644.71,2025-12-11,APPR008,APPR013,True
1101123,ACC00375,Wire In,711595.83,2025-12-11,APPR009,APPR013,True
1101124,ACC00269,Wire Out,219544.09,2025-12-11,APPR013,APPR012,True
1101125,ACC00120,Collateral Pledge,492609.43,2025-12-11,APPR005,APPR003,True
1101126,ACC00389,Collateral Pledge,663182.09,2025-12-11,APPR009,APPR003,True
1101127,ACC00408,Wire Out,58955.48,2025-12-11,APPR002,,True
1101128,ACC00213,Wire In,145127.15,2025-12-11,APPR011,APPR008,True
1101129,ACC00136,Collateral Return,171818.11,2025-12-11,APPR009,APPR001,False
1101130,ACC00497,Collateral Pledge,435967.09,2025-12-11,APPR009,APPR005,True
1101131,ACC00081,Wire Out,6685.63,2025-12-11,APPR006,,True
1101132,ACC00102,Wire In,84315.37,2025-12-11,APPR009,,True
1101133,ACC00153,Collateral Return,254655.22,2025-12-11,APPR014,APPR011,True
1101134,ACC00152,Collateral Pledge,96061.38,2025-12-12,APPR013,,True
1101135,ACC00752,Collateral Return,152922.4,2025-12-12,APPR010,,True
1101136,ACC00544,Wire In,168534.0,2025-12-12,APPR003,APPR011,True
1101137,ACC00809,Wire In,57918.09,2025-12-12,APPR002,APPR005,True
1101138,ACC00695,Collateral Return,695174.88,2025-12-12,APPR011,APPR009,True
1101139,ACC00221,Wire Out,24941.52,2025-12-12,APPR006,APPR012,True
1101140,ACC00693,Collateral Return,87047.16,2025-12-12,APPR001,,True
1101141,ACC00183,Collateral Pledge,102200.71,2025-12-12,APPR014,APPR012,True
1101142,ACC00623,Wire In,256494.33,2025-12-12,APPR004,APPR006,True
1101143,ACC00124,Wire In,188320.95,2025-12-12,APPR012,APPR006,True
1101144,ACC00067,Wire Out,200259.36,2025-12-12,APPR013,,True
1101145,ACC00525,Collateral Return,411076.47,2025-12-12,APPR003,APPR007,True
1101146,ACC00003,Wire Out,278611.44,2025-12-12,APPR003,APPR004,True
1101147,ACC00828,Collateral Pledge,4244472.37,2025-12-12,APPR003,APPR005,True
1101148,ACC00413,Collateral Return,254269.9,2025-12-12,APPR007,APPR009,True
1101149,ACC00194,Wire In,74147.29,2025-12-12,APPR002,APPR005,True
1101150,ACC00009,Wire Out,589658.51,2025-12-12,APPR011,APPR007,True
1101151,ACC00304,Wire Out,97255.45,2025-12-12,APPR003,APPR011,True
1101152,ACC00153,Collateral Pledge,46222.51,2025-12-12,APPR002,APPR013,True
1101153,ACC00140,Wire Out,42522.27,2025-12-12,APPR008,,True
1101154,ACC00275,Collateral Return,40423.06,2025-12-12,APPR010,APPR002,True
1101155,ACC00353,Collateral Return,376570.03,2025-12-15,APPR007,APPR006,True
1101156,ACC00436,Collateral Pledge,14471.06,2025-12-15,APPR008,,True
1101157,ACC00181,Wire Out,62177.42,2025-12-15,APPR006,,True
1101158,ACC00853,Wire In,143960.44,2025-12-15,APPR001,,True
1101159,ACC00387,Collateral Return,379244.39,2025-12-15,APPR001,APPR002,True
1101160,ACC00307,Collateral Pledge,95417.28,2025-12-15,APPR003,APPR013,True
1101161,ACC00224,Collateral Return,198796.78,2025-12-15,APPR004,,False
1101162,ACC00781,Wire In,203625.26,2025-12-15,APPR013,,True
1101163,ACC00147,Collateral Return,88737.16,2025-12-15,APPR011,APPR004,True
1101164,ACC00812,Wire Out,10273.12,2025-12-15,APPR002,APPR013,True
1101165,ACC00803,Collateral Return,227704.29,2025-12-15,APPR010,,True
1101166,ACC00672,Collateral Return,69573.98,2025-12-15,APPR012,,True
1101167,ACC00676,Collateral Pledge,250707.78,2025-12-15,APPR007,APPR004,True
1101168,ACC00606,Collateral Pledge,176269.65,2025-12-16,APPR006,APPR008,True
1101169,ACC00271,Collateral Return,203479.82,2025-12-16,APPR014,,True
1101170,ACC00216,Collateral Return,211827.61,2025-12-16,APPR006,,True
1101171,ACC00210,Wire Out,53001.56,2025-12-16,APPR012,,True
1101172,ACC00218,Wire Out,21788.27,2025-12-16,APPR003,,True
1101173,ACC00177,Collateral Return,26649.48,2025-12-16,APPR003,,True
1101174,ACC00661,Wire Out,384438.03,2025-12-16,APPR011,APPR003,True
1101175,ACC00383,Collateral Pledge,6000.36,2025-12-16,APPR014,APPR003,True
1101176,ACC00497,Collateral Pledge,16445.84,2025-12-16,APPR004,APPR008,True
1101177,ACC00610,Wire Out,246021.62,2025-12-16,APPR007,APPR004,True
1101178,ACC00135,Collateral Return,136154.25,2025-12-16,APPR010,,True
1101179,ACC00516,Wire In,44148.84,2025-12-16,APPR004,APPR009,True
1101180,ACC00888,Collateral Pledge,15388.5,2025-12-16,APPR014,APPR013,True
1101181,ACC00300,Wire In,75935.15,2025-12-17,APPR003,APPR013,True
1101182,ACC00706,Collateral Return,218302.84,2025-12-17,APPR006,APPR007,True
1101183,ACC00806,Wire In,119749.7,2025-12-17,APPR007,APPR009,True
1101184,ACC00518,Collateral Pledge,107202.16,2025-12-17,APPR006,,True
1101185,ACC00379,Collateral Pledge,89636.99,2025-12-17,APPR001,,True
1101186,ACC00694,Collateral Return,7884.48,2025-12-17,APPR009,APPR007,True
1101187,ACC00119,Collateral Pledge,1772392.61,2025-12-17,APPR001,APPR008,True
1101188,ACC00835,Collateral Pledge,120834.03,2025-12-17,APPR002,APPR010,True
1101189,ACC00782,Wire In,396337.88,2025-12-17,APPR009,APPR012,True
1101190,ACC00673,Collateral Pledge,227933.84,2025-12-17,APPR006,,True
1101191,ACC00441,Collateral Return,248169.4,2025-12-17,APPR013,,True
1101192,ACC00354,Collateral Return,189667.48,2025-12-17,APPR013,APPR001,True
1101193,ACC00830,Collateral Return,29595.53,2025-12-18,APPR012,APPR006,True
1101194,ACC00057,Wire Out,196281.75,2025-12-18,APPR005,,True
1101195,ACC00818,Wire In,66376.36,2025-12-18,APPR007,APPR013,True
1101196,ACC00213,Wire In,319879.2,2025-12-18,APPR004,APPR011,True
1101197,ACC00487,Wire Out,283686.13,2025-12-18,APPR010,APPR002,True
1101198,ACC00728,Collateral Pledge,21530.85,2025-12-18,APPR006,,True
1101199,ACC00755,Wire Out,66962.42,2025-12-18,APPR010,,True
1101200,ACC00574,Wire In,4944.04,2025-12-18,APPR007,APPR003,True
1101201,ACC00120,Collateral Pledge,122585.04,2025-12-18,APPR013,,True
1101202,ACC00374,Wire Out,104842.26,2025-12-18,APPR012,APPR005,True
1101203,ACC00101,Collateral Pledge,9200.18,2025-12-19,APPR010,APPR011,True
1101204,ACC00156,Collateral Pledge,63839.25,2025-12-19,APPR009,,True
1101205,ACC00138,Collateral Pledge,134714.46,2025-12-19,APPR003,,True
1101206,ACC00710,Collateral Pledge,551619.75,2025-12-19,APPR001,APPR002,True
1101207,ACC00457,Wire In,194784.7,2025-12-19,APPR002,,True
1101208,ACC00065,Collateral Return,197827.1,2025-12-19,APPR013,,True
1101209,ACC00297,Collateral Return,31816.34,2025-12-19,APPR013,,True
1101210,ACC00760,Wire In,1487148.77,2025-12-19,APPR014,APPR008,True
1101211,ACC00326,Collateral Pledge,85705.88,2025-12-19,APPR002,APPR001,True
1101212,ACC00773,Collateral Return,68516.98,2025-12-19,APPR007,,True
1101213,ACC00124,Wire In,28633.69,2025-12-19,APPR003,APPR002,True
1101214,ACC00088,Collateral Pledge,76566.71,2025-12-19,APPR012,,True
1101215,ACC00599,Collateral Pledge,153237.59,2025-12-19,APPR011,,True
1101216,ACC00793,Collateral Return,120068.77,2025-12-19,APPR012,APPR013,True
1101217,ACC00641,Collateral Pledge,722537.4,2025-12-19,APPR008,,True
1101218,ACC00368,Collateral Pledge,74151.53,2025-12-19,APPR003,,True
1101219,ACC00368,Wire In,87350.73,2025-12-19,APPR002,,True
1101220,ACC00148,Wire Out,35002.34,2025-12-19,APPR008,APPR001,True
1101221,ACC00248,Wire In,212538.82,2025-12-19,APPR013,APPR005,True
1101222,ACC00361,Collateral Pledge,94578.28,2025-12-19,APPR007,APPR012,True
1101223,ACC00569,Wire Out,364545.79,2025-12-19,APPR013,APPR010,True
1101224,ACC00128,Collateral Return,129148.22,2025-12-19,APPR006,APPR013,True
1101225,ACC00272,Collateral Pledge,26394.48,2025-12-19,APPR010,,True
1101226,ACC00163,Wire In,56297.52,2025-12-19,APPR006,APPR004,True
1101227,ACC00345,Collateral Pledge,108524.79,2025-12-22,APPR008,,True
1101228,ACC00473,Collateral Return,43535.43,2025-12-22,APPR002,,True
1101229,ACC00254,Wire In,95319.67,2025-12-22,APPR002,,True
1101230,ACC00567,Collateral Return,282232.06,2025-12-22,APPR003,APPR005,True
1101231,ACC00799,Collateral Return,16132.94,2025-12-22,APPR001,,True
1101232,ACC00128,Wire In,30476.54,2025-12-22,APPR008,APPR003,True
1101233,ACC00706,Collateral Pledge,870100.69,2025-12-22,APPR008,APPR005,True
1101234,ACC00111,Wire In,249772.0,2025-12-22,APPR008,,True
1101235,ACC00279,Collateral Pledge,275033.61,2025-12-22,APPR007,APPR012,True
1101236,ACC00165,Wire Out,30341.27,2025-12-22,APPR010,APPR006,True
1101237,ACC00117,Wire In,123026.5,2025-12-22,APPR008,APPR005,True
1101238,ACC00774,Collateral Return,44552.97,2025-12-22,APPR009,APPR007,True
1101239,ACC00815,Collateral Return,171574.59,2025-12-22,APPR009,APPR010,True
1101240,ACC00619,Wire Out,245181.5,2025-12-22,APPR013,,True
1101241,ACC00895,Wire In,87184.83,2025-12-23,APPR001,APPR006,True
1101242,ACC00120,Collateral Pledge,37427.81,2025-12-23,APPR002,APPR010,True
1101243,ACC00442,Collateral Pledge,62719.03,2025-12-23,APPR007,APPR012,True
1101244,ACC00318,Wire Out,66544.54,2025-12-23,APPR004,,True
1101245,ACC00782,Wire Out,464509.19,2025-12-23,APPR013,APPR007,True
1101246,ACC00834,Collateral Return,159835.15,2025-12-23,APPR011,APPR001,True
1101247,ACC00836,Collateral Pledge,115739.32,2025-12-23,APPR012,APPR003,True
1101248,ACC00877,Wire In,121417.53,2025-12-23,APPR003,,True
1101249,ACC00627,Wire Out,76142.38,2025-12-23,APPR008,APPR010,True
1101250,ACC00333,Wire In,37664.38,2025-12-23,APPR014,,False
1101251,ACC00158,Collateral Pledge,192846.54,2025-12-23,APPR012,,True
1101252,ACC00167,Wire Out,250932.48,2025-12-23,APPR013,APPR006,True
1101253,ACC00146,Collateral Pledge,31341.31,2025-12-23,APPR002,APPR010,True
1101254,ACC00114,Collateral Return,165936.49,2025-12-23,APPR005,,True
1101255,ACC00077,Wire In,484027.06,2025-12-24,APPR004,APPR002,True
1101256,ACC00667,Wire In,119685.97,2025-12-24,APPR009,,True
1101257,ACC00763,Collateral Return,43500.44,2025-12-24,APPR003,,True
1101258,ACC00368,Collateral Pledge,149100.92,2025-12-24,APPR001,,True
1101259,ACC00268,Collateral Return,217890.42,2025-12-24,APPR007,APPR002,True
1101260,ACC00189,Collateral Return,24415.13,2025-12-24,APPR004,,True
1101261,ACC00284,Wire Out,35659.26,2025-12-24,APPR007,,True
1101262,ACC00382,Collateral Return,834492.62,2025-12-24,APPR008,APPR011,True
1101263,ACC00415,Wire In,333487.44,2025-12-24,APPR003,APPR010,True
1101264,ACC00049,Wire In,101157.7,2025-12-24,APPR005,APPR007,True
1101265,ACC00647,Collateral Pledge,174037.57,2025-12-25,APPR002,APPR001,True
1101266,ACC00010,Wire In,40756.91,2025-12-25,APPR012,APPR009,True
1101267,ACC00012,Wire Out,212430.05,2025-12-25,APPR012,,True
1101268,ACC00709,Wire Out,43664.3,2025-12-25,APPR008,APPR007,True
1101269,ACC00232,Collateral Return,50088.47,2025-12-25,APPR006,APPR003,True
1101270,ACC00343,Collateral Pledge,41388.5,2025-12-25,APPR002,,True
1101271,ACC00344,Collateral Return,692669.3,2025-12-25,APPR002,APPR001,True
1101272,ACC00857,Wire Out,73396.38,2025-12-25,APPR013,,True
1101273,ACC00342,Collateral Return,1050014.92,2025-12-26,APPR012,APPR005,True
1101274,ACC00250,Wire In,79287.48,2025-12-26,APPR005,,True
1101275,ACC00620,Collateral Pledge,156717.78,2025-12-26,APPR005,,True
1101276,ACC00456,Wire Out,16040.56,2025-12-26,APPR003,APPR004,True
1101277,ACC00267,Collateral Pledge,110215.55,2025-12-26,APPR004,APPR005,True
1101278,ACC00183,Collateral Pledge,54002.53,2025-12-26,APPR006,APPR014,True
1101279,ACC00128,Wire Out,407529.22,2025-12-26,APPR014,APPR009,True
1101280,ACC00762,Collateral Pledge,20608.59,2025-12-26,APPR001,APPR012,True
1101281,ACC00539,Wire In,95316.57,2025-12-26,APPR004,APPR002,True
1101282,ACC00879,Collateral Return,400235.78,2025-12-26,APPR006,APPR013,True
1101283,ACC00040,Collateral Pledge,26821.02,2025-12-26,APPR009,APPR003,True
1101284,ACC00696,Wire Out,313701.04,2025-12-26,APPR008,APPR013,True
1101285,ACC00217,Collateral Return,152959.83,2025-12-26,APPR008,,True
1101286,ACC00819,Wire Out,29291.01,2025-12-26,APPR006,,True
1101287,ACC00366,Collateral Pledge,207488.94,2025-12-26,APPR008,APPR013,True
1101288,ACC00077,Collateral Pledge,87120.99,2025-12-26,APPR009,,True
1101289,ACC00173,Wire Out,1018650.17,2025-12-26,APPR001,APPR006,True
1101290,ACC00785,Collateral Return,54237.79,2025-12-26,APPR002,,True
1101291,ACC00794,Wire Out,113665.1,2025-12-26,APPR001,APPR004,True
1101292,ACC00458,Wire In,87606.2,2025-12-26,APPR011,,True
1101293,ACC00871,Wire Out,136069.79,2025-12-26,APPR014,,True
1101294,ACC00076,Collateral Pledge,78642.07,2025-12-26,APPR012,,True
1101295,ACC00027,Wire In,225085.28,2025-12-29,APPR004,,True
1101296,ACC00472,Collateral Pledge,47821.34,2025-12-29,APPR004,APPR007,True
1101297,ACC00023,Collateral Pledge,28979.2,2025-12-29,APPR007,APPR012,True
1101298,ACC00702,Wire Out,327299.3,2025-12-29,APPR007,APPR011,True
1101299,ACC00697,Wire In,101176.19,2025-12-29,APPR005,,True
1101300,ACC00161,Wire In,223582.04,2025-12-29,APPR014,APPR010,True
1101301,ACC00723,Wire In,30689.15,2025-12-29,APPR013,APPR006,True
1101302,ACC00293,Collateral Pledge,102131.94,2025-12-29,APPR011,,True
1101303,ACC00200,Wire In,205504.74,2025-12-29,APPR009,,True
1101304,ACC00656,Wire In,229711.07,2025-12-29,APPR012,APPR013,True
1101305,ACC00800,Wire In,45652.47,2025-12-29,APPR011,,True
1101306,ACC00415,Collateral Return,65513.09,2025-12-29,APPR009,,True
1101307,ACC00463,Wire In,1566087.58,2025-12-29,APPR007,APPR003,True
1101308,ACC00016,Wire In,154285.99,2025-12-29,APPR012,,True
1101309,ACC00345,Collateral Pledge,45373.15,2025-12-29,APPR013,,True
1101310,ACC00220,Wire Out,257734.64,2025-12-29,APPR002,APPR001,True
1101311,ACC00727,Wire In,27569.55,2025-12-30,APPR002,,True
1101312,ACC00846,Collateral Return,330297.34,2025-12-30,APPR013,APPR005,True
1101313,ACC00385,Collateral Pledge,118587.94,2025-12-30,APPR013,APPR005,True
1101314,ACC00344,Wire In,2173518.59,2025-12-30,APPR004,APPR006,True
1101315,ACC00083,Collateral Return,259473.49,2025-12-30,APPR002,APPR011,True
1101316,ACC00459,Wire In,99351.44,2025-12-30,APPR001,,True
1101317,ACC00137,Wire Out,407904.21,2025-12-30,APPR008,APPR006,True
1101318,ACC00878,Collateral Return,29881.94,2025-12-30,APPR009,APPR013,True
1101319,ACC00630,Collateral Pledge,90631.69,2025-12-30,APPR002,APPR007,True
1101320,ACC00297,Wire Out,178401.1,2025-12-30,APPR004,APPR014,True
1101321,ACC00474,Wire In,38457.07,2025-12-30,APPR013,APPR012,True
1101322,ACC00314,Wire In,67433.41,2025-12-30,APPR013,,True
1101323,ACC00715,Wire In,170741.3,2025-12-30,APPR012,APPR008,True
1101324,ACC00363,Collateral Pledge,77425.21,2025-12-30,APPR008,,True
1101325,ACC00511,Collateral Pledge,126530.84,2025-12-30,APPR001,APPR005,True
1101326,ACC00428,Collateral Pledge,154987.72,2025-12-30,APPR005,APPR009,True
1101327,ACC00043,Collateral Pledge,82727.23,2025-12-30,APPR013,APPR002,True
1101328,ACC00247,Wire Out,1740041.66,2025-12-30,APPR014,APPR005,True
1101329,ACC00879,Wire Out,22652.15,2025-12-30,APPR012,,True
1101330,ACC00755,Wire Out,404182.03,2025-12-30,APPR002,APPR013,True
1101331,ACC00810,Collateral Pledge,119446.19,2025-12-30,APPR007,,True
1101332,ACC00797,Collateral Return,68956.54,2025-12-30,APPR001,,True
1101333,ACC00123,Wire In,428877.65,2025-12-31,APPR004,APPR006,True
1101334,ACC00708,Collateral Pledge,610288.33,2025-12-31,APPR011,APPR014,True
1101335,ACC00321,Wire Out,503597.83,2025-12-31,APPR002,APPR001,True
1101336,ACC00317,Wire In,1077494.24,2025-12-31,APPR003,APPR005,True
1101337,ACC00136,Wire Out,56583.61,2025-12-31,APPR004,,True
1101338,ACC00700,Wire In,35159.78,2025-12-31,APPR014,APPR009,True
1101339,ACC00482,Wire In,157900.35,2025-12-31,APPR004,APPR005,True
1101340,ACC00128,Wire In,71537.57,2025-12-31,APPR009,,True
1101341,ACC00276,Wire Out,161876.63,2025-12-31,APPR006,,True
1101342,ACC00289,Collateral Return,181467.3,2025-12-31,APPR010,,True
1101343,ACC00112,Wire Out,49180.97,2025-12-31,APPR007,APPR001,True
1101344,ACC00073,Wire Out,15102.29,2025-12-31,APPR009,,True
1101345,ACC00887,Collateral Return,108237.95,2025-12-31,APPR001,APPR003,True
1101346,ACC00296,Collateral Return,67653.71,2025-12-31,APPR005,,True
1101347,ACC00165,Collateral Pledge,676361.83,2026-01-01,APPR009,APPR012,True
1101348,ACC00302,Collateral Pledge,65846.16,2026-01-01,APPR004,,True
1101349,ACC00564,Wire Out,33608.65,2026-01-01,APPR005,,True
1101350,ACC00774,Wire Out,335115.65,2026-01-01,APPR002,,True
1101351,ACC00218,Collateral Pledge,135384.12,2026-01-01,APPR008,,True
1101352,ACC00704,Wire In,164200.53,2026-01-01,APPR007,APPR009,True
1101353,ACC00562,Collateral Return,341034.12,2026-01-01,APPR006,APPR014,True
1101354,ACC00766,Collateral Pledge,318845.07,2026-01-01,APPR013,APPR010,True
1101355,ACC00345,Collateral Return,382560.47,2026-01-01,APPR001,APPR008,True
1101356,ACC00833,Wire Out,35055.25,2026-01-01,APPR009,,True
1101357,ACC00500,Collateral Return,27114.05,2026-01-01,APPR006,,True
1101358,ACC00458,Wire In,28121.68,2026-01-02,APPR004,APPR009,True
1101359,ACC00484,Wire Out,140664.14,2026-01-02,APPR004,APPR001,True
1101360,ACC00777,Collateral Pledge,444408.41,2026-01-02,APPR002,APPR010,True
1101361,ACC00745,Collateral Pledge,16627.08,2026-01-02,APPR012,APPR013,True
1101362,ACC00283,Collateral Return,49882.78,2026-01-02,APPR013,APPR011,True
1101363,ACC00004,Wire Out,129623.27,2026-01-02,APPR002,APPR009,True
1101364,ACC00642,Wire In,271401.89,2026-01-02,APPR006,APPR007,True
1101365,ACC00160,Wire Out,57170.37,2026-01-02,APPR012,,True
1101366,ACC00461,Wire Out,109587.94,2026-01-02,APPR001,APPR008,True
1101367,ACC00433,Collateral Return,26077.07,2026-01-02,APPR006,,True
1101368,ACC00773,Collateral Pledge,199590.38,2026-01-02,APPR008,APPR013,True
1101369,ACC00113,Collateral Return,71150.16,2026-01-02,APPR002,APPR007,True
1101370,ACC00826,Collateral Return,10551.66,2026-01-02,APPR012,APPR009,True
1101371,ACC00707,Wire In,136716.26,2026-01-02,APPR012,,True
1101372,ACC00038,Collateral Return,83586.49,2026-01-05,APPR010,APPR002,True
1101373,ACC00679,Wire Out,21332.08,2026-01-05,APPR008,APPR004,True
1101374,ACC00745,Collateral Return,163891.32,2026-01-05,APPR005,,True
1101375,ACC00207,Wire Out,7448.27,2026-01-05,APPR006,,True
1101376,ACC00621,Wire In,503798.91,2026-01-05,APPR005,APPR010,True
1101377,ACC00200,Collateral Return,101880.5,2026-01-05,APPR010,,True
1101378,ACC00505,Wire Out,232563.87,2026-01-05,APPR011,APPR010,True
1101379,ACC00664,Collateral Pledge,232439.81,2026-01-05,APPR008,APPR013,True
1101380,ACC00535,Wire Out,340827.38,2026-01-05,APPR010,APPR001,True
1101381,ACC00658,Collateral Pledge,189316.47,2026-01-05,APPR003,APPR008,True
1101382,ACC00212,Wire In,397526.68,2026-01-05,APPR007,APPR013,True
1101383,ACC00638,Collateral Pledge,166573.14,2026-01-05,APPR003,,True
1101384,ACC00203,Wire In,5543.84,2026-01-05,APPR007,APPR003,True
1101385,ACC00272,Wire In,529199.25,2026-01-05,APPR002,APPR007,True
1101386,ACC00215,Collateral Return,91125.96,2026-01-05,APPR001,,True
1101387,ACC00614,Wire Out,14024.16,2026-01-05,APPR011,APPR004,True
1101388,ACC00085,Collateral Return,729820.18,2026-01-05,APPR004,APPR009,True
1101389,ACC00779,Collateral Return,29596.59,2026-01-05,APPR009,,True
1101390,ACC00821,Wire In,164682.08,2026-01-05,APPR004,,True
1101391,ACC00062,Collateral Return,410162.22,2026-01-06,APPR014,APPR007,True
1101392,ACC00837,Collateral Pledge,95477.09,2026-01-06,APPR014,APPR011,True
1101393,ACC00709,Wire Out,596165.74,2026-01-06,APPR001,APPR012,True
1101394,ACC00347,Collateral Return,37043.76,2026-01-06,APPR001,,True
1101395,ACC00487,Collateral Pledge,80389.76,2026-01-06,APPR013,,True
1101396,ACC00753,Collateral Return,60987.39,2026-01-06,APPR014,APPR013,True
1101397,ACC00643,Wire In,72628.57,2026-01-06,APPR003,APPR002,True
1101398,ACC00684,Wire In,19998.66,2026-01-06,APPR014,,True
1101399,ACC00180,Collateral Pledge,48152.23,2026-01-06,APPR003,,True
1101400,ACC00868,Wire In,1109357.98,2026-01-06,APPR011,APPR004,True
1101401,ACC00701,Collateral Return,36804.62,2026-01-07,APPR009,APPR008,True
1101402,ACC00343,Wire In,296309.81,2026-01-07,APPR005,APPR014,True
1101403,ACC00328,Collateral Return,286703.53,2026-01-07,APPR008,APPR002,True
1101404,ACC00479,Wire In,21288.12,2026-01-07,APPR013,,True
1101405,ACC00380,Collateral Pledge,105911.81,2026-01-07,APPR010,APPR003,True
1101406,ACC00079,Collateral Return,116264.49,2026-01-07,APPR012,,True
1101407,ACC00081,Collateral Pledge,18670.8,2026-01-07,APPR005,APPR011,True
1101408,ACC00344,Collateral Return,94061.31,2026-01-07,APPR009,APPR005,True
1101409,ACC00114,Wire In,239129.12,2026-01-07,APPR001,,True
1101410,ACC00301,Collateral Pledge,76143.09,2026-01-07,APPR003,,True
1101411,ACC00201,Collateral Return,621833.47,2026-01-07,APPR001,APPR005,True
1101412,ACC00740,Collateral Return,177579.97,2026-01-07,APPR003,,True
1101413,ACC00278,Collateral Return,122226.94,2026-01-07,APPR007,APPR010,True
1101414,ACC00438,Collateral Pledge,79165.68,2026-01-07,APPR003,APPR009,True
1101415,ACC00070,Wire In,136789.92,2026-01-07,APPR003,,True
1101416,ACC00796,Collateral Return,11505.07,2026-01-07,APPR001,APPR002,True
1101417,ACC00067,Collateral Pledge,529196.27,2026-01-07,APPR007,APPR002,True
1101418,ACC00591,Collateral Pledge,413697.02,2026-01-07,APPR003,APPR014,True
1101419,ACC00822,Collateral Return,486995.77,2026-01-07,APPR008,APPR013,True
1101420,ACC00529,Collateral Pledge,114862.93,2026-01-07,APPR003,,True
1101421,ACC00087,Wire In,121722.73,2026-01-07,APPR002,,True
1101422,ACC00350,Wire In,154535.69,2026-01-08,APPR005,,True
1101423,ACC00107,Wire Out,158743.47,2026-01-08,APPR003,,True
1101424,ACC00065,Wire Out,196926.03,2026-01-08,APPR003,APPR002,True
1101425,ACC00652,Collateral Return,25605.81,2026-01-08,APPR001,APPR007,True
1101426,ACC00769,Wire Out,330829.06,2026-01-08,APPR010,APPR013,True
1101427,ACC00213,Wire In,83231.89,2026-01-08,APPR012,,True
1101428,ACC00153,Wire In,310775.21,2026-01-08,APPR013,APPR011,True
1101429,ACC00263,Collateral Pledge,130863.06,2026-01-08,APPR003,APPR012,True
1101430,ACC00419,Wire In,198863.32,2026-01-08,APPR006,APPR012,True
1101431,ACC00461,Wire Out,302486.19,2026-01-08,APPR009,APPR008,True
1101432,ACC00522,Collateral Return,295858.25,2026-01-08,APPR002,APPR004,True
1101433,ACC00475,Collateral Pledge,76732.98,2026-01-08,APPR014,,True
1101434,ACC00202,Collateral Return,32500.54,2026-01-08,APPR006,,True
1101435,ACC00519,Wire In,437293.44,2026-01-08,APPR003,APPR012,True
1101436,ACC00116,Wire In,186607.71,2026-01-08,APPR006,APPR002,True
1101437,ACC00138,Wire Out,22467.82,2026-01-08,APPR014,APPR004,True
1101438,ACC00536,Collateral Pledge,36472.05,2026-01-09,APPR002,APPR011,True
1101439,ACC00303,Wire Out,27239.94,2026-01-09,APPR013,,True
1101440,ACC00046,Collateral Pledge,106666.96,2026-01-09,APPR010,APPR012,True
1101441,ACC00722,Collateral Return,252473.91,2026-01-09,APPR001,APPR010,True
1101442,ACC00504,Collateral Return,294273.23,2026-01-09,APPR013,APPR006,True
1101443,ACC00411,Collateral Pledge,453860.87,2026-01-09,APPR010,APPR011,True
1101444,ACC00556,Collateral Return,63710.23,2026-01-09,APPR014,APPR010,True
1101445,ACC00663,Collateral Pledge,315143.43,2026-01-09,APPR011,APPR010,True
1101446,ACC00355,Collateral Pledge,236074.8,2026-01-09,APPR010,,True
1101447,ACC00654,Collateral Pledge,348682.97,2026-01-09,APPR012,APPR003,True
1101448,ACC00766,Wire In,162016.76,2026-01-09,APPR006,,True
1101449,ACC00165,Wire Out,189517.03,2026-01-09,APPR006,APPR005,True
1101450,ACC00751,Wire Out,87224.69,2026-01-09,APPR012,,True
1101451,ACC00719,Collateral Pledge,193965.67,2026-01-09,APPR006,,True
1101452,ACC00579,Wire In,118259.97,2026-01-09,APPR014,APPR011,True
1101453,ACC00329,Collateral Pledge,123931.0,2026-01-09,APPR004,APPR001,False
1101454,ACC00241,Collateral Pledge,42586.7,2026-01-12,APPR012,APPR010,True
1101455,ACC00771,Collateral Return,54386.94,2026-01-12,APPR004,APPR011,True
1101456,ACC00184,Wire Out,30316.58,2026-01-12,APPR011,APPR001,True
1101457,ACC00158,Collateral Return,44584.29,2026-01-12,APPR001,,True
1101458,ACC00273,Wire In,1033947.08,2026-01-12,APPR013,APPR006,True
1101459,ACC00554,Collateral Return,115875.3,2026-01-12,APPR001,,True
1101460,ACC00250,Wire In,16957.27,2026-01-12,APPR010,,True
1101461,ACC00567,Wire In,178527.57,2026-01-12,APPR009,,True
1101462,ACC00682,Collateral Pledge,178849.5,2026-01-12,APPR007,,True
1101463,ACC00821,Collateral Pledge,18073.29,2026-01-12,APPR002,,True
1101464,ACC00307,Collateral Pledge,163179.84,2026-01-12,APPR008,APPR011,True
1101465,ACC00788,Collateral Return,39878.98,2026-01-12,APPR005,,True
1101466,ACC00520,Collateral Return,21221.95,2026-01-12,APPR009,,True
1101467,ACC00215,Wire Out,57778.36,2026-01-12,APPR013,,True
1101468,ACC00488,Collateral Return,42530.17,2026-01-12,APPR004,APPR010,True
1101469,ACC00468,Collateral Return,288908.62,2026-01-12,APPR011,APPR004,True
1101470,ACC00640,Collateral Return,152879.61,2026-01-12,APPR008,,True
1101471,ACC00058,Wire In,237083.58,2026-01-12,APPR007,,True
1101472,ACC00450,Wire In,291878.13,2026-01-12,APPR011,,True
1101473,ACC00851,Collateral Pledge,405373.77,2026-01-12,APPR009,APPR013,True
1101474,ACC00716,Wire In,81571.46,2026-01-13,APPR002,APPR007,True
1101475,ACC00265,Collateral Pledge,368698.14,2026-01-13,APPR013,APPR011,True
1101476,ACC00058,Wire In,17499.21,2026-01-13,APPR001,APPR008,True
1101477,ACC00257,Collateral Pledge,4195.61,2026-01-13,APPR001,,True
1101478,ACC00025,Wire Out,148308.2,2026-01-13,APPR008,,True
1101479,ACC00323,Wire In,298951.33,2026-01-13,APPR011,APPR003,True
1101480,ACC00076,Collateral Return,252150.95,2026-01-13,APPR007,APPR009,True
1101481,ACC00164,Wire Out,158016.98,2026-01-13,APPR005,APPR010,True
1101482,ACC00124,Wire Out,152220.42,2026-01-13,APPR014,,True
1101483,ACC00327,Wire In,65283.83,2026-01-13,APPR002,,True
1101484,ACC00431,Collateral Return,14712.51,2026-01-13,APPR008,APPR012,True
1101485,ACC00334,Collateral Return,102650.15,2026-01-13,APPR012,APPR009,True
1101486,ACC00500,Wire Out,325689.52,2026-01-13,APPR004,APPR005,True
1101487,ACC00553,Collateral Pledge,205503.69,2026-01-13,APPR012,APPR006,True
1101488,ACC00647,Collateral Pledge,822645.66,2026-01-14,APPR011,APPR005,True
1101489,ACC00471,Collateral Return,618170.9,2026-01-14,APPR007,APPR003,True
1101490,ACC00533,Collateral Return,919064.6,2026-01-14,APPR001,APPR003,True
1101491,ACC00044,Wire Out,19688.11,2026-01-14,APPR003,,True
1101492,ACC00461,Collateral Pledge,28745.94,2026-01-14,APPR008,APPR002,True
1101493,ACC00237,Collateral Pledge,98870.34,2026-01-14,APPR012,,True
1101494,ACC00321,Collateral Pledge,55283.61,2026-01-14,APPR010,APPR004,True
1101495,ACC00558,Wire In,525628.77,2026-01-14,APPR001,APPR004,True
1101496,ACC00171,Collateral Return,350120.82,2026-01-14,APPR009,APPR003,True
1101497,ACC00767,Collateral Return,77856.81,2026-01-14,APPR010,,True
1101498,ACC00411,Collateral Pledge,63124.45,2026-01-14,APPR003,,True
1101499,ACC00084,Collateral Pledge,188117.52,2026-01-14,APPR004,APPR013,True
1101500,ACC00662,Collateral Return,28490.03,2026-01-15,APPR010,,True
1101501,ACC00876,Collateral Return,155180.97,2026-01-15,APPR003,APPR001,True
1101502,ACC00197,Collateral Pledge,41208.45,2026-01-15,APPR001,,True
1101503,ACC00137,Wire Out,151316.5,2026-01-15,APPR008,,True
1101504,ACC00317,Wire In,295062.88,2026-01-15,APPR012,,True
1101505,ACC00068,Collateral Return,214095.1,2026-01-15,APPR013,APPR012,True
1101506,ACC00518,Wire In,19117.37,2026-01-15,APPR009,APPR002,True
1101507,ACC00216,Collateral Pledge,635307.25,2026-01-15,APPR014,,True
1101508,ACC00214,Wire Out,35751.32,2026-01-15,APPR008,APPR006,True
1101509,ACC00108,Collateral Return,283385.55,2026-01-15,APPR014,APPR003,True
1101510,ACC00352,Wire Out,94009.07,2026-01-15,APPR012,,True
1101511,ACC00454,Collateral Return,34396.89,2026-01-15,APPR003,,True
1101512,ACC00701,Collateral Return,14293.81,2026-01-15,APPR001,,True
1101513,ACC00593,Collateral Pledge,22303.67,2026-01-15,APPR010,,True
1101514,ACC00555,Wire In,49771.22,2026-01-15,APPR012,APPR011,True
1101515,ACC00575,Collateral Return,46124.14,2026-01-16,APPR014,APPR012,True
1101516,ACC00451,Collateral Return,108080.3,2026-01-16,APPR011,APPR010,True
1101517,ACC00815,Wire In,631156.46,2026-01-16,APPR005,APPR012,True
1101518,ACC00205,Wire Out,42886.82,2026-01-16,APPR014,,True
1101519,ACC00459,Wire Out,228081.0,2026-01-16,APPR005,,True
1101520,ACC00640,Wire In,147651.17,2026-01-16,APPR012,,True
1101521,ACC00564,Wire Out,8545.87,2026-01-16,APPR002,APPR003,True
1101522,ACC00696,Collateral Pledge,203277.96,2026-01-16,APPR006,APPR010,True
1101523,ACC00130,Collateral Pledge,536412.92,2026-01-16,APPR009,APPR010,True
1101524,ACC00475,Collateral Pledge,616978.4,2026-01-16,APPR013,APPR014,True
1101525,ACC00087,Wire In,76505.54,2026-01-16,APPR014,APPR011,True
1101526,ACC00201,Wire Out,27568.88,2026-01-19,APPR002,APPR013,True
1101527,ACC00849,Wire In,184030.06,2026-01-19,APPR011,,True
1101528,ACC00297,Collateral Return,21728.92,2026-01-19,APPR002,APPR001,True
1101529,ACC00030,Wire In,133220.02,2026-01-19,APPR014,APPR013,True
1101530,ACC00723,Collateral Return,112333.9,2026-01-19,APPR007,APPR002,True
1101531,ACC00892,Wire Out,115023.6,2026-01-19,APPR009,APPR004,True
1101532,ACC00716,Wire Out,425745.2,2026-01-19,APPR011,APPR008,True
1101533,ACC00007,Wire In,31264.99,2026-01-19,APPR014,,True
1101534,ACC00746,Wire In,8206.19,2026-01-20,APPR012,,True
1101535,ACC00799,Collateral Return,202453.15,2026-01-20,APPR005,,True
1101536,ACC00031,Collateral Return,143445.98,2026-01-20,APPR002,APPR003,True
1101537,ACC00718,Wire In,123125.61,2026-01-20,APPR002,,True
1101538,ACC00532,Collateral Return,901347.11,2026-01-20,APPR012,APPR011,True
1101539,ACC00858,Wire In,101808.46,2026-01-20,APPR013,,True
1101540,ACC00833,Wire Out,2146179.51,2026-01-20,APPR005,APPR009,True
1101541,ACC00411,Wire Out,118813.95,2026-01-20,APPR013,APPR014,True
1101542,ACC00215,Wire In,50003.39,2026-01-20,APPR008,,True
1101543,ACC00334,Collateral Pledge,89037.46,2026-01-20,APPR006,APPR003,True
1101544,ACC00590,Wire Out,224544.31,2026-01-20,APPR002,APPR001,True
1101545,ACC00154,Wire Out,89646.42,2026-01-20,APPR014,APPR011,True
1101546,ACC00723,Collateral Pledge,220561.4,2026-01-20,APPR012,,True
1101547,ACC00263,Collateral Return,38767.36,2026-01-20,APPR003,,True
1101548,ACC00730,Wire In,7335.71,2026-01-21,APPR011,APPR007,True
1101549,ACC00149,Collateral Return,596946.94,2026-01-21,APPR008,APPR002,True
1101550,ACC00405,Wire Out,33921.07,2026-01-21,APPR002,APPR010,True
1101551,ACC00834,Collateral Pledge,112465.77,2026-01-21,APPR008,,True
1101552,ACC00055,Wire Out,16365.14,2026-01-21,APPR010,APPR003,True
1101553,ACC00177,Wire In,81133.88,2026-01-21,APPR001,,True
1101554,ACC00462,Collateral Pledge,199181.03,2026-01-21,APPR014,,True
1101555,ACC00442,Collateral Return,12245.9,2026-01-21,APPR012,,True
1101556,ACC00547,Wire Out,1060212.52,2026-01-21,APPR005,APPR004,True
1101557,ACC00505,Collateral Return,125809.59,2026-01-21,APPR013,,True
1101558,ACC00213,Collateral Pledge,71145.75,2026-01-21,APPR010,APPR005,True
1101559,ACC00681,Wire In,91417.88,2026-01-21,APPR012,,False
1101560,ACC00014,Wire Out,221776.06,2026-01-21,APPR007,APPR013,True
1101561,ACC00443,Wire In,64755.83,2026-01-21,APPR006,APPR005,True
1101562,ACC00107,Wire In,61353.26,2026-01-22,APPR008,APPR006,True
1101563,ACC00119,Collateral Return,170668.14,2026-01-22,APPR003,,True
1101564,ACC00303,Wire Out,41362.64,2026-01-22,APPR014,,True
1101565,ACC00383,Collateral Return,110181.24,2026-01-22,APPR007,,True
1101566,ACC00256,Collateral Pledge,217198.72,2026-01-22,APPR009,APPR014,True
1101567,ACC00199,Collateral Return,371247.95,2026-01-22,APPR011,APPR008,True
1101568,ACC00272,Wire Out,83009.78,2026-01-22,APPR001,APPR013,True
1101569,ACC00498,Collateral Pledge,200976.07,2026-01-22,APPR014,APPR007,True
1101570,ACC00797,Collateral Return,273086.72,2026-01-22,APPR003,APPR013,True
1101571,ACC00441,Collateral Pledge,196359.01,2026-01-22,APPR010,APPR007,True
1101572,ACC00809,Wire In,190911.5,2026-01-22,APPR003,,True
1101573,ACC00821,Collateral Return,152639.76,2026-01-22,APPR003,APPR013,True
1101574,ACC00683,Wire In,165865.21,2026-01-23,APPR013,,True
1101575,ACC00785,Collateral Pledge,74369.15,2026-01-23,APPR003,,True
1101576,ACC00529,Wire In,22232.75,2026-01-23,APPR001,,True
1101577,ACC00756,Collateral Return,81800.24,2026-01-23,APPR006,,True
1101578,ACC00140,Collateral Return,108223.93,2026-01-23,APPR011,,True
1101579,ACC00575,Collateral Return,98579.46,2026-01-23,APPR012,,True
1101580,ACC00575,Wire Out,205361.87,2026-01-23,APPR001,APPR014,True
1101581,ACC00002,Collateral Return,194129.09,2026-01-23,APPR007,,True
1101582,ACC00512,Collateral Pledge,53338.23,2026-01-23,APPR010,APPR012,True
1101583,ACC00488,Collateral Pledge,8574.13,2026-01-23,APPR011,,True
1101584,ACC00383,Wire Out,159157.2,2026-01-23,APPR008,APPR004,True
1101585,ACC00620,Wire In,8502.63,2026-01-23,APPR001,APPR013,True
1101586,ACC00643,Collateral Return,15065.74,2026-01-23,APPR009,APPR008,True
1101587,ACC00465,Collateral Pledge,2123554.84,2026-01-23,APPR006,APPR010,True
1101588,ACC00108,Wire Out,527344.13,2026-01-23,APPR008,APPR005,True
1101589,ACC00809,Wire Out,27168.18,2026-01-23,APPR006,,True
1101590,ACC00631,Wire In,72244.29,2026-01-23,APPR011,APPR006,True
1101591,ACC00608,Wire Out,55948.87,2026-01-23,APPR005,APPR011,True
1101592,ACC00617,Wire In,31700.06,2026-01-23,APPR008,APPR013,True
1101593,ACC00619,Wire Out,100430.26,2026-01-26,APPR012,APPR003,True
1101594,ACC00879,Collateral Return,20470.78,2026-01-26,APPR014,APPR012,True
1101595,ACC00606,Wire Out,478988.6,2026-01-26,APPR004,APPR001,True
1101596,ACC00807,Collateral Pledge,24265.43,2026-01-26,APPR002,,True
1101597,ACC00486,Wire Out,63928.84,2026-01-26,APPR012,APPR005,True
1101598,ACC00654,Wire In,65327.15,2026-01-26,APPR004,APPR011,True
1101599,ACC00831,Collateral Return,144771.95,2026-01-26,APPR007,,True
1101600,ACC00285,Wire Out,72035.34,2026-01-27,APPR009,APPR013,True
1101601,ACC00480,Wire In,238301.45,2026-01-27,APPR001,,True
1101602,ACC00370,Collateral Return,76007.73,2026-01-27,APPR013,,True
1101603,ACC00083,Collateral Return,13388.13,2026-01-27,APPR007,APPR013,True
1101604,ACC00696,Collateral Pledge,112629.63,2026-01-27,APPR013,,True
1101605,ACC00615,Wire Out,67425.19,2026-01-27,APPR002,,True
1101606,ACC00830,Collateral Return,173041.2,2026-01-27,APPR012,APPR010,True
1101607,ACC00045,Wire Out,271999.35,2026-01-27,APPR002,APPR003,True
1101608,ACC00669,Wire In,19192.99,2026-01-27,APPR006,,True
1101609,ACC00104,Collateral Pledge,26450.09,2026-01-27,APPR005,APPR011,True
1101610,ACC00021,Collateral Return,150216.22,2026-01-27,APPR013,APPR007,True
1101611,ACC00403,Collateral Pledge,122293.02,2026-01-27,APPR001,,True
1101612,ACC00388,Collateral Return,291324.65,2026-01-27,APPR010,APPR011,True
1101613,ACC00644,Wire In,93648.12,2026-01-27,APPR012,APPR008,True
1101614,ACC00474,Collateral Return,325684.22,2026-01-27,APPR007,APPR003,True
1101615,ACC00745,Wire In,38051.32,2026-01-27,APPR014,,True
1101616,ACC00853,Wire Out,75144.89,2026-01-27,APPR010,APPR012,True
1101617,ACC00124,Collateral Pledge,75096.6,2026-01-27,APPR009,APPR007,True
1101618,ACC00418,Collateral Return,226218.48,2026-01-28,APPR001,,True
1101619,ACC00465,Collateral Pledge,75767.02,2026-01-28,APPR007,,True
1101620,ACC00491,Collateral Return,316531.87,2026-01-28,APPR014,APPR005,True
1101621,ACC00168,Collateral Return,78975.41,2026-01-28,APPR007,APPR011,True
1101622,ACC00335,Wire Out,186881.14,2026-01-28,APPR010,APPR005,True
1101623,ACC00313,Collateral Return,140664.94,2026-01-28,APPR006,APPR004,True
1101624,ACC00162,Wire Out,81173.28,2026-01-28,APPR004,APPR012,False
1101625,ACC00586,Collateral Pledge,149176.79,2026-01-28,APPR009,,True
1101626,ACC00576,Collateral Pledge,211679.84,2026-01-28,APPR010,,True
1101627,ACC00135,Wire Out,53263.5,2026-01-28,APPR009,,False
1101628,ACC00721,Collateral Return,19223.67,2026-01-28,APPR012,APPR003,True
1101629,ACC00661,Wire In,36355.91,2026-01-28,APPR010,,True
1101630,ACC00706,Collateral Pledge,68512.44,2026-01-28,APPR014,,True
1101631,ACC00323,Collateral Return,657581.34,2026-01-28,APPR011,APPR012,True
1101632,ACC00084,Collateral Pledge,72650.31,2026-01-28,APPR002,APPR004,True
1101633,ACC00758,Collateral Pledge,127487.25,2026-01-28,APPR004,,True
1101634,ACC00206,Collateral Pledge,381104.07,2026-01-28,APPR011,APPR013,True
1101635,ACC00603,Collateral Pledge,51389.8,2026-01-28,APPR001,APPR002,True
1101636,ACC00310,Collateral Return,139499.89,2026-01-29,APPR013,,True
1101637,ACC00135,Wire Out,472719.55,2026-01-29,APPR009,APPR002,True
1101638,ACC00471,Wire Out,65899.23,2026-01-29,APPR006,APPR014,True
1101639,ACC00086,Collateral Return,20527.66,2026-01-29,APPR010,,True
1101640,ACC00308,Wire In,39343.46,2026-01-29,APPR006,,True
1101641,ACC00157,Wire In,49504.66,2026-01-29,APPR006,APPR013,True
1101642,ACC00461,Wire In,234367.33,2026-01-29,APPR001,,True
1101643,ACC00315,Collateral Return,47453.91,2026-01-29,APPR014,APPR005,True
1101644,ACC00294,Wire In,519193.81,2026-01-29,APPR011,APPR009,True
1101645,ACC00545,Collateral Pledge,88012.58,2026-01-29,APPR009,APPR012,True
1101646,ACC00350,Wire In,64183.84,2026-01-29,APPR005,,True
1101647,ACC00461,Collateral Pledge,142719.04,2026-01-29,APPR002,,True
1101648,ACC00227,Wire In,70621.57,2026-01-29,APPR001,,True
1101649,ACC00106,Collateral Pledge,118750.95,2026-01-30,APPR004,,True
1101650,ACC00451,Collateral Return,1045834.1,2026-01-30,APPR003,APPR006,True
1101651,ACC00292,Wire In,224833.77,2026-01-30,APPR005,,True
1101652,ACC00670,Collateral Pledge,31562.26,2026-01-30,APPR005,,True
1101653,ACC00063,Wire Out,454919.23,2026-01-30,APPR006,APPR013,True
1101654,ACC00289,Wire Out,223539.89,2026-01-30,APPR005,,True
1101655,ACC00472,Collateral Pledge,73034.38,2026-01-30,APPR004,APPR007,True
1101656,ACC00261,Wire Out,101835.33,2026-01-30,APPR002,APPR008,True
1101657,ACC00781,Wire In,45120.76,2026-01-30,APPR013,APPR009,True
1101658,ACC00544,Wire In,65509.56,2026-01-30,APPR010,APPR009,True
1101659,ACC00876,Collateral Return,199441.52,2026-01-30,APPR013,APPR014,True
1101660,ACC00773,Collateral Return,89206.35,2026-01-30,APPR014,,True
1101661,ACC00077,Collateral Pledge,573988.76,2026-02-02,APPR009,APPR013,True
1101662,ACC00833,Wire In,7008.04,2026-02-02,APPR011,,True
1101663,ACC00380,Wire In,278209.58,2026-02-02,APPR009,APPR011,True
1101664,ACC00416,Collateral Return,275081.29,2026-02-02,APPR005,APPR007,True
1101665,ACC00347,Wire Out,36930.85,2026-02-02,APPR009,,True
1101666,ACC00490,Collateral Pledge,73149.32,2026-02-02,APPR012,APPR004,True
1101667,ACC00643,Collateral Return,749127.91,2026-02-02,APPR003,APPR008,True
1101668,ACC00209,Collateral Return,182640.97,2026-02-02,APPR010,APPR005,True
1101669,ACC00531,Wire In,229675.89,2026-02-02,APPR008,,True
1101670,ACC00750,Wire In,335825.95,2026-02-02,APPR014,,True
1101671,ACC00308,Wire In,89115.29,2026-02-02,APPR008,APPR014,True
1101672,ACC00660,Wire Out,22784.07,2026-02-02,APPR012,APPR005,True
1101673,ACC00273,Wire Out,53325.19,2026-02-02,APPR013,,True
1101674,ACC00401,Collateral Pledge,49115.06,2026-02-02,APPR004,,True
1101675,ACC00323,Collateral Pledge,103563.16,2026-02-02,APPR007,APPR010,True
1101676,ACC00831,Wire Out,685536.4,2026-02-02,APPR012,APPR014,True
1101677,ACC00851,Wire In,5373.01,2026-02-02,APPR005,APPR010,True
1101678,ACC00502,Wire In,21518.27,2026-02-02,APPR007,APPR012,True
1101679,ACC00232,Wire Out,161370.76,2026-02-03,APPR014,APPR008,True
1101680,ACC00704,Collateral Pledge,435064.76,2026-02-03,APPR008,APPR014,True
1101681,ACC00847,Wire In,283022.27,2026-02-03,APPR003,APPR006,True
1101682,ACC00121,Collateral Return,6902.64,2026-02-03,APPR013,,True
1101683,ACC00702,Wire Out,148869.13,2026-02-03,APPR004,APPR010,True
1101684,ACC00878,Collateral Pledge,31771.03,2026-02-03,APPR011,APPR003,True
1101685,ACC00362,Collateral Pledge,24266.43,2026-02-03,APPR007,APPR003,True
1101686,ACC00318,Wire Out,51262.35,2026-02-03,APPR007,,True
1101687,ACC00190,Collateral Return,161238.24,2026-02-03,APPR008,,True
1101688,ACC00822,Collateral Return,155612.67,2026-02-03,APPR012,,True
1101689,ACC00542,Wire In,21985.4,2026-02-03,APPR009,APPR013,True
1101690,ACC00420,Wire In,306945.5,2026-02-03,APPR004,APPR011,True
1101691,ACC00779,Collateral Return,28808.87,2026-02-03,APPR012,APPR005,True
1101692,ACC00075,Wire Out,112421.84,2026-02-03,APPR010,,True
1101693,ACC00055,Wire In,407034.82,2026-02-03,APPR010,APPR013,True
1101694,ACC00087,Collateral Return,135482.25,2026-02-03,APPR006,,True
1101695,ACC00855,Wire In,7856.91,2026-02-03,APPR003,,True
1101696,ACC00837,Collateral Return,14385.66,2026-02-04,APPR007,,True
1101697,ACC00663,Collateral Return,14354.7,2026-02-04,APPR010,,True
1101698,ACC00010,Wire Out,220640.89,2026-02-04,APPR008,APPR010,True
1101699,ACC00876,Collateral Return,243787.25,2026-02-04,APPR006,,True
1101700,ACC00657,Wire In,16158.99,2026-02-04,APPR004,APPR014,True
1101701,ACC00181,Wire Out,142515.08,2026-02-04,APPR010,,True
1101702,ACC00376,Wire In,107099.7,2026-02-04,APPR006,APPR004,True
1101703,ACC00473,Collateral Pledge,710717.84,2026-02-04,APPR014,APPR007,True
1101704,ACC00240,Wire In,46547.78,2026-02-04,APPR008,APPR002,True
1101705,ACC00149,Collateral Return,160847.7,2026-02-04,APPR005,APPR004,True
1101706,ACC00152,Wire In,1078664.12,2026-02-04,APPR005,APPR008,True
1101707,ACC00319,Collateral Pledge,447947.06,2026-02-05,APPR006,APPR001,True
1101708,ACC00715,Wire In,23802.17,2026-02-05,APPR012,,True
1101709,ACC00366,Collateral Return,56435.59,2026-02-05,APPR007,,True
1101710,ACC00475,Collateral Return,16263.52,2026-02-05,APPR006,,True
1101711,ACC00152,Wire Out,85557.35,2026-02-05,APPR008,,False
1101712,ACC00124,Collateral Pledge,40389.57,2026-02-05,APPR004,,True
1101713,ACC00734,Wire In,10881.29,2026-02-05,APPR004,,True
1101714,ACC00688,Wire In,186302.98,2026-02-05,APPR006,,True
1101715,ACC00668,Wire In,505943.15,2026-02-05,APPR002,APPR001,True
1101716,ACC00182,Wire Out,67021.57,2026-02-05,APPR003,,True
1101717,ACC00028,Collateral Return,59437.67,2026-02-05,APPR007,APPR009,True
1101718,ACC00492,Wire In,48546.38,2026-02-05,APPR002,APPR006,True
1101719,ACC00625,Wire In,23694.84,2026-02-06,APPR003,,True
1101720,ACC00423,Collateral Return,39540.76,2026-02-06,APPR008,,True
1101721,ACC00458,Wire In,224386.75,2026-02-06,APPR011,,True
1101722,ACC00474,Wire Out,28072.11,2026-02-06,APPR005,,True
1101723,ACC00558,Wire Out,2621.23,2026-02-06,APPR003,APPR001,True
1101724,ACC00678,Wire Out,64888.69,2026-02-06,APPR010,APPR007,True
1101725,ACC00257,Collateral Pledge,26422.23,2026-02-06,APPR010,APPR003,True
1101726,ACC00807,Collateral Pledge,75227.11,2026-02-06,APPR011,APPR003,True
1101727,ACC00198,Collateral Pledge,121225.05,2026-02-06,APPR006,,True
1101728,ACC00474,Collateral Pledge,439218.62,2026-02-06,APPR007,APPR010,True
1101729,ACC00798,Wire Out,216193.89,2026-02-06,APPR012,,True
1101730,ACC00391,Collateral Return,466420.02,2026-02-06,APPR003,APPR006,True
1101731,ACC00795,Wire In,317603.07,2026-02-06,APPR009,APPR012,True
1101732,ACC00539,Wire Out,37390.73,2026-02-06,APPR004,,True
1101733,ACC00835,Wire In,120712.82,2026-02-09,APPR014,APPR004,True
1101734,ACC00490,Collateral Return,2354481.09,2026-02-09,APPR011,APPR006,True
1101735,ACC00489,Collateral Pledge,72647.29,2026-02-09,APPR003,,True
1101736,ACC00220,Wire In,113977.78,2026-02-09,APPR001,APPR011,True
1101737,ACC00621,Collateral Return,51633.82,2026-02-09,APPR010,,True
1101738,ACC00769,Wire Out,333871.15,2026-02-09,APPR005,APPR008,True
1101739,ACC00569,Wire In,300823.67,2026-02-09,APPR005,APPR006,True
1101740,ACC00231,Wire In,59759.37,2026-02-09,APPR001,APPR011,True
1101741,ACC00617,Wire In,22805.01,2026-02-09,APPR006,,True
1101742,ACC00171,Collateral Return,119762.28,2026-02-09,APPR002,APPR013,True
1101743,ACC00545,Wire Out,379360.29,2026-02-09,APPR005,APPR012,True
1101744,ACC00488,Collateral Return,5593.15,2026-02-09,APPR014,APPR011,True
1101745,ACC00181,Collateral Pledge,82138.96,2026-02-09,APPR005,,True
1101746,ACC00486,Collateral Return,80188.45,2026-02-09,APPR001,,True
1101747,ACC00883,Wire In,13354.62,2026-02-09,APPR008,,True
1101748,ACC00532,Collateral Return,63294.54,2026-02-09,APPR014,APPR010,True
1101749,ACC00114,Wire Out,385778.54,2026-02-09,APPR011,APPR003,True
1101750,ACC00211,Collateral Pledge,8260.57,2026-02-09,APPR013,,True
1101751,ACC00816,Collateral Pledge,51853.55,2026-02-10,APPR007,APPR010,True
1101752,ACC00844,Collateral Pledge,20488.36,2026-02-10,APPR010,,True
1101753,ACC00698,Wire In,46871.7,2026-02-10,APPR010,,True
1101754,ACC00834,Collateral Return,38041.11,2026-02-10,APPR009,APPR014,True
1101755,ACC00327,Wire Out,78896.19,2026-02-10,APPR014,,True
1101756,ACC00072,Collateral Return,11234.85,2026-02-10,APPR012,APPR004,True
1101757,ACC00155,Wire In,41357.79,2026-02-10,APPR010,,True
1101758,ACC00652,Wire Out,257151.82,2026-02-10,APPR008,APPR012,True
1101759,ACC00136,Wire Out,158018.95,2026-02-10,APPR007,,True
1101760,ACC00374,Collateral Return,12718.98,2026-02-10,APPR014,,True
1101761,ACC00024,Wire Out,281686.55,2026-02-10,APPR014,APPR006,True
1101762,ACC00375,Wire In,13899.77,2026-02-10,APPR012,APPR008,True
1101763,ACC00035,Collateral Pledge,119745.61,2026-02-10,APPR012,APPR009,True
1101764,ACC00170,Collateral Return,45729.48,2026-02-10,APPR002,,True
1101765,ACC00488,Collateral Pledge,211494.53,2026-02-11,APPR003,APPR014,True
1101766,ACC00093,Wire In,40602.27,2026-02-11,APPR002,,True
1101767,ACC00124,Collateral Return,865344.21,2026-02-11,APPR002,APPR004,True
1101768,ACC00562,Collateral Pledge,58031.77,2026-02-11,APPR006,,True
1101769,ACC00836,Wire Out,243315.38,2026-02-11,APPR012,,True
1101770,ACC00386,Collateral Pledge,9298.97,2026-02-11,APPR008,APPR003,True
1101771,ACC00608,Collateral Return,9353.79,2026-02-11,APPR011,APPR001,True
1101772,ACC00199,Wire In,71514.95,2026-02-11,APPR005,APPR010,True
1101773,ACC00136,Collateral Pledge,143277.17,2026-02-11,APPR002,APPR006,True
1101774,ACC00309,Collateral Pledge,218492.76,2026-02-11,APPR005,APPR001,True
1101775,ACC00356,Collateral Pledge,21476.0,2026-02-11,APPR011,APPR006,True
1101776,ACC00660,Collateral Pledge,143719.76,2026-02-11,APPR014,,True
1101777,ACC00161,Wire In,12627.95,2026-02-11,APPR014,APPR001,True
1101778,ACC00312,Collateral Pledge,89143.8,2026-02-11,APPR001,APPR002,True
1101779,ACC00075,Wire Out,141315.14,2026-02-11,APPR014,,True
1101780,ACC00057,Wire In,565179.49,2026-02-11,APPR009,APPR004,True
1101781,ACC00605,Collateral Pledge,100935.1,2026-02-12,APPR004,,True
1101782,ACC00438,Collateral Return,18374.4,2026-02-12,APPR005,,True
1101783,ACC00134,Collateral Return,87820.23,2026-02-12,APPR002,APPR001,True
1101784,ACC00847,Wire Out,31793.2,2026-02-12,APPR011,APPR006,True
1101785,ACC00512,Collateral Pledge,49110.9,2026-02-12,APPR009,APPR013,True
1101786,ACC00757,Wire In,23106.56,2026-02-12,APPR001,APPR008,True
1101787,ACC00783,Wire In,410973.11,2026-02-12,APPR009,APPR007,True
1101788,ACC00101,Collateral Pledge,56476.43,2026-02-12,APPR009,,True
1101789,ACC00735,Collateral Return,103493.97,2026-02-12,APPR010,APPR001,True
1101790,ACC00801,Wire Out,136850.56,2026-02-12,APPR002,APPR011,True
1101791,ACC00056,Wire In,106135.73,2026-02-12,APPR002,APPR009,True
1101792,ACC00046,Collateral Return,110981.87,2026-02-12,APPR005,APPR001,True
1101793,ACC00547,Collateral Pledge,44729.3,2026-02-12,APPR005,APPR014,True
1101794,ACC00711,Collateral Pledge,64577.94,2026-02-12,APPR003,APPR014,True
1101795,ACC00813,Collateral Return,87198.92,2026-02-12,APPR009,,True
1101796,ACC00326,Wire Out,21643.19,2026-02-12,APPR004,,True
1101797,ACC00719,Wire Out,36272.15,2026-02-12,APPR013,,True
1101798,ACC00479,Wire In,7554.79,2026-02-13,APPR003,APPR014,False
1101799,ACC00579,Wire In,428359.73,2026-02-13,APPR013,APPR003,True
1101800,ACC00080,Collateral Pledge,260522.52,2026-02-13,APPR004,APPR005,True
1101801,ACC00636,Collateral Return,121115.77,2026-02-13,APPR003,,True
1101802,ACC00508,Wire Out,54559.13,2026-02-13,APPR013,APPR014,True
1101803,ACC00689,Collateral Return,299711.85,2026-02-13,APPR002,APPR009,True
1101804,ACC00889,Collateral Pledge,22266.61,2026-02-13,APPR003,APPR005,True
1101805,ACC00875,Collateral Pledge,302971.47,2026-02-13,APPR002,APPR013,True
1101806,ACC00392,Collateral Pledge,60395.43,2026-02-13,APPR013,,True
1101807,ACC00191,Collateral Pledge,1290725.08,2026-02-13,APPR004,APPR002,True
1101808,ACC00775,Wire Out,203657.16,2026-02-13,APPR004,,True
1101809,ACC00016,Wire Out,115387.35,2026-02-13,APPR006,APPR001,True
1101810,ACC00255,Wire In,100268.07,2026-02-13,APPR009,APPR003,True
1101811,ACC00265,Wire In,9743.59,2026-02-16,APPR005,APPR001,True
1101812,ACC00481,Wire Out,14971.47,2026-02-16,APPR004,APPR010,True
1101813,ACC00181,Collateral Return,122129.49,2026-02-16,APPR006,,True
1101814,ACC00371,Wire In,118574.96,2026-02-16,APPR008,,True
1101815,ACC00248,Wire Out,146538.12,2026-02-16,APPR006,,True
1101816,ACC00840,Collateral Pledge,146159.24,2026-02-16,APPR012,,True
1101817,ACC00236,Collateral Pledge,478147.24,2026-02-16,APPR008,APPR002,True
1101818,ACC00347,Wire In,123674.7,2026-02-16,APPR005,,True
1101819,ACC00685,Wire In,213158.63,2026-02-16,APPR001,APPR012,True
1101820,ACC00512,Wire Out,74753.39,2026-02-16,APPR011,,True
1101821,ACC00060,Wire Out,19169.25,2026-02-16,APPR005,APPR002,True
1101822,ACC00833,Collateral Pledge,2688494.98,2026-02-16,APPR003,APPR001,True
1101823,ACC00826,Collateral Return,43244.98,2026-02-16,APPR002,,True
1101824,ACC00586,Collateral Pledge,143003.6,2026-02-16,APPR011,,True
1101825,ACC00399,Wire Out,202969.89,2026-02-16,APPR008,,True
1101826,ACC00355,Collateral Pledge,32657.95,2026-02-17,APPR005,APPR001,True
1101827,ACC00640,Collateral Return,41152.88,2026-02-17,APPR012,APPR013,True
1101828,ACC00659,Wire In,298564.3,2026-02-17,APPR003,APPR006,True
1101829,ACC00610,Wire In,17417.72,2026-02-17,APPR012,,True
1101830,ACC00459,Collateral Pledge,7367.46,2026-02-17,APPR013,APPR011,False
1101831,ACC00823,Collateral Return,10157.97,2026-02-17,APPR011,,True
1101832,ACC00532,Wire In,13074.11,2026-02-17,APPR011,APPR002,True
1101833,ACC00411,Wire In,447025.84,2026-02-17,APPR003,APPR011,True
1101834,ACC00257,Collateral Return,66353.1,2026-02-17,APPR013,,True
1101835,ACC00857,Collateral Return,204704.43,2026-02-17,APPR013,,True
1101836,ACC00533,Wire In,357889.7,2026-02-17,APPR010,APPR004,True
1101837,ACC00283,Collateral Return,84729.23,2026-02-17,APPR006,APPR010,True
1101838,ACC00851,Wire Out,24198.25,2026-02-17,APPR012,APPR008,True
1101839,ACC00611,Wire Out,208364.85,2026-02-17,APPR011,APPR007,True
1101840,ACC00465,Collateral Return,101491.99,2026-02-18,APPR014,,True
1101841,ACC00142,Wire Out,50868.32,2026-02-18,APPR011,,True
1101842,ACC00437,Wire In,154458.03,2026-02-18,APPR001,APPR012,True
1101843,ACC00792,Wire In,31260.64,2026-02-18,APPR007,,True
1101844,ACC00609,Collateral Return,42175.05,2026-02-18,APPR012,,True
1101845,ACC00370,Collateral Pledge,105622.93,2026-02-18,APPR001,,True
1101846,ACC00547,Wire In,28221.64,2026-02-18,APPR004,APPR001,True
1101847,ACC00632,Collateral Pledge,594530.26,2026-02-18,APPR012,,True
1101848,ACC00449,Collateral Pledge,28799.63,2026-02-18,APPR013,APPR011,True
1101849,ACC00516,Wire In,189979.51,2026-02-18,APPR013,APPR005,True
1101850,ACC00754,Wire Out,550601.32,2026-02-18,APPR008,APPR001,True
1101851,ACC00071,Collateral Return,83767.75,2026-02-18,APPR001,APPR012,True
1101852,ACC00322,Wire In,661073.55,2026-02-19,APPR013,APPR014,True
1101853,ACC00051,Wire In,44249.65,2026-02-19,APPR004,APPR014,True
1101854,ACC00789,Wire In,360598.41,2026-02-19,APPR002,APPR010,True
1101855,ACC00360,Wire Out,44680.18,2026-02-19,APPR010,,True
1101856,ACC00245,Collateral Return,107710.14,2026-02-19,APPR004,APPR001,True
1101857,ACC00765,Wire Out,98401.44,2026-02-19,APPR008,APPR002,True
1101858,ACC00371,Wire Out,129648.53,2026-02-19,APPR013,,True
1101859,ACC00691,Collateral Return,40156.79,2026-02-19,APPR013,,True
1101860,ACC00745,Collateral Pledge,70638.05,2026-02-19,APPR004,APPR011,True
1101861,ACC00691,Wire In,176223.67,2026-02-19,APPR011,APPR010,True
1101862,ACC00542,Wire In,78007.18,2026-02-19,APPR003,APPR013,True
1101863,ACC00350,Collateral Return,1226610.64,2026-02-19,APPR005,APPR006,True
1101864,ACC00683,Wire In,21693.46,2026-02-19,APPR010,APPR005,True
1101865,ACC00608,Wire In,151622.15,2026-02-19,APPR001,APPR008,True
1101866,ACC00177,Wire Out,955591.61,2026-02-19,APPR005,APPR007,True
1101867,ACC00377,Wire Out,83972.88,2026-02-19,APPR002,,True
1101868,ACC00448,Collateral Pledge,287181.4,2026-02-19,APPR005,APPR006,True
1101869,ACC00296,Collateral Pledge,158704.1,2026-02-19,APPR008,APPR014,False
1101870,ACC00063,Collateral Pledge,45741.78,2026-02-19,APPR006,,True
1101871,ACC00468,Wire Out,369307.26,2026-02-19,APPR004,APPR012,True
1101872,ACC00062,Collateral Return,114379.76,2026-02-19,APPR001,,True
1101873,ACC00692,Wire Out,264542.39,2026-02-20,APPR002,APPR014,True
1101874,ACC00576,Collateral Pledge,27028.16,2026-02-20,APPR003,,True
1101875,ACC00461,Collateral Return,13968.15,2026-02-20,APPR004,APPR011,True
1101876,ACC00673,Wire In,45552.67,2026-02-20,APPR012,,True
1101877,ACC00664,Wire In,663847.95,2026-02-20,APPR008,APPR005,True
1101878,ACC00315,Wire Out,132705.37,2026-02-20,APPR014,APPR004,True
1101879,ACC00407,Wire Out,92226.16,2026-02-20,APPR010,,True
1101880,ACC00002,Collateral Pledge,57056.5,2026-02-20,APPR003,APPR004,True
1101881,ACC00663,Collateral Return,23703.5,2026-02-20,APPR007,APPR006,True
1101882,ACC00622,Collateral Return,9709.04,2026-02-20,APPR001,APPR012,True
1101883,ACC00789,Collateral Return,57159.64,2026-02-20,APPR005,,True
1101884,ACC00584,Collateral Return,1090704.11,2026-02-23,APPR010,APPR004,True
1101885,ACC00390,Collateral Return,267230.13,2026-02-23,APPR007,APPR001,True
1101886,ACC00095,Wire In,85222.79,2026-02-23,APPR005,APPR011,True
1101887,ACC00305,Collateral Pledge,31991.72,2026-02-23,APPR012,APPR007,True
1101888,ACC00724,Wire Out,12166.77,2026-02-23,APPR010,APPR008,True
1101889,ACC00434,Collateral Pledge,200327.46,2026-02-23,APPR003,,True
1101890,ACC00087,Collateral Pledge,72796.51,2026-02-23,APPR011,APPR009,True
1101891,ACC00612,Wire In,181655.75,2026-02-23,APPR006,APPR005,True
1101892,ACC00892,Wire In,175633.03,2026-02-23,APPR005,APPR009,True
1101893,ACC00534,Wire In,349552.09,2026-02-23,APPR012,APPR013,True
1101894,ACC00199,Wire In,222650.71,2026-02-23,APPR009,APPR010,True
1101895,ACC00381,Collateral Return,616279.76,2026-02-23,APPR007,APPR004,True
1101896,ACC00472,Collateral Pledge,46496.65,2026-02-23,APPR009,APPR006,True
1101897,ACC00776,Collateral Pledge,419185.21,2026-02-24,APPR008,APPR003,True
1101898,ACC00192,Wire Out,305298.73,2026-02-24,APPR013,APPR014,True
1101899,ACC00536,Collateral Return,200724.74,2026-02-24,APPR003,,True
1101900,ACC00638,Wire In,205830.39,2026-02-24,APPR009,APPR004,True
1101901,ACC00706,Collateral Return,78787.31,2026-02-24,APPR004,APPR013,True
1101902,ACC00376,Collateral Pledge,47733.85,2026-02-24,APPR007,,True
1101903,ACC00044,Collateral Pledge,55060.43,2026-02-24,APPR010,APPR009,True
1101904,ACC00629,Collateral Return,128932.6,2026-02-24,APPR005,APPR011,True
1101905,ACC00199,Wire In,182642.71,2026-02-24,APPR008,,True
1101906,ACC00578,Wire In,54520.43,2026-02-24,APPR010,APPR011,True
1101907,ACC00418,Collateral Pledge,10795.17,2026-02-24,APPR010,,True
1101908,ACC00625,Wire Out,232738.05,2026-02-24,APPR006,,True
1101909,ACC00760,Collateral Pledge,32599.2,2026-02-24,APPR003,APPR008,True
1101910,ACC00493,Wire Out,9809.69,2026-02-24,APPR010,,True
1101911,ACC00705,Collateral Return,64250.72,2026-02-24,APPR006,,True
1101912,ACC00716,Collateral Pledge,33302.06,2026-02-24,APPR007,,True
1101913,ACC00161,Collateral Pledge,141458.81,2026-02-25,APPR006,APPR014,True
1101914,ACC00314,Collateral Return,23456.4,2026-02-25,APPR012,,True
1101915,ACC00361,Collateral Return,472946.79,2026-02-25,APPR008,,True
1101916,ACC00564,Wire Out,22272.5,2026-02-25,APPR014,APPR005,True
1101917,ACC00739,Collateral Pledge,325441.0,2026-02-25,APPR002,APPR012,True
1101918,ACC00156,Collateral Pledge,310879.37,2026-02-25,APPR012,APPR011,True
1101919,ACC00411,Wire In,46360.83,2026-02-25,APPR006,,True
1101920,ACC00275,Wire In,388845.48,2026-02-25,APPR004,APPR005,True
1101921,ACC00662,Wire In,18022.52,2026-02-25,APPR011,,True
1101922,ACC00062,Collateral Return,281936.92,2026-02-25,APPR005,APPR011,True
1101923,ACC00622,Wire In,15290.67,2026-02-25,APPR004,APPR012,True
1101924,ACC00282,Collateral Pledge,571569.31,2026-02-25,APPR005,APPR009,True
1101925,ACC00571,Wire In,363260.36,2026-02-25,APPR011,APPR009,True
1101926,ACC00508,Collateral Return,100498.63,2026-02-26,APPR007,,True
1101927,ACC00293,Collateral Pledge,66623.59,2026-02-26,APPR008,,True
1101928,ACC00255,Collateral Return,245865.18,2026-02-26,APPR003,,True
1101929,ACC00585,Wire In,154105.35,2026-02-26,APPR003,APPR011,True
1101930,ACC00050,Wire Out,90381.52,2026-02-26,APPR009,APPR014,True
1101931,ACC00259,Wire Out,246398.88,2026-02-26,APPR011,,True
1101932,ACC00808,Collateral Return,113792.15,2026-02-26,APPR011,APPR009,True
1101933,ACC00231,Collateral Return,43854.01,2026-02-26,APPR012,,True
1101934,ACC00017,Collateral Pledge,90450.78,2026-02-26,APPR003,APPR009,True
1101935,ACC00447,Wire Out,175272.99,2026-02-26,APPR014,APPR012,True
1101936,ACC00482,Wire Out,778628.95,2026-02-26,APPR009,APPR001,True
1101937,ACC00667,Collateral Pledge,416662.93,2026-02-26,APPR001,APPR007,True
1101938,ACC00737,Collateral Pledge,26819.04,2026-02-26,APPR006,,True
1101939,ACC00496,Wire In,20810.85,2026-02-26,APPR008,,True
1101940,ACC00225,Collateral Return,62870.26,2026-02-27,APPR006,,True
1101941,ACC00164,Wire Out,40109.47,2026-02-27,APPR003,APPR013,True
1101942,ACC00287,Collateral Return,127590.96,2026-02-27,APPR009,APPR006,True
1101943,ACC00631,Wire In,44203.95,2026-02-27,APPR004,,True
1101944,ACC00396,Collateral Return,652965.36,2026-02-27,APPR002,APPR006,True
1101945,ACC00580,Collateral Return,769549.49,2026-02-27,APPR008,APPR014,True
1101946,ACC00623,Collateral Return,176497.01,2026-02-27,APPR009,APPR011,True
1101947,ACC00470,Wire In,6565.03,2026-02-27,APPR003,,True
1101948,ACC00484,Collateral Pledge,90380.01,2026-02-27,APPR001,,True
1101949,ACC00234,Wire Out,17319.99,2026-02-27,APPR013,,True
1101950,ACC00884,Collateral Return,77588.22,2026-02-27,APPR003,APPR012,True
1101951,ACC00174,Collateral Pledge,63644.01,2026-03-02,APPR010,,True
1101952,ACC00085,Wire In,18348.29,2026-03-02,APPR011,APPR013,True
1101953,ACC00436,Collateral Return,112054.05,2026-03-02,APPR012,APPR006,True
1101954,ACC00140,Collateral Pledge,136756.1,2026-03-02,APPR011,APPR001,True
1101955,ACC00427,Collateral Return,44087.43,2026-03-02,APPR006,APPR007,True
1101956,ACC00003,Collateral Return,127583.38,2026-03-02,APPR002,APPR014,True
1101957,ACC00104,Wire Out,370966.65,2026-03-02,APPR012,APPR003,True
1101958,ACC00613,Wire Out,85078.27,2026-03-02,APPR008,,True
1101959,ACC00595,Collateral Return,20188.81,2026-03-02,APPR007,APPR005,True
1101960,ACC00318,Wire Out,134406.24,2026-03-02,APPR004,,True
1101961,ACC00860,Collateral Pledge,39232.69,2026-03-02,APPR008,,True
1101962,ACC00004,Collateral Pledge,7155.09,2026-03-02,APPR014,APPR004,True
1101963,ACC00445,Wire In,23501.87,2026-03-02,APPR014,APPR005,True
1101964,ACC00646,Wire In,144474.83,2026-03-02,APPR001,APPR008,True
1101965,ACC00884,Wire Out,606416.24,2026-03-02,APPR008,APPR001,True
1101966,ACC00178,Collateral Pledge,536749.97,2026-03-02,APPR005,APPR006,True
1101967,ACC00777,Wire Out,108190.66,2026-03-03,APPR001,,True
1101968,ACC00419,Collateral Return,545336.46,2026-03-03,APPR001,APPR012,True
1101969,ACC00101,Wire Out,729027.64,2026-03-03,APPR006,APPR005,True
1101970,ACC00897,Collateral Return,186704.19,2026-03-03,APPR003,APPR012,True
1101971,ACC00790,Wire In,166354.79,2026-03-03,APPR008,APPR010,True
1101972,ACC00029,Collateral Return,189215.49,2026-03-03,APPR010,,True
1101973,ACC00178,Collateral Pledge,75314.37,2026-03-03,APPR001,APPR005,True
1101974,ACC00214,Collateral Pledge,29717.44,2026-03-03,APPR014,APPR013,True
1101975,ACC00751,Wire In,204560.27,2026-03-03,APPR009,APPR008,True
1101976,ACC00561,Wire In,65943.32,2026-03-03,APPR001,APPR006,True
1101977,ACC00022,Collateral Return,46365.95,2026-03-03,APPR012,,True
1101978,ACC00523,Collateral Pledge,76687.94,2026-03-03,APPR007,APPR001,True
1101979,ACC00773,Collateral Pledge,8421.25,2026-03-03,APPR003,APPR001,True
1101980,ACC00530,Wire Out,437396.15,2026-03-03,APPR009,APPR003,True
1101981,ACC00475,Collateral Return,112101.18,2026-03-03,APPR010,APPR002,True
1101982,ACC00151,Wire In,17647.01,2026-03-03,APPR007,APPR001,True
1101983,ACC00806,Wire In,174025.07,2026-03-03,APPR002,,True
1101984,ACC00059,Wire Out,75746.67,2026-03-04,APPR002,,True
1101985,ACC00280,Wire In,572496.55,2026-03-04,APPR006,APPR007,True
1101986,ACC00482,Wire In,115011.79,2026-03-04,APPR008,,True
1101987,ACC00821,Wire In,24035.2,2026-03-04,APPR012,,True
1101988,ACC00711,Wire In,24075.56,2026-03-04,APPR002,APPR007,True
1101989,ACC00444,Wire Out,26712.9,2026-03-04,APPR009,APPR002,True
1101990,ACC00743,Collateral Return,85262.24,2026-03-04,APPR004,APPR010,True
1101991,ACC00465,Collateral Return,27563.64,2026-03-04,APPR011,APPR004,True
1101992,ACC00575,Collateral Pledge,765046.63,2026-03-04,APPR004,APPR006,True
1101993,ACC00672,Collateral Pledge,49775.82,2026-03-04,APPR005,,True
1101994,ACC00115,Collateral Pledge,8829.37,2026-03-04,APPR014,APPR013,True
1101995,ACC00786,Wire In,73078.22,2026-03-04,APPR007,,True
1101996,ACC00741,Wire Out,184224.07,2026-03-04,APPR010,,True
1101997,ACC00765,Wire Out,34762.72,2026-03-04,APPR004,,True
1101998,ACC00815,Wire In,3881.88,2026-03-05,APPR012,APPR005,True
1101999,ACC00205,Wire Out,18279.15,2026-03-05,APPR005,,True
1102000,ACC00224,Wire In,24478.96,2026-03-05,APPR012,,True
1102001,ACC00104,Wire In,88608.82,2026-03-05,APPR006,APPR009,True
1102002,ACC00522,Wire Out,5263.09,2026-03-05,APPR011,,True
1102003,ACC00588,Collateral Pledge,44906.54,2026-03-05,APPR005,,True
1102004,ACC00773,Collateral Pledge,121862.32,2026-03-05,APPR010,,True
1102005,ACC00588,Collateral Pledge,14107.9,2026-03-05,APPR002,APPR005,True
1102006,ACC00767,Collateral Return,166381.76,2026-03-05,APPR004,APPR011,True
1102007,ACC00182,Collateral Return,18328.49,2026-03-05,APPR004,APPR008,True
1102008,ACC00114,Wire In,47363.28,2026-03-05,APPR003,,True
1102009,ACC00187,Wire Out,336001.41,2026-03-05,APPR005,APPR011,True
1102010,ACC00160,Wire Out,49825.72,2026-03-05,APPR013,,True
1102011,ACC00098,Collateral Return,17555.45,2026-03-05,APPR006,,True
1102012,ACC00407,Wire In,325743.67,2026-03-05,APPR010,APPR006,True
1102013,ACC00871,Collateral Return,99118.4,2026-03-05,APPR009,,True
1102014,ACC00446,Collateral Return,17476.77,2026-03-05,APPR014,APPR004,True
1102015,ACC00449,Wire In,55141.32,2026-03-05,APPR001,APPR014,True
1102016,ACC00405,Collateral Return,50388.26,2026-03-05,APPR005,APPR012,True
1102017,ACC00594,Wire In,92907.04,2026-03-05,APPR010,APPR009,True
1102018,ACC00555,Wire Out,106569.68,2026-03-06,APPR011,,True
1102019,ACC00191,Collateral Pledge,29531.68,2026-03-06,APPR005,,True
1102020,ACC00318,Collateral Pledge,647583.35,2026-03-06,APPR003,APPR014,True
1102021,ACC00216,Collateral Return,91067.97,2026-03-06,APPR009,APPR008,True
1102022,ACC00473,Collateral Pledge,113834.52,2026-03-06,APPR014,,True
1102023,ACC00780,Wire In,190792.94,2026-03-06,APPR001,APPR012,True
1102024,ACC00223,Wire Out,24314.85,2026-03-06,APPR014,,False
1102025,ACC00203,Collateral Return,215954.33,2026-03-06,APPR014,,True
1102026,ACC00159,Collateral Pledge,94836.13,2026-03-06,APPR009,APPR007,True
1102027,ACC00673,Collateral Return,170350.55,2026-03-06,APPR003,APPR007,True
1102028,ACC00520,Collateral Return,80538.37,2026-03-06,APPR010,APPR013,True
1102029,ACC00866,Wire In,214960.08,2026-03-06,APPR004,APPR003,True
1102030,ACC00029,Collateral Return,115092.81,2026-03-06,APPR009,APPR010,True
1102031,ACC00631,Collateral Pledge,255123.06,2026-03-06,APPR006,APPR003,True
1102032,ACC00129,Wire In,195534.43,2026-03-06,APPR011,,True
1102033,ACC00071,Wire Out,7637.13,2026-03-09,APPR002,,True
1102034,ACC00139,Wire In,47677.54,2026-03-09,APPR005,APPR007,True
1102035,ACC00068,Wire Out,241246.3,2026-03-09,APPR011,APPR006,True
1102036,ACC00525,Collateral Pledge,20531.27,2026-03-09,APPR003,APPR005,True
1102037,ACC00129,Wire In,147797.16,2026-03-09,APPR014,,True
1102038,ACC00301,Collateral Return,488094.39,2026-03-09,APPR001,APPR011,True
1102039,ACC00795,Wire In,68629.95,2026-03-09,APPR008,APPR007,True
1102040,ACC00040,Wire In,840133.68,2026-03-09,APPR003,APPR004,True
1102041,ACC00212,Collateral Pledge,45341.29,2026-03-09,APPR005,,True
1102042,ACC00100,Collateral Return,39647.0,2026-03-09,APPR007,,True
1102043,ACC00577,Collateral Return,13191.07,2026-03-09,APPR012,,True
1102044,ACC00616,Wire In,857147.18,2026-03-09,APPR011,APPR003,True
1102045,ACC00642,Wire Out,72319.04,2026-03-09,APPR014,,True
1102046,ACC00582,Collateral Pledge,39140.22,2026-03-09,APPR007,,False
1102047,ACC00724,Collateral Return,186659.18,2026-03-09,APPR004,APPR005,True
1102048,ACC00170,Wire In,407057.13,2026-03-09,APPR012,APPR002,True
1102049,ACC00076,Collateral Pledge,67143.68,2026-03-09,APPR004,,True
1102050,ACC00120,Wire In,446165.12,2026-03-10,APPR012,APPR001,True
1102051,ACC00498,Wire Out,169854.71,2026-03-10,APPR008,APPR006,True
1102052,ACC00869,Wire Out,94653.01,2026-03-10,APPR007,APPR014,True
1102053,ACC00468,Wire Out,35703.36,2026-03-10,APPR012,,True
1102054,ACC00130,Wire In,38014.24,2026-03-10,APPR013,,True
1102055,ACC00629,Wire In,320993.34,2026-03-10,APPR008,APPR010,True
1102056,ACC00772,Collateral Pledge,137914.92,2026-03-10,APPR001,,True
1102057,ACC00063,Collateral Return,185178.8,2026-03-10,APPR012,APPR010,True
1102058,ACC00021,Collateral Pledge,49767.61,2026-03-10,APPR012,,True
1102059,ACC00838,Wire Out,62437.38,2026-03-10,APPR009,,True
1102060,ACC00810,Wire In,82490.63,2026-03-10,APPR007,,True
1102061,ACC00730,Collateral Return,249592.14,2026-03-10,APPR003,,True
1102062,ACC00826,Collateral Pledge,31088.62,2026-03-10,APPR014,,True
1102063,ACC00316,Wire In,140843.68,2026-03-10,APPR008,,True
1102064,ACC00601,Collateral Return,163196.66,2026-03-10,APPR009,APPR001,True
1102065,ACC00061,Wire In,43564.95,2026-03-10,APPR014,APPR008,True
1102066,ACC00485,Collateral Return,216622.52,2026-03-10,APPR010,,True
1102067,ACC00124,Collateral Pledge,25212.1,2026-03-10,APPR011,APPR003,True
1102068,ACC00388,Collateral Return,260930.79,2026-03-11,APPR001,,True
1102069,ACC00271,Collateral Return,97255.63,2026-03-11,APPR012,APPR014,True
1102070,ACC00339,Collateral Pledge,88068.32,2026-03-11,APPR011,,True
1102071,ACC00015,Wire Out,73327.54,2026-03-11,APPR009,,True
1102072,ACC00057,Wire In,260309.3,2026-03-11,APPR006,APPR003,True
1102073,ACC00471,Collateral Return,108449.11,2026-03-11,APPR013,,True
1102074,ACC00043,Wire Out,203946.53,2026-03-11,APPR011,APPR006,True
1102075,ACC00784,Wire Out,35075.5,2026-03-11,APPR009,,True
1102076,ACC00237,Wire Out,67582.56,2026-03-11,APPR002,APPR014,True
1102077,ACC00485,Wire In,218634.44,2026-03-11,APPR009,,True
1102078,ACC00138,Wire In,68547.18,2026-03-11,APPR010,APPR007,True
1102079,ACC00281,Collateral Return,147664.7,2026-03-11,APPR001,,True
1102080,ACC00416,Collateral Return,374943.64,2026-03-11,APPR012,APPR011,True
1102081,ACC00842,Wire In,776689.72,2026-03-11,APPR006,APPR004,True
1102082,ACC00303,Wire Out,57390.94,2026-03-11,APPR003,,True
1102083,ACC00498,Wire Out,31059.92,2026-03-11,APPR005,,True
1102084,ACC00160,Collateral Return,179580.49,2026-03-11,APPR004,APPR009,True
1102085,ACC00503,Collateral Return,185005.61,2026-03-11,APPR014,APPR005,True
1102086,ACC00616,Collateral Pledge,49697.66,2026-03-11,APPR006,APPR007,True
1102087,ACC00339,Collateral Return,182077.68,2026-03-12,APPR005,APPR010,True
1102088,ACC00084,Collateral Pledge,53364.63,2026-03-12,APPR003,,True
1102089,ACC00742,Wire Out,241107.18,2026-03-12,APPR006,APPR008,True
1102090,ACC00777,Collateral Pledge,245330.72,2026-03-12,APPR006,APPR008,True
1102091,ACC00600,Wire In,54798.37,2026-03-12,APPR010,APPR001,True
1102092,ACC00865,Wire Out,133951.21,2026-03-12,APPR011,APPR008,True
1102093,ACC00317,Wire In,172708.71,2026-03-12,APPR003,,True
1102094,ACC00134,Wire In,26368.63,2026-03-12,APPR006,APPR007,True
1102095,ACC00128,Collateral Pledge,277441.03,2026-03-12,APPR007,APPR009,True
1102096,ACC00395,Collateral Pledge,79912.88,2026-03-12,APPR011,,True
1102097,ACC00756,Collateral Return,19070.85,2026-03-12,APPR001,APPR011,True
1102098,ACC00388,Collateral Pledge,65075.37,2026-03-12,APPR002,,True
1102099,ACC00597,Wire Out,25973.77,2026-03-12,APPR010,,True
1102100,ACC00037,Wire In,114219.4,2026-03-12,APPR012,,True
1102101,ACC00270,Collateral Return,544575.19,2026-03-12,APPR004,APPR001,True
1102102,ACC00192,Wire In,184777.83,2026-03-12,APPR012,APPR011,True
1102103,ACC00569,Wire Out,120623.45,2026-03-12,APPR012,,True
1102104,ACC00097,Wire In,105195.56,2026-03-13,APPR009,,True
1102105,ACC00519,Collateral Pledge,171389.12,2026-03-13,APPR001,,True
1102106,ACC00525,Wire In,986052.86,2026-03-13,APPR002,APPR010,True
1102107,ACC00155,Wire Out,59585.38,2026-03-13,APPR001,APPR003,True
1102108,ACC00092,Collateral Return,1787868.94,2026-03-13,APPR013,APPR005,True
1102109,ACC00085,Wire In,10765.61,2026-03-13,APPR011,,True
1102110,ACC00427,Collateral Return,191679.3,2026-03-13,APPR008,,True
1102111,ACC00891,Wire In,112079.61,2026-03-13,APPR004,APPR003,True
1102112,ACC00432,Collateral Pledge,40319.0,2026-03-13,APPR014,APPR001,True
1102113,ACC00455,Wire Out,123153.8,2026-03-13,APPR010,,True
1102114,ACC00029,Wire Out,16942.99,2026-03-13,APPR006,APPR003,True
1102115,ACC00014,Wire In,93122.45,2026-03-13,APPR002,APPR001,True
1102116,ACC00324,Collateral Pledge,23880.76,2026-03-13,APPR011,APPR002,True
1102117,ACC00015,Collateral Pledge,27519.47,2026-03-16,APPR004,APPR003,True
1102118,ACC00146,Collateral Return,32246.21,2026-03-16,APPR001,APPR002,True
1102119,ACC00331,Wire In,31681.12,2026-03-16,APPR002,APPR011,True
1102120,ACC00325,Wire In,94191.76,2026-03-16,APPR012,,True
1102121,ACC00416,Wire Out,56080.0,2026-03-16,APPR006,APPR007,True
1102122,ACC00439,Collateral Pledge,30509.72,2026-03-16,APPR006,,True
1102123,ACC00164,Wire Out,24120.23,2026-03-16,APPR006,,True
1102124,ACC00061,Collateral Pledge,55035.42,2026-03-16,APPR001,,True
1102125,ACC00332,Collateral Return,37906.48,2026-03-17,APPR012,APPR013,True
1102126,ACC00385,Wire Out,62114.92,2026-03-17,APPR013,APPR007,True
1102127,ACC00284,Collateral Return,355078.81,2026-03-17,APPR006,APPR012,True
1102128,ACC00310,Collateral Pledge,106620.06,2026-03-17,APPR001,APPR013,True
1102129,ACC00218,Wire Out,115726.4,2026-03-17,APPR003,,True
1102130,ACC00011,Wire In,296623.14,2026-03-17,APPR007,APPR011,True
1102131,ACC00879,Wire In,106991.9,2026-03-17,APPR004,,True
1102132,ACC00716,Wire In,88266.83,2026-03-17,APPR010,APPR009,True
1102133,ACC00290,Collateral Pledge,112804.79,2026-03-17,APPR007,APPR003,True
1102134,ACC00093,Collateral Pledge,128019.08,2026-03-17,APPR010,,True
1102135,ACC00195,Wire In,101480.47,2026-03-17,APPR009,APPR003,True
1102136,ACC00176,Collateral Pledge,296092.29,2026-03-17,APPR003,APPR006,True
1102137,ACC00140,Collateral Pledge,208583.14,2026-03-17,APPR005,APPR001,True
1102138,ACC00654,Collateral Return,179236.03,2026-03-17,APPR004,APPR002,True
1102139,ACC00200,Wire Out,640699.75,2026-03-17,APPR004,APPR005,True
1102140,ACC00761,Wire In,203170.57,2026-03-17,APPR007,APPR005,True
1102141,ACC00100,Collateral Pledge,31444.43,2026-03-18,APPR011,,True
1102142,ACC00880,Wire In,124375.97,2026-03-18,APPR003,APPR004,True
1102143,ACC00262,Collateral Pledge,1063016.18,2026-03-18,APPR006,APPR009,True
1102144,ACC00340,Collateral Pledge,229183.75,2026-03-18,APPR013,,True
1102145,ACC00084,Collateral Pledge,44274.47,2026-03-18,APPR006,,True
1102146,ACC00766,Collateral Return,133258.38,2026-03-18,APPR012,,True
1102147,ACC00323,Wire Out,12139.95,2026-03-18,APPR005,,True
1102148,ACC00849,Collateral Return,29180.13,2026-03-18,APPR003,,True
1102149,ACC00634,Collateral Return,5894.5,2026-03-18,APPR013,,True
1102150,ACC00212,Collateral Pledge,40305.62,2026-03-18,APPR014,,True
1102151,ACC00216,Collateral Pledge,102821.0,2026-03-18,APPR011,APPR008,True
1102152,ACC00045,Wire In,23588.38,2026-03-18,APPR009,APPR001,True
1102153,ACC00434,Collateral Return,141999.99,2026-03-18,APPR010,APPR006,True
1102154,ACC00772,Wire Out,51625.38,2026-03-18,APPR001,APPR009,True
1102155,ACC00178,Wire Out,212513.95,2026-03-18,APPR006,,True
1102156,ACC00206,Collateral Return,279680.22,2026-03-18,APPR002,APPR004,True
1102157,ACC00836,Collateral Pledge,24738.3,2026-03-18,APPR005,,True
1102158,ACC00380,Collateral Return,32190.6,2026-03-18,APPR013,,True
1102159,ACC00193,Collateral Pledge,166908.18,2026-03-18,APPR014,,True
1102160,ACC00169,Wire Out,545317.98,2026-03-18,APPR001,APPR012,True
1102161,ACC00036,Wire In,76282.92,2026-03-18,APPR002,,True
1102162,ACC00422,Collateral Return,83336.08,2026-03-18,APPR004,,True
1102163,ACC00854,Collateral Return,185726.32,2026-03-19,APPR006,APPR013,True
1102164,ACC00238,Wire Out,24948.54,2026-03-19,APPR001,APPR013,True
1102165,ACC00790,Wire In,46587.28,2026-03-19,APPR003,,True
1102166,ACC00529,Collateral Pledge,97541.74,2026-03-19,APPR012,,True
1102167,ACC00193,Collateral Return,27790.27,2026-03-19,APPR006,APPR007,True
1102168,ACC00658,Wire Out,21976.43,2026-03-19,APPR002,,True
1102169,ACC00783,Collateral Return,118853.12,2026-03-19,APPR009,,True
1102170,ACC00430,Wire Out,109132.14,2026-03-19,APPR010,APPR009,True
1102171,ACC00005,Collateral Return,314812.58,2026-03-19,APPR002,APPR011,True
1102172,ACC00255,Collateral Pledge,181478.79,2026-03-20,APPR003,,True
1102173,ACC00884,Wire In,15689.79,2026-03-20,APPR005,,True
1102174,ACC00668,Collateral Pledge,842731.56,2026-03-20,APPR014,,True
1102175,ACC00261,Collateral Pledge,141762.83,2026-03-20,APPR006,APPR005,True
1102176,ACC00072,Collateral Return,1660984.11,2026-03-20,APPR008,APPR012,True
1102177,ACC00482,Collateral Return,330227.74,2026-03-20,APPR007,APPR002,True
1102178,ACC00066,Wire Out,225493.1,2026-03-20,APPR005,APPR002,True
1102179,ACC00204,Wire Out,6248.17,2026-03-20,APPR010,APPR004,True
1102180,ACC00375,Wire In,127965.96,2026-03-20,APPR001,APPR009,True
1102181,ACC00069,Collateral Return,173096.62,2026-03-20,APPR001,APPR010,True
1102182,ACC00800,Wire In,153374.2,2026-03-20,APPR001,APPR010,True
1102183,ACC00043,Wire In,872420.02,2026-03-23,APPR007,APPR010,True
1102184,ACC00149,Wire Out,12382.09,2026-03-23,APPR013,APPR011,True
1102185,ACC00747,Collateral Return,45661.64,2026-03-23,APPR013,,True
1102186,ACC00632,Wire Out,50018.08,2026-03-23,APPR005,,True
1102187,ACC00337,Wire In,273767.71,2026-03-23,APPR009,APPR003,True
1102188,ACC00256,Collateral Return,41309.07,2026-03-23,APPR010,APPR003,True
1102189,ACC00475,Wire Out,366286.95,2026-03-23,APPR005,APPR014,True
1102190,ACC00155,Wire In,430219.03,2026-03-23,APPR002,APPR004,True
1102191,ACC00569,Wire Out,156365.79,2026-03-23,APPR003,APPR014,True
1102192,ACC00518,Collateral Return,8780.32,2026-03-23,APPR004,,True
1102193,ACC00736,Collateral Pledge,349977.22,2026-03-23,APPR013,APPR006,True
1102194,ACC00038,Wire Out,175472.73,2026-03-23,APPR008,,True
1102195,ACC00364,Wire Out,54426.74,2026-03-23,APPR012,,True
1102196,ACC00233,Wire Out,60409.29,2026-03-24,APPR001,APPR004,True
1102197,ACC00040,Wire In,108839.02,2026-03-24,APPR010,,True
1102198,ACC00171,Collateral Pledge,47532.62,2026-03-24,APPR012,APPR004,True
1102199,ACC00814,Collateral Pledge,5227.71,2026-03-24,APPR007,,True
1102200,ACC00414,Collateral Pledge,362662.05,2026-03-24,APPR008,APPR001,True
1102201,ACC00634,Wire Out,75538.76,2026-03-24,APPR001,,True
1102202,ACC00098,Wire In,37042.51,2026-03-24,APPR007,,True
1102203,ACC00199,Wire Out,83884.89,2026-03-24,APPR011,,True
1102204,ACC00823,Collateral Pledge,82682.63,2026-03-24,APPR004,,True
1102205,ACC00054,Collateral Return,101970.24,2026-03-24,APPR005,,True
1102206,ACC00548,Wire Out,181059.62,2026-03-24,APPR004,,True
1102207,ACC00485,Wire Out,17445.01,2026-03-24,APPR005,,True
1102208,ACC00715,Wire In,163268.59,2026-03-24,APPR007,,True
1102209,ACC00802,Collateral Pledge,402903.8,2026-03-24,APPR010,APPR008,True
1102210,ACC00682,Wire In,33597.35,2026-03-24,APPR002,APPR005,True
1102211,ACC00364,Collateral Return,35325.96,2026-03-24,APPR004,,True
1102212,ACC00116,Wire Out,38752.44,2026-03-24,APPR002,,True
1102213,ACC00328,Wire Out,252422.27,2026-03-24,APPR004,APPR002,True
1102214,ACC00541,Collateral Return,19177.58,2026-03-24,APPR004,APPR008,True
1102215,ACC00075,Wire In,26996.04,2026-03-24,APPR014,APPR001,True
1102216,ACC00602,Wire Out,74763.14,2026-03-24,APPR009,,True
1102217,ACC00297,Collateral Return,20488.8,2026-03-25,APPR011,APPR012,True
1102218,ACC00756,Collateral Pledge,169372.25,2026-03-25,APPR003,APPR013,True
1102219,ACC00400,Collateral Return,479737.54,2026-03-25,APPR013,APPR006,True
1102220,ACC00103,Wire In,9705.9,2026-03-25,APPR010,APPR004,True
1102221,ACC00409,Collateral Return,314445.25,2026-03-25,APPR013,APPR007,True
1102222,ACC00524,Wire Out,90810.21,2026-03-25,APPR001,APPR006,True
1102223,ACC00503,Wire Out,45695.87,2026-03-25,APPR006,APPR001,False
1102224,ACC00858,Wire Out,4473.33,2026-03-25,APPR004,APPR014,True
1102225,ACC00460,Wire Out,16361.16,2026-03-25,APPR010,,True
1102226,ACC00333,Wire Out,131250.73,2026-03-25,APPR005,,True
1102227,ACC00595,Collateral Pledge,43682.42,2026-03-25,APPR007,,True
1102228,ACC00764,Collateral Pledge,58881.71,2026-03-25,APPR009,,True
1102229,ACC00469,Wire Out,19699.84,2026-03-25,APPR008,APPR005,True
1102230,ACC00190,Collateral Pledge,24529.38,2026-03-25,APPR004,APPR001,True
1102231,ACC00446,Collateral Return,2929.07,2026-03-25,APPR014,APPR002,True
1102232,ACC00424,Wire In,174873.39,2026-03-25,APPR012,,True
1102233,ACC00263,Wire Out,44914.6,2026-03-25,APPR014,APPR002,True
1102234,ACC00624,Collateral Pledge,89067.76,2026-03-25,APPR009,APPR013,True
1102235,ACC00102,Wire In,201129.35,2026-03-26,APPR002,APPR007,True
1102236,ACC00007,Collateral Pledge,363875.39,2026-03-26,APPR003,APPR011,True
1102237,ACC00599,Wire In,369136.77,2026-03-26,APPR014,APPR007,True
1102238,ACC00641,Wire In,160762.84,2026-03-26,APPR009,APPR010,True
1102239,ACC00634,Wire In,261839.81,2026-03-26,APPR005,APPR013,True
1102240,ACC00493,Wire Out,50713.72,2026-03-26,APPR011,APPR007,True
1102241,ACC00882,Wire In,36112.78,2026-03-26,APPR001,APPR006,True
1102242,ACC00233,Collateral Return,135941.06,2026-03-26,APPR006,APPR008,True
1102243,ACC00674,Collateral Return,244572.31,2026-03-26,APPR008,,True
1102244,ACC00011,Collateral Pledge,245375.15,2026-03-26,APPR009,APPR002,True
1102245,ACC00801,Wire In,63495.35,2026-03-27,APPR008,APPR001,True
1102246,ACC00693,Collateral Return,1237199.82,2026-03-27,APPR009,APPR001,True
1102247,ACC00195,Wire In,530386.18,2026-03-27,APPR004,APPR013,True
1102248,ACC00610,Wire In,63758.73,2026-03-27,APPR006,APPR005,True
1102249,ACC00305,Wire In,361233.02,2026-03-27,APPR007,APPR010,True
1102250,ACC00731,Collateral Pledge,19075.65,2026-03-27,APPR004,APPR013,True
1102251,ACC00840,Collateral Pledge,15130.01,2026-03-27,APPR001,APPR006,True
1102252,ACC00490,Collateral Pledge,169939.01,2026-03-27,APPR002,,True
1102253,ACC00249,Collateral Return,10370.28,2026-03-27,APPR009,,True
1102254,ACC00644,Wire In,40173.39,2026-03-27,APPR011,,True
1102255,ACC00186,Collateral Return,788686.14,2026-03-27,APPR012,APPR007,True
1102256,ACC00293,Wire Out,25401.72,2026-03-27,APPR009,APPR005,True
1102257,ACC00123,Collateral Pledge,126421.28,2026-03-27,APPR009,,True
1102258,ACC00392,Wire Out,426722.95,2026-03-27,APPR007,APPR003,True
1102259,ACC00411,Collateral Return,130320.86,2026-03-27,APPR009,APPR012,True
1102260,ACC00079,Collateral Return,165842.18,2026-03-27,APPR004,,True
1102261,ACC00313,Wire Out,143649.51,2026-03-27,APPR002,APPR005,True
1102262,ACC00723,Wire In,116007.63,2026-03-27,APPR009,APPR013,True
1102263,ACC00453,Wire Out,192224.68,2026-03-27,APPR003,,True
1102264,ACC00164,Wire In,214760.15,2026-03-27,APPR011,APPR006,True
1102265,ACC00342,Collateral Return,83446.24,2026-03-27,APPR003,APPR008,True
1102266,ACC00614,Collateral Return,118838.64,2026-03-30,APPR004,,True
1102267,ACC00085,Wire In,64101.21,2026-03-30,APPR013,,True
1102268,ACC00098,Collateral Pledge,235138.09,2026-03-30,APPR005,,True
1102269,ACC00656,Collateral Return,345612.84,2026-03-30,APPR008,APPR013,False
1102270,ACC00891,Wire In,207887.15,2026-03-30,APPR010,,True
1102271,ACC00642,Collateral Pledge,556130.1,2026-03-30,APPR006,APPR012,True
1102272,ACC00643,Collateral Return,699437.17,2026-03-30,APPR014,APPR002,True
1102273,ACC00771,Wire In,450622.75,2026-03-30,APPR001,APPR002,True
1102274,ACC00686,Collateral Return,62468.8,2026-03-30,APPR012,,True
1102275,ACC00682,Wire Out,25677.85,2026-03-30,APPR012,,True
1102276,ACC00212,Wire Out,305576.75,2026-03-30,APPR011,APPR002,True
1102277,ACC00383,Wire In,20285.11,2026-03-30,APPR002,,True
1102278,ACC00798,Collateral Pledge,15362.54,2026-03-30,APPR002,,True
1102279,ACC00293,Collateral Pledge,184405.37,2026-03-30,APPR008,,True
1102280,ACC00448,Wire In,749336.25,2026-03-30,APPR014,APPR013,True
1102281,ACC00390,Wire Out,35909.6,2026-03-30,APPR012,,True
1102282,ACC00060,Wire In,751444.41,2026-03-30,APPR012,APPR003,True
1102283,ACC00372,Collateral Return,93275.18,2026-03-31,APPR004,APPR010,True
1102284,ACC00848,Wire In,24821.83,2026-03-31,APPR005,APPR007,True
1102285,ACC00027,Wire In,121191.72,2026-03-31,APPR012,APPR013,True
1102286,ACC00008,Wire Out,120587.99,2026-03-31,APPR011,,True
1102287,ACC00386,Collateral Pledge,472048.41,2026-03-31,APPR009,APPR007,True
1102288,ACC00732,Wire In,17513.72,2026-03-31,APPR013,APPR003,True
1102289,ACC00824,Collateral Return,59052.59,2026-03-31,APPR004,,True
1102290,ACC00326,Collateral Pledge,91283.98,2026-03-31,APPR013,,False
1102291,ACC00513,Wire In,140481.81,2026-03-31,APPR003,APPR009,True
1102292,ACC00595,Collateral Pledge,85226.61,2026-03-31,APPR010,APPR007,True
1102293,ACC00882,Wire Out,78608.56,2026-03-31,APPR003,,True
1102294,ACC00291,Collateral Return,40511.81,2026-03-31,APPR002,APPR014,True
1102295,ACC00412,Wire In,456736.38,2026-03-31,APPR014,APPR001,True
1102296,ACC00133,Wire In,80056.74,2026-03-31,APPR011,,True
1102297,ACC00419,Collateral Return,32328.13,2026-03-31,APPR014,APPR002,True
1102298,ACC00632,Collateral Return,29065.33,2026-03-31,APPR001,,True
1102299,ACC00482,Wire Out,28557.02,2026-03-31,APPR004,,True
1102300,ACC00237,Collateral Pledge,147382.09,2026-03-31,APPR008,,True
1102301,ACC00307,Wire Out,536739.04,2026-03-31,APPR014,APPR004,True
1102302,ACC00377,Wire In,257784.62,2026-03-31,APPR014,APPR012,True
1102303,ACC00789,Wire Out,101512.75,2026-03-31,APPR004,,True
1102304,ACC00462,Collateral Return,19306.52,2026-03-31,APPR010,,True
1102305,ACC00172,Collateral Return,151817.19,2026-03-31,APPR007,APPR013,True
1102306,ACC00256,Collateral Pledge,14078.86,2026-04-01,APPR011,,True
1102307,ACC00276,Collateral Return,47498.77,2026-04-01,APPR009,,True
1102308,ACC00180,Wire In,255225.34,2026-04-01,APPR013,APPR004,True
1102309,ACC00890,Wire Out,21933.95,2026-04-01,APPR005,APPR007,True
1102310,ACC00256,Wire Out,171733.73,2026-04-01,APPR012,,True
1102311,ACC00451,Wire In,200588.69,2026-04-01,APPR013,,True
1102312,ACC00459,Wire Out,83474.92,2026-04-01,APPR012,,True
1102313,ACC00199,Wire In,117457.79,2026-04-01,APPR002,APPR010,True
1102314,ACC00262,Wire In,57823.85,2026-04-01,APPR009,,True
1102315,ACC00311,Wire In,268312.9,2026-04-01,APPR009,,True
1102316,ACC00421,Collateral Pledge,224086.18,2026-04-01,APPR001,,True
1102317,ACC00894,Collateral Pledge,92500.59,2026-04-02,APPR008,,True
1102318,ACC00822,Collateral Return,32375.51,2026-04-02,APPR001,APPR004,True
1102319,ACC00486,Collateral Return,144630.87,2026-04-02,APPR012,,True
1102320,ACC00747,Collateral Pledge,130160.22,2026-04-02,APPR013,,False
1102321,ACC00555,Wire Out,81850.82,2026-04-02,APPR008,APPR014,True
1102322,ACC00069,Wire Out,98806.27,2026-04-02,APPR007,,True
1102323,ACC00671,Collateral Return,27732.19,2026-04-02,APPR010,APPR009,True
1102324,ACC00869,Collateral Return,177179.88,2026-04-02,APPR002,,True
1102325,ACC00713,Wire Out,159043.22,2026-04-02,APPR010,APPR006,True
1102326,ACC00233,Collateral Return,29210.22,2026-04-02,APPR006,APPR003,True
1102327,ACC00725,Wire Out,251238.5,2026-04-02,APPR006,APPR008,True
1102328,ACC00263,Collateral Return,271527.0,2026-04-02,APPR008,APPR005,True
1102329,ACC00513,Wire Out,881602.36,2026-04-02,APPR012,APPR007,True
1102330,ACC00618,Collateral Return,416851.84,2026-04-02,APPR009,APPR001,True
1102331,ACC00405,Collateral Pledge,385668.19,2026-04-02,APPR011,APPR007,True
1102332,ACC00280,Collateral Return,41789.84,2026-04-03,APPR006,,True
1102333,ACC00316,Wire Out,205143.87,2026-04-03,APPR001,APPR009,True
1102334,ACC00477,Collateral Pledge,224898.71,2026-04-03,APPR014,APPR001,True
1102335,ACC00286,Wire Out,18843.1,2026-04-03,APPR009,APPR006,True
1102336,ACC00416,Wire Out,181043.16,2026-04-03,APPR003,,True
1102337,ACC00460,Wire In,36687.38,2026-04-03,APPR005,APPR011,True
1102338,ACC00451,Collateral Pledge,147171.35,2026-04-03,APPR009,,True
1102339,ACC00226,Wire In,97800.78,2026-04-03,APPR010,,True
1102340,ACC00399,Wire In,261165.44,2026-04-03,APPR008,APPR007,True
1102341,ACC00412,Wire In,892367.38,2026-04-03,APPR002,APPR009,True
1102342,ACC00892,Wire Out,38820.16,2026-04-03,APPR002,,True
1102343,ACC00111,Wire In,30286.87,2026-04-03,APPR014,,True
1102344,ACC00283,Collateral Pledge,771245.73,2026-04-03,APPR007,,True
1102345,ACC00549,Collateral Return,110109.13,2026-04-03,APPR014,,True
1102346,ACC00649,Collateral Return,107481.04,2026-04-03,APPR003,APPR007,True
1102347,ACC00859,Collateral Pledge,385431.98,2026-04-03,APPR011,APPR009,True
1102348,ACC00187,Collateral Pledge,33077.18,2026-04-03,APPR006,APPR008,True
1102349,ACC00378,Wire Out,288923.44,2026-04-03,APPR002,APPR001,True
1102350,ACC00328,Collateral Pledge,383485.26,2026-04-06,APPR008,APPR001,True
1102351,ACC00711,Collateral Return,51344.03,2026-04-06,APPR004,APPR005,True
1102352,ACC00648,Collateral Return,55188.28,2026-04-06,APPR009,,True
1102353,ACC00706,Collateral Return,30151.26,2026-04-06,APPR008,,True
1102354,ACC00817,Collateral Pledge,51493.7,2026-04-06,APPR014,,True
1102355,ACC00296,Collateral Return,290764.61,2026-04-06,APPR004,APPR013,True
1102356,ACC00468,Collateral Pledge,327991.27,2026-04-06,APPR006,APPR014,True
1102357,ACC00568,Wire In,35864.49,2026-04-06,APPR005,APPR006,True
1102358,ACC00336,Collateral Return,44192.63,2026-04-06,APPR004,APPR002,True
1102359,ACC00089,Wire Out,125572.3,2026-04-06,APPR010,,True
1102360,ACC00475,Wire In,54199.81,2026-04-06,APPR005,,True
1102361,ACC00300,Collateral Return,94724.4,2026-04-06,APPR014,,True
1102362,ACC00637,Collateral Return,372631.73,2026-04-06,APPR009,APPR010,True
1102363,ACC00415,Wire In,316289.82,2026-04-06,APPR011,APPR005,True
1102364,ACC00739,Collateral Return,92563.77,2026-04-06,APPR001,,True
1102365,ACC00576,Wire Out,73151.24,2026-04-07,APPR004,APPR002,True
1102366,ACC00391,Wire Out,70829.96,2026-04-07,APPR002,APPR013,True
1102367,ACC00238,Wire In,518958.11,2026-04-07,APPR006,APPR003,True
1102368,ACC00354,Collateral Pledge,86805.59,2026-04-07,APPR005,,True
1102369,ACC00696,Collateral Pledge,8387.29,2026-04-07,APPR008,,True
1102370,ACC00655,Collateral Return,200933.13,2026-04-07,APPR002,,True
1102371,ACC00692,Wire Out,829408.16,2026-04-07,APPR013,APPR014,True
1102372,ACC00567,Wire In,43922.88,2026-04-07,APPR009,APPR003,True
1102373,ACC00211,Wire Out,416054.63,2026-04-08,APPR007,APPR011,True
1102374,ACC00335,Collateral Return,274715.96,2026-04-08,APPR004,APPR001,True
1102375,ACC00345,Wire In,38582.69,2026-04-08,APPR010,,True
1102376,ACC00604,Collateral Pledge,203169.62,2026-04-08,APPR006,APPR001,True
1102377,ACC00595,Wire Out,63762.53,2026-04-08,APPR007,APPR003,True
1102378,ACC00891,Wire Out,95130.72,2026-04-08,APPR008,,True
1102379,ACC00130,Wire Out,134038.11,2026-04-08,APPR006,,True
1102380,ACC00761,Wire In,67475.73,2026-04-08,APPR011,,True
1102381,ACC00768,Wire In,44584.34,2026-04-08,APPR002,APPR011,True
1102382,ACC00581,Wire In,1272969.45,2026-04-08,APPR002,APPR008,True
1102383,ACC00486,Collateral Return,97073.62,2026-04-09,APPR013,,True
1102384,ACC00614,Wire Out,207269.05,2026-04-09,APPR013,,True
1102385,ACC00328,Collateral Pledge,198340.66,2026-04-09,APPR010,,True
1102386,ACC00631,Collateral Return,120602.1,2026-04-09,APPR012,,True
1102387,ACC00800,Collateral Pledge,101282.66,2026-04-09,APPR002,,True
1102388,ACC00652,Wire In,83319.16,2026-04-09,APPR010,APPR005,True
1102389,ACC00461,Collateral Pledge,214685.01,2026-04-09,APPR002,,True
1102390,ACC00142,Wire Out,22235.12,2026-04-09,APPR007,,True
1102391,ACC00712,Collateral Pledge,114331.61,2026-04-09,APPR006,APPR004,True
1102392,ACC00474,Collateral Pledge,34260.21,2026-04-09,APPR009,,True
1102393,ACC00123,Collateral Return,31390.15,2026-04-09,APPR004,APPR014,True
1102394,ACC00449,Collateral Pledge,102862.14,2026-04-09,APPR006,APPR007,True
1102395,ACC00247,Wire Out,61626.45,2026-04-09,APPR004,,True
1102396,ACC00258,Wire In,144297.06,2026-04-09,APPR006,APPR012,True
1102397,ACC00458,Wire Out,37115.44,2026-04-09,APPR007,APPR014,True
1102398,ACC00451,Collateral Return,94618.33,2026-04-09,APPR011,APPR014,True
1102399,ACC00457,Wire Out,116550.38,2026-04-09,APPR005,,True
1102400,ACC00044,Collateral Return,124514.76,2026-04-09,APPR014,APPR013,True
1102401,ACC00680,Wire Out,250411.02,2026-04-09,APPR006,APPR014,True
1102402,ACC00457,Wire In,409189.72,2026-04-09,APPR014,APPR010,True
1102403,ACC00737,Wire Out,137912.7,2026-04-09,APPR007,,True
1102404,ACC00852,Wire Out,537724.02,2026-04-09,APPR004,APPR014,True
1102405,ACC00412,Wire In,31759.06,2026-04-09,APPR004,,True
1102406,ACC00176,Wire Out,114164.17,2026-04-09,APPR007,APPR006,True
1102407,ACC00737,Collateral Return,78088.94,2026-04-10,APPR011,,True
1102408,ACC00242,Wire Out,39097.73,2026-04-10,APPR011,APPR014,True
1102409,ACC00048,Wire In,67982.51,2026-04-10,APPR006,APPR002,True
1102410,ACC00673,Collateral Return,303465.16,2026-04-10,APPR012,APPR004,True
1102411,ACC00321,Collateral Return,143600.59,2026-04-10,APPR010,APPR014,True
1102412,ACC00526,Collateral Pledge,111900.23,2026-04-10,APPR005,APPR008,True
1102413,ACC00595,Wire In,16284.88,2026-04-10,APPR004,,True
1102414,ACC00040,Collateral Return,242593.04,2026-04-10,APPR005,,True
1102415,ACC00541,Collateral Pledge,15302.92,2026-04-10,APPR010,APPR007,True
1102416,ACC00759,Wire In,63870.45,2026-04-10,APPR009,APPR003,True
1102417,ACC00265,Wire Out,68203.31,2026-04-13,APPR005,,True
1102418,ACC00282,Collateral Return,84829.66,2026-04-13,APPR009,APPR004,True
1102419,ACC00857,Wire In,47269.31,2026-04-13,APPR014,,True
1102420,ACC00631,Wire In,160744.84,2026-04-13,APPR002,APPR008,True
1102421,ACC00770,Collateral Pledge,80898.13,2026-04-13,APPR010,APPR013,True
1102422,ACC00530,Collateral Pledge,45388.78,2026-04-13,APPR004,APPR009,True
1102423,ACC00496,Collateral Return,728765.84,2026-04-13,APPR014,APPR010,True
1102424,ACC00331,Collateral Pledge,30901.72,2026-04-13,APPR004,APPR003,True
1102425,ACC00394,Collateral Pledge,208667.44,2026-04-13,APPR010,APPR011,True
1102426,ACC00813,Wire In,113975.08,2026-04-13,APPR004,APPR002,True
1102427,ACC00455,Wire In,1313950.79,2026-04-13,APPR009,APPR004,True
1102428,ACC00609,Collateral Return,235226.96,2026-04-13,APPR011,,True
1102429,ACC00201,Wire Out,110446.52,2026-04-13,APPR011,,True
1102430,ACC00571,Collateral Pledge,50295.39,2026-04-13,APPR003,,True
1102431,ACC00786,Wire In,60733.1,2026-04-13,APPR006,,True
1102432,ACC00445,Wire Out,293463.58,2026-04-13,APPR006,APPR014,True
1102433,ACC00733,Collateral Pledge,82501.32,2026-04-14,APPR011,APPR010,True
1102434,ACC00203,Wire Out,849519.82,2026-04-14,APPR002,APPR013,True
1102435,ACC00658,Collateral Pledge,10187.78,2026-04-14,APPR013,APPR006,False
1102436,ACC00593,Wire In,27486.06,2026-04-14,APPR007,,True
1102437,ACC00734,Collateral Pledge,125435.15,2026-04-14,APPR012,,True
1102438,ACC00003,Collateral Return,1740783.68,2026-04-14,APPR004,APPR010,True
1102439,ACC00441,Wire Out,114290.11,2026-04-14,APPR006,,True
1102440,ACC00209,Collateral Return,203499.29,2026-04-14,APPR008,,True
1102441,ACC00107,Collateral Return,1157855.54,2026-04-14,APPR005,APPR003,True
1102442,ACC00755,Collateral Return,16222.97,2026-04-14,APPR013,APPR014,True
1102443,ACC00652,Wire In,279476.34,2026-04-14,APPR011,APPR013,True
1102444,ACC00719,Collateral Pledge,28248.54,2026-04-14,APPR011,,True
1102445,ACC00815,Wire Out,21590.37,2026-04-14,APPR008,APPR004,False
1102446,ACC00498,Collateral Return,137577.29,2026-04-14,APPR006,,True
1102447,ACC00407,Collateral Pledge,8470.2,2026-04-14,APPR004,,True
1102448,ACC00325,Wire Out,24659.64,2026-04-14,APPR010,APPR002,True
1102449,ACC00487,Wire Out,337873.05,2026-04-14,APPR004,APPR006,True
1102450,ACC00005,Collateral Pledge,127037.86,2026-04-15,APPR010,APPR008,True
1102451,ACC00522,Wire In,144206.03,2026-04-15,APPR001,APPR014,True
1102452,ACC00499,Wire Out,178366.61,2026-04-15,APPR014,,True
1102453,ACC00755,Collateral Pledge,18183.84,2026-04-15,APPR010,,True
1102454,ACC00122,Wire In,141111.55,2026-04-15,APPR008,APPR012,True
1102455,ACC00172,Collateral Return,401136.73,2026-04-15,APPR007,APPR008,True
1102456,ACC00613,Collateral Pledge,60895.0,2026-04-15,APPR010,APPR011,True
1102457,ACC00515,Wire In,41483.14,2026-04-15,APPR013,,True
1102458,ACC00787,Collateral Return,197940.82,2026-04-15,APPR009,,True
1102459,ACC00157,Wire In,9286.69,2026-04-15,APPR013,,True
1102460,ACC00730,Wire In,341048.72,2026-04-15,APPR003,APPR009,True
1102461,ACC00782,Collateral Return,15062.67,2026-04-15,APPR007,,True
1102462,ACC00452,Collateral Pledge,285985.96,2026-04-15,APPR014,APPR002,True
1102463,ACC00889,Collateral Return,75578.55,2026-04-15,APPR004,,True
1102464,ACC00402,Wire Out,8634.03,2026-04-16,APPR009,APPR012,True
1102465,ACC00458,Wire In,320003.04,2026-04-16,APPR002,,True
1102466,ACC00545,Wire In,47373.26,2026-04-16,APPR009,APPR002,True
1102467,ACC00519,Wire Out,533991.36,2026-04-16,APPR008,APPR013,True
1102468,ACC00860,Wire In,7529.91,2026-04-16,APPR006,,True
1102469,ACC00689,Wire Out,382246.43,2026-04-16,APPR006,APPR009,True
1102470,ACC00481,Collateral Return,265025.62,2026-04-16,APPR008,APPR002,True
1102471,ACC00218,Wire In,216043.23,2026-04-16,APPR004,,True
1102472,ACC00608,Wire Out,51607.24,2026-04-16,APPR009,APPR003,True
1102473,ACC00462,Collateral Pledge,1021678.94,2026-04-16,APPR011,APPR007,True
1102474,ACC00774,Collateral Return,835123.55,2026-04-16,APPR011,APPR006,True
1102475,ACC00552,Wire Out,201463.32,2026-04-16,APPR012,APPR011,True
1102476,ACC00614,Collateral Pledge,36869.29,2026-04-16,APPR013,,True
1102477,ACC00154,Wire Out,110023.43,2026-04-17,APPR009,APPR013,True
1102478,ACC00195,Wire In,11608.9,2026-04-17,APPR003,APPR014,True
1102479,ACC00732,Wire Out,59006.01,2026-04-17,APPR014,,True
1102480,ACC00322,Wire Out,156336.14,2026-04-17,APPR003,APPR005,True
1102481,ACC00253,Wire In,52523.87,2026-04-17,APPR004,,True
1102482,ACC00700,Collateral Pledge,195600.82,2026-04-17,APPR003,APPR013,True
1102483,ACC00713,Wire Out,242284.13,2026-04-17,APPR003,APPR006,True
1102484,ACC00023,Wire In,36945.84,2026-04-17,APPR001,APPR013,True
1102485,ACC00692,Wire Out,165171.24,2026-04-17,APPR013,,True
1102486,ACC00789,Collateral Return,106847.4,2026-04-17,APPR004,APPR005,True
1102487,ACC00533,Wire Out,140338.68,2026-04-17,APPR004,APPR003,True
1102488,ACC00459,Wire Out,108904.18,2026-04-17,APPR011,,True
1102489,ACC00732,Collateral Pledge,14423.15,2026-04-17,APPR009,APPR004,True
1102490,ACC00887,Wire Out,368821.14,2026-04-17,APPR002,,True
1102491,ACC00460,Collateral Return,268201.13,2026-04-17,APPR001,APPR013,True
1102492,ACC00899,Wire Out,82722.38,2026-04-17,APPR008,,True
1102493,ACC00287,Wire In,61625.55,2026-04-20,APPR005,APPR007,True
1102494,ACC00139,Collateral Return,8039.52,2026-04-20,APPR001,APPR011,True
1102495,ACC00754,Collateral Pledge,111667.51,2026-04-20,APPR007,,True
1102496,ACC00856,Wire Out,75693.05,2026-04-20,APPR013,APPR002,True
1102497,ACC00682,Wire In,434713.55,2026-04-20,APPR014,APPR001,True
1102498,ACC00171,Wire In,208548.29,2026-04-20,APPR008,APPR011,True
1102499,ACC00187,Collateral Return,290977.48,2026-04-20,APPR009,APPR012,True
1102500,ACC00543,Collateral Return,57596.97,2026-04-20,APPR002,,True
1102501,ACC00256,Wire Out,456150.58,2026-04-20,APPR014,APPR011,True
1102502,ACC00601,Wire Out,36321.52,2026-04-20,APPR010,,True
1102503,ACC00049,Collateral Return,157438.67,2026-04-20,APPR013,APPR010,True
1102504,ACC00415,Wire In,44321.21,2026-04-20,APPR007,APPR011,True
1102505,ACC00807,Wire In,19990.23,2026-04-20,APPR004,APPR008,True
1102506,ACC00746,Collateral Return,70311.09,2026-04-20,APPR003,,True
1102507,ACC00189,Wire Out,188023.99,2026-04-20,APPR003,,True
1102508,ACC00798,Wire Out,292792.99,2026-04-20,APPR001,APPR006,True
1102509,ACC00733,Collateral Return,188277.59,2026-04-20,APPR009,APPR008,True
1102510,ACC00869,Collateral Pledge,223231.55,2026-04-20,APPR013,APPR012,True
1102511,ACC00367,Wire In,33532.44,2026-04-20,APPR010,,True
1102512,ACC00441,Collateral Pledge,125568.82,2026-04-20,APPR002,APPR011,True
1102513,ACC00146,Wire In,267014.04,2026-04-20,APPR006,APPR010,True
1102514,ACC00764,Collateral Pledge,227299.65,2026-04-20,APPR013,,True
1102515,ACC00446,Wire In,177751.94,2026-04-20,APPR004,,True
1102516,ACC00630,Collateral Return,57753.69,2026-04-21,APPR010,,True
1102517,ACC00463,Collateral Pledge,144517.57,2026-04-21,APPR010,APPR012,True
1102518,ACC00861,Collateral Return,159546.41,2026-04-21,APPR003,APPR006,True
1102519,ACC00192,Wire Out,19933.04,2026-04-21,APPR006,APPR011,True
1102520,ACC00761,Wire Out,81289.77,2026-04-21,APPR014,APPR001,True
1102521,ACC00694,Collateral Return,1168445.13,2026-04-21,APPR007,APPR004,True
1102522,ACC00047,Collateral Return,420934.53,2026-04-21,APPR007,APPR012,True
1102523,ACC00792,Collateral Pledge,354796.39,2026-04-21,APPR013,APPR001,True
1102524,ACC00082,Wire Out,291532.0,2026-04-21,APPR003,APPR009,True
1102525,ACC00275,Collateral Return,142589.26,2026-04-22,APPR008,APPR012,True
1102526,ACC00363,Collateral Return,456284.62,2026-04-22,APPR013,APPR010,True
1102527,ACC00307,Wire In,212747.46,2026-04-22,APPR011,,True
1102528,ACC00371,Collateral Pledge,341961.38,2026-04-22,APPR001,APPR007,True
1102529,ACC00047,Wire Out,44685.65,2026-04-22,APPR007,APPR003,True
1102530,ACC00297,Collateral Return,210183.19,2026-04-22,APPR001,APPR011,True
1102531,ACC00717,Collateral Return,214357.72,2026-04-22,APPR004,APPR007,True
1102532,ACC00460,Collateral Return,156950.87,2026-04-22,APPR002,APPR014,True
1102533,ACC00685,Collateral Pledge,172177.76,2026-04-22,APPR013,,True
1102534,ACC00529,Collateral Pledge,340698.93,2026-04-22,APPR008,,False
1102535,ACC00175,Collateral Pledge,553433.92,2026-04-23,APPR007,APPR011,True
1102536,ACC00873,Wire Out,308864.42,2026-04-23,APPR002,APPR011,True
1102537,ACC00022,Collateral Return,167585.94,2026-04-23,APPR014,,True
1102538,ACC00057,Wire In,502789.83,2026-04-23,APPR011,APPR009,True
1102539,ACC00799,Wire In,155584.07,2026-04-23,APPR006,APPR009,True
1102540,ACC00489,Wire Out,61020.96,2026-04-23,APPR008,,True
1102541,ACC00476,Collateral Pledge,107369.41,2026-04-23,APPR004,,True
1102542,ACC00753,Collateral Pledge,327165.73,2026-04-23,APPR013,APPR012,True
1102543,ACC00827,Collateral Pledge,202679.79,2026-04-23,APPR014,APPR013,True
1102544,ACC00720,Wire In,212378.07,2026-04-23,APPR007,,True
1102545,ACC00865,Collateral Return,52232.66,2026-04-23,APPR002,APPR011,True
1102546,ACC00567,Wire Out,148391.96,2026-04-23,APPR008,APPR006,True
1102547,ACC00692,Wire Out,60378.88,2026-04-23,APPR002,,True
1102548,ACC00331,Wire In,511113.46,2026-04-23,APPR004,APPR012,True
1102549,ACC00332,Wire In,53906.21,2026-04-23,APPR011,,True
1102550,ACC00858,Wire Out,91032.48,2026-04-23,APPR006,,True
1102551,ACC00855,Wire Out,15653.36,2026-04-24,APPR013,APPR011,True
1102552,ACC00358,Wire In,270879.95,2026-04-24,APPR007,APPR005,True
1102553,ACC00243,Wire Out,2864041.39,2026-04-24,APPR006,APPR007,True
1102554,ACC00765,Collateral Return,706168.5,2026-04-24,APPR010,APPR011,True
1102555,ACC00472,Collateral Pledge,48603.47,2026-04-24,APPR010,,True
1102556,ACC00586,Wire Out,38578.72,2026-04-24,APPR001,APPR003,True
1102557,ACC00125,Wire Out,809811.95,2026-04-24,APPR014,APPR005,True
1102558,ACC00039,Collateral Pledge,256378.48,2026-04-24,APPR009,,True
1102559,ACC00874,Wire In,245673.95,2026-04-24,APPR012,,True
1102560,ACC00329,Collateral Return,9254.95,2026-04-24,APPR014,,True
1102561,ACC00212,Wire Out,153220.06,2026-04-24,APPR010,APPR013,True
1102562,ACC00747,Wire In,185932.67,2026-04-27,APPR009,APPR008,True
1102563,ACC00878,Wire Out,391826.46,2026-04-27,APPR006,APPR005,True
1102564,ACC00860,Collateral Return,205837.27,2026-04-27,APPR005,APPR013,False
1102565,ACC00182,Collateral Pledge,74892.9,2026-04-27,APPR004,APPR014,True
1102566,ACC00521,Collateral Return,40549.02,2026-04-27,APPR009,APPR001,True
1102567,ACC00819,Wire In,124429.6,2026-04-27,APPR005,,True
1102568,ACC00061,Wire In,22972.94,2026-04-27,APPR004,APPR002,True
1102569,ACC00276,Wire Out,1656099.36,2026-04-27,APPR008,APPR010,True
1102570,ACC00001,Collateral Pledge,179973.66,2026-04-27,APPR004,APPR002,True
1102571,ACC00017,Collateral Return,186732.51,2026-04-27,APPR012,,True
1102572,ACC00881,Collateral Pledge,2466228.92,2026-04-27,APPR002,APPR010,True
1102573,ACC00154,Wire In,20226.17,2026-04-27,APPR009,APPR010,True
1102574,ACC00495,Wire Out,144690.72,2026-04-27,APPR010,APPR005,True
1102575,ACC00593,Collateral Pledge,90126.48,2026-04-27,APPR012,,True
1102576,ACC00371,Wire Out,17495.39,2026-04-27,APPR002,,True
1102577,ACC00660,Wire In,552141.69,2026-04-27,APPR010,APPR011,True
1102578,ACC00112,Wire In,56509.85,2026-04-27,APPR002,,True
1102579,ACC00119,Collateral Return,99629.5,2026-04-27,APPR005,APPR014,True
1102580,ACC00646,Wire Out,161664.76,2026-04-28,APPR001,,True
1102581,ACC00836,Wire Out,132719.64,2026-04-28,APPR013,,True
1102582,ACC00312,Collateral Pledge,46476.29,2026-04-28,APPR010,,True
1102583,ACC00613,Wire Out,34528.66,2026-04-28,APPR003,,True
1102584,ACC00846,Collateral Return,128279.88,2026-04-28,APPR010,,True
1102585,ACC00365,Wire In,31767.83,2026-04-28,APPR001,APPR011,True
1102586,ACC00602,Collateral Pledge,143524.4,2026-04-28,APPR001,APPR004,False
1102587,ACC00451,Wire In,19343.33,2026-04-28,APPR005,APPR007,True
1102588,ACC00421,Collateral Pledge,57306.19,2026-04-28,APPR010,APPR013,True
1102589,ACC00197,Wire In,36665.37,2026-04-28,APPR006,APPR010,True
1102590,ACC00107,Collateral Pledge,631218.05,2026-04-28,APPR012,APPR010,True
1102591,ACC00822,Wire In,65958.16,2026-04-28,APPR006,APPR002,True
1102592,ACC00361,Collateral Return,11333.1,2026-04-28,APPR009,,True
1102593,ACC00689,Collateral Pledge,115220.85,2026-04-28,APPR006,,True
1102594,ACC00358,Wire Out,52069.17,2026-04-28,APPR009,APPR002,True
1102595,ACC00687,Wire In,36697.02,2026-04-28,APPR003,,True
1102596,ACC00737,Wire In,24948.67,2026-04-28,APPR001,,True
1102597,ACC00492,Wire In,319470.8,2026-04-28,APPR009,APPR014,True
1102598,ACC00635,Wire In,501964.27,2026-04-28,APPR007,APPR010,True
1102599,ACC00764,Wire Out,67307.36,2026-04-28,APPR010,,True
1102600,ACC00066,Wire In,47915.01,2026-04-28,APPR001,APPR013,True
1102601,ACC00202,Wire Out,769751.24,2026-04-29,APPR003,APPR002,True
1102602,ACC00009,Wire Out,13920.35,2026-04-29,APPR004,,True
1102603,ACC00384,Wire In,118820.77,2026-04-29,APPR011,,True
1102604,ACC00102,Wire Out,256953.06,2026-04-29,APPR006,APPR009,True
1102605,ACC00139,Wire Out,335698.72,2026-04-29,APPR014,APPR008,True
1102606,ACC00892,Collateral Pledge,52191.49,2026-04-29,APPR002,APPR006,True
1102607,ACC00642,Wire In,81580.32,2026-04-29,APPR006,,True
1102608,ACC00824,Collateral Pledge,247919.43,2026-04-29,APPR013,APPR004,True
1102609,ACC00804,Collateral Return,59173.48,2026-04-29,APPR002,,True
1102610,ACC00559,Wire Out,131021.81,2026-04-29,APPR007,,True
1102611,ACC00608,Collateral Return,318333.81,2026-04-29,APPR006,APPR010,True
1102612,ACC00126,Collateral Pledge,47453.67,2026-04-30,APPR014,,True
1102613,ACC00107,Wire In,2224311.7,2026-04-30,APPR005,APPR002,True
1102614,ACC00571,Wire In,108337.38,2026-04-30,APPR010,APPR011,True
1102615,ACC00302,Collateral Pledge,287370.15,2026-04-30,APPR004,APPR006,True
1102616,ACC00611,Wire Out,101621.76,2026-04-30,APPR004,,True
1102617,ACC00704,Wire Out,104539.9,2026-04-30,APPR012,APPR008,True
1102618,ACC00865,Wire In,135304.11,2026-04-30,APPR003,,True
1102619,ACC00141,Wire In,144274.86,2026-04-30,APPR006,APPR009,True
1102620,ACC00265,Collateral Return,92911.71,2026-04-30,APPR008,,True
1102621,ACC00684,Wire In,307631.55,2026-04-30,APPR008,APPR006,True
1102622,ACC00591,Wire In,44478.5,2026-04-30,APPR004,,True
1102623,ACC00550,Wire Out,184797.02,2026-04-30,APPR006,APPR002,True
1102624,ACC00363,Collateral Pledge,30171.07,2026-04-30,APPR009,,True
1102625,ACC00071,Collateral Return,38439.52,2026-04-30,APPR014,,True
1102626,ACC00564,Collateral Pledge,127306.33,2026-04-30,APPR012,,True
1102627,ACC00274,Wire Out,72876.02,2026-04-30,APPR012,APPR008,True
1102628,ACC00759,Collateral Pledge,12911.2,2026-04-30,APPR013,APPR011,True
1102629,ACC00883,Wire Out,1942720.49,2026-04-30,APPR011,APPR012,True
1102630,ACC00285,Collateral Pledge,78101.75,2026-04-30,APPR005,APPR006,True
1102631,ACC00663,Collateral Pledge,80789.93,2026-05-01,APPR012,APPR003,True
1102632,ACC00012,Collateral Pledge,297112.13,2026-05-01,APPR012,APPR003,False
1102633,ACC00475,Wire Out,125785.33,2026-05-01,APPR009,APPR008,True
1102634,ACC00711,Collateral Pledge,1316.43,2026-05-01,APPR012,APPR014,True
1102635,ACC00005,Wire Out,22444.6,2026-05-01,APPR011,APPR001,True
1102636,ACC00810,Wire Out,654114.68,2026-05-01,APPR010,APPR006,True
1102637,ACC00343,Wire In,123171.7,2026-05-01,APPR009,,True
1102638,ACC00590,Wire Out,146669.49,2026-05-01,APPR009,APPR012,True
1102639,ACC00241,Wire In,84343.63,2026-05-01,APPR011,,True
1102640,ACC00764,Wire Out,54377.4,2026-05-01,APPR005,,True
1102641,ACC00228,Wire Out,63624.04,2026-05-01,APPR009,APPR005,True
1102642,ACC00682,Wire In,58140.83,2026-05-01,APPR005,,True
1102643,ACC00752,Wire In,242049.33,2026-05-01,APPR006,APPR007,True
1102644,ACC00809,Collateral Pledge,332591.25,2026-05-01,APPR003,APPR006,True
1102645,ACC00099,Wire Out,18629.22,2026-05-01,APPR013,,True
1102646,ACC00845,Collateral Return,86061.86,2026-05-01,APPR004,APPR011,True
1102647,ACC00299,Collateral Pledge,415608.48,2026-05-01,APPR012,APPR006,True
1102648,ACC00332,Collateral Pledge,173128.9,2026-05-01,APPR005,,True
1102649,ACC00729,Collateral Return,64324.32,2026-05-01,APPR001,,True
1102650,ACC00625,Collateral Return,168423.9,2026-05-01,APPR011,,True
1102651,ACC00899,Wire In,31702.06,2026-05-01,APPR012,,True
1102652,ACC00578,Collateral Pledge,64249.67,2026-05-04,APPR001,APPR003,True
1102653,ACC00049,Wire Out,214931.11,2026-05-04,APPR006,APPR014,True
1102654,ACC00725,Collateral Return,272504.33,2026-05-04,APPR001,APPR011,True
1102655,ACC00233,Wire Out,13451.41,2026-05-04,APPR005,,True
1102656,ACC00863,Wire In,415350.04,2026-05-04,APPR001,,True
1102657,ACC00832,Wire In,67997.26,2026-05-04,APPR008,,True
1102658,ACC00892,Wire In,7289.11,2026-05-04,APPR006,APPR002,True
1102659,ACC00823,Collateral Return,24781.9,2026-05-05,APPR001,,True
1102660,ACC00564,Collateral Pledge,13921.74,2026-05-05,APPR008,APPR004,True
1102661,ACC00627,Wire Out,134390.81,2026-05-05,APPR013,APPR009,True
1102662,ACC00458,Wire In,473991.94,2026-05-05,APPR009,APPR005,True
1102663,ACC00153,Wire In,132698.65,2026-05-05,APPR007,APPR001,True
1102664,ACC00334,Collateral Pledge,512939.85,2026-05-05,APPR012,APPR001,True
1102665,ACC00141,Wire Out,61844.57,2026-05-05,APPR013,APPR005,True
1102666,ACC00079,Collateral Pledge,47890.93,2026-05-05,APPR002,APPR003,True
1102667,ACC00591,Wire Out,167725.12,2026-05-05,APPR009,,True
1102668,ACC00534,Wire In,172262.93,2026-05-05,APPR013,APPR011,True
1102669,ACC00166,Wire Out,23104.55,2026-05-05,APPR003,APPR013,True
1102670,ACC00694,Wire Out,34449.18,2026-05-05,APPR010,APPR005,True
1102671,ACC00474,Wire In,79874.6,2026-05-05,APPR010,,True
1102672,ACC00272,Collateral Pledge,45424.45,2026-05-05,APPR012,APPR002,True
1102673,ACC00621,Wire In,16032.99,2026-05-05,APPR006,,True
1102674,ACC00663,Collateral Return,189255.99,2026-05-05,APPR010,,True
1102675,ACC00292,Collateral Pledge,38283.94,2026-05-06,APPR007,,True
1102676,ACC00131,Wire In,35316.7,2026-05-06,APPR003,APPR010,True
1102677,ACC00741,Wire In,15971.96,2026-05-06,APPR011,,True
1102678,ACC00502,Collateral Return,105908.75,2026-05-06,APPR008,APPR013,True
1102679,ACC00138,Collateral Pledge,383175.44,2026-05-06,APPR006,APPR009,True
1102680,ACC00306,Collateral Pledge,135484.62,2026-05-06,APPR002,,True
1102681,ACC00816,Collateral Pledge,119031.94,2026-05-06,APPR005,APPR013,True
1102682,ACC00470,Collateral Pledge,142249.34,2026-05-06,APPR013,,True
1102683,ACC00890,Wire In,66196.03,2026-05-06,APPR014,APPR013,True
1102684,ACC00193,Wire In,48355.15,2026-05-06,APPR008,,True
1102685,ACC00530,Collateral Pledge,182497.61,2026-05-06,APPR012,APPR011,True
1102686,ACC00171,Wire Out,323497.49,2026-05-06,APPR002,APPR006,True
1102687,ACC00760,Collateral Return,64618.44,2026-05-06,APPR008,APPR013,True
1102688,ACC00020,Collateral Return,480741.75,2026-05-06,APPR012,APPR008,False
1102689,ACC00101,Wire In,10336.09,2026-05-06,APPR006,APPR004,True
1102690,ACC00384,Wire In,138116.95,2026-05-07,APPR004,,True
1102691,ACC00323,Collateral Return,151732.3,2026-05-07,APPR006,,True
1102692,ACC00756,Collateral Return,112919.43,2026-05-07,APPR012,,True
1102693,ACC00570,Collateral Pledge,35455.09,2026-05-07,APPR003,APPR009,True
1102694,ACC00324,Collateral Pledge,151546.28,2026-05-07,APPR002,APPR004,True
1102695,ACC00018,Wire Out,137121.04,2026-05-07,APPR006,,True
1102696,ACC00554,Collateral Pledge,63571.41,2026-05-07,APPR007,,True
1102697,ACC00561,Collateral Return,225466.75,2026-05-07,APPR012,,True
1102698,ACC00859,Collateral Return,75010.37,2026-05-07,APPR001,APPR013,True
1102699,ACC00673,Collateral Return,866471.01,2026-05-07,APPR005,APPR011,True
1102700,ACC00226,Wire In,30199.44,2026-05-07,APPR005,APPR013,True
1102701,ACC00037,Collateral Return,30860.2,2026-05-07,APPR004,APPR005,True
1102702,ACC00261,Wire In,279761.76,2026-05-07,APPR013,APPR009,True
1102703,ACC00745,Wire Out,164293.67,2026-05-07,APPR002,,True
1102704,ACC00538,Wire In,87856.08,2026-05-07,APPR006,APPR013,True
1102705,ACC00527,Collateral Return,166775.34,2026-05-07,APPR006,APPR013,True
1102706,ACC00467,Wire In,1982997.64,2026-05-07,APPR001,APPR006,True
1102707,ACC00693,Wire Out,218148.87,2026-05-07,APPR004,,True
1102708,ACC00714,Wire Out,614865.2,2026-05-07,APPR009,APPR012,True
1102709,ACC00569,Wire In,438057.33,2026-05-07,APPR006,APPR001,True
1102710,ACC00008,Wire In,459996.39,2026-05-07,APPR005,APPR007,True
1102711,ACC00880,Collateral Pledge,30891.96,2026-05-07,APPR013,APPR012,True
1102712,ACC00003,Wire In,100176.95,2026-05-08,APPR010,,True
1102713,ACC00705,Wire Out,11845.05,2026-05-08,APPR004,APPR012,True
1102714,ACC00369,Collateral Return,47659.68,2026-05-08,APPR003,,True
1102715,ACC00878,Collateral Return,265312.01,2026-05-08,APPR002,APPR008,True
1102716,ACC00625,Wire Out,29869.21,2026-05-08,APPR013,APPR009,True
1102717,ACC00403,Collateral Return,74504.97,2026-05-08,APPR002,APPR014,True
1102718,ACC00838,Wire In,32320.24,2026-05-08,APPR011,,True
1102719,ACC00746,Collateral Pledge,414112.09,2026-05-08,APPR001,APPR004,True
1102720,ACC00749,Collateral Pledge,23804.58,2026-05-08,APPR012,APPR007,True
1102721,ACC00783,Collateral Return,21985.02,2026-05-08,APPR003,,True
1102722,ACC00055,Wire In,66723.2,2026-05-08,APPR006,,True
1102723,ACC00203,Wire Out,61710.47,2026-05-08,APPR003,,True
1102724,ACC00681,Collateral Pledge,360319.42,2026-05-08,APPR006,APPR009,True
1102725,ACC00737,Wire In,10043.09,2026-05-08,APPR009,APPR004,True
1102726,ACC00022,Wire Out,613213.0,2026-05-08,APPR004,APPR013,True
1102727,ACC00124,Collateral Return,79808.01,2026-05-11,APPR004,APPR011,True
1102728,ACC00334,Wire Out,12061.38,2026-05-11,APPR013,,True
1102729,ACC00040,Collateral Return,51511.97,2026-05-11,APPR009,,True
1102730,ACC00694,Wire Out,5113.78,2026-05-11,APPR002,APPR010,True
1102731,ACC00515,Wire Out,453018.92,2026-05-11,APPR014,APPR002,True
1102732,ACC00101,Wire Out,68316.22,2026-05-11,APPR001,APPR009,False
1102733,ACC00145,Collateral Pledge,67416.87,2026-05-11,APPR004,,True
1102734,ACC00838,Collateral Return,36676.05,2026-05-11,APPR002,APPR014,True
1102735,ACC00741,Wire In,22763.56,2026-05-11,APPR006,,True
1102736,ACC00832,Collateral Return,19303.82,2026-05-11,APPR011,APPR003,True
1102737,ACC00417,Collateral Return,79796.38,2026-05-12,APPR007,APPR008,True
1102738,ACC00467,Collateral Return,298793.84,2026-05-12,APPR007,APPR011,True
1102739,ACC00503,Collateral Pledge,7581.37,2026-05-12,APPR010,APPR004,True
1102740,ACC00361,Wire In,265263.88,2026-05-12,APPR010,APPR002,True
1102741,ACC00413,Wire Out,277606.4,2026-05-12,APPR005,APPR011,True
1102742,ACC00880,Wire In,246859.9,2026-05-12,APPR010,,True
1102743,ACC00274,Collateral Return,292791.46,2026-05-12,APPR010,APPR004,True
1102744,ACC00035,Wire Out,148468.72,2026-05-12,APPR013,APPR012,True
1102745,ACC00883,Wire Out,30441.32,2026-05-12,APPR010,APPR011,True
1102746,ACC00798,Collateral Pledge,26088.28,2026-05-12,APPR005,,True
1102747,ACC00734,Wire Out,72455.16,2026-05-12,APPR005,,True
1102748,ACC00358,Collateral Return,299489.58,2026-05-12,APPR004,APPR002,True
1102749,ACC00546,Collateral Pledge,3616770.41,2026-05-12,APPR007,APPR002,True
1102750,ACC00561,Wire Out,54852.22,2026-05-12,APPR007,APPR005,True
1102751,ACC00436,Collateral Pledge,140897.11,2026-05-12,APPR011,APPR004,False
1102752,ACC00777,Wire In,764222.65,2026-05-12,APPR003,APPR011,True
1102753,ACC00705,Collateral Pledge,83901.1,2026-05-12,APPR008,APPR014,True
1102754,ACC00290,Collateral Pledge,43140.44,2026-05-12,APPR014,APPR002,True
1102755,ACC00122,Wire Out,145048.55,2026-05-12,APPR014,,True
1102756,ACC00550,Wire Out,646275.19,2026-05-12,APPR007,APPR002,True
1102757,ACC00881,Collateral Pledge,594166.47,2026-05-13,APPR012,,True
1102758,ACC00315,Collateral Pledge,245942.26,2026-05-13,APPR003,APPR013,True
1102759,ACC00294,Wire Out,82221.29,2026-05-13,APPR004,APPR014,True
1102760,ACC00635,Collateral Return,26241.47,2026-05-13,APPR001,,True
1102761,ACC00136,Wire Out,241419.66,2026-05-13,APPR013,APPR002,True
1102762,ACC00301,Wire In,15817.71,2026-05-13,APPR013,,True
1102763,ACC00847,Wire Out,50116.5,2026-05-14,APPR008,APPR005,True
1102764,ACC00770,Wire Out,360912.61,2026-05-14,APPR014,APPR007,True
1102765,ACC00112,Wire Out,403331.42,2026-05-14,APPR007,APPR011,True
1102766,ACC00227,Collateral Return,9102.75,2026-05-14,APPR014,,True
1102767,ACC00112,Wire Out,129848.14,2026-05-14,APPR008,,True
1102768,ACC00226,Collateral Return,288500.57,2026-05-14,APPR014,,True
1102769,ACC00362,Wire Out,13236.25,2026-05-14,APPR004,,True
1102770,ACC00678,Wire Out,27523.99,2026-05-14,APPR003,APPR012,True
1102771,ACC00357,Collateral Pledge,111709.05,2026-05-14,APPR004,APPR011,True
1102772,ACC00889,Collateral Return,271578.16,2026-05-15,APPR002,APPR010,True
1102773,ACC00101,Wire In,401135.32,2026-05-15,APPR002,,True
1102774,ACC00675,Collateral Return,72865.35,2026-05-15,APPR002,,True
1102775,ACC00353,Collateral Return,1393484.48,2026-05-15,APPR011,APPR005,False
1102776,ACC00807,Wire In,210718.93,2026-05-15,APPR003,,True
1102777,ACC00351,Collateral Return,178766.06,2026-05-15,APPR007,APPR008,True
1102778,ACC00822,Collateral Pledge,47300.77,2026-05-15,APPR014,,True
1102779,ACC00689,Wire In,58796.34,2026-05-15,APPR006,APPR011,True
1102780,ACC00470,Collateral Return,7373.98,2026-05-15,APPR002,,True
1102781,ACC00234,Collateral Pledge,62457.76,2026-05-15,APPR009,,True
1102782,ACC00662,Collateral Return,628021.44,2026-05-15,APPR010,APPR014,True
1102783,ACC00143,Wire Out,153848.8,2026-05-18,APPR013,,True
1102784,ACC00405,Collateral Pledge,29450.31,2026-05-18,APPR010,APPR007,True
1102785,ACC00899,Collateral Return,224854.99,2026-05-18,APPR014,APPR005,True
1102786,ACC00229,Collateral Pledge,142543.55,2026-05-18,APPR004,APPR009,True
1102787,ACC00185,Wire In,189493.84,2026-05-18,APPR002,APPR011,True
1102788,ACC00325,Collateral Return,38951.43,2026-05-18,APPR005,APPR011,True
1102789,ACC00495,Collateral Pledge,155359.04,2026-05-18,APPR011,APPR004,True
1102790,ACC00756,Wire In,171540.33,2026-05-18,APPR011,APPR009,True
1102791,ACC00843,Collateral Pledge,48640.71,2026-05-18,APPR010,APPR007,True
1102792,ACC00069,Wire In,46470.87,2026-05-18,APPR001,,True
1102793,ACC00863,Wire In,103311.26,2026-05-18,APPR008,,True
1102794,ACC00088,Collateral Return,23028.14,2026-05-18,APPR012,,True
1102795,ACC00335,Wire Out,309992.34,2026-05-18,APPR012,APPR001,True
1102796,ACC00787,Wire Out,1634872.17,2026-05-18,APPR003,APPR001,True
1102797,ACC00550,Collateral Return,75384.69,2026-05-18,APPR011,APPR007,True
1102798,ACC00618,Wire Out,22615.45,2026-05-19,APPR008,,True
1102799,ACC00566,Wire In,112793.72,2026-05-19,APPR013,APPR003,True
1102800,ACC00556,Wire Out,68516.64,2026-05-19,APPR003,APPR001,True
1102801,ACC00119,Wire In,111096.22,2026-05-19,APPR008,APPR011,True
1102802,ACC00842,Wire In,251375.67,2026-05-19,APPR007,APPR006,True
1102803,ACC00800,Wire In,92195.15,2026-05-19,APPR007,APPR014,True
1102804,ACC00617,Collateral Pledge,1039911.59,2026-05-19,APPR014,APPR010,True
1102805,ACC00753,Collateral Pledge,20783.7,2026-05-19,APPR013,APPR012,True
1102806,ACC00695,Wire Out,48270.58,2026-05-19,APPR004,APPR014,True
1102807,ACC00863,Wire In,765905.53,2026-05-19,APPR005,APPR001,True
1102808,ACC00206,Collateral Pledge,85936.8,2026-05-19,APPR002,APPR013,True
1102809,ACC00081,Wire Out,145000.69,2026-05-19,APPR014,,True
1102810,ACC00700,Wire Out,19397.51,2026-05-20,APPR005,APPR007,True
1102811,ACC00631,Wire Out,686039.8,2026-05-20,APPR013,APPR014,True
1102812,ACC00537,Wire Out,34351.42,2026-05-20,APPR008,,True
1102813,ACC00794,Collateral Return,147168.1,2026-05-20,APPR010,APPR012,True
1102814,ACC00743,Collateral Pledge,436132.2,2026-05-20,APPR006,APPR009,True
1102815,ACC00108,Wire In,472984.54,2026-05-20,APPR014,APPR008,True
1102816,ACC00410,Wire Out,156586.3,2026-05-20,APPR002,,True
1102817,ACC00071,Wire In,50785.91,2026-05-20,APPR008,APPR004,True
1102818,ACC00310,Collateral Pledge,268244.84,2026-05-20,APPR007,APPR009,True
1102819,ACC00580,Wire In,9948.32,2026-05-20,APPR003,APPR014,True
1102820,ACC00684,Collateral Return,67336.49,2026-05-20,APPR005,,True
1102821,ACC00503,Collateral Pledge,13112.58,2026-05-20,APPR010,,True
1102822,ACC00014,Collateral Return,62738.28,2026-05-20,APPR006,APPR003,True
1102823,ACC00412,Wire In,47644.47,2026-05-20,APPR001,,True
1102824,ACC00833,Collateral Pledge,325237.28,2026-05-20,APPR007,APPR009,True
1102825,ACC00691,Wire In,283681.61,2026-05-20,APPR007,APPR003,True
1102826,ACC00341,Collateral Return,120939.71,2026-05-21,APPR001,APPR012,True
1102827,ACC00239,Collateral Return,278181.55,2026-05-21,APPR011,APPR007,True
1102828,ACC00211,Wire Out,18538.96,2026-05-21,APPR007,APPR006,True
1102829,ACC00419,Collateral Return,66323.13,2026-05-21,APPR012,APPR007,True
1102830,ACC00494,Collateral Return,82434.61,2026-05-21,APPR011,,True
1102831,ACC00394,Collateral Pledge,222080.05,2026-05-21,APPR011,APPR005,True
1102832,ACC00818,Wire Out,347664.46,2026-05-21,APPR007,APPR005,True
1102833,ACC00726,Wire In,115681.97,2026-05-21,APPR009,,True
1102834,ACC00313,Wire Out,246462.21,2026-05-21,APPR004,APPR008,True
1102835,ACC00792,Wire In,17997.75,2026-05-21,APPR008,,True
1102836,ACC00691,Wire In,655716.34,2026-05-21,APPR014,APPR013,True
1102837,ACC00443,Collateral Return,43208.39,2026-05-21,APPR008,APPR013,True
1102838,ACC00139,Wire In,65772.43,2026-05-21,APPR004,APPR014,True
1102839,ACC00546,Wire In,32375.18,2026-05-22,APPR004,,True
1102840,ACC00666,Wire Out,164654.5,2026-05-22,APPR008,,True
1102841,ACC00768,Wire In,366307.03,2026-05-22,APPR005,APPR013,True
1102842,ACC00247,Collateral Pledge,37672.9,2026-05-22,APPR006,APPR001,True
1102843,ACC00699,Wire Out,1579613.51,2026-05-22,APPR005,APPR008,True
1102844,ACC00888,Wire Out,101521.47,2026-05-22,APPR005,,True
1102845,ACC00367,Collateral Return,354023.19,2026-05-22,APPR006,APPR008,True
1102846,ACC00589,Collateral Return,29835.78,2026-05-22,APPR008,,False
1102847,ACC00022,Collateral Pledge,329514.65,2026-05-22,APPR001,APPR009,True
1102848,ACC00124,Collateral Return,49239.51,2026-05-25,APPR012,APPR008,True
1102849,ACC00854,Collateral Return,34217.68,2026-05-25,APPR006,,True
1102850,ACC00245,Wire Out,364560.38,2026-05-25,APPR001,APPR014,True
1102851,ACC00189,Wire In,41772.5,2026-05-25,APPR010,,True
1102852,ACC00102,Wire In,919234.06,2026-05-25,APPR008,APPR004,True
1102853,ACC00435,Collateral Return,44235.68,2026-05-25,APPR011,,True
1102854,ACC00098,Wire Out,119197.41,2026-05-25,APPR012,APPR011,True
1102855,ACC00800,Collateral Return,621252.5,2026-05-25,APPR012,APPR007,True
1102856,ACC00452,Wire In,40937.26,2026-05-25,APPR009,,True
1102857,ACC00235,Collateral Return,1577241.25,2026-05-25,APPR014,APPR009,True
1102858,ACC00242,Collateral Pledge,218647.82,2026-05-25,APPR006,,True
1102859,ACC00550,Wire Out,86117.54,2026-05-26,APPR012,,True
1102860,ACC00547,Collateral Pledge,55771.87,2026-05-26,APPR008,,True
1102861,ACC00380,Wire Out,5118.03,2026-05-26,APPR010,,True
1102862,ACC00652,Collateral Pledge,3614532.67,2026-05-26,APPR005,APPR010,True
1102863,ACC00140,Collateral Return,40432.13,2026-05-26,APPR006,,True
1102864,ACC00789,Wire In,157855.47,2026-05-26,APPR001,,True
1102865,ACC00352,Collateral Pledge,650023.94,2026-05-26,APPR012,APPR008,True
1102866,ACC00708,Collateral Pledge,291409.21,2026-05-26,APPR014,APPR011,True
1102867,ACC00038,Collateral Return,12958.54,2026-05-26,APPR006,APPR002,True
1102868,ACC00245,Wire In,51308.55,2026-05-26,APPR014,,True
1102869,ACC00144,Collateral Pledge,93613.42,2026-05-26,APPR005,APPR012,True
1102870,ACC00104,Wire In,1107231.19,2026-05-26,APPR012,APPR013,True
1102871,ACC00590,Collateral Return,118837.0,2026-05-26,APPR005,,True
1102872,ACC00159,Collateral Pledge,84198.22,2026-05-26,APPR009,,True
1102873,ACC00784,Collateral Return,134000.31,2026-05-26,APPR007,,True
1102874,ACC00842,Collateral Pledge,134857.86,2026-05-26,APPR012,APPR011,True
1102875,ACC00708,Wire Out,51065.78,2026-05-26,APPR006,APPR014,True
1102876,ACC00294,Wire In,198069.77,2026-05-27,APPR007,APPR001,True
1102877,ACC00651,Wire Out,440990.8,2026-05-27,APPR012,APPR006,True
1102878,ACC00361,Wire Out,15087.31,2026-05-27,APPR008,,True
1102879,ACC00076,Collateral Pledge,214441.9,2026-05-27,APPR012,,True
1102880,ACC00689,Collateral Pledge,53592.99,2026-05-27,APPR005,APPR002,True
1102881,ACC00744,Wire Out,33136.91,2026-05-27,APPR006,APPR001,True
1102882,ACC00481,Collateral Pledge,668150.73,2026-05-27,APPR012,APPR008,True
1102883,ACC00239,Collateral Pledge,72738.49,2026-05-27,APPR010,,True
1102884,ACC00798,Collateral Return,144946.75,2026-05-27,APPR004,,True
1102885,ACC00087,Wire In,341541.54,2026-05-27,APPR011,APPR008,True
1102886,ACC00773,Wire In,32085.73,2026-05-27,APPR007,APPR004,True
1102887,ACC00370,Collateral Pledge,299251.01,2026-05-27,APPR005,APPR011,True
1102888,ACC00039,Wire In,238883.28,2026-05-27,APPR013,,True
1102889,ACC00195,Wire Out,215697.94,2026-05-27,APPR002,,True
1102890,ACC00667,Wire Out,411662.87,2026-05-27,APPR003,APPR001,True
1102891,ACC00460,Wire In,86085.3,2026-05-28,APPR003,APPR009,True
1102892,ACC00790,Wire In,41066.63,2026-05-28,APPR005,APPR013,True
1102893,ACC00848,Wire Out,27089.75,2026-05-28,APPR006,,True
1102894,ACC00279,Collateral Return,224668.25,2026-05-28,APPR011,APPR012,True
1102895,ACC00190,Collateral Pledge,36583.58,2026-05-28,APPR009,,True
1102896,ACC00204,Wire Out,496077.55,2026-05-28,APPR005,APPR002,True
1102897,ACC00406,Wire In,586296.97,2026-05-28,APPR003,APPR001,True
1102898,ACC00843,Wire Out,3200875.26,2026-05-28,APPR010,APPR008,True
1102899,ACC00716,Collateral Return,510360.54,2026-05-28,APPR006,APPR009,True
1102900,ACC00539,Collateral Pledge,102328.51,2026-05-28,APPR012,APPR014,True
1102901,ACC00534,Wire In,42290.64,2026-05-28,APPR010,,True
1102902,ACC00349,Wire Out,22120.08,2026-05-28,APPR011,,True
1102903,ACC00391,Wire Out,18500.25,2026-05-28,APPR007,,True
1102904,ACC00458,Collateral Pledge,59558.89,2026-05-28,APPR001,,True
1102905,ACC00620,Collateral Pledge,16714.99,2026-05-29,APPR007,APPR008,True
1102906,ACC00048,Wire Out,123946.41,2026-05-29,APPR012,,True
1102907,ACC00158,Collateral Return,146529.44,2026-05-29,APPR010,,True
1102908,ACC00198,Collateral Pledge,58036.7,2026-05-29,APPR001,APPR010,True
1102909,ACC00458,Collateral Return,39654.02,2026-05-29,APPR006,,True
1102910,ACC00536,Collateral Return,48307.99,2026-05-29,APPR002,APPR004,True
1102911,ACC00615,Collateral Pledge,54743.31,2026-05-29,APPR003,APPR005,True
1102912,ACC00876,Wire Out,20575.51,2026-05-29,APPR008,,True
1102913,ACC00895,Collateral Pledge,39879.82,2026-05-29,APPR001,APPR009,True
1102914,ACC00462,Collateral Pledge,43282.2,2026-05-29,APPR005,,True
1102915,ACC00511,Wire Out,140324.69,2026-05-29,APPR001,APPR012,True
1102916,ACC00072,Collateral Return,296147.05,2026-05-29,APPR008,APPR003,True
1102917,ACC00073,Wire In,67228.48,2026-05-29,APPR006,APPR007,True
1102918,ACC00657,Wire Out,31519.28,2026-05-29,APPR005,,True
1102919,ACC00436,Wire Out,193985.5,2026-05-29,APPR002,,True
1102920,ACC00885,Collateral Pledge,367912.61,2026-05-29,APPR014,APPR009,True
1102921,ACC00879,Collateral Pledge,47595.45,2026-05-29,APPR001,,True
1102922,ACC00854,Collateral Return,271642.23,2026-06-01,APPR011,APPR007,True
1102923,ACC00060,Wire In,200277.28,2026-06-01,APPR004,APPR001,True
1102924,ACC00391,Collateral Return,186747.58,2026-06-01,APPR012,,True
1102925,ACC00655,Wire Out,115048.2,2026-06-01,APPR013,,True
1102926,ACC00472,Wire In,13492.68,2026-06-01,APPR005,APPR004,True
1102927,ACC00509,Collateral Return,156134.21,2026-06-02,APPR008,,True
1102928,ACC00354,Collateral Pledge,73700.98,2026-06-02,APPR013,APPR005,True
1102929,ACC00307,Wire Out,105147.62,2026-06-02,APPR003,APPR013,True
1102930,ACC00892,Wire Out,83992.37,2026-06-02,APPR003,,True
1102931,ACC00740,Wire Out,8320.89,2026-06-02,APPR002,,True
1102932,ACC00201,Collateral Return,714001.66,2026-06-02,APPR006,APPR005,True
1102933,ACC00536,Collateral Pledge,762226.83,2026-06-02,APPR013,APPR007,True
1102934,ACC00328,Collateral Return,29619.89,2026-06-02,APPR003,,True
1102935,ACC00020,Wire Out,447287.71,2026-06-02,APPR011,APPR010,True
1102936,ACC00462,Collateral Pledge,482557.39,2026-06-02,APPR012,APPR009,True
1102937,ACC00224,Collateral Return,16124.03,2026-06-02,APPR011,APPR007,True
1102938,ACC00182,Collateral Return,309163.02,2026-06-03,APPR001,,True
1102939,ACC00314,Collateral Return,104109.0,2026-06-03,APPR014,APPR008,True
1102940,ACC00238,Collateral Pledge,25560.02,2026-06-03,APPR003,APPR004,True
1102941,ACC00343,Wire Out,97324.04,2026-06-03,APPR008,APPR014,True
1102942,ACC00218,Collateral Return,1004215.61,2026-06-03,APPR011,APPR001,True
1102943,ACC00312,Wire In,724348.77,2026-06-03,APPR002,APPR012,True
1102944,ACC00393,Wire Out,208237.1,2026-06-03,APPR005,APPR009,True
1102945,ACC00464,Collateral Pledge,92543.0,2026-06-03,APPR005,APPR001,True
1102946,ACC00562,Collateral Return,122604.6,2026-06-03,APPR001,,True
1102947,ACC00596,Wire Out,135505.46,2026-06-03,APPR006,,True
1102948,ACC00590,Collateral Return,66483.77,2026-06-03,APPR004,,True
1102949,ACC00536,Collateral Pledge,466496.19,2026-06-03,APPR006,APPR011,True
1102950,ACC00272,Wire Out,69621.62,2026-06-03,APPR009,,True
1102951,ACC00488,Collateral Pledge,199298.24,2026-06-03,APPR014,APPR006,True
1102952,ACC00648,Wire Out,57138.21,2026-06-03,APPR010,,True
1102953,ACC00011,Wire Out,22432.34,2026-06-03,APPR008,,False
1102954,ACC00425,Collateral Return,184906.36,2026-06-03,APPR010,APPR009,True
1102955,ACC00369,Collateral Return,79027.08,2026-06-03,APPR005,,True
1102956,ACC00727,Collateral Return,249967.78,2026-06-03,APPR006,,True
1102957,ACC00275,Collateral Pledge,210523.64,2026-06-03,APPR008,APPR011,True
1102958,ACC00788,Wire In,50490.12,2026-06-04,APPR010,APPR009,True
1102959,ACC00055,Collateral Return,240579.94,2026-06-04,APPR004,,True
1102960,ACC00594,Wire In,708591.68,2026-06-04,APPR002,APPR013,True
1102961,ACC00370,Collateral Pledge,16424.92,2026-06-04,APPR008,APPR014,True
1102962,ACC00156,Collateral Return,34247.6,2026-06-04,APPR013,,True
1102963,ACC00460,Collateral Pledge,60238.5,2026-06-04,APPR011,APPR005,True
1102964,ACC00030,Wire Out,157054.03,2026-06-04,APPR005,,True
1102965,ACC00720,Collateral Pledge,68296.96,2026-06-04,APPR006,,True
1102966,ACC00581,Collateral Pledge,47005.62,2026-06-04,APPR010,APPR002,True
1102967,ACC00204,Wire In,609942.9,2026-06-04,APPR004,APPR013,True
1102968,ACC00185,Wire In,156739.6,2026-06-04,APPR005,,True
1102969,ACC00150,Wire Out,998035.58,2026-06-04,APPR013,APPR011,True
1102970,ACC00569,Collateral Return,29005.81,2026-06-04,APPR003,APPR007,True
1102971,ACC00268,Collateral Return,428845.0,2026-06-04,APPR007,APPR004,True
1102972,ACC00001,Collateral Pledge,26305.97,2026-06-04,APPR003,APPR012,True
1102973,ACC00219,Collateral Pledge,1146352.91,2026-06-04,APPR014,APPR012,True
1102974,ACC00085,Wire In,150282.73,2026-06-05,APPR008,,True
1102975,ACC00738,Wire Out,352642.49,2026-06-05,APPR001,APPR002,True
1102976,ACC00420,Collateral Pledge,530662.06,2026-06-05,APPR004,APPR012,True
1102977,ACC00201,Wire Out,16015.06,2026-06-05,APPR005,APPR014,True
1102978,ACC00669,Wire Out,634475.7,2026-06-05,APPR012,APPR014,True
1102979,ACC00204,Wire In,191353.69,2026-06-05,APPR009,APPR014,True
1102980,ACC00066,Collateral Pledge,55300.87,2026-06-05,APPR010,APPR004,False
1102981,ACC00831,Collateral Return,438489.11,2026-06-05,APPR012,APPR013,True
1102982,ACC00831,Wire In,175189.52,2026-06-05,APPR005,APPR006,True
1102983,ACC00809,Wire In,267692.4,2026-06-05,APPR006,APPR003,True
1102984,ACC00378,Wire In,128952.78,2026-06-05,APPR013,APPR008,True
1102985,ACC00360,Collateral Pledge,302596.61,2026-06-08,APPR006,APPR005,True
1102986,ACC00467,Wire In,16912.24,2026-06-08,APPR002,APPR009,True
1102987,ACC00190,Wire Out,39675.92,2026-06-08,APPR014,APPR011,True
1102988,ACC00654,Wire In,87457.95,2026-06-08,APPR002,APPR011,True
1102989,ACC00576,Wire Out,74588.41,2026-06-08,APPR009,APPR006,True
1102990,ACC00743,Collateral Pledge,332244.05,2026-06-08,APPR004,APPR007,True
1102991,ACC00414,Collateral Pledge,74188.47,2026-06-08,APPR007,APPR001,True
1102992,ACC00740,Collateral Pledge,81884.53,2026-06-08,APPR008,APPR010,True
1102993,ACC00184,Wire Out,181532.16,2026-06-08,APPR013,APPR006,True
1102994,ACC00473,Collateral Return,24203.62,2026-06-08,APPR007,,True
1102995,ACC00795,Wire Out,1342328.64,2026-06-08,APPR014,APPR001,True
1102996,ACC00513,Wire Out,15360.94,2026-06-08,APPR013,APPR004,True
1102997,ACC00111,Collateral Pledge,137487.88,2026-06-08,APPR001,,True
1102998,ACC00358,Wire Out,21363.82,2026-06-08,APPR004,APPR005,True
1102999,ACC00571,Wire Out,173775.04,2026-06-08,APPR012,APPR005,True
1103000,ACC00428,Wire Out,24240.77,2026-06-08,APPR012,APPR004,True
1103001,ACC00632,Wire In,144449.03,2026-06-08,APPR007,,True
1103002,ACC00520,Wire Out,120582.47,2026-06-08,APPR003,,True
1103003,ACC00164,Wire Out,98653.56,2026-06-09,APPR009,,True
1103004,ACC00638,Collateral Pledge,104602.09,2026-06-09,APPR007,,True
1103005,ACC00846,Wire In,176498.6,2026-06-09,APPR012,APPR014,True
1103006,ACC00001,Collateral Return,89576.36,2026-06-09,APPR011,APPR005,True
1103007,ACC00519,Collateral Pledge,431367.2,2026-06-09,APPR003,APPR006,True
1103008,ACC00699,Collateral Return,624912.36,2026-06-09,APPR012,APPR003,True
1103009,ACC00493,Wire Out,423357.98,2026-06-09,APPR014,APPR004,True
1103010,ACC00662,Wire In,87041.66,2026-06-09,APPR007,,True
1103011,ACC00892,Wire In,165606.29,2026-06-09,APPR005,,True
1103012,ACC00079,Collateral Return,100764.25,2026-06-09,APPR008,APPR002,True
1103013,ACC00361,Wire In,238641.77,2026-06-09,APPR001,APPR010,True
1103014,ACC00250,Collateral Return,164339.69,2026-06-09,APPR010,APPR007,True
1103015,ACC00767,Collateral Pledge,114794.78,2026-06-09,APPR009,APPR002,True
1103016,ACC00243,Wire Out,29702.49,2026-06-09,APPR007,,True
1103017,ACC00306,Collateral Return,382609.52,2026-06-09,APPR006,APPR008,True
1103018,ACC00239,Collateral Pledge,284428.55,2026-06-10,APPR014,APPR004,True
1103019,ACC00206,Wire Out,160240.19,2026-06-10,APPR011,APPR013,True
1103020,ACC00780,Wire In,5260.22,2026-06-10,APPR010,,True
1103021,ACC00167,Wire In,791839.44,2026-06-10,APPR012,APPR009,True
1103022,ACC00731,Collateral Pledge,48323.46,2026-06-10,APPR010,,True
1103023,ACC00077,Collateral Return,19073.65,2026-06-10,APPR005,,False
1103024,ACC00276,Collateral Return,19119.83,2026-06-10,APPR002,APPR010,True
1103025,ACC00025,Wire Out,53616.42,2026-06-10,APPR014,,True
1103026,ACC00546,Collateral Return,73401.32,2026-06-10,APPR009,APPR006,True
1103027,ACC00364,Wire Out,139974.41,2026-06-10,APPR011,,True
1103028,ACC00521,Collateral Return,313356.16,2026-06-10,APPR002,APPR006,True
1103029,ACC00682,Collateral Return,249971.02,2026-06-11,APPR009,APPR014,True
1103030,ACC00572,Collateral Return,104421.08,2026-06-11,APPR006,,True
1103031,ACC00774,Wire In,28485.67,2026-06-11,APPR013,APPR010,True
1103032,ACC00417,Wire In,12853.44,2026-06-11,APPR014,,True
1103033,ACC00766,Collateral Return,24582.72,2026-06-11,APPR007,APPR003,True
1103034,ACC00320,Collateral Pledge,288948.44,2026-06-11,APPR013,APPR005,True
1103035,ACC00090,Wire Out,76304.41,2026-06-11,APPR007,,True
1103036,ACC00273,Wire Out,208396.35,2026-06-11,APPR004,APPR012,True
1103037,ACC00588,Collateral Pledge,32498.61,2026-06-11,APPR012,,True
1103038,ACC00748,Wire Out,851878.86,2026-06-11,APPR013,APPR002,True
1103039,ACC00761,Wire Out,584778.29,2026-06-11,APPR004,APPR006,True
1103040,ACC00445,Collateral Return,61925.66,2026-06-11,APPR004,,True
1103041,ACC00291,Wire In,58096.28,2026-06-11,APPR009,,True
1103042,ACC00258,Collateral Return,62645.42,2026-06-11,APPR002,,True
1103043,ACC00185,Wire Out,505858.01,2026-06-11,APPR006,APPR014,True
1103044,ACC00175,Collateral Return,720226.54,2026-06-11,APPR002,APPR004,True
1103045,ACC00743,Collateral Pledge,29342.73,2026-06-11,APPR011,,True
1103046,ACC00155,Collateral Return,54184.3,2026-06-11,APPR010,,True
1103047,ACC00450,Collateral Pledge,306447.69,2026-06-11,APPR014,APPR001,True
1103048,ACC00671,Collateral Pledge,138457.2,2026-06-11,APPR014,,True
1103049,ACC00399,Wire Out,81907.12,2026-06-11,APPR010,,True
1103050,ACC00577,Collateral Pledge,19507.17,2026-06-12,APPR014,,True
1103051,ACC00068,Collateral Pledge,249810.96,2026-06-12,APPR001,,True
1103052,ACC00046,Wire Out,4315.83,2026-06-12,APPR004,APPR008,True
1103053,ACC00583,Wire In,48802.17,2026-06-12,APPR006,,True
1103054,ACC00395,Collateral Pledge,96259.89,2026-06-12,APPR005,APPR011,True
1103055,ACC00797,Wire Out,32054.14,2026-06-12,APPR004,APPR012,True
1103056,ACC00698,Wire Out,238201.56,2026-06-12,APPR010,APPR013,True
1103057,ACC00158,Wire In,481033.23,2026-06-12,APPR008,APPR014,True
1103058,ACC00293,Wire Out,90410.49,2026-06-12,APPR013,,True
1103059,ACC00460,Collateral Pledge,57805.07,2026-06-12,APPR013,APPR010,True
1103060,ACC00114,Wire Out,124966.49,2026-06-12,APPR011,APPR007,True
1103061,ACC00750,Collateral Pledge,80549.25,2026-06-12,APPR012,,True
1103062,ACC00625,Collateral Pledge,419054.88,2026-06-12,APPR002,APPR012,True
1103063,ACC00710,Collateral Return,35080.31,2026-06-12,APPR012,,True
1103064,ACC00519,Wire In,4262.84,2026-06-15,APPR007,APPR004,True
1103065,ACC00601,Wire In,288980.16,2026-06-15,APPR007,APPR009,True
1103066,ACC00415,Collateral Pledge,118939.86,2026-06-15,APPR010,APPR006,True
1103067,ACC00868,Wire Out,138566.46,2026-06-15,APPR009,,True
1103068,ACC00701,Collateral Pledge,635383.47,2026-06-15,APPR010,APPR011,True
1103069,ACC00707,Collateral Return,92108.65,2026-06-15,APPR009,,True
1103070,ACC00835,Collateral Return,445867.5,2026-06-15,APPR004,APPR012,True
1103071,ACC00570,Wire Out,344907.99,2026-06-15,APPR001,APPR003,True
1103072,ACC00654,Collateral Pledge,411882.06,2026-06-15,APPR007,APPR009,False
1103073,ACC00403,Collateral Return,14383.88,2026-06-15,APPR007,,True
1103074,ACC00630,Wire In,241949.98,2026-06-15,APPR014,APPR010,True
1103075,ACC00795,Collateral Return,439899.33,2026-06-15,APPR009,APPR006,True
1103076,ACC00408,Wire Out,14277.26,2026-06-15,APPR006,,True
1103077,ACC00751,Collateral Return,66516.03,2026-06-15,APPR003,APPR002,True
1103078,ACC00269,Wire In,87545.39,2026-06-15,APPR005,APPR003,True
1103079,ACC00152,Wire Out,144628.42,2026-06-16,APPR007,APPR010,True
1103080,ACC00010,Collateral Pledge,237387.78,2026-06-16,APPR001,,True
1103081,ACC00452,Wire In,112064.81,2026-06-16,APPR009,APPR013,True
1103082,ACC00262,Wire Out,152562.44,2026-06-16,APPR008,APPR004,True
1103083,ACC00631,Wire Out,210939.67,2026-06-16,APPR001,,True
1103084,ACC00040,Wire In,195729.76,2026-06-16,APPR005,APPR012,True
1103085,ACC00082,Wire Out,65977.98,2026-06-16,APPR011,,True
1103086,ACC00353,Collateral Return,88541.2,2026-06-16,APPR005,,True
1103087,ACC00204,Collateral Pledge,252021.19,2026-06-16,APPR010,APPR004,True
1103088,ACC00176,Collateral Pledge,72995.5,2026-06-16,APPR003,APPR001,True
1103089,ACC00459,Wire Out,151256.05,2026-06-16,APPR006,,True
1103090,ACC00036,Wire Out,86194.18,2026-06-16,APPR002,,True
1103091,ACC00790,Wire In,35154.33,2026-06-16,APPR004,,True
1103092,ACC00109,Wire In,8850.08,2026-06-16,APPR010,,True
1103093,ACC00502,Collateral Pledge,70628.8,2026-06-16,APPR005,APPR014,True
1103094,ACC00649,Wire Out,33644.51,2026-06-16,APPR014,,True
1103095,ACC00672,Wire In,218201.49,2026-06-16,APPR014,APPR005,True
1103096,ACC00870,Collateral Return,119488.94,2026-06-16,APPR013,APPR004,True
1103097,ACC00565,Collateral Pledge,40740.01,2026-06-16,APPR006,APPR013,True
1103098,ACC00587,Collateral Return,147309.8,2026-06-16,APPR013,APPR006,True
1103099,ACC00584,Collateral Return,228065.26,2026-06-17,APPR010,,True
1103100,ACC00204,Wire In,178101.39,2026-06-17,APPR010,APPR011,True
1103101,ACC00376,Wire In,523242.38,2026-06-17,APPR002,APPR001,True
1103102,ACC00118,Wire Out,29279.72,2026-06-17,APPR011,APPR006,True
1103103,ACC00118,Wire In,10891.31,2026-06-17,APPR013,,True
1103104,ACC00026,Wire In,102691.67,2026-06-17,APPR004,APPR003,True
1103105,ACC00582,Wire Out,264481.19,2026-06-17,APPR010,APPR013,True
1103106,ACC00894,Wire Out,283789.43,2026-06-17,APPR009,APPR005,True
1103107,ACC00223,Wire Out,807044.65,2026-06-17,APPR014,APPR001,True
1103108,ACC00513,Wire Out,165481.75,2026-06-17,APPR013,APPR009,True
1103109,ACC00715,Collateral Return,151287.83,2026-06-17,APPR014,,True
1103110,ACC00168,Wire In,3562857.07,2026-06-17,APPR010,APPR002,True
1103111,ACC00786,Collateral Return,371952.22,2026-06-17,APPR010,APPR008,True
1103112,ACC00629,Wire Out,34082.62,2026-06-17,APPR010,,True
1103113,ACC00789,Wire In,30983.1,2026-06-17,APPR012,,True
1103114,ACC00831,Wire Out,342205.67,2026-06-17,APPR005,APPR003,True
1103115,ACC00440,Collateral Pledge,395205.22,2026-06-17,APPR004,APPR009,True
1103116,ACC00268,Wire Out,65864.34,2026-06-18,APPR012,,True
1103117,ACC00696,Collateral Return,84814.19,2026-06-18,APPR002,APPR003,True
1103118,ACC00393,Collateral Return,64122.18,2026-06-18,APPR014,APPR007,True
1103119,ACC00758,Collateral Pledge,73742.22,2026-06-18,APPR011,,True
1103120,ACC00125,Wire In,342895.9,2026-06-18,APPR004,APPR002,True
1103121,ACC00539,Collateral Pledge,54589.79,2026-06-18,APPR009,APPR007,True
1103122,ACC00042,Wire Out,229299.96,2026-06-18,APPR013,,True
1103123,ACC00557,Wire Out,918102.33,2026-06-18,APPR005,APPR007,True
1103124,ACC00769,Wire In,168372.71,2026-06-18,APPR004,,True
1103125,ACC00081,Collateral Pledge,15243.05,2026-06-18,APPR006,APPR014,True
1103126,ACC00641,Collateral Return,51846.18,2026-06-18,APPR002,APPR014,True
1103127,ACC00165,Collateral Return,53463.72,2026-06-18,APPR012,,True
1103128,ACC00215,Collateral Return,238092.83,2026-06-18,APPR006,APPR012,True
1103129,ACC00899,Wire Out,40925.68,2026-06-19,APPR012,APPR008,True
1103130,ACC00319,Wire Out,387218.4,2026-06-19,APPR013,,True
1103131,ACC00197,Collateral Pledge,85932.83,2026-06-19,APPR013,APPR010,True
1103132,ACC00699,Wire Out,8121.48,2026-06-19,APPR006,APPR005,True
1103133,ACC00500,Collateral Pledge,721380.89,2026-06-19,APPR014,APPR007,True
1103134,ACC00839,Wire Out,13554.45,2026-06-19,APPR004,APPR003,True
1103135,ACC00392,Wire Out,1725675.1,2026-06-19,APPR002,APPR008,True
1103136,ACC00844,Wire In,230501.2,2026-06-19,APPR005,APPR014,True
1103137,ACC00524,Wire In,144634.44,2026-06-19,APPR004,APPR008,True
1103138,ACC00822,Collateral Return,324909.53,2026-06-19,APPR014,APPR013,True
1103139,ACC00888,Collateral Return,708376.85,2026-06-22,APPR009,APPR004,True
1103140,ACC00413,Wire In,117551.3,2026-06-22,APPR008,APPR014,True
1103141,ACC00606,Wire In,17293.32,2026-06-22,APPR011,,True
1103142,ACC00094,Collateral Return,264433.73,2026-06-22,APPR002,APPR005,True
1103143,ACC00105,Collateral Pledge,999227.0,2026-06-22,APPR009,APPR014,True
1103144,ACC00283,Wire Out,52237.35,2026-06-22,APPR011,,True
1103145,ACC00867,Wire Out,122879.98,2026-06-22,APPR014,APPR009,True
1103146,ACC00248,Wire In,154007.71,2026-06-22,APPR005,,True
1103147,ACC00804,Collateral Pledge,181572.67,2026-06-22,APPR014,,True
1103148,ACC00247,Collateral Pledge,195226.98,2026-06-22,APPR002,APPR012,True
1103149,ACC00213,Collateral Pledge,941533.86,2026-06-22,APPR004,,True
1103150,ACC00095,Collateral Pledge,97259.83,2026-06-22,APPR013,APPR008,True
1103151,ACC00879,Wire Out,17590.1,2026-06-22,APPR002,APPR013,True
1103152,ACC00460,Wire Out,8893.59,2026-06-22,APPR008,APPR004,True
1103153,ACC00389,Collateral Return,88970.64,2026-06-22,APPR013,,True
1103154,ACC00706,Wire In,113144.8,2026-06-22,APPR003,APPR011,True
1103155,ACC00269,Collateral Pledge,78864.9,2026-06-22,APPR003,,True
1103156,ACC00273,Collateral Return,27830.62,2026-06-22,APPR014,,True
1103157,ACC00718,Collateral Return,25816.07,2026-06-22,APPR006,,True
1103158,ACC00661,Collateral Pledge,79848.1,2026-06-22,APPR005,APPR007,True
1103159,ACC00371,Wire Out,167210.01,2026-06-22,APPR006,,True
1103160,ACC00721,Wire Out,186609.31,2026-06-22,APPR006,APPR009,True
1103161,ACC00141,Collateral Return,331858.69,2026-06-23,APPR012,APPR005,True
1103162,ACC00256,Wire Out,358008.09,2026-06-23,APPR010,APPR005,True
1103163,ACC00666,Collateral Pledge,387970.58,2026-06-23,APPR004,APPR010,True
1103164,ACC00436,Collateral Pledge,53741.56,2026-06-23,APPR014,,True
1103165,ACC00641,Collateral Return,89611.14,2026-06-23,APPR013,,True
1103166,ACC00507,Wire In,22787.53,2026-06-23,APPR014,APPR006,True
1103167,ACC00080,Collateral Return,316401.67,2026-06-23,APPR007,APPR012,False
1103168,ACC00571,Wire Out,137532.62,2026-06-23,APPR012,APPR013,True
1103169,ACC00555,Collateral Pledge,456845.7,2026-06-23,APPR013,APPR014,True
1103170,ACC00732,Collateral Return,2382486.61,2026-06-23,APPR007,APPR001,True
1103171,ACC00558,Wire Out,39133.66,2026-06-23,APPR005,APPR003,True
1103172,ACC00095,Wire Out,123611.99,2026-06-23,APPR002,APPR006,True
1103173,ACC00147,Collateral Return,31214.35,2026-06-23,APPR007,,True
1103174,ACC00785,Wire Out,74066.27,2026-06-23,APPR001,APPR012,True
1103175,ACC00626,Collateral Return,77511.62,2026-06-23,APPR004,APPR002,True
1103176,ACC00804,Wire In,396110.73,2026-06-23,APPR002,APPR013,True
1103177,ACC00158,Wire Out,949699.12,2026-06-23,APPR011,APPR009,True
1103178,ACC00363,Wire In,116693.62,2026-06-23,APPR002,APPR007,True
1103179,ACC00589,Wire Out,58057.94,2026-06-23,APPR003,APPR005,True
1103180,ACC00846,Wire Out,32609.14,2026-06-23,APPR013,,True
1103181,ACC00174,Wire Out,159281.21,2026-06-24,APPR005,,True
1103182,ACC00527,Collateral Pledge,2756575.9,2026-06-24,APPR003,APPR010,True
1103183,ACC00029,Wire In,133013.14,2026-06-24,APPR002,,True
1103184,ACC00581,Wire Out,92599.45,2026-06-24,APPR008,APPR009,True
1103185,ACC00334,Wire In,23611.14,2026-06-24,APPR005,APPR001,True
1103186,ACC00068,Wire Out,63606.89,2026-06-24,APPR002,APPR009,True
1103187,ACC00011,Collateral Pledge,52474.03,2026-06-24,APPR014,APPR008,True
1103188,ACC00140,Collateral Return,486054.04,2026-06-24,APPR014,APPR001,True
1103189,ACC00590,Wire Out,80234.25,2026-06-24,APPR004,,True
1103190,ACC00134,Wire In,102105.26,2026-06-24,APPR008,,True
1103191,ACC00165,Collateral Pledge,62540.0,2026-06-24,APPR006,,True
1103192,ACC00587,Collateral Return,238970.93,2026-06-24,APPR007,,True
1103193,ACC00015,Collateral Pledge,54198.79,2026-06-24,APPR006,,True
1103194,ACC00219,Collateral Pledge,251504.71,2026-06-24,APPR007,APPR008,True
1103195,ACC00538,Collateral Return,123023.38,2026-06-25,APPR010,APPR003,True
1103196,ACC00245,Collateral Return,131954.92,2026-06-25,APPR006,,True
1103197,ACC00627,Collateral Return,7854.21,2026-06-25,APPR012,APPR009,True
1103198,ACC00486,Collateral Pledge,152825.33,2026-06-25,APPR010,,True
1103199,ACC00073,Wire Out,110823.26,2026-06-25,APPR002,APPR003,True
1103200,ACC00192,Collateral Return,105539.49,2026-06-25,APPR006,,True
1103201,ACC00084,Wire In,309889.17,2026-06-25,APPR007,APPR013,True
1103202,ACC00384,Wire In,82448.5,2026-06-25,APPR005,,True
1103203,ACC00573,Wire Out,8514.23,2026-06-25,APPR011,APPR010,True
1103204,ACC00653,Wire Out,10269.33,2026-06-25,APPR004,APPR014,True
1103205,ACC00445,Wire Out,229046.58,2026-06-25,APPR005,,True
1103206,ACC00167,Wire Out,31721.19,2026-06-25,APPR012,APPR013,True
1103207,ACC00152,Wire In,1468928.14,2026-06-26,APPR013,APPR007,True
1103208,ACC00517,Collateral Return,218436.32,2026-06-26,APPR005,,True
1103209,ACC00161,Wire Out,440991.57,2026-06-26,APPR014,APPR005,True
1103210,ACC00494,Wire In,27276.97,2026-06-26,APPR001,APPR005,True
1103211,ACC00550,Collateral Pledge,35857.67,2026-06-26,APPR012,,True
1103212,ACC00008,Collateral Return,219263.64,2026-06-26,APPR006,,True
1103213,ACC00347,Wire In,258665.28,2026-06-26,APPR003,APPR002,True
1103214,ACC00535,Collateral Return,69826.31,2026-06-26,APPR004,,True
1103215,ACC00157,Wire In,455520.53,2026-06-26,APPR002,APPR011,True
1103216,ACC00484,Collateral Return,404667.78,2026-06-26,APPR001,APPR006,True
1103217,ACC00102,Wire In,124733.75,2026-06-29,APPR009,,True
1103218,ACC00445,Collateral Pledge,58540.49,2026-06-29,APPR013,APPR006,True
1103219,ACC00296,Wire Out,40692.53,2026-06-29,APPR010,APPR006,True
1103220,ACC00208,Collateral Return,208398.14,2026-06-29,APPR004,,True
1103221,ACC00118,Wire In,40391.46,2026-06-29,APPR006,,True
1103222,ACC00580,Wire In,6782.11,2026-06-29,APPR013,,True
1103223,ACC00684,Wire Out,155578.9,2026-06-29,APPR011,,True
1103224,ACC00395,Wire In,85617.54,2026-06-29,APPR009,APPR011,True
1103225,ACC00816,Collateral Pledge,124792.6,2026-06-29,APPR001,APPR006,True
1103226,ACC00707,Wire In,296394.44,2026-06-29,APPR001,,True
1103227,ACC00104,Collateral Return,9960.27,2026-06-29,APPR010,,True
1103228,ACC00326,Collateral Return,25566.61,2026-06-29,APPR014,,True
1103229,ACC00435,Wire In,1035636.49,2026-06-29,APPR004,APPR013,True
1103230,ACC00117,Wire In,41029.76,2026-06-29,APPR010,,True
1103231,ACC00508,Wire In,113406.9,2026-06-30,APPR014,APPR001,True
1103232,ACC00571,Wire In,30539.38,2026-06-30,APPR008,APPR013,True
1103233,ACC00640,Collateral Return,25950.42,2026-06-30,APPR008,,True
1103234,ACC00048,Wire Out,110353.02,2026-06-30,APPR010,,True
1103235,ACC00241,Collateral Pledge,25361.57,2026-06-30,APPR006,,True
1103236,ACC00221,Wire Out,79119.61,2026-06-30,APPR003,APPR011,True
1103237,ACC00313,Collateral Pledge,80577.26,2026-06-30,APPR010,,True
1103238,ACC00506,Wire Out,65489.01,2026-06-30,APPR013,,True
1103239,ACC00032,Collateral Pledge,79752.01,2026-06-30,APPR003,APPR014,True
1103240,ACC00554,Collateral Pledge,43171.21,2026-06-30,APPR013,APPR001,True
1103241,ACC00721,Collateral Return,38461.82,2026-06-30,APPR005,,True
1103242,ACC00497,Collateral Pledge,50550.69,2026-06-30,APPR004,APPR012,True
1103243,ACC00718,Wire Out,178833.46,2026-06-30,APPR002,,True
1103244,ACC00163,Collateral Pledge,23116.81,2026-06-30,APPR010,,True
1103245,ACC00463,Collateral Pledge,246618.63,2026-06-30,APPR002,APPR001,True
1103246,ACC00629,Wire Out,35613.45,2026-06-30,APPR008,,True
1103247,ACC00647,Wire Out,174802.59,2026-07-01,APPR012,APPR002,True
1103248,ACC00381,Wire In,173688.26,2026-07-01,APPR011,APPR009,True
1103249,ACC00874,Collateral Return,45700.5,2026-07-01,APPR014,,True
1103250,ACC00332,Wire Out,30923.86,2026-07-01,APPR006,,True
1103251,ACC00515,Wire In,217999.63,2026-07-01,APPR002,,True
1103252,ACC00745,Collateral Pledge,181364.08,2026-07-01,APPR002,,True
1103253,ACC00249,Wire In,158558.83,2026-07-01,APPR010,APPR003,True
1103254,ACC00374,Wire In,250590.04,2026-07-01,APPR009,APPR014,True
1103255,ACC00732,Wire In,673985.8,2026-07-01,APPR006,APPR004,True
1103256,ACC00778,Wire Out,198191.61,2026-07-01,APPR014,,True
1103257,ACC00585,Wire Out,373476.5,2026-07-01,APPR013,APPR001,True
1103258,ACC00469,Wire In,144723.64,2026-07-01,APPR007,,True
1103259,ACC00342,Collateral Return,325234.27,2026-07-01,APPR004,APPR001,True
1103260,ACC00238,Wire Out,1141552.65,2026-07-01,APPR009,APPR013,True
1103261,ACC00820,Wire In,176607.74,2026-07-01,APPR001,APPR008,True
1103262,ACC00120,Wire Out,178996.89,2026-07-01,APPR009,APPR012,True
1103263,ACC00161,Collateral Pledge,562493.19,2026-07-01,APPR007,APPR014,True
1103264,ACC00206,Wire Out,63163.45,2026-07-02,APPR001,APPR009,True
1103265,ACC00338,Collateral Pledge,64099.67,2026-07-02,APPR002,APPR001,True
1103266,ACC00632,Collateral Pledge,161229.1,2026-07-02,APPR003,,True
1103267,ACC00576,Collateral Pledge,201752.37,2026-07-02,APPR001,APPR009,True
1103268,ACC00226,Collateral Pledge,207437.03,2026-07-02,APPR005,,True
1103269,ACC00216,Wire In,271811.62,2026-07-02,APPR014,APPR012,True
1103270,ACC00377,Wire In,32802.53,2026-07-02,APPR007,APPR004,True
1103271,ACC00057,Collateral Return,1047367.3,2026-07-02,APPR014,APPR007,True
1103272,ACC00096,Collateral Pledge,66124.89,2026-07-02,APPR011,,True
1103273,ACC00754,Collateral Return,129488.52,2026-07-02,APPR005,,True
1103274,ACC00363,Wire Out,93156.11,2026-07-02,APPR005,APPR001,True
1103275,ACC00526,Wire Out,12527.24,2026-07-02,APPR003,,True
1103276,ACC00643,Wire Out,90204.93,2026-07-02,APPR010,APPR001,True
1103277,ACC00482,Wire Out,40377.65,2026-07-02,APPR004,,True
1103278,ACC00747,Collateral Pledge,76517.73,2026-07-03,APPR012,,True
1103279,ACC00204,Wire In,572053.23,2026-07-03,APPR008,APPR001,True
1103280,ACC00511,Collateral Return,61094.51,2026-07-03,APPR004,APPR009,True
1103281,ACC00535,Collateral Pledge,14630.01,2026-07-03,APPR003,APPR006,True
1103282,ACC00099,Wire Out,55517.66,2026-07-03,APPR007,,True
1103283,ACC00575,Collateral Return,130321.25,2026-07-03,APPR012,APPR001,True
1103284,ACC00319,Collateral Pledge,15564.08,2026-07-03,APPR008,,True
1103285,ACC00601,Wire Out,46200.88,2026-07-03,APPR003,APPR001,True
1103286,ACC00163,Wire In,35230.33,2026-07-03,APPR011,,True
1103287,ACC00789,Wire Out,72952.06,2026-07-03,APPR003,APPR006,True
1103288,ACC00734,Wire Out,70490.25,2026-07-03,APPR010,,True
1103289,ACC00793,Wire In,56453.23,2026-07-03,APPR006,APPR012,True
1103290,ACC00583,Collateral Return,42034.1,2026-07-06,APPR014,,True
1103291,ACC00256,Collateral Pledge,29327.53,2026-07-06,APPR005,APPR004,True
1103292,ACC00674,Wire In,136064.72,2026-07-06,APPR002,APPR009,True
1103293,ACC00073,Wire In,15201.72,2026-07-06,APPR005,,True
1103294,ACC00635,Collateral Pledge,335533.45,2026-07-06,APPR013,APPR001,False
1103295,ACC00136,Collateral Return,826608.51,2026-07-06,APPR010,APPR006,True
1103296,ACC00533,Wire In,49775.74,2026-07-06,APPR009,APPR003,True
1103297,ACC00359,Collateral Return,153797.71,2026-07-06,APPR007,APPR002,True
1103298,ACC00714,Wire Out,398439.4,2026-07-06,APPR001,APPR007,True
1103299,ACC00104,Wire In,110744.48,2026-07-06,APPR009,APPR004,True
1103300,ACC00615,Wire Out,357788.24,2026-07-06,APPR009,APPR001,True
1103301,ACC00144,Wire Out,78042.27,2026-07-06,APPR005,APPR013,True
1103302,ACC00864,Collateral Return,427319.83,2026-07-06,APPR014,APPR012,True
1103303,ACC00661,Collateral Pledge,105336.28,2026-07-06,APPR006,APPR008,True
1103304,ACC00661,Collateral Pledge,579849.4,2026-07-06,APPR007,APPR014,True
1103305,ACC00457,Wire Out,43119.55,2026-07-07,APPR010,,True
1103306,ACC00539,Collateral Pledge,105440.32,2026-07-07,APPR011,,True
1103307,ACC00742,Wire Out,51898.97,2026-07-07,APPR001,APPR004,True
1103308,ACC00397,Collateral Return,275536.95,2026-07-07,APPR002,APPR010,True
1103309,ACC00559,Collateral Return,9944.11,2026-07-07,APPR014,,True
1103310,ACC00212,Collateral Return,463293.96,2026-07-07,APPR007,APPR014,True
1103311,ACC00860,Wire In,297409.62,2026-07-07,APPR010,APPR003,True
1103312,ACC00095,Wire Out,108605.5,2026-07-07,APPR005,,True
1103313,ACC00445,Collateral Pledge,34291.38,2026-07-07,APPR013,APPR005,True
1103314,ACC00037,Wire Out,451742.32,2026-07-07,APPR001,APPR008,True
1103315,ACC00574,Wire Out,23284.22,2026-07-07,APPR007,,True
1103316,ACC00856,Collateral Pledge,283819.17,2026-07-07,APPR002,APPR004,True
1103317,ACC00874,Wire In,305370.04,2026-07-08,APPR002,APPR001,True
1103318,ACC00041,Collateral Pledge,13872.3,2026-07-08,APPR008,APPR006,True
1103319,ACC00201,Wire In,183686.93,2026-07-08,APPR005,APPR002,True
1103320,ACC00585,Wire Out,32616.46,2026-07-08,APPR004,,True
1103321,ACC00206,Collateral Pledge,41111.19,2026-07-08,APPR003,,True
1103322,ACC00020,Collateral Pledge,23419.21,2026-07-08,APPR001,APPR002,True
1103323,ACC00416,Collateral Return,764624.08,2026-07-08,APPR007,APPR010,True
1103324,ACC00305,Wire Out,106219.79,2026-07-08,APPR003,,True
1103325,ACC00721,Wire In,104788.23,2026-07-08,APPR003,APPR004,True
1103326,ACC00350,Wire In,230014.78,2026-07-09,APPR003,APPR009,True
1103327,ACC00124,Collateral Pledge,45055.34,2026-07-09,APPR006,,True
1103328,ACC00595,Collateral Pledge,106943.62,2026-07-09,APPR005,,True
1103329,ACC00725,Wire In,35229.76,2026-07-09,APPR006,APPR004,True
1103330,ACC00899,Wire In,310991.46,2026-07-09,APPR002,APPR004,True
1103331,ACC00007,Wire Out,53243.05,2026-07-09,APPR008,,True
1103332,ACC00212,Wire In,194887.42,2026-07-09,APPR002,APPR012,True
1103333,ACC00741,Collateral Pledge,20156.82,2026-07-09,APPR006,,True
1103334,ACC00898,Wire In,76199.61,2026-07-09,APPR006,,True
1103335,ACC00723,Collateral Return,74053.77,2026-07-09,APPR010,,True
1103336,ACC00501,Collateral Pledge,16207.14,2026-07-09,APPR002,,True
1103337,ACC00319,Collateral Pledge,9207.86,2026-07-09,APPR014,,True
1103338,ACC00567,Wire Out,74822.95,2026-07-09,APPR008,APPR002,True
1103339,ACC00392,Wire Out,557881.87,2026-07-09,APPR007,APPR003,True
1103340,ACC00032,Wire Out,65357.68,2026-07-09,APPR012,APPR003,True
1103341,ACC00696,Wire In,884020.27,2026-07-09,APPR011,APPR010,True
1103342,ACC00425,Collateral Return,151293.3,2026-07-09,APPR014,APPR006,True
1103343,ACC00031,Collateral Return,194031.38,2026-07-09,APPR013,APPR005,True
1103344,ACC00582,Collateral Pledge,28285.2,2026-07-09,APPR003,,True
1103345,ACC00307,Collateral Return,71248.06,2026-07-10,APPR010,,True
1103346,ACC00654,Collateral Return,19350.95,2026-07-10,APPR005,,True
1103347,ACC00787,Wire Out,4511.67,2026-07-10,APPR009,,True
1103348,ACC00656,Collateral Return,117030.58,2026-07-10,APPR007,,True
1103349,ACC00611,Collateral Return,191547.21,2026-07-10,APPR007,APPR012,True
1103350,ACC00665,Wire In,148818.56,2026-07-10,APPR005,,True
1103351,ACC00197,Wire Out,123133.2,2026-07-10,APPR012,,True
1103352,ACC00572,Wire Out,113615.61,2026-07-10,APPR003,APPR001,True
1103353,ACC00106,Collateral Pledge,115420.8,2026-07-10,APPR002,APPR011,True
1103354,ACC00455,Collateral Return,19799.3,2026-07-10,APPR008,APPR006,True
1103355,ACC00061,Collateral Return,257109.86,2026-07-10,APPR012,APPR001,True
1103356,ACC00326,Wire Out,60490.2,2026-07-10,APPR013,,True
1103357,ACC00298,Collateral Return,677538.21,2026-07-10,APPR008,APPR011,True
1103358,ACC00172,Wire In,42194.42,2026-07-10,APPR007,APPR004,True
1103359,ACC00022,Wire Out,366502.92,2026-07-10,APPR005,APPR011,True
1103360,ACC00316,Wire In,116446.6,2026-07-10,APPR002,APPR012,True
1103361,ACC00325,Collateral Pledge,19593.91,2026-07-10,APPR009,,True
1103362,ACC00473,Wire Out,36747.37,2026-07-10,APPR014,,True
1103363,ACC00432,Wire Out,10528.51,2026-07-10,APPR003,APPR011,True
1103364,ACC00111,Collateral Return,278683.35,2026-07-13,APPR001,APPR014,True
1103365,ACC00848,Collateral Pledge,141576.5,2026-07-13,APPR009,,True
1103366,ACC00003,Wire In,15582.33,2026-07-13,APPR001,APPR014,True
1103367,ACC00458,Wire Out,273757.09,2026-07-13,APPR011,APPR010,True
1103368,ACC00760,Collateral Return,136627.31,2026-07-13,APPR010,,True
1103369,ACC00357,Collateral Return,84917.99,2026-07-13,APPR005,,True
1103370,ACC00362,Collateral Pledge,18183.24,2026-07-13,APPR007,,True
1103371,ACC00273,Collateral Return,630619.26,2026-07-13,APPR004,APPR014,True
1103372,ACC00035,Collateral Pledge,58313.28,2026-07-13,APPR009,APPR001,True
1103373,ACC00831,Wire In,108288.26,2026-07-13,APPR005,APPR008,True
1103374,ACC00457,Collateral Return,105204.23,2026-07-13,APPR003,,True
1103375,ACC00251,Collateral Pledge,39763.31,2026-07-14,APPR005,APPR009,True
1103376,ACC00152,Collateral Pledge,103724.94,2026-07-14,APPR003,,True
1103377,ACC00197,Collateral Return,334433.92,2026-07-14,APPR011,APPR006,True
1103378,ACC00053,Collateral Return,419055.14,2026-07-14,APPR014,APPR004,False
1103379,ACC00358,Wire In,54248.34,2026-07-14,APPR013,,True
1103380,ACC00384,Collateral Return,117315.59,2026-07-14,APPR013,,True
1103381,ACC00278,Wire In,44073.87,2026-07-14,APPR006,APPR007,True
1103382,ACC00681,Wire In,144505.23,2026-07-14,APPR013,APPR001,True
1103383,ACC00283,Wire Out,59667.52,2026-07-14,APPR001,APPR008,True
1103384,ACC00861,Collateral Return,94839.81,2026-07-14,APPR011,,True
1103385,ACC00413,Wire In,142622.52,2026-07-14,APPR007,,True
1103386,ACC00743,Wire Out,607844.28,2026-07-14,APPR010,APPR013,True
1103387,ACC00798,Collateral Pledge,63717.22,2026-07-14,APPR012,APPR001,True
1103388,ACC00789,Collateral Pledge,385508.4,2026-07-14,APPR012,APPR008,True
1103389,ACC00848,Wire In,41412.25,2026-07-14,APPR009,APPR010,True
1103390,ACC00096,Wire Out,46422.42,2026-07-14,APPR014,APPR010,True
1103391,ACC00814,Wire Out,185536.67,2026-07-15,APPR003,APPR007,True
1103392,ACC00192,Wire Out,349172.82,2026-07-15,APPR013,APPR001,True
1103393,ACC00604,Wire Out,62824.16,2026-07-15,APPR002,,True
1103394,ACC00296,Wire In,144309.38,2026-07-15,APPR009,,True
1103395,ACC00113,Collateral Pledge,2798921.32,2026-07-15,APPR001,,True
1103396,ACC00756,Collateral Pledge,9855.68,2026-07-15,APPR006,,True
1103397,ACC00040,Collateral Pledge,64039.68,2026-07-15,APPR006,,True
1103398,ACC00256,Collateral Return,98451.03,2026-07-15,APPR001,,True
1103399,ACC00318,Wire Out,26446.57,2026-07-15,APPR007,APPR002,True
1103400,ACC00137,Wire In,35854.65,2026-07-15,APPR007,,True
1103401,ACC00550,Collateral Pledge,314813.9,2026-07-15,APPR013,APPR014,True
1103402,ACC00424,Collateral Return,164386.59,2026-07-15,APPR006,,True
1103403,ACC00753,Collateral Return,122113.59,2026-07-15,APPR010,APPR004,True
1103404,ACC00173,Wire In,37502.71,2026-07-15,APPR013,,True
1103405,ACC00486,Wire In,257312.83,2026-07-15,APPR003,APPR014,True
1103406,ACC00730,Collateral Pledge,1398187.71,2026-07-15,APPR013,APPR012,True
1103407,ACC00102,Collateral Pledge,87491.67,2026-07-15,APPR001,,True
1103408,ACC00169,Wire Out,26705.76,2026-07-15,APPR009,,True
1103409,ACC00833,Wire In,138420.42,2026-07-15,APPR013,,True
1103410,ACC00380,Wire In,53192.51,2026-07-15,APPR014,,True
1103411,ACC00388,Wire In,21209.34,2026-07-15,APPR006,APPR003,True
1103412,ACC00731,Collateral Return,60759.55,2026-07-15,APPR010,APPR013,True
1103413,ACC00542,Wire Out,132584.97,2026-07-15,APPR002,,True
1103414,ACC00156,Wire In,186239.66,2026-07-15,APPR008,,True
1103415,ACC00008,Collateral Pledge,72336.64,2026-07-15,APPR002,,True
1103416,ACC00348,Collateral Return,74257.94,2026-07-15,APPR010,APPR014,True
1103417,ACC00307,Wire In,387633.42,2026-07-16,APPR008,APPR006,True
1103418,ACC00344,Collateral Return,134373.31,2026-07-16,APPR005,,True
1103419,ACC00620,Collateral Pledge,111373.19,2026-07-16,APPR013,,True
1103420,ACC00796,Collateral Return,48973.84,2026-07-16,APPR003,,True
1103421,ACC00356,Wire In,1258565.98,2026-07-16,APPR007,APPR013,True
1103422,ACC00172,Collateral Pledge,58353.5,2026-07-16,APPR012,APPR013,True
1103423,ACC00266,Wire In,55314.95,2026-07-16,APPR002,APPR004,True
1103424,ACC00890,Wire Out,313444.87,2026-07-16,APPR001,,True
1103425,ACC00156,Wire In,37511.31,2026-07-16,APPR013,,True
1103426,ACC00419,Wire Out,46211.68,2026-07-16,APPR002,APPR014,True
1103427,ACC00864,Wire Out,421142.35,2026-07-16,APPR003,APPR007,True
1103428,ACC00446,Collateral Return,56508.96,2026-07-16,APPR003,APPR013,True
1103429,ACC00055,Wire In,94594.82,2026-07-16,APPR010,APPR011,True
1103430,ACC00028,Wire In,201153.69,2026-07-16,APPR006,,True
1103431,ACC00770,Wire In,53612.92,2026-07-16,APPR011,,True
1103432,ACC00126,Wire Out,26500.68,2026-07-17,APPR009,APPR007,True
1103433,ACC00797,Collateral Pledge,177129.24,2026-07-17,APPR003,,True
1103434,ACC00799,Wire Out,51173.08,2026-07-17,APPR006,,True
1103435,ACC00815,Wire In,96420.36,2026-07-17,APPR009,,True
1103436,ACC00032,Wire In,311984.63,2026-07-17,APPR008,APPR006,True
1103437,ACC00721,Wire Out,196266.43,2026-07-17,APPR008,,True
1103438,ACC00494,Collateral Return,116561.74,2026-07-17,APPR005,APPR008,True
1103439,ACC00223,Wire Out,46360.89,2026-07-17,APPR002,APPR011,True
1103440,ACC00245,Collateral Pledge,218233.01,2026-07-17,APPR012,,True
1103441,ACC00100,Collateral Pledge,249864.93,2026-07-17,APPR013,APPR012,True
1103442,ACC00146,Collateral Pledge,41344.73,2026-07-17,APPR008,,True
1103443,ACC00685,Wire In,46537.29,2026-07-17,APPR001,APPR008,True
1103444,ACC00187,Collateral Return,53199.34,2026-07-20,APPR010,,True
1103445,ACC00557,Wire In,126441.2,2026-07-20,APPR010,,True
1103446,ACC00617,Collateral Pledge,285610.79,2026-07-20,APPR004,APPR009,True
1103447,ACC00322,Collateral Return,51231.58,2026-07-20,APPR002,APPR013,True
1103448,ACC00329,Collateral Return,462276.23,2026-07-20,APPR013,APPR010,True
1103449,ACC00129,Wire Out,279008.34,2026-07-20,APPR005,APPR004,True
1103450,ACC00261,Collateral Pledge,58728.22,2026-07-20,APPR010,,True
1103451,ACC00098,Wire In,55343.22,2026-07-20,APPR006,APPR009,True
1103452,ACC00765,Collateral Pledge,24070.25,2026-07-20,APPR012,APPR003,True
1103453,ACC00125,Wire In,19769.57,2026-07-20,APPR010,APPR004,True
1103454,ACC00657,Collateral Return,247214.1,2026-07-20,APPR008,,True
1103455,ACC00128,Collateral Pledge,189378.51,2026-07-20,APPR014,,True
1103456,ACC00743,Collateral Pledge,79363.67,2026-07-20,APPR003,,True
1103457,ACC00216,Collateral Return,183057.53,2026-07-20,APPR003,APPR011,True
1103458,ACC00468,Collateral Pledge,158614.29,2026-07-20,APPR003,,True
1103459,ACC00073,Collateral Return,511620.75,2026-07-21,APPR005,APPR009,True
1103460,ACC00104,Wire Out,53242.32,2026-07-21,APPR007,,True
1103461,ACC00138,Collateral Return,42584.45,2026-07-21,APPR009,,True
1103462,ACC00212,Collateral Return,298969.06,2026-07-21,APPR013,APPR010,True
1103463,ACC00032,Collateral Return,39473.14,2026-07-21,APPR004,APPR011,True
1103464,ACC00889,Collateral Return,51754.65,2026-07-21,APPR009,APPR004,True
1103465,ACC00565,Wire In,121627.54,2026-07-21,APPR005,,True
1103466,ACC00256,Collateral Return,216752.05,2026-07-21,APPR007,APPR006,True
1103467,ACC00666,Collateral Pledge,35287.93,2026-07-21,APPR010,APPR004,True
1103468,ACC00230,Wire Out,14189.68,2026-07-21,APPR004,APPR005,True
1103469,ACC00820,Wire Out,22768.08,2026-07-21,APPR011,APPR010,True
1103470,ACC00898,Wire In,9463.84,2026-07-21,APPR008,,True
1103471,ACC00560,Collateral Return,171047.82,2026-07-22,APPR003,,True
1103472,ACC00018,Wire In,108356.75,2026-07-22,APPR009,APPR007,True
1103473,ACC00061,Collateral Return,33773.7,2026-07-22,APPR001,,True
1103474,ACC00563,Collateral Pledge,318673.8,2026-07-22,APPR012,APPR009,True
1103475,ACC00476,Collateral Return,759189.77,2026-07-22,APPR009,APPR010,True
1103476,ACC00070,Collateral Pledge,453931.5,2026-07-22,APPR013,APPR002,True
1103477,ACC00332,Wire In,63612.24,2026-07-22,APPR003,,True
1103478,ACC00852,Collateral Pledge,709571.1,2026-07-22,APPR001,APPR004,True
1103479,ACC00218,Collateral Pledge,136659.66,2026-07-22,APPR013,APPR009,True
1103480,ACC00204,Wire Out,63268.74,2026-07-23,APPR009,APPR006,True
1103481,ACC00814,Wire Out,16771.5,2026-07-23,APPR001,,True
1103482,ACC00298,Collateral Pledge,229996.15,2026-07-23,APPR010,,True
1103483,ACC00542,Collateral Pledge,15957.34,2026-07-23,APPR007,APPR006,True
1103484,ACC00431,Wire Out,50080.49,2026-07-23,APPR008,,True
1103485,ACC00805,Wire In,483691.39,2026-07-23,APPR004,APPR005,True
1103486,ACC00660,Collateral Pledge,133403.68,2026-07-23,APPR006,,True
1103487,ACC00336,Wire In,10471.08,2026-07-23,APPR002,APPR008,True
1103488,ACC00160,Collateral Return,38955.26,2026-07-23,APPR010,,True
1103489,ACC00061,Wire In,165244.43,2026-07-23,APPR007,,True
1103490,ACC00817,Collateral Return,737987.15,2026-07-23,APPR009,APPR010,True
1103491,ACC00245,Wire Out,42893.73,2026-07-24,APPR007,APPR004,True
1103492,ACC00198,Collateral Return,4721502.71,2026-07-24,APPR006,APPR009,True
1103493,ACC00679,Wire Out,154842.27,2026-07-24,APPR011,,True
1103494,ACC00001,Wire In,10440.15,2026-07-24,APPR001,,True
1103495,ACC00860,Collateral Pledge,110352.96,2026-07-24,APPR005,APPR002,True
1103496,ACC00441,Collateral Pledge,209009.4,2026-07-24,APPR012,APPR006,True
1103497,ACC00066,Collateral Return,86019.01,2026-07-24,APPR014,,True
1103498,ACC00001,Wire Out,1445889.0,2026-07-24,APPR007,APPR011,True
1103499,ACC00886,Collateral Return,158238.03,2026-07-24,APPR011,APPR006,True
1103500,ACC00273,Wire Out,130510.51,2026-07-24,APPR005,APPR003,False
1103501,ACC00796,Collateral Return,64186.48,2026-07-24,APPR013,,True
1103502,ACC00835,Collateral Return,46319.48,2026-07-24,APPR004,,True
1103503,ACC00157,Collateral Pledge,553138.21,2026-07-24,APPR009,APPR006,True
1103504,ACC00528,Wire In,493329.89,2026-07-24,APPR001,APPR014,True
1103505,ACC00486,Wire Out,55659.95,2026-07-27,APPR006,,True
1103506,ACC00301,Wire Out,62178.96,2026-07-27,APPR007,APPR003,True
1103507,ACC00727,Wire Out,61264.48,2026-07-27,APPR002,APPR006,True
1103508,ACC00512,Collateral Pledge,408741.62,2026-07-27,APPR002,APPR014,True
1103509,ACC00764,Wire In,38550.05,2026-07-27,APPR003,APPR010,True
1103510,ACC00890,Collateral Return,147449.88,2026-07-27,APPR008,,True
1103511,ACC00589,Collateral Pledge,35117.3,2026-07-27,APPR004,,True
1103512,ACC00565,Collateral Pledge,65524.72,2026-07-27,APPR008,APPR001,True
1103513,ACC00359,Wire In,21230.87,2026-07-27,APPR013,APPR005,True
1103514,ACC00550,Collateral Pledge,24535.92,2026-07-27,APPR014,APPR004,True
1103515,ACC00435,Collateral Return,195187.39,2026-07-27,APPR012,,True
1103516,ACC00582,Collateral Pledge,333835.84,2026-07-27,APPR001,APPR014,True
1103517,ACC00623,Wire In,147113.44,2026-07-27,APPR011,,True
1103518,ACC00241,Wire In,601521.34,2026-07-27,APPR011,APPR003,True
1103519,ACC00850,Collateral Pledge,389048.85,2026-07-27,APPR007,APPR003,True
1103520,ACC00186,Collateral Return,57454.8,2026-07-27,APPR014,APPR010,True
1103521,ACC00517,Collateral Pledge,218370.99,2026-07-27,APPR007,,True
1103522,ACC00068,Wire Out,530723.21,2026-07-27,APPR008,APPR005,True
1103523,ACC00408,Wire Out,51823.69,2026-07-27,APPR001,APPR012,True
1103524,ACC00663,Wire Out,350248.63,2026-07-27,APPR002,APPR010,True
1103525,ACC00376,Collateral Pledge,26885.35,2026-07-28,APPR009,APPR008,True
1103526,ACC00396,Collateral Pledge,20724.0,2026-07-28,APPR014,APPR005,True
1103527,ACC00122,Wire Out,184519.15,2026-07-28,APPR010,APPR007,True
1103528,ACC00571,Wire In,34371.28,2026-07-28,APPR003,,True
1103529,ACC00216,Collateral Pledge,68342.85,2026-07-28,APPR009,,True
1103530,ACC00236,Collateral Pledge,16644.44,2026-07-28,APPR010,APPR003,True
1103531,ACC00209,Wire In,226829.99,2026-07-28,APPR013,,True
1103532,ACC00163,Collateral Pledge,65152.21,2026-07-28,APPR004,,True
1103533,ACC00280,Wire In,22316.71,2026-07-29,APPR006,,True
1103534,ACC00060,Collateral Return,72608.88,2026-07-29,APPR010,APPR006,True
1103535,ACC00281,Wire In,260433.3,2026-07-29,APPR010,APPR005,True
1103536,ACC00733,Collateral Return,299649.12,2026-07-29,APPR011,APPR014,True
1103537,ACC00345,Wire In,417761.86,2026-07-29,APPR014,APPR011,True
1103538,ACC00281,Wire Out,198070.57,2026-07-29,APPR014,APPR013,True
1103539,ACC00805,Wire In,345493.77,2026-07-29,APPR005,APPR006,True
1103540,ACC00132,Wire Out,35242.43,2026-07-29,APPR009,APPR003,True
1103541,ACC00770,Wire Out,829509.74,2026-07-29,APPR008,APPR013,True
1103542,ACC00137,Wire Out,449261.34,2026-07-29,APPR007,APPR013,True
1103543,ACC00405,Collateral Pledge,17620.91,2026-07-29,APPR011,,True
1103544,ACC00152,Wire Out,73516.16,2026-07-29,APPR001,APPR010,True
1103545,ACC00892,Collateral Pledge,154431.77,2026-07-29,APPR011,,True
1103546,ACC00448,Collateral Pledge,34045.19,2026-07-29,APPR007,APPR002,True
1103547,ACC00021,Wire Out,131666.48,2026-07-30,APPR004,APPR007,True
1103548,ACC00442,Wire Out,85516.55,2026-07-30,APPR010,APPR006,True
1103549,ACC00128,Wire Out,363072.3,2026-07-30,APPR011,APPR007,True
1103550,ACC00102,Wire In,302183.71,2026-07-30,APPR008,APPR011,True
1103551,ACC00186,Collateral Return,175870.18,2026-07-30,APPR004,,True
1103552,ACC00705,Wire In,421583.56,2026-07-30,APPR014,,True
1103553,ACC00106,Wire In,21182.44,2026-07-30,APPR006,APPR009,True
1103554,ACC00385,Collateral Return,62694.84,2026-07-30,APPR004,,True
1103555,ACC00071,Collateral Pledge,607888.55,2026-07-30,APPR007,APPR014,True
1103556,ACC00057,Wire In,193608.64,2026-07-30,APPR005,APPR002,True
1103557,ACC00474,Wire In,265656.63,2026-07-30,APPR009,APPR006,True
1103558,ACC00879,Wire Out,190726.73,2026-07-30,APPR014,,True
1103559,ACC00205,Wire Out,17565.59,2026-07-30,APPR001,APPR009,True
1103560,ACC00336,Wire In,26165.92,2026-07-30,APPR003,,True
1103561,ACC00616,Collateral Return,334079.19,2026-07-30,APPR004,APPR002,True
1103562,ACC00224,Wire In,141792.59,2026-07-30,APPR011,,True
1103563,ACC00224,Collateral Pledge,25803.06,2026-07-30,APPR008,APPR006,True
1103564,ACC00630,Wire In,141746.13,2026-07-30,APPR005,,True
1103565,ACC00860,Wire In,95803.25,2026-07-30,APPR014,,True
1103566,ACC00888,Collateral Pledge,142778.88,2026-07-30,APPR007,,True
1103567,ACC00281,Wire Out,407208.22,2026-07-31,APPR010,APPR002,True
1103568,ACC00089,Collateral Pledge,213487.51,2026-07-31,APPR011,,True
1103569,ACC00378,Collateral Return,25008.74,2026-07-31,APPR002,APPR004,True
1103570,ACC00179,Collateral Pledge,164495.1,2026-07-31,APPR013,APPR011,True
1103571,ACC00508,Wire Out,21361.03,2026-07-31,APPR001,APPR010,True
1103572,ACC00404,Collateral Return,177376.01,2026-07-31,APPR004,APPR013,True
1103573,ACC00780,Collateral Pledge,122292.44,2026-07-31,APPR003,,True
1103574,ACC00575,Wire Out,171103.67,2026-07-31,APPR009,,True
1103575,ACC00575,Wire In,268698.62,2026-07-31,APPR012,APPR007,True
1103576,ACC00018,Collateral Return,55485.17,2026-07-31,APPR013,APPR010,True
1103577,ACC00587,Wire In,549445.98,2026-07-31,APPR004,APPR001,True
1103578,ACC00896,Wire In,19592.9,2026-07-31,APPR006,,True
1103579,ACC00181,Collateral Return,26138.66,2026-07-31,APPR002,,True
1103580,ACC00020,Collateral Return,419483.24,2026-07-31,APPR002,APPR001,True
1103581,ACC00621,Wire In,13104.82,2026-08-03,APPR008,,True
1103582,ACC00344,Wire In,100743.07,2026-08-03,APPR001,APPR012,True
1103583,ACC00322,Wire Out,573252.08,2026-08-03,APPR002,APPR012,True
1103584,ACC00529,Wire Out,218078.72,2026-08-03,APPR011,APPR010,True
1103585,ACC00452,Collateral Return,67703.02,2026-08-03,APPR001,APPR008,True
1103586,ACC00119,Collateral Return,23050.82,2026-08-03,APPR012,APPR007,True
1103587,ACC00253,Wire Out,286261.7,2026-08-03,APPR001,,True
1103588,ACC00136,Wire Out,210050.54,2026-08-03,APPR013,APPR001,True
1103589,ACC00309,Collateral Pledge,160548.69,2026-08-03,APPR005,APPR012,True
1103590,ACC00574,Wire In,185678.71,2026-08-03,APPR012,,True
1103591,ACC00853,Wire Out,88194.33,2026-08-03,APPR005,,True
1103592,ACC00750,Wire Out,417550.99,2026-08-03,APPR011,APPR008,True
1103593,ACC00884,Collateral Pledge,91125.89,2026-08-03,APPR008,APPR012,True
1103594,ACC00184,Wire In,375497.12,2026-08-04,APPR014,APPR009,True
1103595,ACC00406,Wire In,180093.84,2026-08-04,APPR004,APPR012,True
1103596,ACC00574,Wire Out,273949.56,2026-08-04,APPR011,APPR010,True
1103597,ACC00605,Collateral Pledge,115061.71,2026-08-04,APPR002,APPR013,True
1103598,ACC00603,Wire In,266204.9,2026-08-04,APPR013,,True
1103599,ACC00051,Collateral Return,46781.28,2026-08-05,APPR010,,True
1103600,ACC00022,Collateral Return,404020.06,2026-08-05,APPR001,APPR008,True
1103601,ACC00183,Collateral Return,10475.05,2026-08-05,APPR011,,True
1103602,ACC00862,Wire In,32477.17,2026-08-05,APPR014,APPR004,True
1103603,ACC00155,Wire In,212849.38,2026-08-05,APPR009,,True
1103604,ACC00452,Collateral Return,74886.88,2026-08-05,APPR014,APPR005,True
1103605,ACC00866,Collateral Return,31446.54,2026-08-05,APPR007,APPR004,True
1103606,ACC00779,Wire In,61430.57,2026-08-05,APPR012,,True
1103607,ACC00736,Collateral Return,382829.9,2026-08-05,APPR003,APPR012,True
1103608,ACC00309,Wire Out,420139.75,2026-08-05,APPR005,APPR014,True
1103609,ACC00813,Wire In,105398.31,2026-08-06,APPR001,APPR003,True
1103610,ACC00284,Collateral Return,14129.45,2026-08-06,APPR001,,True
1103611,ACC00269,Wire Out,44728.07,2026-08-06,APPR013,APPR014,True
1103612,ACC00842,Wire In,44697.75,2026-08-06,APPR013,APPR006,True
1103613,ACC00220,Collateral Pledge,200892.52,2026-08-06,APPR012,APPR005,True
1103614,ACC00355,Collateral Pledge,24406.77,2026-08-06,APPR005,,True
1103615,ACC00696,Wire In,71193.24,2026-08-06,APPR014,,True
1103616,ACC00126,Collateral Return,39147.58,2026-08-06,APPR006,,True
1103617,ACC00759,Collateral Pledge,494506.52,2026-08-06,APPR013,APPR004,True
1103618,ACC00839,Wire In,23434.68,2026-08-06,APPR010,,True
1103619,ACC00252,Wire Out,184922.12,2026-08-06,APPR002,,True
1103620,ACC00401,Wire Out,39786.04,2026-08-07,APPR006,,True
1103621,ACC00781,Collateral Return,29044.76,2026-08-07,APPR007,,True
1103622,ACC00540,Wire In,484946.24,2026-08-07,APPR006,APPR003,True
1103623,ACC00560,Collateral Return,208158.57,2026-08-07,APPR003,APPR011,True
1103624,ACC00659,Wire Out,106188.86,2026-08-07,APPR006,APPR007,True
1103625,ACC00327,Wire Out,828374.74,2026-08-07,APPR008,APPR005,True
1103626,ACC00063,Collateral Pledge,137130.77,2026-08-07,APPR002,,True
1103627,ACC00029,Wire Out,114925.55,2026-08-07,APPR009,,True
1103628,ACC00023,Collateral Pledge,72695.03,2026-08-07,APPR007,,True
1103629,ACC00499,Wire In,149671.3,2026-08-07,APPR014,APPR007,True
1103630,ACC00622,Collateral Return,245110.35,2026-08-07,APPR006,APPR004,True
1103631,ACC00014,Collateral Return,40509.0,2026-08-07,APPR012,,True
1103632,ACC00858,Wire Out,23820.83,2026-08-07,APPR013,APPR001,False
1103633,ACC00338,Collateral Pledge,153016.95,2026-08-07,APPR010,,True
1103634,ACC00024,Wire In,53473.86,2026-08-07,APPR013,APPR008,True
1103635,ACC00667,Wire Out,80071.85,2026-08-07,APPR006,,True
1103636,ACC00592,Wire Out,35725.61,2026-08-10,APPR010,APPR008,True
1103637,ACC00671,Wire Out,14043.06,2026-08-10,APPR005,APPR007,True
1103638,ACC00487,Wire In,101966.96,2026-08-10,APPR008,,True
1103639,ACC00445,Collateral Pledge,117623.55,2026-08-10,APPR002,APPR003,True
1103640,ACC00450,Wire In,42813.38,2026-08-10,APPR007,,True
1103641,ACC00279,Wire In,579694.28,2026-08-10,APPR011,APPR010,True
1103642,ACC00330,Collateral Pledge,355348.16,2026-08-10,APPR012,APPR013,True
1103643,ACC00700,Collateral Return,170894.54,2026-08-10,APPR002,APPR005,True
1103644,ACC00397,Wire Out,38504.03,2026-08-10,APPR008,APPR003,True
1103645,ACC00639,Wire Out,84903.29,2026-08-10,APPR012,,True
1103646,ACC00208,Wire Out,114441.74,2026-08-10,APPR003,,True
1103647,ACC00389,Collateral Return,94488.71,2026-08-10,APPR004,APPR006,True
1103648,ACC00477,Collateral Return,554633.8,2026-08-10,APPR005,APPR001,True
1103649,ACC00090,Collateral Pledge,93113.09,2026-08-10,APPR001,,True
1103650,ACC00449,Collateral Return,128015.08,2026-08-10,APPR014,,True
1103651,ACC00169,Wire In,112610.64,2026-08-10,APPR012,APPR005,True
1103652,ACC00405,Collateral Return,74179.88,2026-08-10,APPR005,,True
1103653,ACC00763,Collateral Return,128703.09,2026-08-11,APPR002,,True
1103654,ACC00360,Collateral Return,180494.04,2026-08-11,APPR002,APPR010,True
1103655,ACC00815,Wire Out,292311.46,2026-08-11,APPR002,APPR007,True
1103656,ACC00694,Collateral Pledge,108118.5,2026-08-11,APPR001,APPR007,True
1103657,ACC00275,Wire Out,1445931.38,2026-08-11,APPR004,APPR014,True
1103658,ACC00240,Wire Out,26098.4,2026-08-11,APPR005,APPR004,True
1103659,ACC00308,Wire Out,254340.35,2026-08-11,APPR009,APPR014,True
1103660,ACC00615,Collateral Return,87669.39,2026-08-11,APPR010,APPR002,True
1103661,ACC00513,Wire Out,102526.35,2026-08-11,APPR006,,True
1103662,ACC00172,Wire In,118239.55,2026-08-11,APPR013,APPR010,True
1103663,ACC00630,Collateral Pledge,51402.83,2026-08-11,APPR004,,True
1103664,ACC00582,Collateral Pledge,42268.91,2026-08-11,APPR014,APPR005,True
1103665,ACC00649,Collateral Pledge,84189.94,2026-08-11,APPR006,,True
1103666,ACC00741,Wire In,216877.84,2026-08-11,APPR008,APPR014,True
1103667,ACC00026,Collateral Pledge,103382.06,2026-08-11,APPR014,APPR012,True
1103668,ACC00402,Collateral Pledge,69390.09,2026-08-11,APPR011,,True
1103669,ACC00800,Collateral Pledge,58061.66,2026-08-12,APPR010,APPR012,True
1103670,ACC00570,Collateral Pledge,51216.53,2026-08-12,APPR007,APPR001,True
1103671,ACC00600,Wire In,14568.05,2026-08-12,APPR010,,True
1103672,ACC00117,Collateral Pledge,300181.26,2026-08-12,APPR007,APPR009,True
1103673,ACC00278,Wire Out,417929.4,2026-08-12,APPR011,,True
1103674,ACC00067,Collateral Return,77034.83,2026-08-12,APPR011,APPR004,True
1103675,ACC00392,Wire Out,28937.32,2026-08-12,APPR012,APPR005,True
1103676,ACC00863,Wire Out,102469.01,2026-08-12,APPR009,APPR012,True
1103677,ACC00882,Collateral Pledge,29204.99,2026-08-12,APPR003,,True
1103678,ACC00141,Collateral Pledge,84507.38,2026-08-12,APPR004,APPR006,True
1103679,ACC00739,Wire Out,488575.56,2026-08-12,APPR004,APPR009,True
1103680,ACC00413,Wire In,155100.94,2026-08-12,APPR012,,True
1103681,ACC00070,Wire Out,104849.47,2026-08-12,APPR007,,True
1103682,ACC00536,Wire In,144293.4,2026-08-12,APPR013,APPR004,True
1103683,ACC00659,Collateral Pledge,31220.07,2026-08-13,APPR004,APPR012,True
1103684,ACC00657,Collateral Pledge,281397.99,2026-08-13,APPR001,APPR012,True
1103685,ACC00165,Wire Out,31578.31,2026-08-13,APPR009,APPR003,True
1103686,ACC00104,Collateral Pledge,387425.75,2026-08-13,APPR008,APPR004,True
1103687,ACC00101,Collateral Pledge,99229.92,2026-08-13,APPR002,APPR001,True
1103688,ACC00420,Collateral Return,409329.9,2026-08-13,APPR007,APPR006,True
1103689,ACC00011,Wire Out,136274.9,2026-08-13,APPR002,APPR001,True
1103690,ACC00289,Collateral Return,71202.16,2026-08-13,APPR003,,True
1103691,ACC00674,Wire Out,9361.39,2026-08-13,APPR010,,True
1103692,ACC00395,Wire Out,92331.33,2026-08-13,APPR011,APPR002,True
1103693,ACC00210,Wire In,430217.99,2026-08-13,APPR007,APPR008,True
1103694,ACC00226,Wire In,194827.09,2026-08-13,APPR009,,True
1103695,ACC00418,Wire Out,18132.85,2026-08-13,APPR013,APPR010,True
1103696,ACC00773,Collateral Return,11912.48,2026-08-13,APPR004,APPR001,True
1103697,ACC00840,Collateral Return,922828.93,2026-08-13,APPR014,APPR005,True
1103698,ACC00349,Collateral Return,67279.62,2026-08-13,APPR007,,True
1103699,ACC00005,Wire Out,36971.64,2026-08-14,APPR014,,True
1103700,ACC00676,Wire In,282361.58,2026-08-14,APPR006,APPR001,True
1103701,ACC00803,Collateral Return,118968.8,2026-08-14,APPR011,,True
1103702,ACC00018,Wire Out,172941.03,2026-08-14,APPR008,APPR014,True
1103703,ACC00817,Collateral Pledge,118996.31,2026-08-14,APPR014,,True
1103704,ACC00578,Wire In,64594.73,2026-08-14,APPR008,APPR009,False
1103705,ACC00829,Collateral Return,34750.2,2026-08-14,APPR002,APPR009,True
1103706,ACC00031,Collateral Return,25033.97,2026-08-14,APPR003,APPR008,True
1103707,ACC00068,Wire In,178567.37,2026-08-14,APPR004,APPR006,True
1103708,ACC00164,Wire Out,51449.26,2026-08-14,APPR003,,True
1103709,ACC00453,Wire Out,26952.82,2026-08-14,APPR010,,True
1103710,ACC00452,Wire In,20369.99,2026-08-17,APPR005,APPR002,True
1103711,ACC00341,Collateral Return,516191.78,2026-08-17,APPR004,APPR014,True
1103712,ACC00457,Collateral Return,80527.24,2026-08-17,APPR003,APPR012,True
1103713,ACC00839,Collateral Pledge,765100.89,2026-08-17,APPR007,APPR005,True
1103714,ACC00828,Wire In,101768.6,2026-08-17,APPR011,,True
1103715,ACC00542,Wire Out,252964.11,2026-08-17,APPR010,,True
1103716,ACC00055,Collateral Return,29471.88,2026-08-17,APPR002,APPR007,True
1103717,ACC00492,Collateral Return,85999.51,2026-08-17,APPR013,,True
1103718,ACC00037,Collateral Pledge,71603.13,2026-08-17,APPR013,APPR001,True
1103719,ACC00705,Wire Out,137638.05,2026-08-17,APPR003,,True
1103720,ACC00314,Collateral Pledge,182677.82,2026-08-17,APPR003,,True
1103721,ACC00017,Wire In,162430.7,2026-08-17,APPR002,,True
1103722,ACC00229,Collateral Pledge,78979.91,2026-08-17,APPR010,,True
1103723,ACC00892,Wire In,226993.66,2026-08-17,APPR012,,True
1103724,ACC00014,Wire In,189558.66,2026-08-17,APPR008,APPR003,True
1103725,ACC00487,Collateral Return,46227.09,2026-08-17,APPR011,,False
1103726,ACC00294,Collateral Return,154870.71,2026-08-17,APPR008,,True
1103727,ACC00865,Collateral Pledge,49766.13,2026-08-17,APPR008,,True
1103728,ACC00007,Collateral Return,258905.15,2026-08-18,APPR002,APPR012,True
1103729,ACC00728,Wire Out,3647.61,2026-08-18,APPR003,,True
1103730,ACC00400,Wire Out,299120.38,2026-08-18,APPR009,APPR008,True
1103731,ACC00370,Wire In,111464.72,2026-08-18,APPR004,,True
1103732,ACC00006,Wire In,256833.27,2026-08-18,APPR014,APPR007,True
1103733,ACC00319,Collateral Pledge,160277.68,2026-08-18,APPR011,APPR010,True
1103734,ACC00117,Collateral Return,49398.31,2026-08-18,APPR011,APPR009,True
1103735,ACC00652,Collateral Pledge,226450.78,2026-08-19,APPR009,APPR008,True
1103736,ACC00148,Wire In,35919.47,2026-08-19,APPR001,APPR014,True
1103737,ACC00657,Collateral Pledge,67944.16,2026-08-19,APPR011,APPR003,True
1103738,ACC00115,Wire Out,71060.44,2026-08-19,APPR008,,True
1103739,ACC00176,Collateral Pledge,97462.61,2026-08-19,APPR014,,True
1103740,ACC00707,Wire Out,6494.71,2026-08-19,APPR009,APPR008,True
1103741,ACC00687,Wire Out,16249.96,2026-08-19,APPR004,APPR005,True
1103742,ACC00532,Collateral Return,12727.45,2026-08-19,APPR006,,True
1103743,ACC00847,Collateral Return,31913.18,2026-08-19,APPR010,APPR011,True
1103744,ACC00551,Wire In,19543.39,2026-08-19,APPR001,APPR005,True
1103745,ACC00284,Wire Out,497963.27,2026-08-19,APPR014,APPR001,True
1103746,ACC00768,Wire Out,133687.78,2026-08-19,APPR010,,True
1103747,ACC00557,Wire Out,79653.95,2026-08-19,APPR003,,True
1103748,ACC00853,Collateral Return,71661.12,2026-08-19,APPR012,,True
1103749,ACC00892,Wire Out,260986.88,2026-08-20,APPR003,APPR008,True
1103750,ACC00236,Wire Out,244615.51,2026-08-20,APPR003,,True
1103751,ACC00427,Wire Out,200299.21,2026-08-20,APPR004,,True
1103752,ACC00854,Wire In,610666.29,2026-08-20,APPR009,APPR010,True
1103753,ACC00249,Collateral Return,58247.06,2026-08-20,APPR003,,True
1103754,ACC00463,Collateral Return,13035.0,2026-08-20,APPR012,APPR005,True
1103755,ACC00623,Wire In,186108.56,2026-08-20,APPR004,,True
1103756,ACC00390,Collateral Pledge,179424.84,2026-08-20,APPR013,,True
1103757,ACC00026,Collateral Return,29184.92,2026-08-20,APPR001,APPR014,True
1103758,ACC00161,Wire Out,324989.08,2026-08-21,APPR006,APPR004,True
1103759,ACC00871,Wire Out,31540.66,2026-08-21,APPR003,,True
1103760,ACC00361,Collateral Pledge,38452.44,2026-08-21,APPR013,,True
1103761,ACC00135,Wire Out,225688.43,2026-08-21,APPR006,APPR012,True
1103762,ACC00433,Wire Out,74883.01,2026-08-21,APPR004,,True
1103763,ACC00190,Collateral Pledge,107781.96,2026-08-21,APPR012,APPR005,True
1103764,ACC00725,Collateral Return,424020.33,2026-08-21,APPR008,APPR003,True
1103765,ACC00236,Collateral Return,42761.69,2026-08-21,APPR011,,True
1103766,ACC00058,Wire In,31612.52,2026-08-21,APPR004,,True
1103767,ACC00520,Collateral Return,34360.88,2026-08-21,APPR009,,True
1103768,ACC00190,Collateral Return,25140.71,2026-08-21,APPR012,,True
1103769,ACC00648,Wire In,256998.48,2026-08-21,APPR011,APPR004,True
1103770,ACC00367,Collateral Return,17031.58,2026-08-21,APPR013,,True
1103771,ACC00207,Collateral Return,49784.98,2026-08-21,APPR011,,True
1103772,ACC00767,Collateral Pledge,18342.28,2026-08-24,APPR013,,True
1103773,ACC00244,Wire Out,220802.66,2026-08-24,APPR013,,True
1103774,ACC00828,Wire Out,75382.49,2026-08-24,APPR010,APPR008,True
1103775,ACC00414,Wire Out,30794.1,2026-08-24,APPR013,APPR008,True
1103776,ACC00323,Wire In,20045.82,2026-08-24,APPR001,APPR008,True
1103777,ACC00024,Wire In,35403.16,2026-08-24,APPR005,APPR001,True
1103778,ACC00785,Collateral Pledge,318966.91,2026-08-24,APPR008,APPR010,True
1103779,ACC00472,Wire Out,46411.91,2026-08-24,APPR006,APPR007,True
1103780,ACC00124,Collateral Return,1659794.24,2026-08-24,APPR009,APPR003,True
1103781,ACC00260,Collateral Pledge,196718.97,2026-08-24,APPR012,,True
1103782,ACC00082,Collateral Return,30184.33,2026-08-24,APPR001,,True
1103783,ACC00278,Collateral Pledge,54162.78,2026-08-24,APPR008,,True
1103784,ACC00716,Wire Out,47678.15,2026-08-24,APPR004,APPR008,True
1103785,ACC00836,Collateral Pledge,5106.11,2026-08-24,APPR007,,True
1103786,ACC00782,Collateral Pledge,18199.95,2026-08-24,APPR009,,True
1103787,ACC00462,Wire Out,360914.82,2026-08-25,APPR003,,True
1103788,ACC00767,Collateral Pledge,499930.07,2026-08-25,APPR009,APPR012,True
1103789,ACC00499,Collateral Return,244628.06,2026-08-25,APPR008,,True
1103790,ACC00306,Wire Out,247347.44,2026-08-25,APPR013,APPR014,True
1103791,ACC00106,Collateral Pledge,403938.73,2026-08-25,APPR004,APPR005,True
1103792,ACC00144,Wire Out,45577.71,2026-08-25,APPR002,APPR004,True
1103793,ACC00360,Wire In,170323.75,2026-08-25,APPR013,,True
1103794,ACC00037,Wire Out,485847.18,2026-08-25,APPR002,,True
1103795,ACC00077,Collateral Pledge,35855.72,2026-08-25,APPR006,APPR007,True
1103796,ACC00103,Wire Out,307569.4,2026-08-25,APPR008,APPR007,True
1103797,ACC00753,Wire Out,269635.72,2026-08-25,APPR010,APPR011,True
1103798,ACC00386,Collateral Pledge,107913.58,2026-08-25,APPR006,,True
1103799,ACC00235,Collateral Return,25109.97,2026-08-25,APPR011,,True
1103800,ACC00005,Collateral Return,206331.66,2026-08-25,APPR003,APPR008,True
1103801,ACC00897,Collateral Return,99867.12,2026-08-25,APPR013,,True
1103802,ACC00834,Wire Out,21703.4,2026-08-26,APPR012,,True
1103803,ACC00255,Wire In,41519.77,2026-08-26,APPR011,,True
1103804,ACC00181,Wire In,292303.47,2026-08-26,APPR003,APPR011,True
1103805,ACC00671,Collateral Return,29844.62,2026-08-26,APPR008,,True
1103806,ACC00459,Wire Out,100666.57,2026-08-26,APPR014,,True
1103807,ACC00319,Collateral Pledge,57766.32,2026-08-26,APPR006,APPR011,True
1103808,ACC00540,Wire Out,172831.34,2026-08-26,APPR013,APPR008,True
1103809,ACC00370,Wire In,87533.25,2026-08-26,APPR014,,True
1103810,ACC00499,Wire In,164844.03,2026-08-26,APPR010,,True
1103811,ACC00013,Collateral Return,13135.99,2026-08-26,APPR004,,True
1103812,ACC00140,Collateral Return,247081.33,2026-08-26,APPR007,,True
1103813,ACC00852,Wire In,85287.51,2026-08-26,APPR012,,True
1103814,ACC00296,Collateral Pledge,27304.58,2026-08-26,APPR008,APPR005,True
1103815,ACC00527,Collateral Return,52939.1,2026-08-27,APPR006,APPR008,True
1103816,ACC00536,Collateral Pledge,73534.52,2026-08-27,APPR008,,True
1103817,ACC00357,Collateral Return,10172.73,2026-08-27,APPR002,,True
1103818,ACC00277,Wire Out,43074.87,2026-08-27,APPR008,,False
1103819,ACC00041,Wire In,127700.05,2026-08-27,APPR006,,True
1103820,ACC00353,Wire Out,237007.55,2026-08-27,APPR002,APPR009,True
1103821,ACC00863,Collateral Pledge,60851.52,2026-08-27,APPR004,APPR014,True
1103822,ACC00793,Wire Out,160603.69,2026-08-27,APPR001,APPR014,True
1103823,ACC00148,Wire Out,68080.94,2026-08-27,APPR003,,True
1103824,ACC00461,Collateral Return,43592.3,2026-08-27,APPR014,APPR012,True
1103825,ACC00731,Wire Out,230939.59,2026-08-27,APPR012,APPR005,False
1103826,ACC00831,Wire In,126697.05,2026-08-27,APPR005,APPR004,True
1103827,ACC00047,Collateral Pledge,7677.93,2026-08-27,APPR008,APPR013,True
1103828,ACC00139,Collateral Pledge,72232.91,2026-08-27,APPR003,,True
1103829,ACC00143,Wire In,109656.44,2026-08-27,APPR008,,True
1103830,ACC00153,Wire Out,90723.88,2026-08-27,APPR008,APPR003,True
1103831,ACC00426,Wire In,126248.34,2026-08-28,APPR011,,True
1103832,ACC00481,Wire In,114640.52,2026-08-28,APPR009,,True
1103833,ACC00855,Collateral Return,325564.77,2026-08-28,APPR005,APPR010,True
1103834,ACC00364,Wire In,51907.12,2026-08-28,APPR011,APPR006,True
1103835,ACC00466,Collateral Return,287241.56,2026-08-28,APPR004,APPR010,True
1103836,ACC00583,Collateral Return,111714.09,2026-08-28,APPR011,APPR003,True
1103837,ACC00522,Wire Out,69044.81,2026-08-28,APPR007,,True
1103838,ACC00098,Wire In,107818.95,2026-08-28,APPR002,,True
1103839,ACC00174,Collateral Return,89263.98,2026-08-28,APPR009,APPR012,True
1103840,ACC00317,Wire In,6144.0,2026-08-28,APPR013,APPR011,True
1103841,ACC00526,Collateral Pledge,22955.05,2026-08-28,APPR012,APPR003,True
1103842,ACC00070,Wire Out,26250.67,2026-08-28,APPR005,,True
1103843,ACC00025,Wire In,94660.68,2026-08-28,APPR003,APPR005,True
1103844,ACC00514,Collateral Return,225197.33,2026-08-28,APPR003,,True
1103845,ACC00361,Collateral Pledge,94427.87,2026-08-28,APPR001,APPR006,True
1103846,ACC00239,Collateral Pledge,55803.58,2026-08-28,APPR011,,True
1103847,ACC00335,Wire In,9925.28,2026-08-28,APPR004,,True
1103848,ACC00547,Wire In,186269.44,2026-08-28,APPR010,,True
1103849,ACC00160,Collateral Pledge,243363.13,2026-08-28,APPR013,APPR012,True
1103850,ACC00326,Collateral Return,207960.1,2026-08-28,APPR006,,True
1103851,ACC00457,Wire In,72037.52,2026-08-28,APPR007,,True
1103852,ACC00214,Collateral Return,6163.68,2026-08-28,APPR012,,True
1103853,ACC00327,Collateral Pledge,36137.86,2026-08-28,APPR005,,True
1103854,ACC00033,Collateral Pledge,25260.59,2026-08-28,APPR003,APPR004,True
1103855,ACC00116,Collateral Pledge,101768.18,2026-08-31,APPR004,,True
1103856,ACC00843,Wire Out,318145.74,2026-08-31,APPR001,APPR014,True
1103857,ACC00642,Wire Out,92426.19,2026-08-31,APPR003,APPR011,True
1103858,ACC00357,Wire In,88138.57,2026-08-31,APPR010,APPR011,True
1103859,ACC00377,Collateral Pledge,136782.42,2026-08-31,APPR007,,True
1103860,ACC00779,Wire In,199153.85,2026-08-31,APPR014,APPR003,True
1103861,ACC00234,Wire Out,472864.72,2026-08-31,APPR011,APPR008,True
1103862,ACC00058,Collateral Return,63052.71,2026-08-31,APPR011,,True
1103863,ACC00718,Wire Out,220076.35,2026-08-31,APPR011,,True
1103864,ACC00342,Wire In,52227.17,2026-08-31,APPR013,,True
1103865,ACC00347,Collateral Pledge,120728.99,2026-08-31,APPR011,,True
1103866,ACC00220,Collateral Pledge,458447.9,2026-08-31,APPR009,APPR014,True
1103867,ACC00304,Wire In,82518.01,2026-08-31,APPR004,,True
1103868,ACC00405,Collateral Return,256206.0,2026-08-31,APPR009,APPR006,True
1103869,ACC00086,Wire Out,243545.03,2026-08-31,APPR008,APPR012,True
1103870,ACC00315,Wire In,89907.4,2026-08-31,APPR009,,True
1103871,ACC00590,Wire In,59061.3,2026-08-31,APPR006,APPR004,True
1103872,ACC00805,Wire In,189080.49,2026-08-31,APPR005,APPR004,True
