fee_id,account_id,period,aum,fee_rate,calculated_fee,billed_fee,period_end_date,invoice_date
500001,ACC00001,2025-09,175163652.89,0.0035,51089.4,51052.77,2025-09-30,2025-10-03
500002,ACC00002,2025-09,53253980.08,0.0035,15532.41,15524.87,2025-09-30,2025-10-07
500003,ACC00003,2025-09,162629870.01,0.0075,101643.67,101590.78,2025-09-30,2025-10-04
500004,ACC00004,2025-09,210152174.9,0.006,105076.09,105131.49,2025-09-30,2025-10-03
500005,ACC00005,2025-09,61676788.21,0.0035,17989.06,17987.7,2025-09-30,2025-10-08
500006,ACC00006,2025-09,143606651.71,0.0075,89754.16,89804.99,2025-09-30,2025-10-06
500007,ACC00007,2025-09,13561471.21,0.0035,3955.43,3952.76,2025-09-30,2025-10-14
500008,ACC00008,2025-09,94380249.93,0.006,47190.12,47190.45,2025-09-30,2025-10-02
500009,ACC00009,2025-09,12017346.25,0.006,6008.67,6008.52,2025-09-30,2025-10-02
500010,ACC00010,2025-09,202675419.4,0.006,101337.71,101374.11,2025-09-30,2025-10-04
500011,ACC00011,2025-09,14452427.11,0.0035,4215.29,4217.06,2025-09-30,2025-10-02
500012,ACC00012,2025-09,5194239.06,0.006,2597.12,2597.57,2025-09-30,2025-10-11
500013,ACC00013,2025-09,138143169.92,0.0045,51803.69,51827.83,2025-09-30,2025-10-02
500014,ACC00014,2025-09,15729992.38,0.0035,4587.91,4584.38,2025-09-30,2025-10-12
500015,ACC00015,2025-09,110267749.41,0.0075,68917.34,68884.83,2025-09-30,2025-10-02
500016,ACC00016,2025-09,214486695.29,0.0035,62558.62,62529.94,2025-09-30,2025-10-06
500017,ACC00017,2025-09,39720879.48,0.0035,11585.26,11585.7,2025-09-30,2025-10-06
500018,ACC00018,2025-09,56803102.42,0.0075,35501.94,35517.73,2025-09-30,2025-10-08
500019,ACC00019,2025-09,110729311.42,0.0075,69205.82,69174.71,2025-09-30,2025-10-03
500020,ACC00020,2025-09,130197696.24,0.0045,48824.14,48818.66,2025-09-30,2025-10-17
500021,ACC00021,2025-09,30851058.89,0.0075,19281.91,19270.24,2025-09-30,2025-10-06
500022,ACC00022,2025-09,185624109.86,0.0075,116015.07,116056.55,2025-09-30,2025-10-04
500023,ACC00023,2025-09,200417965.24,0.0045,75156.74,75107.23,2025-09-30,2025-10-04
500024,ACC00024,2025-09,35172569.95,0.0075,21982.86,21965.16,2025-09-30,2025-10-05
500025,ACC00025,2025-09,129557484.18,0.006,64778.74,64781.23,2025-09-30,2025-10-05
500026,ACC00026,2025-09,129176983.94,0.0075,80735.61,80661.44,2025-09-30,2025-10-04
500027,ACC00027,2025-09,198002845.26,0.0045,74251.07,74250.5,2025-09-30,2025-10-03
500028,ACC00028,2025-09,178203498.85,0.0075,111377.19,111292.44,2025-09-30,2025-10-06
500029,ACC00029,2025-09,249856844.06,0.006,124928.42,124855.74,2025-09-30,2025-10-06
500030,ACC00030,2025-09,89093286.03,0.0045,33409.98,33404.26,2025-09-30,2025-10-06
500031,ACC00031,2025-09,51948920.04,0.0045,19480.85,19471.15,2025-09-30,2025-10-05
500032,ACC00032,2025-09,224771642.68,0.0035,65558.4,65540.56,2025-09-30,2025-10-08
500033,ACC00033,2025-09,189670866.52,0.0045,71126.57,71127.87,2025-09-30,2025-10-03
500034,ACC00034,2025-09,57961829.25,0.0045,21735.69,21728.89,2025-09-30,2025-10-02
500035,ACC00035,2025-09,220826144.45,0.0045,82809.8,82878.84,2025-09-30,2025-10-05
500036,ACC00036,2025-09,40343443.87,0.0035,11766.84,11772.09,2025-09-30,2025-10-03
500037,ACC00037,2025-09,68357241.61,0.0075,42723.28,42681.33,2025-09-30,2025-10-06
500038,ACC00038,2025-09,194305533.81,0.006,97152.77,97077.9,2025-09-30,2025-10-03
500039,ACC00039,2025-09,221313115.1,0.006,110656.56,110734.41,2025-09-30,2025-10-02
500040,ACC00040,2025-09,172392442.92,0.0075,107745.28,107757.17,2025-09-30,2025-10-03
500041,ACC00041,2025-09,247253644.69,0.0075,154533.53,154647.72,2025-09-30,2025-10-18
500042,ACC00042,2025-09,184178463.04,0.0035,53718.72,53720.32,2025-09-30,2025-10-03
500043,ACC00043,2025-09,28969966.58,0.0075,18106.23,18115.85,2025-09-30,2025-10-03
500044,ACC00044,2025-09,20539539.5,0.0045,7702.33,7703.68,2025-09-30,2025-10-02
500045,ACC00045,2025-09,50593666.56,0.0045,18972.62,18961.56,2025-09-30,2025-10-06
500046,ACC00046,2025-09,42361840.9,0.0035,12355.54,12364.0,2025-09-30,2025-10-04
500047,ACC00047,2025-09,95959641.92,0.0035,27988.23,27974.22,2025-09-30,2025-10-06
500048,ACC00048,2025-09,236310006.86,0.006,118155.0,118168.04,2025-09-30,2025-10-06
500049,ACC00049,2025-09,148308867.62,0.006,74154.43,74089.91,2025-09-30,2025-10-08
500050,ACC00050,2025-09,60669567.82,0.0045,22751.09,22742.59,2025-09-30,2025-10-05
500051,ACC00051,2025-09,105514287.06,0.0045,39567.86,39555.28,2025-09-30,2025-10-06
500052,ACC00052,2025-09,122853489.49,0.006,61426.74,61443.54,2025-09-30,2025-10-04
500053,ACC00053,2025-09,147557892.19,0.0035,43037.72,43002.23,2025-09-30,2025-10-16
500054,ACC00054,2025-09,81392392.74,0.006,40696.2,40704.3,2025-09-30,2025-10-02
500055,ACC00055,2025-09,170493554.22,0.0075,106558.47,106485.21,2025-09-30,2025-10-15
500056,ACC00056,2025-09,133061437.52,0.0045,49898.04,49859.81,2025-09-30,2025-10-14
500057,ACC00057,2025-09,209421561.54,0.0035,61081.29,61065.49,2025-09-30,2025-10-02
500058,ACC00058,2025-09,239241112.73,0.006,119620.56,119683.83,2025-09-30,2025-10-02
500059,ACC00059,2025-09,183663746.67,0.006,91831.87,91923.63,2025-09-30,2025-10-07
500060,ACC00060,2025-09,227641760.93,0.0045,85365.66,85339.94,2025-09-30,2025-10-12
500061,ACC00061,2025-09,60394653.85,0.006,30197.33,30175.45,2025-09-30,2025-10-05
500062,ACC00062,2025-09,121877351.16,0.0075,76173.34,76196.71,2025-09-30,2025-10-03
500063,ACC00063,2025-09,137957583.87,0.0035,40237.63,40253.68,2025-09-30,2025-10-06
500064,ACC00064,2025-09,3997959.02,0.0035,1166.07,1165.09,2025-09-30,2025-10-02
500065,ACC00065,2025-09,182037369.37,0.0035,53094.23,53068.01,2025-09-30,2025-10-04
500066,ACC00066,2025-09,13206151.78,0.0045,4952.31,4957.06,2025-09-30,2025-10-02
500067,ACC00067,2025-09,186055921.03,0.0035,54266.31,54237.23,2025-09-30,2025-10-16
500068,ACC00068,2025-09,25847879.18,0.0035,7538.96,7545.74,2025-09-30,2025-10-04
500069,ACC00069,2025-09,232087677.63,0.0075,145054.8,145109.25,2025-09-30,2025-10-06
500070,ACC00070,2025-09,50608146.8,0.006,25304.07,28182.66,2025-09-30,2025-10-02
500071,ACC00071,2025-09,196182863.52,0.0075,122614.29,122654.78,2025-09-30,2025-10-06
500072,ACC00072,2025-09,169071020.14,0.0035,49312.38,49339.27,2025-09-30,2025-10-03
500073,ACC00073,2025-09,194677199.73,0.0045,73003.95,73042.88,2025-09-30,2025-10-04
500074,ACC00074,2025-09,64570502.44,0.0075,40356.56,40360.95,2025-09-30,2025-10-02
500075,ACC00075,2025-09,101668135.94,0.0075,63542.58,63539.8,2025-09-30,2025-10-06
500076,ACC00076,2025-09,7683864.85,0.0045,2881.45,2879.07,2025-09-30,2025-10-07
500077,ACC00077,2025-09,3554653.17,0.0035,1036.77,1036.94,2025-09-30,2025-10-02
500078,ACC00078,2025-09,241799874.31,0.0045,90674.95,90669.36,2025-09-30,2025-10-06
500079,ACC00079,2025-09,110651171.37,0.0045,41494.19,41486.07,2025-09-30,2025-10-06
500080,ACC00080,2025-09,143196068.35,0.006,71598.03,71528.76,2025-09-30,2025-10-06
500081,ACC00081,2025-09,76185814.83,0.0035,22220.86,22215.62,2025-09-30,2025-10-04
500082,ACC00082,2025-09,97768793.19,0.0045,36663.3,36667.77,2025-09-30,2025-10-02
500083,ACC00083,2025-09,14374234.22,0.0035,4192.48,4195.51,2025-09-30,2025-10-04
500084,ACC00084,2025-09,38412024.51,0.006,19206.01,19211.76,2025-09-30,2025-10-07
500085,ACC00085,2025-09,103721640.86,0.0075,64826.03,64788.79,2025-09-30,2025-10-07
500086,ACC00086,2025-09,112604235.87,0.006,56302.12,56323.7,2025-09-30,2025-10-20
500087,ACC00087,2025-09,194455990.89,0.006,97228.0,97307.62,2025-09-30,2025-10-08
500088,ACC00088,2025-09,155942385.62,0.0035,45483.2,45487.86,2025-09-30,2025-10-06
500089,ACC00089,2025-09,241780552.63,0.0045,90667.71,90738.72,2025-09-30,2025-10-07
500090,ACC00090,2025-09,212872653.82,0.0035,62087.86,62053.53,2025-09-30,2025-10-02
500091,ACC00091,2025-09,181825253.54,0.0075,113640.78,113539.38,2025-09-30,2025-10-06
500092,ACC00092,2025-09,243560434.37,0.0045,91335.16,91406.83,2025-09-30,2025-10-02
500093,ACC00093,2025-09,197489632.44,0.0045,74058.61,74040.16,2025-09-30,2025-10-16
500094,ACC00094,2025-09,71653038.18,0.0035,20898.8,20910.88,2025-09-30,2025-10-04
500095,ACC00095,2025-09,142242751.15,0.006,71121.38,71103.99,2025-09-30,2025-10-03
500096,ACC00096,2025-09,75309831.19,0.006,37654.92,37650.27,2025-09-30,2025-10-03
500097,ACC00097,2025-09,247966214.5,0.0045,92987.33,92965.07,2025-09-30,2025-10-04
500098,ACC00098,2025-09,168233083.42,0.006,84116.54,84058.63,2025-09-30,2025-10-03
500099,ACC00099,2025-09,80094172.49,0.006,40047.09,40026.74,2025-09-30,2025-10-02
500100,ACC00100,2025-09,225341317.04,0.006,112670.66,112714.85,2025-09-30,2025-10-08
500101,ACC00101,2025-09,249289387.52,0.006,124644.69,124677.24,2025-09-30,2025-10-08
500102,ACC00102,2025-09,63943847.96,0.0035,18650.29,18663.62,2025-09-30,2025-10-04
500103,ACC00103,2025-09,135804204.87,0.0035,39609.56,39600.28,2025-09-30,2025-10-03
500104,ACC00104,2025-09,96136213.02,0.0035,28039.73,28025.59,2025-09-30,2025-10-05
500105,ACC00105,2025-09,230815690.5,0.0045,86555.88,86625.22,2025-09-30,2025-10-07
500106,ACC00106,2025-09,183665407.82,0.0045,68874.53,68825.58,2025-09-30,2025-10-04
500107,ACC00107,2025-09,198957358.82,0.0075,124348.35,124371.41,2025-09-30,2025-10-05
500108,ACC00108,2025-09,86356090.46,0.006,43178.05,43197.34,2025-09-30,2025-10-02
500109,ACC00109,2025-09,71697872.29,0.0075,44811.17,44832.76,2025-09-30,2025-10-11
500110,ACC00110,2025-09,197326081.48,0.0045,73997.28,74033.24,2025-09-30,2025-10-08
500111,ACC00111,2025-09,167882019.86,0.006,83941.01,83998.87,2025-09-30,2025-10-03
500112,ACC00112,2025-09,241126203.5,0.0075,150703.88,150821.84,2025-09-30,2025-10-03
500113,ACC00113,2025-09,121247601.31,0.0075,75779.75,75710.31,2025-09-30,2025-10-03
500114,ACC00114,2025-09,49777713.05,0.0075,31111.07,31109.8,2025-09-30,2025-10-13
500115,ACC00115,2025-09,169838089.09,0.0045,63689.28,63715.77,2025-09-30,2025-10-20
500116,ACC00116,2025-09,65815136.12,0.006,32907.57,32877.59,2025-09-30,2025-10-05
500117,ACC00117,2025-09,93031629.71,0.006,46515.81,46543.95,2025-09-30,2025-10-04
500118,ACC00118,2025-09,216005050.96,0.0035,63001.47,62945.4,2025-09-30,2025-10-07
500119,ACC00119,2025-09,93473272.18,0.0075,58420.8,58398.9,2025-09-30,2025-10-07
500120,ACC00120,2025-09,166625386.99,0.006,83312.69,83301.89,2025-09-30,2025-10-06
500121,ACC00121,2025-09,52145517.39,0.006,26072.76,26068.36,2025-09-30,2025-10-07
500122,ACC00122,2025-09,87809524.17,0.0075,54880.95,54886.36,2025-09-30,2025-10-05
500123,ACC00123,2025-09,73690087.45,0.0035,21492.94,21508.53,2025-09-30,2025-10-06
500124,ACC00124,2025-09,138256598.04,0.0035,40324.84,40359.13,2025-09-30,2025-10-18
500125,ACC00125,2025-09,201810163.07,0.0075,126131.35,126245.43,2025-09-30,2025-10-07
500126,ACC00126,2025-09,44902060.89,0.0045,16838.27,16841.54,2025-09-30,2025-10-07
500127,ACC00127,2025-09,61819072.12,0.006,30909.54,30917.74,2025-09-30,2025-10-05
500128,ACC00128,2025-09,65212079.65,0.006,32606.04,32589.41,2025-09-30,2025-10-06
500129,ACC00129,2025-09,238716088.44,0.0035,69625.53,69664.95,2025-09-30,2025-10-06
500130,ACC00130,2025-09,136685665.68,0.0035,39866.65,39896.58,2025-09-30,2025-10-04
500131,ACC00131,2025-09,246528026.17,0.006,123264.01,123307.42,2025-09-30,2025-10-08
500132,ACC00132,2025-09,88983077.92,0.0045,33368.65,33381.58,2025-09-30,2025-10-08
500133,ACC00133,2025-09,246500662.22,0.0045,92437.75,92441.39,2025-09-30,2025-10-05
500134,ACC00134,2025-09,13821500.87,0.0075,8638.44,8643.1,2025-09-30,2025-10-05
500135,ACC00135,2025-09,154134638.96,0.0045,57800.49,57773.69,2025-09-30,2025-10-06
500136,ACC00136,2025-09,188693737.09,0.006,94346.87,94345.72,2025-09-30,2025-10-08
500137,ACC00137,2025-09,146319873.2,0.006,73159.94,73149.98,2025-09-30,2025-10-03
500138,ACC00138,2025-09,82747734.51,0.006,41373.87,41356.32,2025-09-30,2025-10-06
500139,ACC00139,2025-09,119136257.9,0.0075,74460.16,74463.78,2025-09-30,2025-10-03
500140,ACC00140,2025-09,52678762.33,0.006,26339.38,26325.75,2025-09-30,2025-10-16
500141,ACC00141,2025-09,189993819.1,0.006,94996.91,94959.71,2025-09-30,2025-10-04
500142,ACC00142,2025-09,13352228.43,0.0045,5007.09,5685.81,2025-09-30,2025-10-02
500143,ACC00143,2025-09,241876441.96,0.0075,151172.78,151101.43,2025-09-30,2025-10-08
500144,ACC00144,2025-09,229063966.55,0.006,114531.98,114626.33,2025-09-30,2025-10-06
500145,ACC00145,2025-09,122924195.37,0.006,61462.1,61494.9,2025-09-30,2025-10-06
500146,ACC00146,2025-09,24972573.77,0.0035,7283.67,7288.59,2025-09-30,2025-10-03
500147,ACC00147,2025-09,90104874.94,0.0075,56315.55,56357.62,2025-09-30,2025-10-07
500148,ACC00148,2025-09,187441336.67,0.0035,54670.39,54617.35,2025-09-30,2025-10-03
500149,ACC00149,2025-09,18690574.34,0.0045,7008.97,7003.08,2025-09-30,2025-10-05
500150,ACC00150,2025-09,241831613.07,0.0075,151144.76,151107.43,2025-09-30,2025-10-02
500151,ACC00151,2025-09,145997989.94,0.0045,54749.25,54783.97,2025-09-30,2025-10-13
500152,ACC00152,2025-09,79786140.52,0.0035,23270.96,23289.3,2025-09-30,2025-10-07
500153,ACC00153,2025-09,154248309.98,0.0075,96405.19,96325.77,2025-09-30,2025-10-03
500154,ACC00154,2025-09,72124270.14,0.0075,45077.67,45108.49,2025-09-30,2025-10-07
500155,ACC00155,2025-09,14797372.24,0.0035,4315.9,4312.08,2025-09-30,2025-10-04
500156,ACC00156,2025-09,15978933.65,0.0035,4660.52,4658.02,2025-09-30,2025-10-06
500157,ACC00157,2025-09,47322987.25,0.0075,29576.87,29574.67,2025-09-30,2025-10-02
500158,ACC00158,2025-09,234466964.18,0.006,117233.48,117300.47,2025-09-30,2025-10-08
500159,ACC00159,2025-09,75073760.77,0.0035,21896.51,21880.0,2025-09-30,2025-10-08
500160,ACC00160,2025-09,165733519.17,0.0075,103583.45,103600.77,2025-09-30,2025-10-08
500161,ACC00161,2025-09,216544019.0,0.006,108272.01,108333.63,2025-09-30,2025-10-08
500162,ACC00162,2025-09,247376929.28,0.0045,92766.35,92702.13,2025-09-30,2025-10-04
500163,ACC00163,2025-09,167906440.53,0.0035,48972.71,48924.18,2025-09-30,2025-10-04
500164,ACC00164,2025-09,58085779.18,0.0045,21782.17,21801.75,2025-09-30,2025-10-04
500165,ACC00165,2025-09,184847157.89,0.0035,53913.75,53918.63,2025-09-30,2025-10-06
500166,ACC00166,2025-09,78836283.94,0.0035,22993.92,23015.78,2025-09-30,2025-10-07
500167,ACC00167,2025-09,107849399.89,0.006,53924.7,53969.85,2025-09-30,2025-10-07
500168,ACC00168,2025-09,50766944.9,0.0035,14807.03,14793.04,2025-09-30,2025-10-02
500169,ACC00169,2025-09,2725596.12,0.006,1362.8,1362.47,2025-09-30,2025-10-02
500170,ACC00170,2025-09,248844552.67,0.0045,93316.71,93275.11,2025-09-30,2025-10-04
500171,ACC00171,2025-09,57759105.36,0.0045,21659.66,21648.91,2025-09-30,2025-10-03
500172,ACC00172,2025-09,47821661.14,0.0075,29888.54,29892.37,2025-09-30,2025-10-04
500173,ACC00173,2025-09,227624893.46,0.0035,66390.59,66442.06,2025-09-30,2025-10-08
500174,ACC00174,2025-09,68803114.84,0.0075,43001.95,43031.69,2025-09-30,2025-10-05
500175,ACC00175,2025-09,100134774.22,0.0035,29205.98,29199.81,2025-09-30,2025-10-02
500176,ACC00176,2025-09,201573804.19,0.0035,58792.36,58849.58,2025-09-30,2025-10-02
500177,ACC00177,2025-09,101979203.82,0.0075,63737.0,63764.21,2025-09-30,2025-10-02
500178,ACC00178,2025-09,13041833.82,0.0035,3803.87,3807.43,2025-09-30,2025-10-07
500179,ACC00179,2025-09,25231069.28,0.006,12615.53,12616.76,2025-09-30,2025-10-04
500180,ACC00180,2025-09,70607557.7,0.0035,20593.87,20601.54,2025-09-30,2025-10-06
500181,ACC00181,2025-09,31734441.56,0.0035,9255.88,9263.37,2025-09-30,2025-10-02
500182,ACC00182,2025-09,220280199.88,0.0045,82605.07,82653.91,2025-09-30,2025-10-08
500183,ACC00183,2025-09,3001732.45,0.006,1500.87,1500.23,2025-09-30,2025-10-04
500184,ACC00184,2025-09,147154259.67,0.0075,91971.41,92050.71,2025-09-30,2025-10-02
500185,ACC00185,2025-09,155128087.29,0.0075,96955.05,96860.7,2025-09-30,2025-10-03
500186,ACC00186,2025-09,13751159.78,0.0075,8594.47,8587.79,2025-09-30,2025-10-04
500187,ACC00187,2025-09,245128759.29,0.0045,91923.28,91935.01,2025-09-30,2025-10-06
500188,ACC00188,2025-09,190168990.65,0.0045,71313.37,71344.06,2025-09-30,2025-10-02
500189,ACC00189,2025-09,127023645.71,0.006,63511.82,63500.25,2025-09-30,2025-10-04
500190,ACC00190,2025-09,140900749.62,0.0035,41096.05,41080.44,2025-09-30,2025-10-06
500191,ACC00191,2025-09,226861421.56,0.0035,66167.91,66172.02,2025-09-30,2025-10-15
500192,ACC00192,2025-09,19449433.0,0.006,9724.72,9730.25,2025-09-30,2025-10-02
500193,ACC00193,2025-09,206283911.11,0.0045,77356.47,,2025-09-30,2025-10-02
500194,ACC00194,2025-09,49617019.73,0.0035,14471.63,14467.59,2025-09-30,2025-10-05
500195,ACC00195,2025-09,191891715.06,0.0045,71959.39,71897.44,2025-09-30,2025-10-04
500196,ACC00196,2025-09,42072001.66,0.0045,15777.0,15791.98,2025-09-30,2025-10-04
500197,ACC00197,2025-09,219835078.2,0.0035,64118.56,64086.18,2025-09-30,2025-10-02
500198,ACC00198,2025-09,159091686.42,0.0075,99432.3,99335.55,2025-09-30,2025-10-07
500199,ACC00199,2025-09,72995494.82,0.0035,21290.35,21291.26,2025-09-30,2025-10-08
500200,ACC00200,2025-09,49040607.97,0.0045,18390.23,18379.99,2025-09-30,2025-10-13
500201,ACC00201,2025-09,90303865.0,0.0045,33863.95,33885.33,2025-09-30,2025-10-07
500202,ACC00202,2025-09,196792142.36,0.0045,73797.05,73861.56,2025-09-30,2025-10-08
500203,ACC00203,2025-09,227184442.48,0.0045,85194.17,85171.65,2025-09-30,2025-10-03
500204,ACC00204,2025-09,33230854.26,0.006,16615.43,16601.55,2025-09-30,2025-10-07
500205,ACC00205,2025-09,182395199.15,0.0075,113997.0,114021.36,2025-09-30,2025-10-19
500206,ACC00206,2025-09,144479654.98,0.0075,90299.78,90274.97,2025-09-30,2025-10-03
500207,ACC00207,2025-09,133586985.81,0.006,66793.49,66819.18,2025-09-30,2025-10-07
500208,ACC00208,2025-09,22112678.62,0.0045,8292.25,8286.81,2025-09-30,2025-10-04
500209,ACC00209,2025-09,105585913.77,0.0045,39594.72,39583.28,2025-09-30,2025-10-05
500210,ACC00210,2025-09,47073022.4,0.006,23536.51,23552.21,2025-09-30,2025-10-05
500211,ACC00211,2025-09,84636483.77,0.0035,24685.64,24686.68,2025-09-30,2025-10-04
500212,ACC00212,2025-09,137084666.29,0.006,68542.33,68548.64,2025-09-30,2025-10-21
500213,ACC00213,2025-09,60448187.63,0.0075,37780.12,37766.66,2025-09-30,2025-10-06
500214,ACC00214,2025-09,126436772.58,0.0075,79022.98,78952.57,2025-09-30,2025-10-06
500215,ACC00215,2025-09,135438432.47,0.0075,84649.02,84605.64,2025-09-30,2025-10-11
500216,ACC00216,2025-09,194272693.28,0.0075,121420.43,,2025-09-30,2025-10-07
500217,ACC00217,2025-09,47411341.54,0.0075,29632.09,29649.58,2025-09-30,2025-10-05
500218,ACC00218,2025-09,231226487.89,0.006,115613.24,115548.32,2025-09-30,2025-10-19
500219,ACC00219,2025-09,234923970.03,0.0075,146827.48,146839.8,2025-09-30,2025-10-08
500220,ACC00220,2025-09,70955906.33,0.0045,26608.46,26602.43,2025-09-30,2025-10-04
500221,ACC00221,2025-09,51346548.02,0.0035,14976.08,14964.52,2025-09-30,2025-10-06
500222,ACC00222,2025-09,18987786.64,0.0045,7120.42,7126.03,2025-09-30,2025-10-07
500223,ACC00223,2025-09,101715685.17,0.0035,29667.07,29639.44,2025-09-30,2025-10-04
500224,ACC00224,2025-09,45483156.72,0.006,22741.58,22735.74,2025-09-30,2025-10-03
500225,ACC00225,2025-09,160697723.93,0.0035,46870.17,46880.24,2025-09-30,2025-10-07
500226,ACC00226,2025-09,196210750.42,0.0045,73579.03,73620.6,2025-09-30,2025-10-07
500227,ACC00227,2025-09,21098104.02,0.0075,13186.32,13184.0,2025-09-30,2025-10-03
500228,ACC00228,2025-09,215375834.36,0.006,107687.92,107612.92,2025-09-30,2025-10-05
500229,ACC00229,2025-09,207187577.48,0.006,103593.79,103564.08,2025-09-30,2025-10-07
500230,ACC00230,2025-09,174938407.64,0.0035,51023.7,51005.94,2025-09-30,2025-10-04
500231,ACC00231,2025-09,83470454.61,0.006,41735.23,41752.07,2025-09-30,2025-10-02
500232,ACC00232,2025-09,164868888.73,0.0045,61825.83,61785.69,2025-09-30,2025-10-07
500233,ACC00233,2025-09,57054706.98,0.0045,21395.52,21406.53,2025-09-30,2025-10-03
500234,ACC00234,2025-09,204093830.53,0.0045,76535.19,76532.52,2025-09-30,2025-10-06
500235,ACC00235,2025-09,52410059.33,0.006,26205.03,26224.83,2025-09-30,2025-10-08
500236,ACC00236,2025-09,102843902.83,0.006,51421.95,51402.69,2025-09-30,2025-10-05
500237,ACC00237,2025-09,130814998.16,0.006,65407.5,65395.99,2025-09-30,2025-10-03
500238,ACC00238,2025-09,187842704.3,0.0035,54787.46,54782.27,2025-09-30,2025-10-04
500239,ACC00239,2025-09,44723097.32,0.0075,27951.94,27934.71,2025-09-30,2025-10-05
500240,ACC00240,2025-09,17331486.63,0.0075,10832.18,10823.41,2025-09-30,2025-10-06
500241,ACC00241,2025-09,123050912.72,0.0045,46144.09,46105.91,2025-09-30,2025-10-07
500242,ACC00242,2025-09,31366228.33,0.0075,19603.89,19590.19,2025-09-30,2025-10-02
500243,ACC00243,2025-09,206821759.35,0.0045,77558.16,77597.24,2025-09-30,2025-10-03
500244,ACC00244,2025-09,145261222.2,0.0075,90788.26,90820.6,2025-09-30,2025-10-03
500245,ACC00245,2025-09,35855103.18,0.0035,10457.74,10451.23,2025-09-30,2025-10-05
500246,ACC00246,2025-09,161909446.87,0.0075,101193.4,110303.35,2025-09-30,2025-10-05
500247,ACC00247,2025-09,188787149.93,0.0075,117991.97,117903.51,2025-09-30,2025-10-07
500248,ACC00248,2025-09,62705522.81,0.0035,18289.11,18294.44,2025-09-30,2025-10-03
500249,ACC00249,2025-09,55987582.55,0.0075,34992.24,35015.47,2025-09-30,2025-10-06
500250,ACC00250,2025-09,43863308.95,0.0035,12793.47,12799.68,2025-09-30,2025-10-06
500251,ACC00251,2025-09,210756688.57,0.0075,131722.93,131815.07,2025-09-30,2025-10-16
500252,ACC00252,2025-09,96788451.7,0.0075,60492.78,60550.84,2025-09-30,2025-10-02
500253,ACC00253,2025-09,222211440.7,0.006,111105.72,111011.54,2025-09-30,2025-10-13
500254,ACC00254,2025-09,229672059.14,0.0045,86127.02,86095.14,2025-09-30,2025-10-04
500255,ACC00255,2025-09,129669736.89,0.0035,37820.34,37785.19,2025-09-30,2025-10-08
500256,ACC00256,2025-09,82620154.26,0.0075,51637.6,51593.94,2025-09-30,2025-10-06
500257,ACC00257,2025-09,132857900.95,0.0045,49821.71,49858.2,2025-09-30,2025-10-02
500258,ACC00258,2025-09,137101943.61,0.0075,85688.71,85646.65,2025-09-30,2025-10-04
500259,ACC00259,2025-09,2867264.35,0.0035,836.29,836.78,2025-09-30,2025-10-06
500260,ACC00260,2025-09,170986215.87,0.0045,64119.83,64121.66,2025-09-30,2025-10-20
500261,ACC00261,2025-09,55550521.61,0.0075,34719.08,34725.34,2025-09-30,2025-10-03
500262,ACC00262,2025-09,165369518.56,0.0075,103355.95,103258.84,2025-09-30,2025-10-08
500263,ACC00263,2025-09,154657033.48,0.0035,45108.3,45094.45,2025-09-30,2025-10-05
500264,ACC00264,2025-09,91062917.23,0.006,45531.46,45549.44,2025-09-30,2025-10-06
500265,ACC00265,2025-09,244047846.97,0.0035,71180.62,71230.14,2025-09-30,2025-10-06
500266,ACC00266,2025-09,247808602.31,0.0035,72277.51,72207.46,2025-09-30,2025-10-05
500267,ACC00267,2025-09,244448493.22,0.006,122224.25,122154.47,2025-09-30,2025-10-05
500268,ACC00268,2025-09,122286935.38,0.0035,35667.02,35646.21,2025-09-30,2025-10-03
500269,ACC00269,2025-09,160689541.74,0.0045,60258.58,60220.13,2025-09-30,2025-10-07
500270,ACC00270,2025-09,192144370.91,0.006,96072.19,95978.04,2025-09-30,2025-10-05
500271,ACC00271,2025-09,176565171.59,0.0045,66211.94,66146.01,2025-09-30,2025-10-08
500272,ACC00272,2025-09,225236785.67,0.0045,84463.79,84483.55,2025-09-30,2025-10-05
500273,ACC00273,2025-09,92278581.78,0.006,46139.29,47620.44,2025-09-30,2025-10-05
500274,ACC00274,2025-09,32038621.85,0.0045,12014.48,,2025-09-30,2025-10-04
500275,ACC00275,2025-09,167927695.92,0.0045,62972.89,62973.57,2025-09-30,2025-10-03
500276,ACC00276,2025-09,159744538.36,0.0035,46592.16,46637.99,2025-09-30,2025-10-07
500277,ACC00277,2025-09,33401038.98,0.006,16700.52,16701.44,2025-09-30,2025-10-08
500278,ACC00278,2025-09,27292874.68,0.0075,17058.05,17049.94,2025-09-30,2025-10-03
500279,ACC00279,2025-09,67018573.18,0.0075,41886.61,41920.49,2025-09-30,2025-10-19
500280,ACC00280,2025-09,16572221.71,0.0075,10357.64,10363.19,2025-09-30,2025-10-06
500281,ACC00281,2025-09,234203688.18,0.0045,87826.38,87774.84,2025-09-30,2025-10-04
500282,ACC00282,2025-09,181777600.93,0.0045,68166.6,68233.79,2025-09-30,2025-10-05
500283,ACC00283,2025-09,202693088.16,0.006,101346.54,101317.13,2025-09-30,2025-10-06
500284,ACC00284,2025-09,170989550.3,0.0045,64121.08,64092.05,2025-09-30,2025-10-06
500285,ACC00285,2025-09,50477487.67,0.0075,31548.43,31565.24,2025-09-30,2025-10-19
500286,ACC00286,2025-09,12854895.39,0.0075,8034.31,8032.84,2025-09-30,2025-10-02
500287,ACC00287,2025-09,181733087.36,0.0035,53005.48,53013.1,2025-09-30,2025-10-06
500288,ACC00288,2025-09,242245364.08,0.0035,70654.9,70704.31,2025-09-30,2025-10-06
500289,ACC00289,2025-09,163532406.99,0.006,81766.2,81705.74,2025-09-30,2025-10-05
500290,ACC00290,2025-09,171485988.06,0.0035,50016.75,49973.86,2025-09-30,2025-10-02
500291,ACC00291,2025-09,225165146.71,0.006,112582.57,112669.26,2025-09-30,2025-10-02
500292,ACC00292,2025-09,37573805.0,0.0035,10959.03,10969.62,2025-09-30,2025-10-06
500293,ACC00293,2025-09,207556791.46,0.0045,77833.8,77910.74,2025-09-30,2025-10-05
500294,ACC00294,2025-09,34792233.15,0.0045,13047.09,13055.53,2025-09-30,2025-10-15
500295,ACC00295,2025-09,196182088.65,0.0075,122613.81,122636.22,2025-09-30,2025-10-06
500296,ACC00296,2025-09,232653694.1,0.0035,67857.33,67859.82,2025-09-30,2025-10-03
500297,ACC00297,2025-09,93847382.7,0.006,46923.69,46918.65,2025-09-30,2025-10-14
500298,ACC00298,2025-09,88699605.18,0.006,44349.8,44381.4,2025-09-30,2025-10-07
500299,ACC00299,2025-09,163640763.21,0.0035,47728.56,47705.35,2025-09-30,2025-10-03
500300,ACC00300,2025-09,104267214.48,0.0075,65167.01,65125.86,2025-09-30,2025-10-03
500301,ACC00001,2025-10,222807662.44,0.006,111403.83,111403.65,2025-10-31,2025-11-16
500302,ACC00002,2025-10,143713365.39,0.0045,53892.51,53860.65,2025-10-31,2025-11-02
500303,ACC00003,2025-10,95778867.57,0.0045,35917.08,35937.45,2025-10-31,2025-11-05
500304,ACC00004,2025-10,79909601.57,0.0035,23306.97,23304.89,2025-10-31,2025-11-02
500305,ACC00005,2025-10,102540213.95,0.0045,38452.58,38452.2,2025-10-31,2025-11-04
500306,ACC00006,2025-10,133074573.91,0.006,66537.29,66549.39,2025-10-31,2025-11-02
500307,ACC00007,2025-10,146570685.46,0.0035,42749.78,42741.11,2025-10-31,2025-11-02
500308,ACC00008,2025-10,160858550.04,0.0035,46917.08,46949.91,2025-10-31,2025-11-07
500309,ACC00009,2025-10,244340170.14,0.0045,91627.56,91571.17,2025-10-31,2025-11-04
500310,ACC00010,2025-10,39040446.26,0.0075,24400.28,24399.55,2025-10-31,2025-11-07
500311,ACC00011,2025-10,244618139.25,0.0045,91731.8,91744.0,2025-10-31,2025-11-06
500312,ACC00012,2025-10,191823389.23,0.006,95911.69,95889.1,2025-10-31,2025-11-03
500313,ACC00013,2025-10,170114399.64,0.006,85057.2,85091.92,2025-10-31,2025-11-02
500314,ACC00014,2025-10,214836911.18,0.006,107418.46,107416.78,2025-10-31,2025-11-02
500315,ACC00015,2025-10,142650874.14,0.0045,53494.08,53501.14,2025-10-31,2025-11-08
500316,ACC00016,2025-10,239402880.42,0.0075,149626.8,149623.58,2025-10-31,2025-11-05
500317,ACC00017,2025-10,23078357.34,0.0075,14423.97,14437.57,2025-10-31,2025-11-06
500318,ACC00018,2025-10,31140507.0,0.0045,11677.69,11671.34,2025-10-31,2025-11-06
500319,ACC00019,2025-10,88285574.89,0.0075,55178.48,55214.33,2025-10-31,2025-11-12
500320,ACC00020,2025-10,79740145.33,0.0035,23257.54,23274.42,2025-10-31,2025-11-08
500321,ACC00021,2025-10,164749712.11,0.0045,61781.14,61742.22,2025-10-31,2025-11-02
500322,ACC00022,2025-10,102517776.86,0.006,51258.89,51290.24,2025-10-31,2025-11-02
500323,ACC00023,2025-10,171941629.45,0.0045,64478.11,64521.3,2025-10-31,2025-11-08
500324,ACC00024,2025-10,235368295.79,0.0075,147105.18,147020.66,2025-10-31,2025-11-03
500325,ACC00025,2025-10,228796430.1,0.0075,142997.77,142870.06,2025-10-31,2025-11-04
500326,ACC00026,2025-10,176869961.17,0.0045,66326.24,66282.0,2025-10-31,2025-11-07
500327,ACC00027,2025-10,48292954.89,0.0035,14085.45,14089.63,2025-10-31,2025-11-02
500328,ACC00028,2025-10,64534039.56,0.0075,40333.77,40337.68,2025-10-31,2025-11-14
500329,ACC00029,2025-10,155973431.25,0.006,77986.72,,2025-10-31,2025-11-13
500330,ACC00030,2025-10,158840057.07,0.0045,59565.02,59523.2,2025-10-31,2025-11-03
500331,ACC00031,2025-10,131619922.08,0.006,65809.96,65842.4,2025-10-31,2025-11-04
500332,ACC00032,2025-10,46373962.66,0.006,23186.98,23192.53,2025-10-31,2025-11-05
500333,ACC00033,2025-10,152348627.9,0.006,76174.31,76167.76,2025-10-31,2025-11-06
500334,ACC00034,2025-10,224200705.63,0.0075,140125.44,140253.27,2025-10-31,2025-11-02
500335,ACC00035,2025-10,224161010.28,0.0035,65380.29,73231.57,2025-10-31,2025-11-02
500336,ACC00036,2025-10,153704429.05,0.0075,96065.27,95994.27,2025-10-31,2025-11-07
500337,ACC00037,2025-10,141598611.51,0.0045,53099.48,53136.14,2025-10-31,2025-11-08
500338,ACC00038,2025-10,84084023.75,0.0045,31531.51,31538.65,2025-10-31,2025-11-04
500339,ACC00039,2025-10,185194793.67,0.0075,115746.75,115695.2,2025-10-31,2025-11-08
500340,ACC00040,2025-10,207991696.67,0.0035,60664.24,60613.15,2025-10-31,2025-11-06
500341,ACC00041,2025-10,248109649.29,0.0035,72365.31,72431.04,2025-10-31,2025-11-03
500342,ACC00042,2025-10,2947937.85,0.0045,1105.48,1106.04,2025-10-31,2025-11-08
500343,ACC00043,2025-10,213006135.65,0.0035,62126.79,62134.52,2025-10-31,2025-11-03
500344,ACC00044,2025-10,175488167.38,0.0075,109680.1,109703.26,2025-10-31,2025-11-05
500345,ACC00045,2025-10,63895891.01,0.0035,18636.3,18618.91,2025-10-31,2025-11-02
500346,ACC00046,2025-10,24529666.87,0.0045,9198.63,9190.96,2025-10-31,2025-11-04
500347,ACC00047,2025-10,135971593.6,0.0035,39658.38,39627.74,2025-10-31,2025-11-02
500348,ACC00048,2025-10,227103564.07,0.006,113551.78,113540.23,2025-10-31,2025-11-04
500349,ACC00049,2025-10,24608154.71,0.0035,7177.38,7182.64,2025-10-31,2025-11-03
500350,ACC00050,2025-10,115040771.69,0.0035,33553.56,33562.71,2025-10-31,2025-11-03
500351,ACC00051,2025-10,97007942.88,0.0075,60629.96,60679.37,2025-10-31,2025-11-05
500352,ACC00052,2025-10,175912557.83,0.0035,51307.83,51292.02,2025-10-31,2025-11-03
500353,ACC00053,2025-10,73216832.43,0.0075,45760.52,45806.02,2025-10-31,2025-11-04
500354,ACC00054,2025-10,51598814.08,0.0035,15049.65,15045.7,2025-10-31,2025-11-03
500355,ACC00055,2025-10,54665014.4,0.0035,15943.96,15937.08,2025-10-31,2025-11-08
500356,ACC00056,2025-10,230114208.0,0.0035,67116.64,67179.26,2025-10-31,2025-11-06
500357,ACC00057,2025-10,79072936.08,0.0045,29652.35,29677.08,2025-10-31,2025-11-06
500358,ACC00058,2025-10,133003774.23,0.0045,49876.42,49872.05,2025-10-31,2025-11-05
500359,ACC00059,2025-10,6905381.39,0.006,3452.69,3450.17,2025-10-31,2025-11-08
500360,ACC00060,2025-10,83195790.85,0.006,41597.9,44445.47,2025-10-31,2025-11-04
500361,ACC00061,2025-10,241446389.22,0.0035,70421.86,70375.01,2025-10-31,2025-11-07
500362,ACC00062,2025-10,221066658.19,0.0035,64477.78,64423.65,2025-10-31,2025-11-05
500363,ACC00063,2025-10,167879482.31,0.0035,48964.85,48927.56,2025-10-31,2025-11-03
500364,ACC00064,2025-10,50175132.59,0.006,25087.57,25068.6,2025-10-31,2025-11-02
500365,ACC00065,2025-10,32100508.47,0.0035,9362.65,9363.78,2025-10-31,2025-11-02
500366,ACC00066,2025-10,106666356.78,0.0035,31111.02,31122.22,2025-10-31,2025-11-05
500367,ACC00067,2025-10,240258801.15,0.0035,70075.48,70012.07,2025-10-31,2025-11-04
500368,ACC00068,2025-10,9321111.9,0.0075,5825.69,5821.91,2025-10-31,2025-11-03
500369,ACC00069,2025-10,84885900.7,0.0045,31832.21,31824.92,2025-10-31,2025-11-02
500370,ACC00070,2025-10,114690046.5,0.0075,71681.28,71639.42,2025-10-31,2025-11-03
500371,ACC00071,2025-10,166034745.33,0.0075,103771.72,103753.85,2025-10-31,2025-11-08
500372,ACC00072,2025-10,62793663.41,0.006,31396.83,31400.57,2025-10-31,2025-11-05
500373,ACC00073,2025-10,93728515.99,0.0045,35148.19,35156.01,2025-10-31,2025-11-06
500374,ACC00074,2025-10,133607052.23,0.006,66803.53,66758.21,2025-10-31,2025-11-04
500375,ACC00075,2025-10,77284958.54,0.006,38642.48,38635.22,2025-10-31,2025-11-07
500376,ACC00076,2025-10,49601095.04,0.006,24800.55,24815.88,2025-10-31,2025-11-04
500377,ACC00077,2025-10,65784651.99,0.0035,19187.19,19195.62,2025-10-31,2025-11-07
500378,ACC00078,2025-10,21502110.15,0.0075,13438.82,13446.74,2025-10-31,2025-11-21
500379,ACC00079,2025-10,22695029.71,0.006,11347.51,11337.34,2025-10-31,2025-11-05
500380,ACC00080,2025-10,240328185.66,0.0075,150205.12,150137.0,2025-10-31,2025-11-02
500381,ACC00081,2025-10,36231665.09,0.0075,22644.79,22649.32,2025-10-31,2025-11-06
500382,ACC00082,2025-10,89558552.72,0.0035,26121.24,26119.64,2025-10-31,2025-11-06
500383,ACC00083,2025-10,90131290.21,0.0075,56332.06,56370.41,2025-10-31,2025-11-05
500384,ACC00084,2025-10,134755982.07,0.006,67377.99,67381.3,2025-10-31,2025-11-03
500385,ACC00085,2025-10,50403983.64,0.0045,18901.49,18910.09,2025-10-31,2025-11-07
500386,ACC00086,2025-10,107967675.53,0.0045,40487.88,40523.37,2025-10-31,2025-11-07
500387,ACC00087,2025-10,82954578.44,0.0035,24195.09,24171.44,2025-10-31,2025-11-04
500388,ACC00088,2025-10,113851201.0,0.0045,42694.2,42685.07,2025-10-31,2025-11-03
500389,ACC00089,2025-10,198948460.63,0.0035,58026.63,58042.62,2025-10-31,2025-11-03
500390,ACC00090,2025-10,9786088.71,0.0035,2854.28,2856.85,2025-10-31,2025-11-05
500391,ACC00091,2025-10,96794447.39,0.0035,28231.71,28244.38,2025-10-31,2025-11-07
500392,ACC00092,2025-10,157165019.97,0.0075,98228.14,98170.61,2025-10-31,2025-11-02
500393,ACC00093,2025-10,44777340.53,0.006,22388.67,22401.61,2025-10-31,2025-11-03
500394,ACC00094,2025-10,117279844.78,0.0035,34206.62,34188.79,2025-10-31,2025-11-06
500395,ACC00095,2025-10,77441231.46,0.0035,22587.03,22586.02,2025-10-31,2025-11-02
500396,ACC00096,2025-10,164748882.17,0.0045,61780.83,61724.96,2025-10-31,2025-11-06
500397,ACC00097,2025-10,180285875.02,0.0045,67607.2,67552.49,2025-10-31,2025-11-06
500398,ACC00098,2025-10,189679391.94,0.0045,71129.77,71156.64,2025-10-31,2025-11-04
500399,ACC00099,2025-10,162235882.35,0.0075,101397.43,101384.7,2025-10-31,2025-11-03
500400,ACC00100,2025-10,81342530.31,0.0045,30503.45,30477.0,2025-10-31,2025-11-05
500401,ACC00101,2025-10,53476812.67,0.0075,33423.01,33435.81,2025-10-31,2025-11-06
500402,ACC00102,2025-10,249005605.46,0.0045,93377.1,93359.77,2025-10-31,2025-11-06
500403,ACC00103,2025-10,208228167.78,0.0035,60733.22,60743.27,2025-10-31,2025-11-03
500404,ACC00104,2025-10,216220131.92,0.0045,81082.55,81087.3,2025-10-31,2025-11-07
500405,ACC00105,2025-10,217618490.88,0.0035,63472.06,,2025-10-31,2025-11-07
500406,ACC00106,2025-10,97549722.17,0.006,48774.86,48808.1,2025-10-31,2025-11-11
500407,ACC00107,2025-10,158939281.91,0.0035,46357.29,46369.31,2025-10-31,2025-11-03
500408,ACC00108,2025-10,85137568.91,0.0045,31926.59,31894.69,2025-10-31,2025-11-02
500409,ACC00109,2025-10,247973382.17,0.0045,92990.02,92915.55,2025-10-31,2025-11-05
500410,ACC00110,2025-10,2974622.42,0.0035,867.6,867.41,2025-10-31,2025-11-04
500411,ACC00111,2025-10,137248067.35,0.006,68624.03,68579.29,2025-10-31,2025-11-13
500412,ACC00112,2025-10,112390980.37,0.0045,42146.62,42161.73,2025-10-31,2025-11-03
500413,ACC00113,2025-10,178370529.25,0.0035,52024.74,51973.76,2025-10-31,2025-11-08
500414,ACC00114,2025-10,145644026.67,0.006,72822.01,72857.76,2025-10-31,2025-11-03
500415,ACC00115,2025-10,76308740.28,0.0035,22256.72,22243.69,2025-10-31,2025-11-03
500416,ACC00116,2025-10,229444448.54,0.0035,66921.3,66947.31,2025-10-31,2025-11-08
500417,ACC00117,2025-10,17376257.28,0.0045,6516.1,6510.41,2025-10-31,2025-11-02
500418,ACC00118,2025-10,26844490.0,0.0075,16777.81,16771.89,2025-10-31,2025-11-06
500419,ACC00119,2025-10,249145615.2,0.0075,155716.01,155641.08,2025-10-31,2025-11-05
500420,ACC00120,2025-10,160587405.72,0.0045,60220.28,60203.7,2025-10-31,2025-11-05
500421,ACC00121,2025-10,196965447.22,0.0075,123103.4,123179.65,2025-10-31,2025-11-02
500422,ACC00122,2025-10,216330410.02,0.0035,63096.37,63064.39,2025-10-31,2025-11-04
500423,ACC00123,2025-10,205483796.35,0.0075,128427.37,128371.03,2025-10-31,2025-11-04
500424,ACC00124,2025-10,12399240.7,0.0035,3616.45,3615.07,2025-10-31,2025-11-07
500425,ACC00125,2025-10,196241872.1,0.006,98120.94,98143.54,2025-10-31,2025-11-04
500426,ACC00126,2025-10,64661384.86,0.006,32330.69,32338.11,2025-10-31,2025-11-03
500427,ACC00127,2025-10,59824343.48,0.0075,37390.21,37359.93,2025-10-31,2025-11-08
500428,ACC00128,2025-10,2470001.51,0.0045,926.25,926.82,2025-10-31,2025-11-05
500429,ACC00129,2025-10,210446037.24,0.006,105223.02,105203.1,2025-10-31,2025-11-07
500430,ACC00130,2025-10,129554285.27,0.0035,37786.67,37762.96,2025-10-31,2025-11-04
500431,ACC00131,2025-10,123220604.93,0.0035,35939.34,35928.35,2025-10-31,2025-11-07
500432,ACC00132,2025-10,17690912.42,0.0075,11056.82,11065.49,2025-10-31,2025-11-02
500433,ACC00133,2025-10,125516832.08,0.0045,47068.81,47107.3,2025-10-31,2025-11-07
500434,ACC00134,2025-10,64107744.85,0.006,32053.87,32084.86,2025-10-31,2025-11-03
500435,ACC00135,2025-10,248722709.04,0.0035,72544.12,72540.19,2025-10-31,2025-11-04
500436,ACC00136,2025-10,179331626.7,0.006,89665.81,89739.94,2025-10-31,2025-11-06
500437,ACC00137,2025-10,175802098.74,0.006,87901.05,87911.88,2025-10-31,2025-11-07
500438,ACC00138,2025-10,100593507.61,0.0035,29339.77,29342.61,2025-10-31,2025-11-02
500439,ACC00139,2025-10,20265158.92,0.0045,7599.43,7592.89,2025-10-31,2025-11-06
500440,ACC00140,2025-10,41903374.48,0.0075,26189.61,26177.45,2025-10-31,2025-11-05
500441,ACC00141,2025-10,162529038.42,0.006,81264.52,81340.62,2025-10-31,2025-11-03
500442,ACC00142,2025-10,192393992.47,0.0035,56114.91,56076.32,2025-10-31,2025-11-03
500443,ACC00143,2025-10,8862135.79,0.006,4431.07,4435.26,2025-10-31,2025-11-05
500444,ACC00144,2025-10,4672082.11,0.006,2336.04,2334.01,2025-10-31,2025-11-03
500445,ACC00145,2025-10,150717830.58,0.006,75358.92,75327.32,2025-10-31,2025-11-02
500446,ACC00146,2025-10,40839970.62,0.0075,25524.98,25515.63,2025-10-31,2025-11-07
500447,ACC00147,2025-10,129474927.24,0.0075,80921.83,80889.32,2025-10-31,2025-11-08
500448,ACC00148,2025-10,206641091.59,0.0045,77490.41,77516.06,2025-10-31,2025-11-07
500449,ACC00149,2025-10,129658238.53,0.0045,48621.84,48574.35,2025-10-31,2025-11-07
500450,ACC00150,2025-10,138746269.59,0.006,69373.13,69348.04,2025-10-31,2025-11-04
500451,ACC00151,2025-10,12217025.85,0.0045,4581.38,4582.02,2025-10-31,2025-11-02
500452,ACC00152,2025-10,143814021.61,0.0075,89883.76,89942.76,2025-10-31,2025-11-04
500453,ACC00153,2025-10,195867624.57,0.0035,57128.06,57129.1,2025-10-31,2025-11-07
500454,ACC00154,2025-10,183817004.48,0.006,91908.5,91964.56,2025-10-31,2025-11-04
500455,ACC00155,2025-10,170997947.58,0.0035,49874.4,49878.29,2025-10-31,2025-11-07
500456,ACC00156,2025-10,15575245.92,0.0045,5840.72,5843.43,2025-10-31,2025-11-03
500457,ACC00157,2025-10,41542877.24,0.006,20771.44,20782.25,2025-10-31,2025-11-02
500458,ACC00158,2025-10,78932788.1,0.006,39466.39,39433.06,2025-10-31,2025-11-04
500459,ACC00159,2025-10,195668383.07,0.0045,73375.64,73384.82,2025-10-31,2025-11-04
500460,ACC00160,2025-10,216719920.46,0.0075,135449.95,135394.73,2025-10-31,2025-11-07
500461,ACC00161,2025-10,142759997.82,0.0075,89225.0,89301.73,2025-10-31,2025-11-06
500462,ACC00162,2025-10,149707513.56,0.0035,43664.69,43694.53,2025-10-31,2025-11-05
500463,ACC00163,2025-10,85485120.98,0.006,42742.56,42741.88,2025-10-31,2025-11-02
500464,ACC00164,2025-10,249864449.6,0.0075,156165.28,156082.56,2025-10-31,2025-11-02
500465,ACC00165,2025-10,162585212.23,0.0035,47420.69,47414.29,2025-10-31,2025-11-02
500466,ACC00166,2025-10,96825297.02,0.0045,36309.49,36321.93,2025-10-31,2025-11-19
500467,ACC00167,2025-10,219969531.27,0.0035,64157.78,64120.12,2025-10-31,2025-11-02
500468,ACC00168,2025-10,12400853.49,0.0045,4650.32,4646.01,2025-10-31,2025-11-06
500469,ACC00169,2025-10,68870836.67,0.0035,20087.33,20087.38,2025-10-31,2025-11-08
500470,ACC00170,2025-10,171163225.94,0.0045,64186.21,64208.97,2025-10-31,2025-11-06
500471,ACC00171,2025-10,35390144.22,0.0075,22118.84,22097.24,2025-10-31,2025-11-03
500472,ACC00172,2025-10,237368423.7,0.0075,148355.26,148212.27,2025-10-31,2025-11-08
500473,ACC00173,2025-10,125774040.48,0.0035,36684.1,36686.18,2025-10-31,2025-11-02
500474,ACC00174,2025-10,134691253.03,0.0075,84182.03,84252.91,2025-10-31,2025-11-06
500475,ACC00175,2025-10,110920845.35,0.006,55460.42,55505.09,2025-10-31,2025-11-06
500476,ACC00176,2025-10,133303673.67,0.0045,49988.88,50005.88,2025-10-31,2025-11-05
500477,ACC00177,2025-10,195335220.57,0.0045,73250.71,73243.55,2025-10-31,2025-11-05
500478,ACC00178,2025-10,61809354.78,0.006,30904.68,30927.24,2025-10-31,2025-11-08
500479,ACC00179,2025-10,143747309.05,0.0035,41926.3,41921.03,2025-10-31,2025-11-08
500480,ACC00180,2025-10,191491519.19,0.0045,71809.32,71743.99,2025-10-31,2025-11-03
500481,ACC00181,2025-10,156675545.93,0.0075,97922.22,97880.78,2025-10-31,2025-11-08
500482,ACC00182,2025-10,231679103.43,0.0035,67573.07,67512.95,2025-10-31,2025-11-06
500483,ACC00183,2025-10,160587246.56,0.0035,46837.95,46794.92,2025-10-31,2025-11-21
500484,ACC00184,2025-10,68445813.3,0.0075,42778.63,42818.02,2025-10-31,2025-11-06
500485,ACC00185,2025-10,87591411.43,0.0035,25547.5,25541.28,2025-10-31,2025-11-03
500486,ACC00186,2025-10,191346369.09,0.0035,55809.36,55791.99,2025-10-31,2025-11-04
500487,ACC00187,2025-10,167764706.25,0.0045,62911.76,62887.77,2025-10-31,2025-11-04
500488,ACC00188,2025-10,198271658.61,0.0075,123919.79,123973.79,2025-10-31,2025-11-03
500489,ACC00189,2025-10,96763378.24,0.0035,28222.65,28197.97,2025-10-31,2025-11-04
500490,ACC00190,2025-10,92670444.21,0.006,46335.22,46355.13,2025-10-31,2025-11-06
500491,ACC00191,2025-10,206933321.88,0.0075,129333.33,129432.38,2025-10-31,2025-11-07
500492,ACC00192,2025-10,133223614.52,0.0075,83264.76,83326.11,2025-10-31,2025-11-05
500493,ACC00193,2025-10,47651015.36,0.0075,29781.88,29805.51,2025-10-31,2025-11-04
500494,ACC00194,2025-10,57761392.07,0.0075,36100.87,36075.84,2025-10-31,2025-11-06
500495,ACC00195,2025-10,120172160.95,0.0035,35050.21,35076.09,2025-10-31,2025-11-02
500496,ACC00196,2025-10,157285244.57,0.0035,45874.86,45874.13,2025-10-31,2025-11-06
500497,ACC00197,2025-10,23347965.0,0.0035,6809.82,6807.06,2025-10-31,2025-11-07
500498,ACC00198,2025-10,165819128.12,0.006,82909.56,82858.4,2025-10-31,2025-11-07
500499,ACC00199,2025-10,157800357.28,0.0045,59175.13,59191.6,2025-10-31,2025-11-02
500500,ACC00200,2025-10,20003085.88,0.006,10001.54,9995.77,2025-10-31,2025-11-16
500501,ACC00201,2025-10,180862661.61,0.0035,52751.61,52712.13,2025-10-31,2025-11-05
500502,ACC00202,2025-10,17950342.87,0.0035,5235.52,5235.11,2025-10-31,2025-11-04
500503,ACC00203,2025-10,92029877.31,0.006,46014.94,46010.95,2025-10-31,2025-11-07
500504,ACC00204,2025-10,237938813.01,0.006,118969.41,118897.15,2025-10-31,2025-11-08
500505,ACC00205,2025-10,18681702.6,0.0045,7005.64,7005.55,2025-10-31,2025-11-07
500506,ACC00206,2025-10,162456373.66,0.0035,47383.11,47400.28,2025-10-31,2025-11-06
500507,ACC00207,2025-10,47232097.23,0.0075,29520.06,29491.96,2025-10-31,2025-11-08
500508,ACC00208,2025-10,143858036.48,0.0045,53946.76,53995.87,2025-10-31,2025-11-07
500509,ACC00209,2025-10,80364311.85,0.0045,30136.62,33203.31,2025-10-31,2025-11-08
500510,ACC00210,2025-10,27072307.54,0.0035,7896.09,7889.24,2025-10-31,2025-11-08
500511,ACC00211,2025-10,3440972.04,0.0075,2150.61,2149.51,2025-10-31,2025-11-04
500512,ACC00212,2025-10,5251872.15,0.0075,3282.42,3283.39,2025-10-31,2025-11-03
500513,ACC00213,2025-10,15101850.98,0.0075,9438.66,9433.48,2025-10-31,2025-11-08
500514,ACC00214,2025-10,156505810.23,0.0045,58689.68,58656.36,2025-10-31,2025-11-07
500515,ACC00215,2025-10,231363729.76,0.0045,86761.4,86770.35,2025-10-31,2025-11-05
500516,ACC00216,2025-10,71265443.03,0.0035,20785.75,20793.12,2025-10-31,2025-11-02
500517,ACC00217,2025-10,17468070.73,0.006,8734.04,8732.53,2025-10-31,2025-11-04
500518,ACC00218,2025-10,36078745.8,0.0075,22549.22,22559.81,2025-10-31,2025-11-08
500519,ACC00219,2025-10,203140569.79,0.0045,76177.71,76121.94,2025-10-31,2025-11-08
500520,ACC00220,2025-10,49060795.51,0.0035,14309.4,14307.08,2025-10-31,2025-11-03
500521,ACC00221,2025-10,194103604.61,0.006,97051.8,97084.29,2025-10-31,2025-11-06
500522,ACC00222,2025-10,170562804.28,0.0035,49747.48,53352.77,2025-10-31,2025-11-02
500523,ACC00223,2025-10,165012541.66,0.006,82506.27,89489.94,2025-10-31,2025-11-08
500524,ACC00224,2025-10,163064235.35,0.0035,47560.4,47607.33,2025-10-31,2025-11-04
500525,ACC00225,2025-10,122791816.15,0.0075,76744.89,76671.79,2025-10-31,2025-11-16
500526,ACC00226,2025-10,77415184.88,0.0045,29030.69,29027.07,2025-10-31,2025-11-04
500527,ACC00227,2025-10,137155202.36,0.006,68577.6,68555.59,2025-10-31,2025-11-06
500528,ACC00228,2025-10,71267224.29,0.006,35633.61,35663.95,2025-10-31,2025-11-03
500529,ACC00229,2025-10,84548569.31,0.0035,24660.0,,2025-10-31,2025-11-02
500530,ACC00230,2025-10,240461550.84,0.0045,90173.08,90199.49,2025-10-31,2025-11-08
500531,ACC00231,2025-10,14334756.42,0.006,7167.38,7163.76,2025-10-31,2025-11-04
500532,ACC00232,2025-10,184887597.25,0.0035,53925.55,53877.81,2025-10-31,2025-11-06
500533,ACC00233,2025-10,41894039.95,0.006,20947.02,20965.36,2025-10-31,2025-11-04
500534,ACC00234,2025-10,240256076.34,0.0045,90096.03,90085.48,2025-10-31,2025-11-04
500535,ACC00235,2025-10,62847451.12,0.0045,23567.79,23588.06,2025-10-31,2025-11-07
500536,ACC00236,2025-10,46859170.12,0.006,23429.59,23447.33,2025-10-31,2025-11-08
500537,ACC00237,2025-10,178066182.87,0.006,89033.09,89081.79,2025-10-31,2025-11-07
500538,ACC00238,2025-10,54291166.75,0.0045,20359.19,20375.32,2025-10-31,2025-11-07
500539,ACC00239,2025-10,130613404.73,0.0075,81633.38,81695.32,2025-10-31,2025-11-08
500540,ACC00240,2025-10,174310802.01,0.0075,108944.25,108866.16,2025-10-31,2025-11-06
500541,ACC00241,2025-10,86210937.08,0.006,43105.47,43141.98,2025-10-31,2025-11-05
500542,ACC00242,2025-10,12602044.7,0.006,6301.02,6305.4,2025-10-31,2025-11-03
500543,ACC00243,2025-10,192224712.14,0.0035,56065.54,56095.7,2025-10-31,2025-11-08
500544,ACC00244,2025-10,204530804.84,0.0075,127831.75,127940.5,2025-10-31,2025-11-08
500545,ACC00245,2025-10,70330204.0,0.0075,43956.38,43955.4,2025-10-31,2025-11-06
500546,ACC00246,2025-10,212575715.02,0.0045,79715.89,79718.35,2025-10-31,2025-11-15
500547,ACC00247,2025-10,51005592.94,0.006,25502.8,25500.89,2025-10-31,2025-11-06
500548,ACC00248,2025-10,73255740.82,0.0035,21366.26,21347.38,2025-10-31,2025-11-03
500549,ACC00249,2025-10,18416342.85,0.006,9208.17,9213.56,2025-10-31,2025-11-07
500550,ACC00250,2025-10,96623335.38,0.0075,60389.58,66317.36,2025-10-31,2025-11-07
500551,ACC00251,2025-10,165897761.77,0.0045,62211.66,62257.9,2025-10-31,2025-11-11
500552,ACC00252,2025-10,66531274.26,0.0075,41582.05,41563.03,2025-10-31,2025-11-06
500553,ACC00253,2025-10,236144730.25,0.0075,147590.46,147631.47,2025-10-31,2025-11-05
500554,ACC00254,2025-10,20894135.39,0.0075,13058.83,13063.15,2025-10-31,2025-11-18
500555,ACC00255,2025-10,28191036.64,0.0075,17619.4,17608.3,2025-10-31,2025-11-07
500556,ACC00256,2025-10,28938476.03,0.006,14469.24,14477.06,2025-10-31,2025-11-05
500557,ACC00257,2025-10,5316468.92,0.0035,1550.64,1549.29,2025-10-31,2025-11-06
500558,ACC00258,2025-10,235199895.7,0.0035,68599.97,68624.74,2025-10-31,2025-11-03
500559,ACC00259,2025-10,13367698.28,0.0045,5012.89,5536.39,2025-10-31,2025-11-05
500560,ACC00260,2025-10,60831971.22,0.0075,38019.98,38035.03,2025-10-31,2025-11-05
500561,ACC00261,2025-10,96485688.39,0.0075,60303.56,60308.55,2025-10-31,2025-11-08
500562,ACC00262,2025-10,154661442.14,0.0045,57998.04,57983.33,2025-10-31,2025-11-05
500563,ACC00263,2025-10,39279237.94,0.006,19639.62,19648.99,2025-10-31,2025-11-04
500564,ACC00264,2025-10,94029837.91,0.0045,35261.19,35258.71,2025-10-31,2025-11-02
500565,ACC00265,2025-10,249150656.34,0.006,124575.33,124594.23,2025-10-31,2025-11-15
500566,ACC00266,2025-10,212390096.49,0.0075,132743.81,132796.48,2025-10-31,2025-11-04
500567,ACC00267,2025-10,202601301.4,0.0075,126625.81,126507.25,2025-10-31,2025-11-02
500568,ACC00268,2025-10,61208583.46,0.0045,22953.22,22950.49,2025-10-31,2025-11-05
500569,ACC00269,2025-10,93102953.72,0.0035,27155.03,27155.15,2025-10-31,2025-11-07
500570,ACC00270,2025-10,38411474.46,0.0075,24007.17,24030.44,2025-10-31,2025-11-08
500571,ACC00271,2025-10,58722433.1,0.0045,22020.91,22030.46,2025-10-31,2025-11-06
500572,ACC00272,2025-10,125555938.31,0.0035,36620.48,36625.75,2025-10-31,2025-11-06
500573,ACC00273,2025-10,77040716.44,0.0045,28890.27,28863.99,2025-10-31,2025-11-02
500574,ACC00274,2025-10,125031505.86,0.0075,78144.69,78106.7,2025-10-31,2025-11-06
500575,ACC00275,2025-10,234227484.74,0.0035,68316.35,68329.1,2025-10-31,2025-11-04
500576,ACC00276,2025-10,134516305.88,0.006,67258.15,67298.49,2025-10-31,2025-11-06
500577,ACC00277,2025-10,105990968.63,0.0075,66244.36,66217.01,2025-10-31,2025-11-06
500578,ACC00278,2025-10,2809052.21,0.0035,819.31,819.82,2025-10-31,2025-11-07
500579,ACC00279,2025-10,212198991.08,0.006,106099.5,106159.33,2025-10-31,2025-11-08
500580,ACC00280,2025-10,78379931.4,0.0035,22860.81,22861.17,2025-10-31,2025-11-05
500581,ACC00281,2025-10,18337772.65,0.0075,11461.11,11458.42,2025-10-31,2025-11-05
500582,ACC00282,2025-10,111074096.99,0.0075,69421.31,69363.0,2025-10-31,2025-11-03
500583,ACC00283,2025-10,197377951.55,0.0035,57568.57,57580.6,2025-10-31,2025-11-03
500584,ACC00284,2025-10,87613297.08,0.0045,32854.99,32842.38,2025-10-31,2025-11-02
500585,ACC00285,2025-10,193183046.68,0.0035,56345.06,56334.17,2025-10-31,2025-11-06
500586,ACC00286,2025-10,33888273.5,0.0075,21180.17,21169.28,2025-10-31,2025-11-07
500587,ACC00287,2025-10,171340124.74,0.006,85670.06,85725.11,2025-10-31,2025-11-13
500588,ACC00288,2025-10,188314793.87,0.0035,54925.15,54923.48,2025-10-31,2025-11-07
500589,ACC00289,2025-10,60347083.69,0.0035,17601.23,17595.87,2025-10-31,2025-11-08
500590,ACC00290,2025-10,83996380.75,0.0035,24498.94,24502.69,2025-10-31,2025-11-15
500591,ACC00291,2025-10,69747124.68,0.0035,20342.91,20348.31,2025-10-31,2025-11-07
500592,ACC00292,2025-10,180107162.15,0.0045,67540.19,67606.9,2025-10-31,2025-11-06
500593,ACC00293,2025-10,88703505.41,0.006,44351.75,46782.94,2025-10-31,2025-11-02
500594,ACC00294,2025-10,30309079.25,0.0045,11365.9,11360.65,2025-10-31,2025-11-06
500595,ACC00295,2025-10,101937832.4,0.0035,29731.87,29736.1,2025-10-31,2025-11-03
500596,ACC00296,2025-10,177311576.03,0.0075,110819.74,110776.69,2025-10-31,2025-11-05
500597,ACC00297,2025-10,164663054.33,0.0035,48026.72,48064.77,2025-10-31,2025-11-07
500598,ACC00298,2025-10,237694206.24,0.0045,89135.33,89165.98,2025-10-31,2025-11-03
500599,ACC00299,2025-10,34546513.7,0.0075,21591.57,21598.03,2025-10-31,2025-11-05
500600,ACC00300,2025-10,33978459.67,0.0035,9910.38,9909.48,2025-10-31,2025-11-08
500601,ACC00001,2025-11,209678573.97,0.0045,78629.47,78684.66,2025-11-30,2025-12-07
500602,ACC00002,2025-11,152038161.01,0.006,76019.08,76043.9,2025-11-30,2025-12-04
500603,ACC00003,2025-11,34256234.59,0.0045,12846.09,12839.17,2025-11-30,2025-12-08
500604,ACC00004,2025-11,105629730.25,0.0045,39611.15,39645.76,2025-11-30,2025-12-03
500605,ACC00005,2025-11,73141034.43,0.0045,27427.89,27451.24,2025-11-30,2025-12-02
500606,ACC00006,2025-11,82828175.37,0.006,41414.09,41433.43,2025-11-30,2025-12-12
500607,ACC00007,2025-11,46976547.18,0.0075,29360.34,29359.97,2025-11-30,2025-12-14
500608,ACC00008,2025-11,121909641.6,0.006,60954.82,60944.81,2025-11-30,2025-12-04
500609,ACC00009,2025-11,124843548.93,0.0075,78027.22,78105.02,2025-11-30,2025-12-07
500610,ACC00010,2025-11,180188902.52,0.006,90094.45,90178.11,2025-11-30,2025-12-04
500611,ACC00011,2025-11,106774633.8,0.0045,40040.49,40038.21,2025-11-30,2025-12-03
500612,ACC00012,2025-11,136759158.34,0.0075,85474.47,85523.15,2025-11-30,2025-12-02
500613,ACC00013,2025-11,155046831.36,0.0075,96904.27,96992.22,2025-11-30,2025-12-08
500614,ACC00014,2025-11,58363948.79,0.0075,36477.47,36458.4,2025-11-30,2025-12-05
500615,ACC00015,2025-11,39842347.27,0.0035,11620.68,11624.34,2025-11-30,2025-12-18
500616,ACC00016,2025-11,176201898.38,0.0045,66075.71,66088.29,2025-11-30,2025-12-04
500617,ACC00017,2025-11,202395955.97,0.0075,126497.47,126392.47,2025-11-30,2025-12-06
500618,ACC00018,2025-11,19745070.68,0.0075,12340.67,12330.61,2025-11-30,2025-12-08
500619,ACC00019,2025-11,116300745.37,0.0045,43612.78,43654.95,2025-11-30,2025-12-20
500620,ACC00020,2025-11,37862512.39,0.0075,23664.07,23642.24,2025-11-30,2025-12-07
500621,ACC00021,2025-11,90300460.62,0.0075,56437.79,56419.51,2025-11-30,2025-12-03
500622,ACC00022,2025-11,137517910.24,0.0045,51569.22,51585.13,2025-11-30,2025-12-08
500623,ACC00023,2025-11,57512816.27,0.0075,35945.51,35924.12,2025-11-30,2025-12-20
500624,ACC00024,2025-11,209598306.44,0.0075,130998.94,130908.95,2025-11-30,2025-12-06
500625,ACC00025,2025-11,161388827.12,0.006,80694.41,80770.17,2025-11-30,2025-12-06
500626,ACC00026,2025-11,84524090.81,0.0035,24652.86,24663.19,2025-11-30,2025-12-05
500627,ACC00027,2025-11,144572171.52,0.006,72286.09,72276.88,2025-11-30,2025-12-03
500628,ACC00028,2025-11,57505549.65,0.0035,16772.45,16761.27,2025-11-30,2025-12-03
500629,ACC00029,2025-11,58767725.63,0.0035,17140.59,17154.87,2025-11-30,2025-12-07
500630,ACC00030,2025-11,7300033.76,0.0045,2737.51,2739.29,2025-11-30,2025-12-05
500631,ACC00031,2025-11,189463204.86,0.006,94731.6,94653.57,2025-11-30,2025-12-06
500632,ACC00032,2025-11,101341973.24,0.0075,63338.73,63382.37,2025-11-30,2025-12-06
500633,ACC00033,2025-11,168902314.41,0.0035,49263.18,49311.73,2025-11-30,2025-12-06
500634,ACC00034,2025-11,89422734.41,0.0075,55889.21,55932.86,2025-11-30,2025-12-02
500635,ACC00035,2025-11,29466946.43,0.0045,11050.1,11048.23,2025-11-30,2025-12-06
500636,ACC00036,2025-11,201004836.51,0.0075,125628.02,125688.47,2025-11-30,2025-12-05
500637,ACC00037,2025-11,223741344.89,0.006,111870.67,111931.97,2025-11-30,2025-12-03
500638,ACC00038,2025-11,58689710.97,0.0035,17117.83,17122.27,2025-11-30,2025-12-12
500639,ACC00039,2025-11,64704184.77,0.006,32352.09,32358.65,2025-11-30,2025-12-02
500640,ACC00040,2025-11,88727664.67,0.0045,33272.87,33295.29,2025-11-30,2025-12-04
500641,ACC00041,2025-11,84607049.88,0.0035,24677.06,24654.44,2025-11-30,2025-12-05
500642,ACC00042,2025-11,57437306.49,0.0045,21538.99,21539.87,2025-11-30,2025-12-16
500643,ACC00043,2025-11,213942950.94,0.006,106971.48,107055.78,2025-11-30,2025-12-05
500644,ACC00044,2025-11,107619768.04,0.006,53809.88,53851.85,2025-11-30,2025-12-06
500645,ACC00045,2025-11,146313270.97,0.0035,42674.7,42696.58,2025-11-30,2025-12-06
500646,ACC00046,2025-11,229534510.87,0.0075,143459.07,143364.46,2025-11-30,2025-12-02
500647,ACC00047,2025-11,23893529.95,0.0075,14933.46,14929.09,2025-11-30,2025-12-07
500648,ACC00048,2025-11,215198028.15,0.006,107599.01,107516.18,2025-11-30,2025-12-08
500649,ACC00049,2025-11,50143787.02,0.006,25071.89,25067.9,2025-11-30,2025-12-07
500650,ACC00050,2025-11,191418570.9,0.0045,71781.96,71849.17,2025-11-30,2025-12-03
500651,ACC00051,2025-11,180794023.6,0.0045,67797.76,67788.19,2025-11-30,2025-12-17
500652,ACC00052,2025-11,88589202.31,0.006,44294.6,44251.93,2025-11-30,2025-12-08
500653,ACC00053,2025-11,221312326.43,0.0075,138320.2,138250.64,2025-11-30,2025-12-04
500654,ACC00054,2025-11,171059085.93,0.0035,49892.23,49846.06,2025-11-30,2025-12-05
500655,ACC00055,2025-11,70424021.22,0.0075,44015.01,43977.93,2025-11-30,2025-12-06
500656,ACC00056,2025-11,24082928.35,0.0045,9031.1,9029.9,2025-11-30,2025-12-02
500657,ACC00057,2025-11,221139085.61,0.006,110569.54,110496.49,2025-11-30,2025-12-02
500658,ACC00058,2025-11,161864865.07,0.006,80932.43,80886.77,2025-11-30,2025-12-02
500659,ACC00059,2025-11,44084925.21,0.0045,16531.85,16526.4,2025-11-30,2025-12-06
500660,ACC00060,2025-11,64371338.66,0.0035,18774.97,18761.24,2025-11-30,2025-12-07
500661,ACC00061,2025-11,58644959.68,0.0045,21991.86,22013.3,2025-11-30,2025-12-04
500662,ACC00062,2025-11,37232126.27,0.006,18616.06,18621.42,2025-11-30,2025-12-03
500663,ACC00063,2025-11,204649097.47,0.006,102324.55,102284.21,2025-11-30,2025-12-17
500664,ACC00064,2025-11,127569258.29,0.0045,47838.47,47867.15,2025-11-30,2025-12-05
500665,ACC00065,2025-11,179990451.6,0.006,89995.23,89905.38,2025-11-30,2025-12-13
500666,ACC00066,2025-11,39827177.18,0.0075,24891.99,24878.77,2025-11-30,2025-12-02
500667,ACC00067,2025-11,139638533.07,0.0045,52364.45,52332.3,2025-11-30,2025-12-08
500668,ACC00068,2025-11,35499185.83,0.006,17749.59,17759.83,2025-11-30,2025-12-05
500669,ACC00069,2025-11,34324067.14,0.0035,10011.19,10015.08,2025-11-30,2025-12-16
500670,ACC00070,2025-11,144911659.24,0.0035,42265.9,42227.09,2025-11-30,2025-12-07
500671,ACC00071,2025-11,38760207.86,0.0075,24225.13,24223.75,2025-11-30,2025-12-07
500672,ACC00072,2025-11,20940461.42,0.0075,13087.79,13094.9,2025-11-30,2025-12-06
500673,ACC00073,2025-11,84791686.69,0.0045,31796.88,31794.6,2025-11-30,2025-12-08
500674,ACC00074,2025-11,190456430.84,0.0075,119035.27,119085.87,2025-11-30,2025-12-08
500675,ACC00075,2025-11,184915924.6,0.0035,53933.81,53966.46,2025-11-30,2025-12-08
500676,ACC00076,2025-11,225288964.59,0.006,112644.48,112725.85,2025-11-30,2025-12-06
500677,ACC00077,2025-11,137823354.15,0.0075,86139.6,86184.74,2025-11-30,2025-12-03
500678,ACC00078,2025-11,239044202.62,0.0075,149402.63,149369.66,2025-11-30,2025-12-02
500679,ACC00079,2025-11,213856208.33,0.0045,80196.08,82612.13,2025-11-30,2025-12-02
500680,ACC00080,2025-11,220820338.72,0.0045,82807.63,82727.98,2025-11-30,2025-12-08
500681,ACC00081,2025-11,248767775.26,0.0075,155479.86,155351.64,2025-11-30,2025-12-04
500682,ACC00082,2025-11,103949586.9,0.0035,30318.63,30334.97,2025-11-30,2025-12-05
500683,ACC00083,2025-11,235259462.27,0.0045,88222.3,88301.76,2025-11-30,2025-12-03
500684,ACC00084,2025-11,51968682.78,0.0075,32480.43,32461.17,2025-11-30,2025-12-03
500685,ACC00085,2025-11,248367565.82,0.0035,72440.54,72369.3,2025-11-30,2025-12-05
500686,ACC00086,2025-11,95206204.7,0.0035,27768.48,27742.99,2025-11-30,2025-12-11
500687,ACC00087,2025-11,196380662.98,0.0075,122737.91,122691.98,2025-11-30,2025-12-04
500688,ACC00088,2025-11,245016534.79,0.0075,153135.33,153240.07,2025-11-30,2025-12-04
500689,ACC00089,2025-11,65595532.74,0.006,32797.77,32774.18,2025-11-30,2025-12-07
500690,ACC00090,2025-11,111586023.13,0.006,55793.01,55767.25,2025-11-30,2025-12-02
500691,ACC00091,2025-11,236328875.32,0.0035,68929.26,68892.01,2025-11-30,2025-12-08
500692,ACC00092,2025-11,138334459.58,0.006,69167.23,69129.35,2025-11-30,2025-12-07
500693,ACC00093,2025-11,63608971.46,0.0075,39755.61,39775.22,2025-11-30,2025-12-05
500694,ACC00094,2025-11,164257776.79,0.0035,47908.52,47890.95,2025-11-30,2025-12-02
500695,ACC00095,2025-11,118498002.46,0.0075,74061.25,74087.32,2025-11-30,2025-12-08
500696,ACC00096,2025-11,207536045.82,0.0045,77826.02,77828.73,2025-11-30,2025-12-06
500697,ACC00097,2025-11,156119418.75,0.0075,97574.64,97665.08,2025-11-30,2025-12-07
500698,ACC00098,2025-11,18702415.23,0.0035,5454.87,5456.42,2025-11-30,2025-12-08
500699,ACC00099,2025-11,201552090.02,0.0075,125970.06,125895.38,2025-11-30,2025-12-05
500700,ACC00100,2025-11,173027254.7,0.006,86513.63,86570.75,2025-11-30,2025-12-05
500701,ACC00101,2025-11,197431745.11,0.0045,74036.9,73969.97,2025-11-30,2025-12-06
500702,ACC00102,2025-11,134429911.79,0.0045,50411.22,50379.49,2025-11-30,2025-12-07
500703,ACC00103,2025-11,240561301.56,0.0045,90210.49,90158.59,2025-11-30,2025-12-04
500704,ACC00104,2025-11,215551313.36,0.0075,134719.57,134751.83,2025-11-30,2025-12-03
500705,ACC00105,2025-11,98828538.18,0.0035,28824.99,28849.15,2025-11-30,2025-12-07
500706,ACC00106,2025-11,245650190.52,0.0035,71647.97,71710.72,2025-11-30,2025-12-04
500707,ACC00107,2025-11,159667478.85,0.0035,46569.68,46579.25,2025-11-30,2025-12-04
500708,ACC00108,2025-11,145249125.39,0.0035,42364.33,42366.61,2025-11-30,2025-12-08
500709,ACC00109,2025-11,57195564.27,0.0045,21448.34,21434.19,2025-11-30,2025-12-05
500710,ACC00110,2025-11,89911130.82,0.006,44955.57,44946.14,2025-11-30,2025-12-06
500711,ACC00111,2025-11,152466994.55,0.006,76233.5,76206.36,2025-11-30,2025-12-07
500712,ACC00112,2025-11,101916729.63,0.0075,63697.96,63671.6,2025-11-30,2025-12-08
500713,ACC00113,2025-11,127373598.19,0.006,63686.8,63724.43,2025-11-30,2025-12-04
500714,ACC00114,2025-11,237591540.77,0.0075,148494.71,148432.65,2025-11-30,2025-12-08
500715,ACC00115,2025-11,60335205.94,0.0035,17597.77,17582.82,2025-11-30,2025-12-07
500716,ACC00116,2025-11,88656593.91,0.0075,55410.37,55430.68,2025-11-30,2025-12-04
500717,ACC00117,2025-11,167232015.48,0.006,83616.01,83657.49,2025-11-30,2025-12-06
500718,ACC00118,2025-11,204747437.44,0.006,102373.72,102400.6,2025-11-30,2025-12-02
500719,ACC00119,2025-11,4254081.75,0.006,2127.04,2127.44,2025-11-30,2025-12-05
500720,ACC00120,2025-11,23183954.92,0.0045,8693.98,8702.04,2025-11-30,2025-12-04
500721,ACC00121,2025-11,218006869.85,0.0075,136254.29,136327.91,2025-11-30,2025-12-02
500722,ACC00122,2025-11,145537406.87,0.0045,54576.53,54612.95,2025-11-30,2025-12-08
500723,ACC00123,2025-11,113469245.42,0.0075,70918.28,79739.15,2025-11-30,2025-12-07
500724,ACC00124,2025-11,10559662.97,0.0035,3079.9,3082.14,2025-11-30,2025-12-08
500725,ACC00125,2025-11,206014849.71,0.0045,77255.57,77275.55,2025-11-30,2025-12-07
500726,ACC00126,2025-11,231310427.93,0.0075,144569.02,144473.05,2025-11-30,2025-12-04
500727,ACC00127,2025-11,216401155.9,0.0075,135250.72,135346.94,2025-11-30,2025-12-05
500728,ACC00128,2025-11,12637819.88,0.0045,4739.18,4736.85,2025-11-30,2025-12-08
500729,ACC00129,2025-11,45088267.35,0.0045,16908.1,16920.94,2025-11-30,2025-12-03
500730,ACC00130,2025-11,248226604.74,0.0075,155141.63,155092.44,2025-11-30,2025-12-05
500731,ACC00131,2025-11,28867256.61,0.0075,18042.04,18058.71,2025-11-30,2025-12-07
500732,ACC00132,2025-11,63800539.17,0.0045,23925.2,23920.08,2025-11-30,2025-12-05
500733,ACC00133,2025-11,166121964.42,0.0035,48452.24,48488.15,2025-11-30,2025-12-03
500734,ACC00134,2025-11,152252191.88,0.006,76126.1,76074.99,2025-11-30,2025-12-05
500735,ACC00135,2025-11,164322451.51,0.0045,61620.92,61594.51,2025-11-30,2025-12-03
500736,ACC00136,2025-11,113824971.75,0.0035,33198.95,33186.33,2025-11-30,2025-12-04
500737,ACC00137,2025-11,225666899.03,0.0045,84625.09,84629.4,2025-11-30,2025-12-07
500738,ACC00138,2025-11,60046373.43,0.006,30023.19,30032.17,2025-11-30,2025-12-04
500739,ACC00139,2025-11,185388182.51,0.0035,54071.55,54072.48,2025-11-30,2025-12-02
500740,ACC00140,2025-11,42935485.98,0.0045,16100.81,16094.73,2025-11-30,2025-12-07
500741,ACC00141,2025-11,224396679.67,0.0035,65449.03,65385.19,2025-11-30,2025-12-04
500742,ACC00142,2025-11,74473519.88,0.006,37236.76,37269.65,2025-11-30,2025-12-12
500743,ACC00143,2025-11,120013752.8,0.006,60006.88,60052.61,2025-11-30,2025-12-20
500744,ACC00144,2025-11,170153300.59,0.0035,49628.05,49666.22,2025-11-30,2025-12-03
500745,ACC00145,2025-11,53261015.48,0.0075,33288.13,33311.48,2025-11-30,2025-12-08
500746,ACC00146,2025-11,32304949.06,0.0035,9422.28,9427.77,2025-11-30,2025-12-08
500747,ACC00147,2025-11,22825978.0,0.006,11412.99,11413.39,2025-11-30,2025-12-04
500748,ACC00148,2025-11,30227823.91,0.0045,11335.43,11337.19,2025-11-30,2025-12-03
500749,ACC00149,2025-11,84019464.97,0.0035,24505.68,24487.22,2025-11-30,2025-12-07
500750,ACC00150,2025-11,9031886.63,0.0035,2634.3,2633.22,2025-11-30,2025-12-05
500751,ACC00151,2025-11,160524246.5,0.006,80262.12,80320.76,2025-11-30,2025-12-05
500752,ACC00152,2025-11,192627666.43,0.0075,120392.29,120435.48,2025-11-30,2025-12-03
500753,ACC00153,2025-11,105349239.27,0.0075,65843.27,65822.98,2025-11-30,2025-12-05
500754,ACC00154,2025-11,50889062.41,0.0075,31805.66,31782.6,2025-11-30,2025-12-08
500755,ACC00155,2025-11,15263225.58,0.0075,9539.52,9545.56,2025-11-30,2025-12-08
500756,ACC00156,2025-11,144154582.1,0.0075,90096.61,90018.53,2025-11-30,2025-12-02
500757,ACC00157,2025-11,174847324.16,0.0035,50997.14,50989.32,2025-11-30,2025-12-04
500758,ACC00158,2025-11,237914703.51,0.0045,89218.01,89242.21,2025-11-30,2025-12-04
500759,ACC00159,2025-11,146070309.63,0.0035,42603.84,42600.31,2025-11-30,2025-12-02
500760,ACC00160,2025-11,205754274.66,0.0035,60011.66,59989.59,2025-11-30,2025-12-04
500761,ACC00161,2025-11,105208730.25,0.0075,65755.46,65774.88,2025-11-30,2025-12-06
500762,ACC00162,2025-11,57118950.25,0.0045,21419.61,21410.27,2025-11-30,2025-12-05
500763,ACC00163,2025-11,152104996.88,0.006,76052.5,76110.68,2025-11-30,2025-12-06
500764,ACC00164,2025-11,147506156.51,0.0075,92191.35,92234.56,2025-11-30,2025-12-03
500765,ACC00165,2025-11,120042378.69,0.0075,75026.49,75006.64,2025-11-30,2025-12-08
500766,ACC00166,2025-11,78823590.37,0.0045,29558.85,29561.96,2025-11-30,2025-12-07
500767,ACC00167,2025-11,32870278.99,0.0075,20543.92,20541.06,2025-11-30,2025-12-06
500768,ACC00168,2025-11,183300649.34,0.006,91650.32,91574.57,2025-11-30,2025-12-03
500769,ACC00169,2025-11,181144533.1,0.0035,52833.82,52809.88,2025-11-30,2025-12-08
500770,ACC00170,2025-11,222772237.89,0.006,111386.12,111457.3,2025-11-30,2025-12-05
500771,ACC00171,2025-11,24564364.98,0.0045,9211.64,9217.51,2025-11-30,2025-12-06
500772,ACC00172,2025-11,134178414.99,0.006,67089.21,67022.73,2025-11-30,2025-12-08
500773,ACC00173,2025-11,116437701.63,0.0035,33961.0,33952.81,2025-11-30,2025-12-05
500774,ACC00174,2025-11,101012250.96,0.0045,37879.59,37900.72,2025-11-30,2025-12-08
500775,ACC00175,2025-11,248761451.18,0.0045,93285.54,93211.64,2025-11-30,2025-12-07
500776,ACC00176,2025-11,28233738.63,0.0035,8234.84,8240.63,2025-11-30,2025-12-18
500777,ACC00177,2025-11,169712479.57,0.0035,49499.47,49492.3,2025-11-30,2025-12-04
500778,ACC00178,2025-11,93748212.59,0.0045,35155.58,35145.7,2025-11-30,2025-12-07
500779,ACC00179,2025-11,4473099.11,0.006,2236.55,2234.89,2025-11-30,2025-12-05
500780,ACC00180,2025-11,228598197.52,0.0045,85724.32,85741.05,2025-11-30,2025-12-07
500781,ACC00181,2025-11,153157436.7,0.0075,95723.4,102829.48,2025-11-30,2025-12-02
500782,ACC00182,2025-11,145384247.56,0.0045,54519.09,54521.13,2025-11-30,2025-12-07
500783,ACC00183,2025-11,133246231.97,0.0035,38863.48,38863.09,2025-11-30,2025-12-02
500784,ACC00184,2025-11,136065237.39,0.0075,85040.77,85018.68,2025-11-30,2025-12-06
500785,ACC00185,2025-11,79164302.07,0.0075,49477.69,49432.66,2025-11-30,2025-12-03
500786,ACC00186,2025-11,91054847.54,0.0075,56909.28,56916.17,2025-11-30,2025-12-02
500787,ACC00187,2025-11,63404118.3,0.0045,23776.54,23787.53,2025-11-30,2025-12-05
500788,ACC00188,2025-11,17588894.44,0.0075,10993.06,10998.18,2025-11-30,2025-12-04
500789,ACC00189,2025-11,49975884.13,0.0045,18740.96,18724.94,2025-11-30,2025-12-05
500790,ACC00190,2025-11,70366214.46,0.006,35183.11,35163.54,2025-11-30,2025-12-02
500791,ACC00191,2025-11,40871925.89,0.006,20435.96,20440.89,2025-11-30,2025-12-08
500792,ACC00192,2025-11,103378341.01,0.0075,64611.46,64572.85,2025-11-30,2025-12-05
500793,ACC00193,2025-11,144460271.24,0.0045,54172.6,54208.52,2025-11-30,2025-12-03
500794,ACC00194,2025-11,78896920.04,0.0045,29586.35,29570.77,2025-11-30,2025-12-08
500795,ACC00195,2025-11,248432323.34,0.0045,93162.12,93148.3,2025-11-30,2025-12-08
500796,ACC00196,2025-11,154777738.4,0.0075,96736.09,96794.27,2025-11-30,2025-12-05
500797,ACC00197,2025-11,50595194.14,0.0075,31622.0,31650.65,2025-11-30,2025-12-05
500798,ACC00198,2025-11,158859908.25,0.0075,99287.44,99290.17,2025-11-30,2025-12-06
500799,ACC00199,2025-11,227990680.94,0.0045,85496.51,85552.23,2025-11-30,2025-12-02
500800,ACC00200,2025-11,158813872.77,0.0045,59555.2,59578.05,2025-11-30,2025-12-04
500801,ACC00201,2025-11,209198938.61,0.0075,130749.34,130847.45,2025-11-30,2025-12-05
500802,ACC00202,2025-11,28309468.27,0.006,14154.73,14164.59,2025-11-30,2025-12-07
500803,ACC00203,2025-11,238702894.14,0.006,119351.45,119300.05,2025-11-30,2025-12-06
500804,ACC00204,2025-11,161827121.95,0.0035,47199.58,47227.96,2025-11-30,2025-12-07
500805,ACC00205,2025-11,162965776.26,0.0035,47531.68,47520.94,2025-11-30,2025-12-03
500806,ACC00206,2025-11,45454087.99,0.0075,28408.8,28430.39,2025-11-30,2025-12-08
500807,ACC00207,2025-11,94398707.48,0.0035,27532.96,27514.27,2025-11-30,2025-12-08
500808,ACC00208,2025-11,179524811.68,0.006,89762.41,89763.47,2025-11-30,2025-12-03
500809,ACC00209,2025-11,99615348.01,0.0075,62259.59,62270.16,2025-11-30,2025-12-07
500810,ACC00210,2025-11,100054397.69,0.0075,62534.0,62556.16,2025-11-30,2025-12-04
500811,ACC00211,2025-11,79578162.99,0.0075,49736.35,49730.67,2025-11-30,2025-12-07
500812,ACC00212,2025-11,75877848.15,0.0045,28454.19,28458.71,2025-11-30,2025-12-02
500813,ACC00213,2025-11,122667829.11,0.006,61333.91,61350.57,2025-11-30,2025-12-03
500814,ACC00214,2025-11,34168558.48,0.0045,12813.21,12808.61,2025-11-30,2025-12-03
500815,ACC00215,2025-11,53803850.8,0.006,26901.93,26908.22,2025-11-30,2025-12-04
500816,ACC00216,2025-11,195868181.03,0.0035,57128.22,57141.47,2025-11-30,2025-12-02
500817,ACC00217,2025-11,116078481.66,0.0075,72549.05,72489.83,2025-11-30,2025-12-08
500818,ACC00218,2025-11,80212464.87,0.0075,50132.79,50168.64,2025-11-30,2025-12-03
500819,ACC00219,2025-11,106311344.82,0.006,53155.67,53158.03,2025-11-30,2025-12-05
500820,ACC00220,2025-11,100596073.57,0.0035,29340.52,29364.56,2025-11-30,2025-12-02
500821,ACC00221,2025-11,221795721.2,0.006,110897.86,110801.61,2025-11-30,2025-12-05
500822,ACC00222,2025-11,135244148.66,0.0045,50716.56,50732.25,2025-11-30,2025-12-05
500823,ACC00223,2025-11,140909366.8,0.0045,52841.01,52880.21,2025-11-30,2025-12-07
500824,ACC00224,2025-11,95571385.51,0.0075,59732.12,59723.09,2025-11-30,2025-12-07
500825,ACC00225,2025-11,238119536.74,0.0045,89294.83,,2025-11-30,2025-12-04
500826,ACC00226,2025-11,249981216.84,0.0045,93742.96,93751.27,2025-11-30,2025-12-08
500827,ACC00227,2025-11,159974999.63,0.0035,46659.37,46650.91,2025-11-30,2025-12-02
500828,ACC00228,2025-11,6783021.67,0.0035,1978.38,1978.92,2025-11-30,2025-12-03
500829,ACC00229,2025-11,184605929.05,0.006,92302.96,92390.7,2025-11-30,2025-12-07
500830,ACC00230,2025-11,66615305.91,0.0075,41634.57,41644.42,2025-11-30,2025-12-08
500831,ACC00231,2025-11,79856642.17,0.0045,29946.24,29952.36,2025-11-30,2025-12-04
500832,ACC00232,2025-11,81051063.02,0.0075,50656.91,50659.49,2025-11-30,2025-12-13
500833,ACC00233,2025-11,53870680.78,0.006,26935.34,26935.71,2025-11-30,2025-12-02
500834,ACC00234,2025-11,172848698.65,0.0035,50414.2,50452.71,2025-11-30,2025-12-04
500835,ACC00235,2025-11,160900049.18,0.0035,46929.18,46885.06,2025-11-30,2025-12-02
500836,ACC00236,2025-11,39679023.82,0.0075,24799.39,24821.71,2025-11-30,2025-12-04
500837,ACC00237,2025-11,80031756.08,0.0075,50019.85,50026.21,2025-11-30,2025-12-02
500838,ACC00238,2025-11,8191688.95,0.006,4095.84,4093.15,2025-11-30,2025-12-05
500839,ACC00239,2025-11,14827880.1,0.0035,4324.8,4322.68,2025-11-30,2025-12-02
500840,ACC00240,2025-11,118841517.85,0.0075,74275.95,74204.87,2025-11-30,2025-12-07
500841,ACC00241,2025-11,198248672.14,0.0075,123905.42,123794.6,2025-11-30,2025-12-03
500842,ACC00242,2025-11,110551233.92,0.006,55275.62,55283.94,2025-11-30,2025-12-05
500843,ACC00243,2025-11,242429288.81,0.0045,90910.98,90919.2,2025-11-30,2025-12-08
500844,ACC00244,2025-11,240987593.99,0.006,120493.8,120591.77,2025-11-30,2025-12-07
500845,ACC00245,2025-11,8125336.16,0.006,4062.67,4063.13,2025-11-30,2025-12-08
500846,ACC00246,2025-11,110038774.26,0.0075,68774.23,68715.06,2025-11-30,2025-12-03
500847,ACC00247,2025-11,100349821.92,0.0035,29268.7,29269.56,2025-11-30,2025-12-08
500848,ACC00248,2025-11,52228827.46,0.0045,19585.81,19595.72,2025-11-30,2025-12-03
500849,ACC00249,2025-11,85933814.04,0.006,42966.91,42962.04,2025-11-30,2025-12-06
500850,ACC00250,2025-11,48054352.67,0.0045,18020.38,18007.38,2025-11-30,2025-12-03
500851,ACC00251,2025-11,173416587.75,0.006,86708.29,86627.46,2025-11-30,2025-12-03
500852,ACC00252,2025-11,248435399.21,0.0035,72460.32,72388.75,2025-11-30,2025-12-03
500853,ACC00253,2025-11,79047162.24,0.0035,23055.42,23046.4,2025-11-30,2025-12-04
500854,ACC00254,2025-11,84952474.69,0.0035,24777.81,24779.35,2025-11-30,2025-12-08
500855,ACC00255,2025-11,141099585.1,0.0045,52912.34,52859.49,2025-11-30,2025-12-06
500856,ACC00256,2025-11,237287049.11,0.0045,88982.64,88970.68,2025-11-30,2025-12-07
500857,ACC00257,2025-11,174460545.32,0.0075,109037.84,108966.95,2025-11-30,2025-12-06
500858,ACC00258,2025-11,188452951.31,0.006,94226.48,94198.27,2025-11-30,2025-12-05
500859,ACC00259,2025-11,156407805.56,0.0075,97754.88,97740.63,2025-11-30,2025-12-07
500860,ACC00260,2025-11,103527776.21,0.0045,38822.92,38843.8,2025-11-30,2025-12-06
500861,ACC00261,2025-11,146215259.39,0.0075,91384.54,91431.62,2025-11-30,2025-12-04
500862,ACC00262,2025-11,242420179.8,0.0075,151512.61,151607.11,2025-11-30,2025-12-05
500863,ACC00263,2025-11,217848178.26,0.0045,81693.07,81670.0,2025-11-30,2025-12-04
500864,ACC00264,2025-11,38907451.8,0.006,19453.73,19442.71,2025-11-30,2025-12-03
500865,ACC00265,2025-11,91987007.83,0.0045,34495.13,34520.9,2025-11-30,2025-12-08
500866,ACC00266,2025-11,214137495.16,0.0075,133835.93,133915.12,2025-11-30,2025-12-13
500867,ACC00267,2025-11,16227222.6,0.006,8113.61,8120.25,2025-11-30,2025-12-07
500868,ACC00268,2025-11,42791000.8,0.0045,16046.63,16049.08,2025-11-30,2025-12-06
500869,ACC00269,2025-11,107853175.15,0.0075,67408.23,67379.39,2025-11-30,2025-12-06
500870,ACC00270,2025-11,38688000.61,0.0075,24180.0,24162.68,2025-11-30,2025-12-07
500871,ACC00271,2025-11,31671174.6,0.0075,19794.48,19804.91,2025-11-30,2025-12-04
500872,ACC00272,2025-11,212359713.5,0.0035,61938.25,61955.8,2025-11-30,2025-12-02
500873,ACC00273,2025-11,54678831.59,0.0035,15947.99,15937.02,2025-11-30,2025-12-07
500874,ACC00274,2025-11,179747444.92,0.006,89873.72,89877.72,2025-11-30,2025-12-02
500875,ACC00275,2025-11,77056099.64,0.006,38528.05,38538.67,2025-11-30,2025-12-04
500876,ACC00276,2025-11,2619306.99,0.006,1309.65,1310.18,2025-11-30,2025-12-06
500877,ACC00277,2025-11,155116128.37,0.0045,58168.55,58197.08,2025-11-30,2025-12-02
500878,ACC00278,2025-11,110612122.98,0.0035,32261.87,32243.84,2025-11-30,2025-12-08
500879,ACC00279,2025-11,150268035.46,0.0075,93917.52,93990.06,2025-11-30,2025-12-07
500880,ACC00280,2025-11,159794236.81,0.006,79897.12,84644.39,2025-11-30,2025-12-03
500881,ACC00281,2025-11,114002067.85,0.0075,71251.29,71307.88,2025-11-30,2025-12-07
500882,ACC00282,2025-11,100156670.85,0.0035,29212.36,29235.92,2025-11-30,2025-12-04
500883,ACC00283,2025-11,123441211.85,0.0035,36003.69,35987.74,2025-11-30,2025-12-08
500884,ACC00284,2025-11,204839994.25,0.0045,76815.0,76747.71,2025-11-30,2025-12-05
500885,ACC00285,2025-11,35217691.25,0.0045,13206.63,13208.4,2025-11-30,2025-12-06
500886,ACC00286,2025-11,43459811.3,0.0035,12675.78,12666.15,2025-11-30,2025-12-07
500887,ACC00287,2025-11,139697749.16,0.006,69848.87,69798.15,2025-11-30,2025-12-15
500888,ACC00288,2025-11,43206353.79,0.006,21603.18,21609.65,2025-11-30,2025-12-02
500889,ACC00289,2025-11,239833456.96,0.0045,89937.55,89906.93,2025-11-30,2025-12-05
500890,ACC00290,2025-11,14217496.72,0.0075,8885.94,8879.4,2025-11-30,2025-12-07
500891,ACC00291,2025-11,154423698.53,0.0045,57908.89,57952.9,2025-11-30,2025-12-04
500892,ACC00292,2025-11,143887345.71,0.0075,89929.59,89851.95,2025-11-30,2025-12-03
500893,ACC00293,2025-11,33130327.61,0.0045,12423.87,12412.88,2025-11-30,2025-12-05
500894,ACC00294,2025-11,106795060.51,0.0035,31148.56,31153.33,2025-11-30,2025-12-03
500895,ACC00295,2025-11,156626913.13,0.0075,97891.82,97814.32,2025-11-30,2025-12-05
500896,ACC00296,2025-11,220211490.8,0.0035,64228.35,64258.28,2025-11-30,2025-12-02
500897,ACC00297,2025-11,177130332.75,0.0045,66423.87,66368.25,2025-11-30,2025-12-05
500898,ACC00298,2025-11,20895427.66,0.0075,13059.64,13051.2,2025-11-30,2025-12-06
500899,ACC00299,2025-11,183100783.22,0.006,91550.39,91589.92,2025-11-30,2025-12-03
500900,ACC00300,2025-11,238471436.46,0.0045,89426.79,89422.39,2025-11-30,2025-12-08
500901,ACC00001,2025-12,2709159.87,0.006,1354.58,1355.17,2025-12-31,2026-01-17
500902,ACC00002,2025-12,56424426.83,0.0075,35265.27,35269.93,2025-12-31,2026-01-07
500903,ACC00003,2025-12,182664818.31,0.006,91332.41,91370.86,2025-12-31,2026-01-05
500904,ACC00004,2025-12,98210385.41,0.0075,61381.49,61331.88,2025-12-31,2026-01-06
500905,ACC00005,2025-12,28982007.24,0.0045,10868.25,10865.08,2025-12-31,2026-01-05
500906,ACC00006,2025-12,102297582.07,0.006,51148.79,51116.53,2025-12-31,2026-01-06
500907,ACC00007,2025-12,174668096.48,0.0075,109167.56,109196.06,2025-12-31,2026-01-08
500908,ACC00008,2025-12,247848500.09,0.0045,92943.19,92938.56,2025-12-31,2026-01-02
500909,ACC00009,2025-12,111005491.01,0.0075,69378.43,69347.28,2025-12-31,2026-01-05
500910,ACC00010,2025-12,201300694.05,0.0045,75487.76,75422.7,2025-12-31,2026-01-04
500911,ACC00011,2025-12,50294861.04,0.0035,14669.33,14662.13,2025-12-31,2026-01-07
500912,ACC00012,2025-12,154325985.77,0.0035,45011.75,45030.38,2025-12-31,2026-01-08
500913,ACC00013,2025-12,77815862.69,0.0035,22696.29,22693.32,2025-12-31,2026-01-04
500914,ACC00014,2025-12,191755052.77,0.0075,119846.91,119903.19,2025-12-31,2026-01-05
500915,ACC00015,2025-12,218778675.04,0.006,109389.34,109362.46,2025-12-31,2026-01-07
500916,ACC00016,2025-12,56195578.41,0.0045,21073.34,21094.38,2025-12-31,2026-01-07
500917,ACC00017,2025-12,249298261.77,0.0045,93486.85,93421.25,2025-12-31,2026-01-07
500918,ACC00018,2025-12,181182198.6,0.0035,52844.81,52831.1,2025-12-31,2026-01-06
500919,ACC00019,2025-12,92828662.46,0.0075,58017.91,57987.5,2025-12-31,2026-01-02
500920,ACC00020,2025-12,173236265.12,0.006,86618.13,86601.79,2025-12-31,2026-01-06
500921,ACC00021,2025-12,113078264.25,0.0045,42404.35,42415.58,2025-12-31,2026-01-02
500922,ACC00022,2025-12,145790274.08,0.0045,54671.35,54644.4,2025-12-31,2026-01-07
500923,ACC00023,2025-12,97044009.94,0.0045,36391.5,,2025-12-31,2026-01-02
500924,ACC00024,2025-12,247231105.18,0.0045,92711.66,92737.4,2025-12-31,2026-01-03
500925,ACC00025,2025-12,185915465.03,0.0075,116197.17,116153.56,2025-12-31,2026-01-05
500926,ACC00026,2025-12,172547043.59,0.0035,50326.22,50366.68,2025-12-31,2026-01-03
500927,ACC00027,2025-12,63071981.6,0.0075,39419.99,39424.81,2025-12-31,2026-01-07
500928,ACC00028,2025-12,170558732.43,0.0045,63959.52,63931.0,2025-12-31,2026-01-08
500929,ACC00029,2025-12,5037829.04,0.0045,1889.19,1890.16,2025-12-31,2026-01-05
500930,ACC00030,2025-12,118732831.94,0.0035,34630.41,34642.86,2025-12-31,2026-01-05
500931,ACC00031,2025-12,218464077.17,0.0045,81924.03,81875.71,2025-12-31,2026-01-03
500932,ACC00032,2025-12,53788728.35,0.0045,20170.77,20188.52,2025-12-31,2026-01-07
500933,ACC00033,2025-12,34232504.77,0.0075,21395.32,21404.04,2025-12-31,2026-01-04
500934,ACC00034,2025-12,32459421.53,0.0035,9467.33,9464.39,2025-12-31,2026-01-03
500935,ACC00035,2025-12,6134532.77,0.006,3067.27,3069.66,2025-12-31,2026-01-08
500936,ACC00036,2025-12,231349539.41,0.006,115674.77,115641.91,2025-12-31,2026-01-07
500937,ACC00037,2025-12,113506389.0,0.006,56753.19,56807.69,2025-12-31,2026-01-06
500938,ACC00038,2025-12,176867482.62,0.0035,51586.35,51600.24,2025-12-31,2026-01-04
500939,ACC00039,2025-12,163852393.61,0.0075,102407.75,102473.41,2025-12-31,2026-01-07
500940,ACC00040,2025-12,36800934.88,0.0035,10733.61,10725.47,2025-12-31,2026-01-07
500941,ACC00041,2025-12,10864091.69,0.0045,4074.03,4073.94,2025-12-31,2026-01-08
500942,ACC00042,2025-12,198068323.54,0.0035,57769.93,57770.09,2025-12-31,2026-01-02
500943,ACC00043,2025-12,224118205.12,0.0035,65367.81,65366.19,2025-12-31,2026-01-07
500944,ACC00044,2025-12,130663255.08,0.0035,38110.12,38083.49,2025-12-31,2026-01-06
500945,ACC00045,2025-12,190961173.64,0.006,95480.59,95456.15,2025-12-31,2026-01-03
500946,ACC00046,2025-12,70315980.45,0.006,35157.99,35135.89,2025-12-31,2026-01-05
500947,ACC00047,2025-12,199059879.19,0.0045,74647.45,74580.58,2025-12-31,2026-01-06
500948,ACC00048,2025-12,6514882.42,0.006,3257.44,3260.17,2025-12-31,2026-01-02
500949,ACC00049,2025-12,103716713.35,0.0075,64822.95,64886.89,2025-12-31,2026-01-07
500950,ACC00050,2025-12,108865004.16,0.0035,31752.29,31749.27,2025-12-31,2026-01-07
500951,ACC00051,2025-12,212355317.33,0.0045,79633.24,79709.59,2025-12-31,2026-01-05
500952,ACC00052,2025-12,235127933.53,0.0075,146954.96,147016.32,2025-12-31,2026-01-06
500953,ACC00053,2025-12,120265994.85,0.0075,75166.25,75169.59,2025-12-31,2026-01-07
500954,ACC00054,2025-12,38701980.76,0.006,19350.99,19337.51,2025-12-31,2026-01-05
500955,ACC00055,2025-12,69375470.76,0.0045,26015.8,26039.14,2025-12-31,2026-01-05
500956,ACC00056,2025-12,216335281.56,0.0045,81125.73,81112.79,2025-12-31,2026-01-07
500957,ACC00057,2025-12,174401887.91,0.0075,109001.18,108994.59,2025-12-31,2026-01-05
500958,ACC00058,2025-12,133744617.71,0.006,66872.31,66853.85,2025-12-31,2026-01-08
500959,ACC00059,2025-12,219575373.6,0.006,109787.69,109865.38,2025-12-31,2026-01-05
500960,ACC00060,2025-12,125649814.46,0.006,62824.91,62814.09,2025-12-31,2026-01-05
500961,ACC00061,2025-12,165818961.71,0.0075,103636.85,103534.71,2025-12-31,2026-01-16
500962,ACC00062,2025-12,194026642.99,0.0075,121266.65,121368.75,2025-12-31,2026-01-03
500963,ACC00063,2025-12,56012776.24,0.006,28006.39,27979.03,2025-12-31,2026-01-05
500964,ACC00064,2025-12,184503229.08,0.006,92251.61,92279.71,2025-12-31,2026-01-03
500965,ACC00065,2025-12,160318689.45,0.006,80159.34,80190.8,2025-12-31,2026-01-05
500966,ACC00066,2025-12,28307471.39,0.006,14153.74,14140.17,2025-12-31,2026-01-02
500967,ACC00067,2025-12,87829041.72,0.0035,25616.8,25609.28,2025-12-31,2026-01-11
500968,ACC00068,2025-12,168524748.76,0.0075,105327.97,105325.98,2025-12-31,2026-01-02
500969,ACC00069,2025-12,170834949.82,0.006,85417.47,85429.57,2025-12-31,2026-01-07
500970,ACC00070,2025-12,231237192.94,0.0075,144523.25,144564.72,2025-12-31,2026-01-05
500971,ACC00071,2025-12,130099120.08,0.0075,81311.95,81360.68,2025-12-31,2026-01-02
500972,ACC00072,2025-12,215871329.47,0.0075,134919.58,134957.14,2025-12-31,2026-01-03
500973,ACC00073,2025-12,107959319.8,0.0045,40484.74,40451.43,2025-12-31,2026-01-05
500974,ACC00074,2025-12,245680171.79,0.006,122840.09,122864.29,2025-12-31,2026-01-04
500975,ACC00075,2025-12,169863875.7,0.006,84931.94,84982.1,2025-12-31,2026-01-07
500976,ACC00076,2025-12,51472055.69,0.0075,32170.03,32199.64,2025-12-31,2026-01-08
500977,ACC00077,2025-12,212760896.68,0.0035,62055.26,62102.29,2025-12-31,2026-01-06
500978,ACC00078,2025-12,55251147.78,0.0035,16114.92,16110.51,2025-12-31,2026-01-07
500979,ACC00079,2025-12,36539760.73,0.0075,22837.35,22834.8,2025-12-31,2026-01-18
500980,ACC00080,2025-12,230162725.97,0.0045,86311.02,86297.19,2025-12-31,2026-01-06
500981,ACC00081,2025-12,99005036.74,0.0045,37126.89,37115.05,2025-12-31,2026-01-03
500982,ACC00082,2025-12,207550774.18,0.0035,60535.64,,2025-12-31,2026-01-07
500983,ACC00083,2025-12,103763107.36,0.0045,38911.17,38899.66,2025-12-31,2026-01-03
500984,ACC00084,2025-12,134308745.9,0.0075,83942.97,83936.4,2025-12-31,2026-01-02
500985,ACC00085,2025-12,207222864.24,0.006,103611.43,103573.71,2025-12-31,2026-01-06
500986,ACC00086,2025-12,171516706.62,0.0035,50025.71,49984.81,2025-12-31,2026-01-08
500987,ACC00087,2025-12,129077149.81,0.0075,80673.22,80625.08,2025-12-31,2026-01-02
500988,ACC00088,2025-12,111289412.87,0.0035,32459.41,32442.0,2025-12-31,2026-01-14
500989,ACC00089,2025-12,25216875.98,0.006,12608.44,12617.19,2025-12-31,2026-01-02
500990,ACC00090,2025-12,187993663.95,0.006,93996.83,93970.23,2025-12-31,2026-01-08
500991,ACC00091,2025-12,21783244.97,0.0075,13614.53,13601.14,2025-12-31,2026-01-08
500992,ACC00092,2025-12,54697819.27,0.0075,34186.14,34165.74,2025-12-31,2026-01-14
500993,ACC00093,2025-12,121124990.99,0.0035,35328.12,35345.29,2025-12-31,2026-01-03
500994,ACC00094,2025-12,216913165.75,0.0075,135570.73,135604.56,2025-12-31,2026-01-02
500995,ACC00095,2025-12,182228157.04,0.0035,53149.88,53145.97,2025-12-31,2026-01-05
500996,ACC00096,2025-12,64177866.98,0.006,32088.93,32094.65,2025-12-31,2026-01-06
500997,ACC00097,2025-12,51616859.82,0.0045,19356.32,19355.19,2025-12-31,2026-01-17
500998,ACC00098,2025-12,82878719.79,0.0075,51799.2,51788.93,2025-12-31,2026-01-07
500999,ACC00099,2025-12,61164933.83,0.006,30582.47,30580.59,2025-12-31,2026-01-04
501000,ACC00100,2025-12,67712270.52,0.0035,19749.41,19733.54,2025-12-31,2026-01-07
501001,ACC00101,2025-12,110642238.02,0.0035,32270.65,32279.62,2025-12-31,2026-01-06
501002,ACC00102,2025-12,95421652.53,0.006,47710.83,47734.7,2025-12-31,2026-01-04
501003,ACC00103,2025-12,82006895.29,0.006,41003.45,40982.27,2025-12-31,2026-01-02
501004,ACC00104,2025-12,246104830.96,0.0045,92289.31,92269.59,2025-12-31,2026-01-03
501005,ACC00105,2025-12,156891224.52,0.0035,45759.94,45730.72,2025-12-31,2026-01-06
501006,ACC00106,2025-12,182176292.12,0.006,91088.15,91175.76,2025-12-31,2026-01-05
501007,ACC00107,2025-12,26863708.77,0.006,13431.85,13427.78,2025-12-31,2026-01-06
501008,ACC00108,2025-12,249656231.14,0.0045,93621.09,93623.1,2025-12-31,2026-01-08
501009,ACC00109,2025-12,119860579.78,0.0045,44947.72,44929.65,2025-12-31,2026-01-11
501010,ACC00110,2025-12,20819267.77,0.0045,7807.23,7806.55,2025-12-31,2026-01-06
501011,ACC00111,2025-12,137685236.37,0.0075,86053.27,86021.75,2025-12-31,2026-01-05
501012,ACC00112,2025-12,200450170.74,0.0075,125281.36,125333.21,2025-12-31,2026-01-03
501013,ACC00113,2025-12,115467377.86,0.0035,33677.99,33665.76,2025-12-31,2026-01-07
501014,ACC00114,2025-12,111647902.17,0.0045,41867.96,41874.31,2025-12-31,2026-01-03
501015,ACC00115,2025-12,158179246.72,0.0075,98862.03,98814.94,2025-12-31,2026-01-03
501016,ACC00116,2025-12,227194166.46,0.006,113597.08,113496.84,2025-12-31,2026-01-15
501017,ACC00117,2025-12,67014977.12,0.0035,19546.03,19539.39,2025-12-31,2026-01-04
501018,ACC00118,2025-12,217492536.28,0.006,108746.27,108736.74,2025-12-31,2026-01-05
501019,ACC00119,2025-12,93641207.3,0.006,46820.6,46820.58,2025-12-31,2026-01-07
501020,ACC00120,2025-12,165003807.96,0.0075,103127.38,113275.26,2025-12-31,2026-01-07
501021,ACC00121,2025-12,195724810.37,0.006,97862.41,97884.15,2025-12-31,2026-01-05
501022,ACC00122,2025-12,172377627.13,0.006,86188.81,86111.67,2025-12-31,2026-01-04
501023,ACC00123,2025-12,225687996.47,0.0045,84633.0,84552.48,2025-12-31,2026-01-06
501024,ACC00124,2025-12,25721530.39,0.0035,7502.11,7498.62,2025-12-31,2026-01-04
501025,ACC00125,2025-12,36793204.82,0.0035,10731.35,10727.41,2025-12-31,2026-01-03
501026,ACC00126,2025-12,148057183.72,0.0035,43183.35,43220.41,2025-12-31,2026-01-02
501027,ACC00127,2025-12,99646067.32,0.0045,37367.28,37355.97,2025-12-31,2026-01-05
501028,ACC00128,2025-12,223783287.01,0.0035,65270.13,65320.57,2025-12-31,2026-01-06
501029,ACC00129,2025-12,194736496.37,0.006,97368.25,97415.3,2025-12-31,2026-01-05
501030,ACC00130,2025-12,149722987.14,0.0035,43669.2,43691.81,2025-12-31,2026-01-08
501031,ACC00131,2025-12,48268351.35,0.0045,18100.63,18093.91,2025-12-31,2026-01-08
501032,ACC00132,2025-12,93926050.81,0.0045,35222.27,35208.86,2025-12-31,2026-01-04
501033,ACC00133,2025-12,135581549.48,0.0035,39544.62,39545.29,2025-12-31,2026-01-08
501034,ACC00134,2025-12,207937622.93,0.0075,129961.01,129967.62,2025-12-31,2026-01-03
501035,ACC00135,2025-12,78988902.26,0.0045,29620.84,29636.6,2025-12-31,2026-01-02
501036,ACC00136,2025-12,221668858.03,0.0075,138543.04,138620.92,2025-12-31,2026-01-08
501037,ACC00137,2025-12,216836963.27,0.0035,63244.11,63221.79,2025-12-31,2026-01-20
501038,ACC00138,2025-12,126392608.13,0.0045,47397.23,47394.65,2025-12-31,2026-01-02
501039,ACC00139,2025-12,19134928.13,0.0035,5581.02,5577.37,2025-12-31,2026-01-07
501040,ACC00140,2025-12,174472219.79,0.006,87236.11,87230.92,2025-12-31,2026-01-03
501041,ACC00141,2025-12,72164253.98,0.006,36082.13,36098.82,2025-12-31,2026-01-08
501042,ACC00142,2025-12,79862971.5,0.0075,49914.36,,2025-12-31,2026-01-06
501043,ACC00143,2025-12,15527347.47,0.0035,4528.81,4524.53,2025-12-31,2026-01-07
501044,ACC00144,2025-12,22672522.76,0.0035,6612.82,6610.0,2025-12-31,2026-01-06
501045,ACC00145,2025-12,212359708.77,0.0035,61938.25,61890.83,2025-12-31,2026-01-03
501046,ACC00146,2025-12,209709864.17,0.0035,61165.38,61175.85,2025-12-31,2026-01-08
501047,ACC00147,2025-12,216165492.64,0.0075,135103.43,135088.95,2025-12-31,2026-01-03
501048,ACC00148,2025-12,39613001.23,0.0035,11553.79,11555.75,2025-12-31,2026-01-02
501049,ACC00149,2025-12,20333829.32,0.006,10166.91,10168.54,2025-12-31,2026-01-02
501050,ACC00150,2025-12,172821272.3,0.0035,50406.2,50448.47,2025-12-31,2026-01-04
501051,ACC00151,2025-12,113495164.92,0.0075,70934.48,70957.64,2025-12-31,2026-01-02
501052,ACC00152,2025-12,79031314.96,0.0075,49394.57,49373.17,2025-12-31,2026-01-06
501053,ACC00153,2025-12,150161409.24,0.006,75080.7,75006.0,2025-12-31,2026-01-04
501054,ACC00154,2025-12,13392091.49,0.006,6696.05,6696.69,2025-12-31,2026-01-03
501055,ACC00155,2025-12,117600568.93,0.006,58800.28,58856.24,2025-12-31,2026-01-02
501056,ACC00156,2025-12,52300539.11,0.006,26150.27,26161.22,2025-12-31,2026-01-07
501057,ACC00157,2025-12,209228556.44,0.0045,78460.71,78492.66,2025-12-31,2026-01-08
501058,ACC00158,2025-12,175437821.87,0.0045,65789.18,65815.71,2025-12-31,2026-01-03
501059,ACC00159,2025-12,124280135.29,0.0045,46605.05,46614.25,2025-12-31,2026-01-08
501060,ACC00160,2025-12,159493552.64,0.0035,46518.95,46497.39,2025-12-31,2026-01-05
501061,ACC00161,2025-12,129507741.43,0.0045,48565.4,48545.01,2025-12-31,2026-01-03
501062,ACC00162,2025-12,185632673.25,0.0035,54142.86,54194.62,2025-12-31,2026-01-04
501063,ACC00163,2025-12,133831467.28,0.0045,50186.8,50166.82,2025-12-31,2026-01-04
501064,ACC00164,2025-12,162413809.8,0.0035,47370.69,47330.25,2025-12-31,2026-01-03
501065,ACC00165,2025-12,50746173.0,0.0045,19029.81,19012.51,2025-12-31,2026-01-04
501066,ACC00166,2025-12,228914931.31,0.0045,85843.1,85762.67,2025-12-31,2026-01-05
501067,ACC00167,2025-12,199988739.16,0.0045,74995.78,74945.88,2025-12-31,2026-01-08
501068,ACC00168,2025-12,247543092.12,0.0075,154714.43,154681.04,2025-12-31,2026-01-06
501069,ACC00169,2025-12,37399898.75,0.0035,10908.3,10908.2,2025-12-31,2026-01-08
501070,ACC00170,2025-12,46835664.3,0.0075,29272.29,29275.88,2025-12-31,2026-01-05
501071,ACC00171,2025-12,238904289.32,0.006,119452.14,119494.91,2025-12-31,2026-01-07
501072,ACC00172,2025-12,231977333.66,0.0035,67660.06,67698.17,2025-12-31,2026-01-08
501073,ACC00173,2025-12,72718156.48,0.0045,27269.31,27294.75,2025-12-31,2026-01-08
501074,ACC00174,2025-12,76624079.96,0.0075,47890.05,47851.32,2025-12-31,2026-01-04
501075,ACC00175,2025-12,28848819.03,0.006,14424.41,14434.21,2025-12-31,2026-01-08
501076,ACC00176,2025-12,151578816.32,0.0075,94736.76,94792.35,2025-12-31,2026-01-04
501077,ACC00177,2025-12,212632435.38,0.0045,79737.16,91323.49,2025-12-31,2026-01-14
501078,ACC00178,2025-12,137442671.91,0.006,68721.34,68720.82,2025-12-31,2026-01-07
501079,ACC00179,2025-12,235278253.6,0.0075,147048.91,147080.5,2025-12-31,2026-01-05
501080,ACC00180,2025-12,128158425.21,0.0035,37379.54,37354.59,2025-12-31,2026-01-02
501081,ACC00181,2025-12,148269739.22,0.006,74134.87,74160.46,2025-12-31,2026-01-05
501082,ACC00182,2025-12,60074479.98,0.0045,22527.93,22531.54,2025-12-31,2026-01-02
501083,ACC00183,2025-12,4614873.22,0.0035,1346.0,1346.63,2025-12-31,2026-01-08
501084,ACC00184,2025-12,92475630.9,0.006,46237.82,46250.38,2025-12-31,2026-01-08
501085,ACC00185,2025-12,4773849.13,0.006,2386.92,2387.14,2025-12-31,2026-01-05
501086,ACC00186,2025-12,10603852.84,0.0035,3092.79,3092.55,2025-12-31,2026-01-04
501087,ACC00187,2025-12,90982188.48,0.0035,26536.47,26509.95,2025-12-31,2026-01-02
501088,ACC00188,2025-12,66156400.83,0.006,33078.2,36760.86,2025-12-31,2026-01-03
501089,ACC00189,2025-12,160605873.85,0.006,80302.94,80372.81,2025-12-31,2026-01-06
501090,ACC00190,2025-12,178050635.63,0.0045,66768.99,66780.26,2025-12-31,2026-01-02
501091,ACC00191,2025-12,117011630.74,0.0045,43879.36,43868.27,2025-12-31,2026-01-12
501092,ACC00192,2025-12,96794866.01,0.0035,28231.84,28226.62,2025-12-31,2026-01-08
501093,ACC00193,2025-12,233730343.65,0.006,116865.17,116915.55,2025-12-31,2026-01-06
501094,ACC00194,2025-12,221823318.92,0.0045,83183.74,83179.95,2025-12-31,2026-01-02
501095,ACC00195,2025-12,36718856.59,0.0035,10709.67,10719.73,2025-12-31,2026-01-05
501096,ACC00196,2025-12,197680439.87,0.0075,123550.27,123603.18,2025-12-31,2026-01-03
501097,ACC00197,2025-12,95876368.34,0.0045,35953.64,38279.77,2025-12-31,2026-01-02
501098,ACC00198,2025-12,103548203.84,0.0045,38830.58,38811.8,2025-12-31,2026-01-13
501099,ACC00199,2025-12,85352800.47,0.006,42676.4,42667.35,2025-12-31,2026-01-06
501100,ACC00200,2025-12,28431875.14,0.0035,8292.63,8295.88,2025-12-31,2026-01-08
501101,ACC00201,2025-12,103644575.85,0.0045,38866.72,38856.71,2025-12-31,2026-01-12
501102,ACC00202,2025-12,44832841.47,0.006,22416.42,22430.0,2025-12-31,2026-01-08
501103,ACC00203,2025-12,9972601.54,0.006,4986.3,4989.12,2025-12-31,2026-01-11
501104,ACC00204,2025-12,35288836.46,0.0035,10292.58,10289.18,2025-12-31,2026-01-06
501105,ACC00205,2025-12,134109427.97,0.0075,83818.39,83860.28,2025-12-31,2026-01-06
501106,ACC00206,2025-12,193990299.09,0.006,96995.15,96994.6,2025-12-31,2026-01-03
501107,ACC00207,2025-12,105482265.13,0.0045,39555.85,39561.93,2025-12-31,2026-01-05
501108,ACC00208,2025-12,156694882.65,0.006,78347.44,78318.55,2025-12-31,2026-01-08
501109,ACC00209,2025-12,70899826.77,0.0045,26587.44,26566.44,2025-12-31,2026-01-04
501110,ACC00210,2025-12,37391130.86,0.0035,10905.75,10898.53,2025-12-31,2026-01-02
501111,ACC00211,2025-12,183230516.53,0.0075,114519.07,114490.79,2025-12-31,2026-01-04
501112,ACC00212,2025-12,21415400.21,0.0075,13384.63,13375.3,2025-12-31,2026-01-04
501113,ACC00213,2025-12,231763690.61,0.0035,67597.74,67608.08,2025-12-31,2026-01-03
501114,ACC00214,2025-12,95191115.04,0.0035,27764.08,27765.51,2025-12-31,2026-01-18
501115,ACC00215,2025-12,53251614.02,0.0045,19969.36,19970.67,2025-12-31,2026-01-08
501116,ACC00216,2025-12,218184284.57,0.0035,63637.08,63698.74,2025-12-31,2026-01-03
501117,ACC00217,2025-12,112562997.91,0.0045,42211.12,42192.09,2025-12-31,2026-01-06
501118,ACC00218,2025-12,38296883.81,0.0075,23935.55,23922.98,2025-12-31,2026-01-07
501119,ACC00219,2025-12,108359760.01,0.006,54179.88,54182.62,2025-12-31,2026-01-03
501120,ACC00220,2025-12,142608709.76,0.0035,41594.21,41578.21,2025-12-31,2026-01-11
501121,ACC00221,2025-12,153697324.4,0.0045,57636.5,57645.52,2025-12-31,2026-01-06
501122,ACC00222,2025-12,136536608.94,0.006,68268.3,71425.28,2025-12-31,2026-01-04
501123,ACC00223,2025-12,183486720.95,0.0075,114679.2,114584.75,2025-12-31,2026-01-08
501124,ACC00224,2025-12,117082882.04,0.0075,73176.8,,2025-12-31,2026-01-05
501125,ACC00225,2025-12,71807157.66,0.006,35903.58,35881.68,2025-12-31,2026-01-06
501126,ACC00226,2025-12,238571443.57,0.006,119285.72,119326.11,2025-12-31,2026-01-05
501127,ACC00227,2025-12,130699971.71,0.0035,38120.83,38103.96,2025-12-31,2026-01-05
501128,ACC00228,2025-12,70897479.82,0.0045,26586.55,26602.35,2025-12-31,2026-01-03
501129,ACC00229,2025-12,244808339.97,0.006,122404.17,122325.24,2025-12-31,2026-01-04
501130,ACC00230,2025-12,31286698.51,0.0035,9125.29,9126.5,2025-12-31,2026-01-08
501131,ACC00231,2025-12,70068189.73,0.006,35034.09,35065.89,2025-12-31,2026-01-06
501132,ACC00232,2025-12,242018999.95,0.0035,70588.87,70570.38,2025-12-31,2026-01-08
501133,ACC00233,2025-12,96738856.35,0.006,48369.43,48326.61,2025-12-31,2026-01-05
501134,ACC00234,2025-12,104520473.54,0.0035,30485.14,30463.56,2025-12-31,2026-01-04
501135,ACC00235,2025-12,211673269.51,0.006,105836.63,105870.31,2025-12-31,2026-01-03
501136,ACC00236,2025-12,188119183.53,0.0035,54868.1,54849.72,2025-12-31,2026-01-08
501137,ACC00237,2025-12,190701551.8,0.0035,55621.29,55602.7,2025-12-31,2026-01-07
501138,ACC00238,2025-12,226536355.79,0.0045,84951.13,84923.37,2025-12-31,2026-01-06
501139,ACC00239,2025-12,117753635.88,0.0075,73596.02,73547.54,2025-12-31,2026-01-05
501140,ACC00240,2025-12,62018003.7,0.006,31009.0,31020.71,2025-12-31,2026-01-07
501141,ACC00241,2025-12,126464397.56,0.0045,47424.15,47413.55,2025-12-31,2026-01-05
501142,ACC00242,2025-12,100985913.28,0.0035,29454.22,29446.76,2025-12-31,2026-01-07
501143,ACC00243,2025-12,64754121.72,0.0075,40471.33,40455.13,2025-12-31,2026-01-03
501144,ACC00244,2025-12,51981419.45,0.0035,15161.25,15173.2,2025-12-31,2026-01-08
501145,ACC00245,2025-12,83020991.93,0.0035,24214.46,24194.98,2025-12-31,2026-01-05
501146,ACC00246,2025-12,235064439.49,0.0035,68560.46,68565.25,2025-12-31,2026-01-07
501147,ACC00247,2025-12,187219210.91,0.0035,54605.6,54579.42,2025-12-31,2026-01-05
501148,ACC00248,2025-12,82129789.78,0.0075,51331.12,51381.43,2025-12-31,2026-01-07
501149,ACC00249,2025-12,20011502.15,0.006,10005.75,10005.66,2025-12-31,2026-01-03
501150,ACC00250,2025-12,100683565.51,0.0035,29366.04,29370.15,2025-12-31,2026-01-05
501151,ACC00251,2025-12,221288147.44,0.006,110644.07,110658.91,2025-12-31,2026-01-05
501152,ACC00252,2025-12,171313564.31,0.0045,64242.59,64225.02,2025-12-31,2026-01-07
501153,ACC00253,2025-12,151255782.28,0.006,75627.89,75632.93,2025-12-31,2026-01-08
501154,ACC00254,2025-12,173095422.92,0.0035,50486.17,50528.69,2025-12-31,2026-01-03
501155,ACC00255,2025-12,249484061.04,0.0045,93556.52,93601.25,2025-12-31,2026-01-08
501156,ACC00256,2025-12,197771383.04,0.006,98885.69,98874.89,2025-12-31,2026-01-11
501157,ACC00257,2025-12,114825991.3,0.0035,33490.91,33474.62,2025-12-31,2026-01-04
501158,ACC00258,2025-12,168383761.8,0.0035,49111.93,52748.12,2025-12-31,2026-01-03
501159,ACC00259,2025-12,206995237.33,0.0035,60373.61,60380.41,2025-12-31,2026-01-08
501160,ACC00260,2025-12,30996252.85,0.0035,9040.57,9049.33,2025-12-31,2026-01-06
501161,ACC00261,2025-12,239065005.01,0.006,119532.5,119589.33,2025-12-31,2026-01-03
501162,ACC00262,2025-12,147597197.08,0.0075,92248.25,92187.95,2025-12-31,2026-01-08
501163,ACC00263,2025-12,173384080.02,0.0035,50570.36,50610.77,2025-12-31,2026-01-06
501164,ACC00264,2025-12,56437640.71,0.0035,16460.98,16449.09,2025-12-31,2026-01-02
501165,ACC00265,2025-12,126360141.19,0.0045,47385.05,47425.73,2025-12-31,2026-01-07
501166,ACC00266,2025-12,38069140.52,0.0045,14275.93,14288.33,2025-12-31,2026-01-05
501167,ACC00267,2025-12,238122736.46,0.0045,89296.03,89277.95,2025-12-31,2026-01-04
501168,ACC00268,2025-12,43677966.74,0.0075,27298.73,27300.27,2025-12-31,2026-01-07
501169,ACC00269,2025-12,207293757.52,0.006,103646.88,103608.06,2025-12-31,2026-01-02
501170,ACC00270,2025-12,154281089.49,0.006,77140.54,77077.61,2025-12-31,2026-01-08
501171,ACC00271,2025-12,176474362.33,0.006,88237.18,88207.0,2025-12-31,2026-01-06
501172,ACC00272,2025-12,223397285.48,0.0035,65157.54,65219.25,2025-12-31,2026-01-08
501173,ACC00273,2025-12,71632196.06,0.0075,44770.12,44792.12,2025-12-31,2026-01-03
501174,ACC00274,2025-12,72128335.06,0.0045,27048.13,27030.64,2025-12-31,2026-01-05
501175,ACC00275,2025-12,226802022.34,0.0045,85050.76,84993.81,2025-12-31,2026-01-07
501176,ACC00276,2025-12,249993191.19,0.0045,93747.45,93684.65,2025-12-31,2026-01-08
501177,ACC00277,2025-12,2146180.71,0.0045,804.82,804.22,2025-12-31,2026-01-07
501178,ACC00278,2025-12,110334840.08,0.0035,32181.0,32196.66,2025-12-31,2026-01-07
501179,ACC00279,2025-12,95802229.86,0.0035,27942.32,27946.46,2025-12-31,2026-01-03
501180,ACC00280,2025-12,100942093.25,0.0045,37853.28,37876.74,2025-12-31,2026-01-02
501181,ACC00281,2025-12,170640920.97,0.0075,106650.58,106690.89,2025-12-31,2026-01-08
501182,ACC00282,2025-12,20144810.55,0.0035,5875.57,5870.33,2025-12-31,2026-01-02
501183,ACC00283,2025-12,24361648.81,0.006,12180.82,12187.71,2025-12-31,2026-01-06
501184,ACC00284,2025-12,113100826.4,0.0035,32987.74,32984.73,2025-12-31,2026-01-07
501185,ACC00285,2025-12,4659315.93,0.0035,1358.97,1358.07,2025-12-31,2026-01-03
501186,ACC00286,2025-12,110959033.93,0.0035,32363.05,32370.55,2025-12-31,2026-01-08
501187,ACC00287,2025-12,69142335.91,0.0045,25928.38,25909.3,2025-12-31,2026-01-05
501188,ACC00288,2025-12,214018868.48,0.0075,133761.79,133789.1,2025-12-31,2026-01-05
501189,ACC00289,2025-12,156925583.01,0.0035,45769.96,45803.38,2025-12-31,2026-01-08
501190,ACC00290,2025-12,60108396.59,0.0075,37567.75,37561.25,2025-12-31,2026-01-03
501191,ACC00291,2025-12,74643425.59,0.0045,27991.28,27987.02,2025-12-31,2026-01-05
501192,ACC00292,2025-12,215776347.53,0.0075,134860.22,134825.18,2025-12-31,2026-01-08
501193,ACC00293,2025-12,191516308.65,0.006,95758.15,95677.68,2025-12-31,2026-01-04
501194,ACC00294,2025-12,189286965.38,0.0035,55208.7,55184.63,2025-12-31,2026-01-06
501195,ACC00295,2025-12,86196618.41,0.0075,53872.89,53916.17,2025-12-31,2026-01-05
501196,ACC00296,2025-12,89572573.94,0.0045,33589.72,33593.97,2025-12-31,2026-01-06
501197,ACC00297,2025-12,185059698.51,0.006,92529.85,92503.24,2025-12-31,2026-01-05
501198,ACC00298,2025-12,68963000.3,0.006,34481.5,34467.76,2025-12-31,2026-01-06
501199,ACC00299,2025-12,217103543.42,0.006,108551.77,108590.9,2025-12-31,2026-01-06
501200,ACC00300,2025-12,33307972.88,0.0075,20817.48,20822.38,2025-12-31,2026-01-07
501201,ACC00001,2026-01,89265761.53,0.0075,55791.1,55780.7,2026-01-31,2026-02-06
501202,ACC00002,2026-01,128732401.93,0.0075,80457.75,80432.29,2026-01-31,2026-02-08
501203,ACC00003,2026-01,176039357.76,0.006,88019.68,87932.14,2026-01-31,2026-02-05
501204,ACC00004,2026-01,159847137.38,0.0075,99904.46,99939.92,2026-01-31,2026-02-02
501205,ACC00005,2026-01,95954084.05,0.0075,59971.3,60029.82,2026-01-31,2026-02-08
501206,ACC00006,2026-01,207959638.66,0.0035,60654.89,60674.61,2026-01-31,2026-02-05
501207,ACC00007,2026-01,3556136.8,0.006,1778.07,1777.44,2026-01-31,2026-02-04
501208,ACC00008,2026-01,249863291.08,0.006,124931.65,124972.26,2026-01-31,2026-02-03
501209,ACC00009,2026-01,159617731.48,0.0045,59856.65,59798.89,2026-01-31,2026-02-03
501210,ACC00010,2026-01,211009099.8,0.0035,61544.32,61521.43,2026-01-31,2026-02-07
501211,ACC00011,2026-01,174347627.87,0.0035,50851.39,50899.42,2026-01-31,2026-02-08
501212,ACC00012,2026-01,207509479.42,0.006,103754.74,103741.53,2026-01-31,2026-02-04
501213,ACC00013,2026-01,105175317.91,0.006,52587.66,52637.17,2026-01-31,2026-02-05
501214,ACC00014,2026-01,52158006.77,0.0075,32598.75,32606.12,2026-01-31,2026-02-06
501215,ACC00015,2026-01,105401638.84,0.0075,65876.02,65872.46,2026-01-31,2026-02-03
501216,ACC00016,2026-01,220040157.73,0.0045,82515.06,82504.29,2026-01-31,2026-02-08
501217,ACC00017,2026-01,59512223.64,0.0035,17357.73,17347.01,2026-01-31,2026-02-04
501218,ACC00018,2026-01,210525073.91,0.0045,78946.9,78959.72,2026-01-31,2026-02-03
501219,ACC00019,2026-01,240405798.99,0.0035,70118.36,70137.59,2026-01-31,2026-02-05
501220,ACC00020,2026-01,34145327.83,0.0035,9959.05,9949.12,2026-01-31,2026-02-04
501221,ACC00021,2026-01,193373347.75,0.006,96686.67,96760.63,2026-01-31,2026-02-08
501222,ACC00022,2026-01,66732628.35,0.006,33366.31,33389.42,2026-01-31,2026-02-08
501223,ACC00023,2026-01,84455636.79,0.0075,52784.77,52831.05,2026-01-31,2026-02-06
501224,ACC00024,2026-01,100256129.25,0.0075,62660.08,62696.81,2026-01-31,2026-02-05
501225,ACC00025,2026-01,61256955.09,0.0045,22971.36,22956.66,2026-01-31,2026-02-04
501226,ACC00026,2026-01,105542007.97,0.0075,65963.75,66015.38,2026-01-31,2026-02-06
501227,ACC00027,2026-01,65863921.8,0.0045,24698.97,24691.87,2026-01-31,2026-02-02
501228,ACC00028,2026-01,112938295.24,0.0075,70586.43,70655.44,2026-01-31,2026-02-18
501229,ACC00029,2026-01,163350600.19,0.0045,61256.48,61242.62,2026-01-31,2026-02-14
501230,ACC00030,2026-01,211028806.58,0.006,105514.4,105457.96,2026-01-31,2026-02-05
501231,ACC00031,2026-01,109377861.53,0.0035,31901.88,31882.49,2026-01-31,2026-02-05
501232,ACC00032,2026-01,53035407.12,0.006,26517.7,,2026-01-31,2026-02-02
501233,ACC00033,2026-01,35174927.34,0.0075,21984.33,21997.91,2026-01-31,2026-02-08
501234,ACC00034,2026-01,194648180.08,0.0045,72993.07,72966.24,2026-01-31,2026-02-04
501235,ACC00035,2026-01,156947028.99,0.006,78473.51,78515.41,2026-01-31,2026-02-07
501236,ACC00036,2026-01,144700496.41,0.0045,54262.69,54212.37,2026-01-31,2026-02-05
501237,ACC00037,2026-01,173112855.14,0.006,86556.43,86616.22,2026-01-31,2026-02-07
501238,ACC00038,2026-01,85396500.82,0.0035,24907.31,24916.85,2026-01-31,2026-02-02
501239,ACC00039,2026-01,226954338.64,0.0075,141846.46,141881.21,2026-01-31,2026-02-06
501240,ACC00040,2026-01,98625885.49,0.0075,61641.18,61604.0,2026-01-31,2026-02-07
501241,ACC00041,2026-01,62663857.39,0.0045,23498.95,23480.93,2026-01-31,2026-02-17
501242,ACC00042,2026-01,57561474.83,0.0075,35975.92,35977.66,2026-01-31,2026-02-05
501243,ACC00043,2026-01,107054333.61,0.0075,66908.96,66973.77,2026-01-31,2026-02-03
501244,ACC00044,2026-01,230311558.0,0.006,115155.78,115062.29,2026-01-31,2026-02-03
501245,ACC00045,2026-01,60853716.18,0.006,30426.86,30407.74,2026-01-31,2026-02-02
501246,ACC00046,2026-01,168999352.4,0.0045,63374.76,63398.42,2026-01-31,2026-02-02
501247,ACC00047,2026-01,244123100.39,0.0045,91546.16,91570.56,2026-01-31,2026-02-03
501248,ACC00048,2026-01,119098316.95,0.0035,34737.01,34728.88,2026-01-31,2026-02-05
501249,ACC00049,2026-01,212983824.62,0.0035,62120.28,62145.25,2026-01-31,2026-02-06
501250,ACC00050,2026-01,159547970.13,0.0045,59830.49,59777.77,2026-01-31,2026-02-04
501251,ACC00051,2026-01,178413762.59,0.0035,52037.35,52046.77,2026-01-31,2026-02-06
501252,ACC00052,2026-01,92485163.15,0.006,46242.58,46245.97,2026-01-31,2026-02-08
501253,ACC00053,2026-01,183262212.92,0.006,91631.11,96809.53,2026-01-31,2026-02-02
501254,ACC00054,2026-01,183994696.26,0.006,91997.35,91905.61,2026-01-31,2026-02-06
501255,ACC00055,2026-01,55479336.35,0.006,27739.67,27724.03,2026-01-31,2026-02-07
501256,ACC00056,2026-01,56272868.15,0.0075,35170.54,35188.42,2026-01-31,2026-02-05
501257,ACC00057,2026-01,18303700.81,0.0035,5338.58,5343.19,2026-01-31,2026-02-04
501258,ACC00058,2026-01,228115778.1,0.0035,66533.77,66541.83,2026-01-31,2026-02-06
501259,ACC00059,2026-01,102435599.74,0.0075,64022.25,64026.4,2026-01-31,2026-02-08
501260,ACC00060,2026-01,31635776.52,0.006,15817.89,15810.57,2026-01-31,2026-02-06
501261,ACC00061,2026-01,2447686.77,0.0075,1529.8,1529.14,2026-01-31,2026-02-05
501262,ACC00062,2026-01,246348288.11,0.0045,92380.61,92308.13,2026-01-31,2026-02-06
501263,ACC00063,2026-01,188887996.18,0.0045,70833.0,70787.84,2026-01-31,2026-02-02
501264,ACC00064,2026-01,37995974.5,0.0045,14248.49,,2026-01-31,2026-02-05
501265,ACC00065,2026-01,98247752.01,0.0035,28655.59,28671.2,2026-01-31,2026-02-08
501266,ACC00066,2026-01,43187416.63,0.0075,26992.14,26994.37,2026-01-31,2026-02-03
501267,ACC00067,2026-01,49957680.6,0.006,24978.84,24990.06,2026-01-31,2026-02-03
501268,ACC00068,2026-01,218447140.83,0.0075,136529.46,136446.55,2026-01-31,2026-02-07
501269,ACC00069,2026-01,101637323.08,0.0075,63523.33,63520.67,2026-01-31,2026-02-03
501270,ACC00070,2026-01,84906169.75,0.006,42453.08,42415.67,2026-01-31,2026-02-05
501271,ACC00071,2026-01,10162464.72,0.0075,6351.54,6349.62,2026-01-31,2026-02-04
501272,ACC00072,2026-01,60050380.4,0.0035,17514.69,17516.63,2026-01-31,2026-02-08
501273,ACC00073,2026-01,54322298.99,0.0045,20370.86,20368.76,2026-01-31,2026-02-06
501274,ACC00074,2026-01,115677355.48,0.0045,43379.01,43392.73,2026-01-31,2026-02-07
501275,ACC00075,2026-01,23366393.26,0.006,11683.2,11690.31,2026-01-31,2026-02-06
501276,ACC00076,2026-01,214741531.89,0.0035,62632.95,62570.48,2026-01-31,2026-02-03
501277,ACC00077,2026-01,155894065.54,0.0045,58460.27,58455.24,2026-01-31,2026-02-07
501278,ACC00078,2026-01,12202751.48,0.0035,3559.14,3557.04,2026-01-31,2026-02-05
501279,ACC00079,2026-01,237641065.91,0.0045,89115.4,89161.74,2026-01-31,2026-02-07
501280,ACC00080,2026-01,25243857.28,0.0035,7362.79,7356.75,2026-01-31,2026-02-02
501281,ACC00081,2026-01,128504849.85,0.0075,80315.53,80381.26,2026-01-31,2026-02-04
501282,ACC00082,2026-01,64855252.83,0.0035,18916.12,18906.3,2026-01-31,2026-02-04
501283,ACC00083,2026-01,154653447.74,0.006,77326.72,77333.56,2026-01-31,2026-02-06
501284,ACC00084,2026-01,45801155.56,0.006,22900.58,22889.48,2026-01-31,2026-02-16
501285,ACC00085,2026-01,54057712.58,0.0075,33786.07,33786.89,2026-01-31,2026-02-03
501286,ACC00086,2026-01,86461109.82,0.006,43230.55,43197.76,2026-01-31,2026-02-05
501287,ACC00087,2026-01,136126633.3,0.0075,85079.15,85142.67,2026-01-31,2026-02-05
501288,ACC00088,2026-01,42133013.19,0.0075,26333.13,26323.63,2026-01-31,2026-02-07
501289,ACC00089,2026-01,37881231.52,0.006,18940.62,18928.64,2026-01-31,2026-02-02
501290,ACC00090,2026-01,229133602.78,0.0045,85925.1,85872.58,2026-01-31,2026-02-04
501291,ACC00091,2026-01,174208988.42,0.0075,108880.62,108811.37,2026-01-31,2026-02-02
501292,ACC00092,2026-01,99423221.1,0.0045,37283.71,37248.62,2026-01-31,2026-02-04
501293,ACC00093,2026-01,212031858.71,0.0045,79511.95,79569.05,2026-01-31,2026-02-21
501294,ACC00094,2026-01,178615991.86,0.006,89308.0,89335.21,2026-01-31,2026-02-07
501295,ACC00095,2026-01,35973963.19,0.006,17986.98,17978.3,2026-01-31,2026-02-07
501296,ACC00096,2026-01,49587379.39,0.0035,14462.99,14458.63,2026-01-31,2026-02-03
501297,ACC00097,2026-01,81883831.94,0.0075,51177.39,51164.05,2026-01-31,2026-02-04
501298,ACC00098,2026-01,149784944.99,0.0045,56169.35,56180.56,2026-01-31,2026-02-04
501299,ACC00099,2026-01,33715922.27,0.0075,21072.45,21051.49,2026-01-31,2026-02-03
501300,ACC00100,2026-01,174484994.82,0.0075,109053.12,109036.14,2026-01-31,2026-02-21
501301,ACC00101,2026-01,73958576.92,0.0035,21571.25,21579.41,2026-01-31,2026-02-04
501302,ACC00102,2026-01,18677041.27,0.0045,7003.89,6999.93,2026-01-31,2026-02-03
501303,ACC00103,2026-01,47370114.76,0.0045,17763.79,17759.28,2026-01-31,2026-02-12
501304,ACC00104,2026-01,71548892.48,0.0035,20868.43,20877.18,2026-01-31,2026-02-08
501305,ACC00105,2026-01,116633351.45,0.006,58316.68,58367.51,2026-01-31,2026-02-03
501306,ACC00106,2026-01,58258116.82,0.0045,21846.79,21834.55,2026-01-31,2026-02-04
501307,ACC00107,2026-01,97070564.39,0.0035,28312.25,28315.17,2026-01-31,2026-02-03
501308,ACC00108,2026-01,160265379.21,0.0075,100165.86,100218.34,2026-01-31,2026-02-07
501309,ACC00109,2026-01,239969292.48,0.0075,149980.81,150123.89,2026-01-31,2026-02-06
501310,ACC00110,2026-01,32100409.64,0.006,16050.2,16045.58,2026-01-31,2026-02-05
501311,ACC00111,2026-01,219077707.59,0.0035,63897.66,63845.24,2026-01-31,2026-02-04
501312,ACC00112,2026-01,45612408.82,0.0035,13303.62,13292.71,2026-01-31,2026-02-06
501313,ACC00113,2026-01,180506144.1,0.0075,112816.34,112870.45,2026-01-31,2026-02-07
501314,ACC00114,2026-01,56595093.39,0.0045,21223.16,21216.34,2026-01-31,2026-02-05
501315,ACC00115,2026-01,33965487.89,0.006,16982.74,16990.17,2026-01-31,2026-02-03
501316,ACC00116,2026-01,28643450.31,0.0075,17902.16,17904.11,2026-01-31,2026-02-04
501317,ACC00117,2026-01,62318698.73,0.0075,38949.19,38950.01,2026-01-31,2026-02-02
501318,ACC00118,2026-01,194622372.12,0.0045,72983.39,72939.58,2026-01-31,2026-02-02
501319,ACC00119,2026-01,92894380.32,0.006,46447.19,46436.67,2026-01-31,2026-02-08
501320,ACC00120,2026-01,86852692.91,0.0075,54282.93,54260.29,2026-01-31,2026-02-04
501321,ACC00121,2026-01,140218514.87,0.0075,87636.57,87666.51,2026-01-31,2026-02-04
501322,ACC00122,2026-01,59333431.46,0.0035,17305.58,17289.14,2026-01-31,2026-02-07
501323,ACC00123,2026-01,224052869.6,0.006,112026.43,111961.94,2026-01-31,2026-02-02
501324,ACC00124,2026-01,148963981.46,0.0045,55861.49,63151.62,2026-01-31,2026-02-08
501325,ACC00125,2026-01,53483843.46,0.0045,20056.44,20067.02,2026-01-31,2026-02-03
501326,ACC00126,2026-01,237201707.64,0.0075,148251.07,148205.68,2026-01-31,2026-02-03
501327,ACC00127,2026-01,150078991.93,0.006,75039.5,74997.02,2026-01-31,2026-02-05
501328,ACC00128,2026-01,60097460.15,0.006,30048.73,30062.25,2026-01-31,2026-02-05
501329,ACC00129,2026-01,70400112.34,0.0075,44000.07,44003.02,2026-01-31,2026-02-07
501330,ACC00130,2026-01,242317720.6,0.0035,70676.0,70615.9,2026-01-31,2026-02-05
501331,ACC00131,2026-01,191961051.87,0.006,95980.53,96064.15,2026-01-31,2026-02-05
501332,ACC00132,2026-01,133158382.74,0.0035,38837.86,38810.07,2026-01-31,2026-02-04
501333,ACC00133,2026-01,160715996.09,0.0035,46875.5,46859.07,2026-01-31,2026-02-04
501334,ACC00134,2026-01,234645119.49,0.0035,68438.16,68463.0,2026-01-31,2026-02-05
501335,ACC00135,2026-01,38939786.27,0.0035,11357.44,11350.93,2026-01-31,2026-02-05
501336,ACC00136,2026-01,215424793.2,0.0075,134640.5,134607.12,2026-01-31,2026-02-08
501337,ACC00137,2026-01,5156537.74,0.006,2578.27,2579.7,2026-01-31,2026-02-03
501338,ACC00138,2026-01,16121212.18,0.006,8060.61,8067.19,2026-01-31,2026-02-02
501339,ACC00139,2026-01,59601363.15,0.0035,17383.73,17371.15,2026-01-31,2026-02-02
501340,ACC00140,2026-01,148107266.6,0.0035,43197.95,43229.26,2026-01-31,2026-02-08
501341,ACC00141,2026-01,122772008.19,0.0045,46039.5,46051.97,2026-01-31,2026-02-07
501342,ACC00142,2026-01,156066034.01,0.0075,97541.27,97452.06,2026-01-31,2026-02-03
501343,ACC00143,2026-01,99163654.91,0.0045,37186.37,37205.7,2026-01-31,2026-02-08
501344,ACC00144,2026-01,64400891.09,0.006,32200.45,32208.59,2026-01-31,2026-02-07
501345,ACC00145,2026-01,14487882.51,0.006,7243.94,7245.43,2026-01-31,2026-02-06
501346,ACC00146,2026-01,207088020.33,0.006,103544.01,103473.49,2026-01-31,2026-02-05
501347,ACC00147,2026-01,85148450.57,0.0045,31930.67,31945.43,2026-01-31,2026-02-04
501348,ACC00148,2026-01,181040823.92,0.006,90520.41,90524.26,2026-01-31,2026-02-03
501349,ACC00149,2026-01,101321983.48,0.0075,63326.24,63296.0,2026-01-31,2026-02-05
501350,ACC00150,2026-01,70588127.53,0.006,35294.06,35293.89,2026-01-31,2026-02-06
501351,ACC00151,2026-01,196543477.66,0.0075,122839.67,122948.7,2026-01-31,2026-02-02
501352,ACC00152,2026-01,78163132.45,0.0045,29311.17,29281.92,2026-01-31,2026-02-07
501353,ACC00153,2026-01,36498987.43,0.0075,22811.87,22792.19,2026-01-31,2026-02-04
501354,ACC00154,2026-01,27616179.35,0.006,13808.09,13804.94,2026-01-31,2026-02-06
501355,ACC00155,2026-01,64174090.98,0.0075,40108.81,40074.41,2026-01-31,2026-02-02
501356,ACC00156,2026-01,239473733.73,0.0045,89802.65,89761.53,2026-01-31,2026-02-07
501357,ACC00157,2026-01,183143029.5,0.0035,53416.72,53418.01,2026-01-31,2026-02-14
501358,ACC00158,2026-01,192601406.24,0.006,96300.7,96210.96,2026-01-31,2026-02-04
501359,ACC00159,2026-01,11153793.26,0.0075,6971.12,6972.82,2026-01-31,2026-02-05
501360,ACC00160,2026-01,35280734.29,0.0075,22050.46,22070.94,2026-01-31,2026-02-02
501361,ACC00161,2026-01,108621690.05,0.006,54310.85,54275.35,2026-01-31,2026-02-04
501362,ACC00162,2026-01,10373351.47,0.006,5186.68,5183.45,2026-01-31,2026-02-05
501363,ACC00163,2026-01,107644877.53,0.0035,31396.42,31383.64,2026-01-31,2026-02-02
501364,ACC00164,2026-01,202945903.39,0.0045,76104.71,76064.35,2026-01-31,2026-02-02
501365,ACC00165,2026-01,38034462.57,0.0075,23771.54,23758.03,2026-01-31,2026-02-07
501366,ACC00166,2026-01,171050984.89,0.006,85525.49,85481.25,2026-01-31,2026-02-07
501367,ACC00167,2026-01,205969083.23,0.0045,77238.41,77273.85,2026-01-31,2026-02-06
501368,ACC00168,2026-01,177131852.41,0.006,88565.93,88587.39,2026-01-31,2026-02-03
501369,ACC00169,2026-01,173339082.61,0.0035,50557.23,50562.66,2026-01-31,2026-02-02
501370,ACC00170,2026-01,247395668.97,0.006,123697.83,123662.34,2026-01-31,2026-02-05
501371,ACC00171,2026-01,194742648.91,0.006,97371.32,97308.37,2026-01-31,2026-02-07
501372,ACC00172,2026-01,102917116.1,0.0045,38593.92,38601.76,2026-01-31,2026-02-06
501373,ACC00173,2026-01,148048502.39,0.0035,43180.81,43164.95,2026-01-31,2026-02-07
501374,ACC00174,2026-01,64541424.31,0.0075,40338.39,40372.31,2026-01-31,2026-02-20
501375,ACC00175,2026-01,126201724.89,0.0045,47325.65,47346.69,2026-01-31,2026-02-03
501376,ACC00176,2026-01,32815249.02,0.006,16407.62,16399.07,2026-01-31,2026-02-07
501377,ACC00177,2026-01,158738681.05,0.0045,59527.01,59529.96,2026-01-31,2026-02-04
501378,ACC00178,2026-01,175243518.18,0.0075,109527.2,109545.28,2026-01-31,2026-02-18
501379,ACC00179,2026-01,50090010.32,0.006,25045.01,25023.79,2026-01-31,2026-02-04
501380,ACC00180,2026-01,137544737.43,0.0035,40117.22,40107.32,2026-01-31,2026-02-08
501381,ACC00181,2026-01,175297171.26,0.0045,65736.44,65758.18,2026-01-31,2026-02-08
501382,ACC00182,2026-01,10145340.29,0.006,5072.67,5070.17,2026-01-31,2026-02-02
501383,ACC00183,2026-01,127334093.64,0.0035,37139.11,37145.67,2026-01-31,2026-02-08
501384,ACC00184,2026-01,104651295.29,0.0035,30523.29,30544.3,2026-01-31,2026-02-03
501385,ACC00185,2026-01,53495775.69,0.006,26747.89,26753.71,2026-01-31,2026-02-02
501386,ACC00186,2026-01,198987603.27,0.006,99493.8,99476.31,2026-01-31,2026-02-04
501387,ACC00187,2026-01,208705545.4,0.0045,78264.58,89976.73,2026-01-31,2026-02-08
501388,ACC00188,2026-01,68352082.45,0.0045,25632.03,25648.16,2026-01-31,2026-02-11
501389,ACC00189,2026-01,128630664.41,0.0075,80394.17,80438.46,2026-01-31,2026-02-05
501390,ACC00190,2026-01,62578519.27,0.0075,39111.57,39134.68,2026-01-31,2026-02-20
501391,ACC00191,2026-01,82767783.13,0.0075,51729.86,51739.66,2026-01-31,2026-02-20
501392,ACC00192,2026-01,213828627.96,0.006,106914.31,106910.23,2026-01-31,2026-02-06
501393,ACC00193,2026-01,20533821.68,0.0075,12833.64,12836.98,2026-01-31,2026-02-02
501394,ACC00194,2026-01,83943978.88,0.0075,52464.99,52484.23,2026-01-31,2026-02-03
501395,ACC00195,2026-01,46158468.54,0.0035,13462.89,13455.71,2026-01-31,2026-02-12
501396,ACC00196,2026-01,196473558.49,0.0075,122795.97,140008.68,2026-01-31,2026-02-07
501397,ACC00197,2026-01,121563196.25,0.0075,75977.0,75930.78,2026-01-31,2026-02-03
501398,ACC00198,2026-01,34089606.44,0.0045,12783.6,12775.58,2026-01-31,2026-02-02
501399,ACC00199,2026-01,209858921.27,0.006,104929.46,104909.94,2026-01-31,2026-02-06
501400,ACC00200,2026-01,65068939.69,0.0035,18978.44,18969.73,2026-01-31,2026-02-02
501401,ACC00201,2026-01,125429720.97,0.0045,47036.15,47006.7,2026-01-31,2026-02-06
501402,ACC00202,2026-01,108201264.93,0.006,54100.63,54072.76,2026-01-31,2026-02-04
501403,ACC00203,2026-01,155423675.35,0.0075,97139.8,97159.91,2026-01-31,2026-02-02
501404,ACC00204,2026-01,99959283.46,0.0075,62474.55,62487.17,2026-01-31,2026-02-05
501405,ACC00205,2026-01,227964418.36,0.0045,85486.66,85476.87,2026-01-31,2026-02-02
501406,ACC00206,2026-01,158512993.93,0.0075,99070.62,99102.86,2026-01-31,2026-02-07
501407,ACC00207,2026-01,64747868.77,0.0045,24280.45,24265.72,2026-01-31,2026-02-08
501408,ACC00208,2026-01,187819029.77,0.0075,117386.89,117437.06,2026-01-31,2026-02-13
501409,ACC00209,2026-01,109670728.7,0.0075,68544.21,68522.79,2026-01-31,2026-02-05
501410,ACC00210,2026-01,180407309.47,0.0045,67652.74,67638.62,2026-01-31,2026-02-05
501411,ACC00211,2026-01,75889693.48,0.0075,47431.06,47457.94,2026-01-31,2026-02-04
501412,ACC00212,2026-01,140479440.73,0.006,70239.72,70261.01,2026-01-31,2026-02-02
501413,ACC00213,2026-01,46751604.44,0.0045,17531.85,17520.48,2026-01-31,2026-02-07
501414,ACC00214,2026-01,162191581.32,0.0075,101369.74,101278.52,2026-01-31,2026-02-03
501415,ACC00215,2026-01,117338090.04,0.006,58669.05,,2026-01-31,2026-02-08
501416,ACC00216,2026-01,212102490.0,0.006,106051.24,105967.16,2026-01-31,2026-02-05
501417,ACC00217,2026-01,178361202.24,0.006,89180.6,89120.16,2026-01-31,2026-02-08
501418,ACC00218,2026-01,23991337.14,0.0035,6997.47,6995.39,2026-01-31,2026-02-06
501419,ACC00219,2026-01,20282185.95,0.0075,12676.37,12685.88,2026-01-31,2026-02-02
501420,ACC00220,2026-01,21978669.13,0.0075,13736.67,13724.35,2026-01-31,2026-02-07
501421,ACC00221,2026-01,78017429.49,0.0075,48760.89,48721.61,2026-01-31,2026-02-07
501422,ACC00222,2026-01,45421215.25,0.0045,17032.96,17027.64,2026-01-31,2026-02-07
501423,ACC00223,2026-01,143833864.79,0.0075,89896.17,89872.68,2026-01-31,2026-02-04
501424,ACC00224,2026-01,14586691.85,0.0045,5470.01,5469.24,2026-01-31,2026-02-04
501425,ACC00225,2026-01,146854998.88,0.0075,91784.37,91807.93,2026-01-31,2026-02-03
501426,ACC00226,2026-01,27754513.23,0.006,13877.26,13870.76,2026-01-31,2026-02-03
501427,ACC00227,2026-01,242104344.69,0.006,121052.17,121058.43,2026-01-31,2026-02-05
501428,ACC00228,2026-01,72049350.65,0.006,36024.68,35999.5,2026-01-31,2026-02-03
501429,ACC00229,2026-01,95102389.38,0.006,47551.19,47572.8,2026-01-31,2026-02-08
501430,ACC00230,2026-01,45874894.62,0.0075,28671.81,28649.77,2026-01-31,2026-02-06
501431,ACC00231,2026-01,105058728.76,0.0045,39397.02,39395.89,2026-01-31,2026-02-06
501432,ACC00232,2026-01,211014677.44,0.0045,79130.5,79174.46,2026-01-31,2026-02-08
501433,ACC00233,2026-01,188215238.71,0.006,94107.62,94068.5,2026-01-31,2026-02-03
501434,ACC00234,2026-01,249134616.31,0.0075,155709.14,155808.65,2026-01-31,2026-02-07
501435,ACC00235,2026-01,184810931.59,0.0075,115506.83,115394.07,2026-01-31,2026-02-08
501436,ACC00236,2026-01,160375781.05,0.0045,60140.92,60120.0,2026-01-31,2026-02-05
501437,ACC00237,2026-01,73058965.95,0.0035,21308.87,21307.59,2026-01-31,2026-02-06
501438,ACC00238,2026-01,72762919.59,0.0075,45476.82,45467.06,2026-01-31,2026-02-03
501439,ACC00239,2026-01,146579144.14,0.0075,91611.97,91610.16,2026-01-31,2026-02-08
501440,ACC00240,2026-01,155777608.58,0.0045,58416.6,58373.04,2026-01-31,2026-02-05
501441,ACC00241,2026-01,122395672.4,0.0075,76497.3,76456.78,2026-01-31,2026-02-05
501442,ACC00242,2026-01,126525552.14,0.006,63262.78,63256.99,2026-01-31,2026-02-08
501443,ACC00243,2026-01,45197307.3,0.006,22598.65,22600.08,2026-01-31,2026-02-04
501444,ACC00244,2026-01,180049629.37,0.0075,112531.02,112493.62,2026-01-31,2026-02-07
501445,ACC00245,2026-01,166128301.33,0.0075,103830.19,103862.24,2026-01-31,2026-02-06
501446,ACC00246,2026-01,90282615.6,0.0075,56426.63,56479.09,2026-01-31,2026-02-03
501447,ACC00247,2026-01,150561803.47,0.0045,56460.68,56439.96,2026-01-31,2026-02-02
501448,ACC00248,2026-01,214855354.7,0.006,107427.68,107394.73,2026-01-31,2026-02-15
501449,ACC00249,2026-01,151899846.45,0.0035,44304.12,44290.55,2026-01-31,2026-02-04
501450,ACC00250,2026-01,107711805.8,0.0075,67319.88,67301.38,2026-01-31,2026-02-04
501451,ACC00251,2026-01,86235750.08,0.006,43117.88,43082.29,2026-01-31,2026-02-03
501452,ACC00252,2026-01,83894697.61,0.006,41947.35,41961.61,2026-01-31,2026-02-08
501453,ACC00253,2026-01,193857201.92,0.0045,72696.45,72681.18,2026-01-31,2026-02-08
501454,ACC00254,2026-01,92701559.19,0.0045,34763.08,34783.99,2026-01-31,2026-02-06
501455,ACC00255,2026-01,205651545.58,0.0075,128532.22,128601.63,2026-01-31,2026-02-04
501456,ACC00256,2026-01,34386676.71,0.0035,10029.45,10029.86,2026-01-31,2026-02-08
501457,ACC00257,2026-01,201489180.1,0.006,100744.59,100772.5,2026-01-31,2026-02-03
501458,ACC00258,2026-01,80561542.01,0.006,40280.77,40252.81,2026-01-31,2026-02-02
501459,ACC00259,2026-01,50066242.71,0.0035,14602.65,14614.92,2026-01-31,2026-02-02
501460,ACC00260,2026-01,149141795.46,0.0075,93213.62,93174.27,2026-01-31,2026-02-03
501461,ACC00261,2026-01,93393366.78,0.0045,35022.51,35427.89,2026-01-31,2026-02-05
501462,ACC00262,2026-01,216182162.88,0.0045,81068.31,81036.06,2026-01-31,2026-02-06
501463,ACC00263,2026-01,244827467.58,0.006,122413.73,122375.43,2026-01-31,2026-02-07
501464,ACC00264,2026-01,12864589.95,0.0035,3752.17,3750.87,2026-01-31,2026-02-05
501465,ACC00265,2026-01,28753817.1,0.0035,8386.53,8378.77,2026-01-31,2026-02-02
501466,ACC00266,2026-01,189493935.62,0.0075,118433.71,118440.89,2026-01-31,2026-02-03
501467,ACC00267,2026-01,138701168.49,0.006,69350.58,69341.25,2026-01-31,2026-02-08
501468,ACC00268,2026-01,210190601.28,0.0035,61305.59,61365.02,2026-01-31,2026-02-07
501469,ACC00269,2026-01,128599419.84,0.0045,48224.78,48210.22,2026-01-31,2026-02-05
501470,ACC00270,2026-01,249417287.19,0.0045,93531.48,93452.51,2026-01-31,2026-02-06
501471,ACC00271,2026-01,27732443.09,0.0035,8088.63,8087.9,2026-01-31,2026-02-02
501472,ACC00272,2026-01,123768834.92,0.0045,46413.31,46402.61,2026-01-31,2026-02-06
501473,ACC00273,2026-01,136829036.43,0.006,68414.52,68466.27,2026-01-31,2026-02-05
501474,ACC00274,2026-01,92914273.21,0.006,46457.14,46419.68,2026-01-31,2026-02-03
501475,ACC00275,2026-01,176975321.02,0.0035,51617.8,51658.62,2026-01-31,2026-02-05
501476,ACC00276,2026-01,235228779.25,0.0035,68608.39,68657.06,2026-01-31,2026-02-05
501477,ACC00277,2026-01,224021801.45,0.0035,65339.69,65395.63,2026-01-31,2026-02-04
501478,ACC00278,2026-01,56071892.47,0.0035,16354.3,16347.99,2026-01-31,2026-02-07
501479,ACC00279,2026-01,211546886.1,0.006,105773.44,105729.72,2026-01-31,2026-02-05
501480,ACC00280,2026-01,38436958.14,0.006,19218.48,19199.9,2026-01-31,2026-02-07
501481,ACC00281,2026-01,198308820.29,0.006,99154.41,99093.24,2026-01-31,2026-02-07
501482,ACC00282,2026-01,70819922.12,0.006,35409.96,35430.14,2026-01-31,2026-02-07
501483,ACC00283,2026-01,210926628.04,0.006,105463.31,,2026-01-31,2026-02-02
501484,ACC00284,2026-01,50489246.48,0.0045,18933.47,18928.88,2026-01-31,2026-02-04
501485,ACC00285,2026-01,195206586.88,0.006,97603.29,97650.78,2026-01-31,2026-02-02
501486,ACC00286,2026-01,32446637.71,0.0035,9463.6,9465.92,2026-01-31,2026-02-05
501487,ACC00287,2026-01,133974750.97,0.006,66987.38,66935.52,2026-01-31,2026-02-03
501488,ACC00288,2026-01,246843079.18,0.0035,71995.9,72000.17,2026-01-31,2026-02-03
501489,ACC00289,2026-01,200084502.05,0.0075,125052.81,125076.07,2026-01-31,2026-02-05
501490,ACC00290,2026-01,210240586.15,0.0035,61320.17,61283.08,2026-01-31,2026-02-08
501491,ACC00291,2026-01,239808704.95,0.0045,89928.26,89841.56,2026-01-31,2026-02-08
501492,ACC00292,2026-01,127506513.43,0.006,63753.26,63718.35,2026-01-31,2026-02-04
501493,ACC00293,2026-01,65613848.15,0.0035,19137.37,19121.6,2026-01-31,2026-02-07
501494,ACC00294,2026-01,51475643.24,0.006,25737.82,25739.08,2026-01-31,2026-02-04
501495,ACC00295,2026-01,238713929.05,0.0075,149196.21,149244.11,2026-01-31,2026-02-13
501496,ACC00296,2026-01,37617850.76,0.006,18808.93,18795.75,2026-01-31,2026-02-05
501497,ACC00297,2026-01,85987398.6,0.0045,32245.27,32224.22,2026-01-31,2026-02-05
501498,ACC00298,2026-01,63489599.37,0.0075,39681.0,39706.01,2026-01-31,2026-02-02
501499,ACC00299,2026-01,164823203.56,0.0075,103014.5,102918.05,2026-01-31,2026-02-04
501500,ACC00300,2026-01,104822914.82,0.006,52411.46,52375.8,2026-01-31,2026-02-08
501501,ACC00001,2026-02,76543639.64,0.0035,22325.23,22316.54,2026-02-28,2026-03-05
501502,ACC00002,2026-02,70860257.01,0.0035,20667.57,20652.57,2026-02-28,2026-03-19
501503,ACC00003,2026-02,137136609.54,0.0075,85710.38,85689.32,2026-02-28,2026-03-08
501504,ACC00004,2026-02,83620548.53,0.0075,52262.84,52314.83,2026-02-28,2026-03-04
501505,ACC00005,2026-02,81063605.77,0.0075,50664.75,50616.82,2026-02-28,2026-03-07
501506,ACC00006,2026-02,239238306.18,0.0045,89714.36,89719.76,2026-02-28,2026-03-04
501507,ACC00007,2026-02,241491632.92,0.0045,90559.36,90472.49,2026-02-28,2026-03-06
501508,ACC00008,2026-02,155388627.16,0.0035,45321.68,45341.39,2026-02-28,2026-03-06
501509,ACC00009,2026-02,47737871.33,0.0075,29836.17,29858.38,2026-02-28,2026-03-05
501510,ACC00010,2026-02,86837496.11,0.0075,54273.44,54314.25,2026-02-28,2026-03-07
501511,ACC00011,2026-02,39590983.93,0.0035,11547.37,12302.7,2026-02-28,2026-03-03
501512,ACC00012,2026-02,149476368.77,0.0075,93422.73,93443.24,2026-02-28,2026-03-06
501513,ACC00013,2026-02,172810629.46,0.0035,50403.1,50431.8,2026-02-28,2026-03-06
501514,ACC00014,2026-02,6955353.46,0.0035,2028.64,2091.91,2026-02-28,2026-03-04
501515,ACC00015,2026-02,46032983.82,0.0045,17262.37,17251.43,2026-02-28,2026-03-16
501516,ACC00016,2026-02,120200556.42,0.0035,35058.5,35033.02,2026-02-28,2026-03-06
501517,ACC00017,2026-02,38339211.45,0.0045,14377.2,15597.93,2026-02-28,2026-03-12
501518,ACC00018,2026-02,162393383.22,0.0035,47364.74,47336.8,2026-02-28,2026-03-02
501519,ACC00019,2026-02,64147035.99,0.0045,24055.14,24059.77,2026-02-28,2026-03-07
501520,ACC00020,2026-02,61378866.92,0.0075,38361.79,38341.75,2026-02-28,2026-03-06
501521,ACC00021,2026-02,146449704.97,0.006,73224.85,73227.23,2026-02-28,2026-03-02
501522,ACC00022,2026-02,219745610.25,0.0045,82404.6,82367.37,2026-02-28,2026-03-12
501523,ACC00023,2026-02,236084195.02,0.006,118042.1,118079.61,2026-02-28,2026-03-07
501524,ACC00024,2026-02,11811788.39,0.0045,4429.42,4431.43,2026-02-28,2026-03-05
501525,ACC00025,2026-02,249350275.54,0.0035,72727.16,72658.88,2026-02-28,2026-03-06
501526,ACC00026,2026-02,201657367.23,0.006,100828.68,106136.3,2026-02-28,2026-03-07
501527,ACC00027,2026-02,138879389.36,0.0075,86799.62,86821.62,2026-02-28,2026-03-07
501528,ACC00028,2026-02,80356433.04,0.0035,23437.29,26135.19,2026-02-28,2026-03-02
501529,ACC00029,2026-02,197593823.47,0.006,98796.91,98809.33,2026-02-28,2026-03-04
501530,ACC00030,2026-02,87076378.97,0.006,43538.19,45508.34,2026-02-28,2026-03-08
501531,ACC00031,2026-02,68388008.75,0.006,34194.0,34163.6,2026-02-28,2026-03-07
501532,ACC00032,2026-02,131665227.83,0.0035,38402.36,39475.27,2026-02-28,2026-03-13
501533,ACC00033,2026-02,170864357.39,0.0075,106790.22,106835.81,2026-02-28,2026-03-08
501534,ACC00034,2026-02,69255446.38,0.0045,25970.79,25953.2,2026-02-28,2026-03-02
501535,ACC00035,2026-02,188967132.73,0.0035,55115.41,58713.01,2026-02-28,2026-03-08
501536,ACC00036,2026-02,59884468.36,0.0035,17466.3,17469.67,2026-02-28,2026-03-08
501537,ACC00037,2026-02,64211744.07,0.0075,40132.34,40169.61,2026-02-28,2026-03-04
501538,ACC00038,2026-02,229843460.42,0.0045,86191.3,86156.15,2026-02-28,2026-03-02
501539,ACC00039,2026-02,227125267.62,0.0075,141953.29,141986.24,2026-02-28,2026-03-05
501540,ACC00040,2026-02,5767323.21,0.0035,1682.14,1874.01,2026-02-28,2026-03-08
501541,ACC00041,2026-02,28199847.49,0.0035,8224.96,8857.66,2026-02-28,2026-03-05
501542,ACC00042,2026-02,154263799.63,0.006,77131.9,77091.51,2026-02-28,2026-03-18
501543,ACC00043,2026-02,160813539.53,0.0035,46903.95,46889.08,2026-02-28,2026-03-03
501544,ACC00044,2026-02,234473540.59,0.0035,68388.12,77350.47,2026-02-28,2026-03-20
501545,ACC00045,2026-02,148618981.56,0.0035,43347.2,43390.23,2026-02-28,2026-03-08
501546,ACC00046,2026-02,154751691.39,0.0075,96719.81,109438.66,2026-02-28,2026-03-03
501547,ACC00047,2026-02,35541209.46,0.0035,10366.19,10357.92,2026-02-28,2026-03-05
501548,ACC00048,2026-02,158663881.27,0.006,79331.94,79350.66,2026-02-28,2026-03-06
501549,ACC00049,2026-02,177415980.78,0.006,88707.99,88712.5,2026-02-28,2026-03-05
501550,ACC00050,2026-02,90660695.07,0.006,45330.35,45301.93,2026-02-28,2026-03-05
501551,ACC00051,2026-02,176848935.11,0.006,88424.47,88385.74,2026-02-28,2026-03-08
501552,ACC00052,2026-02,131412076.06,0.006,65706.04,65655.67,2026-02-28,2026-03-07
501553,ACC00053,2026-02,50881174.2,0.0075,31800.73,31799.26,2026-02-28,2026-03-06
501554,ACC00054,2026-02,154438921.61,0.0075,96524.33,107269.56,2026-02-28,2026-03-04
501555,ACC00055,2026-02,116164722.62,0.006,58082.36,58071.77,2026-02-28,2026-03-04
501556,ACC00056,2026-02,46895927.12,0.0045,17585.97,17580.38,2026-02-28,2026-03-03
501557,ACC00057,2026-02,115083844.71,0.0045,43156.44,43133.81,2026-02-28,2026-03-08
501558,ACC00058,2026-02,64328872.81,0.0075,40205.55,40205.67,2026-02-28,2026-03-05
501559,ACC00059,2026-02,194869884.24,0.0035,56837.05,56850.4,2026-02-28,2026-03-06
501560,ACC00060,2026-02,16709025.43,0.0045,6265.88,6506.35,2026-02-28,2026-03-05
501561,ACC00061,2026-02,86325421.5,0.0035,25178.25,25160.81,2026-02-28,2026-03-08
501562,ACC00062,2026-02,17366634.05,0.0045,6512.49,6722.63,2026-02-28,2026-03-08
501563,ACC00063,2026-02,24755766.16,0.006,12377.88,12386.16,2026-02-28,2026-03-08
501564,ACC00064,2026-02,235229804.44,0.0075,147018.63,146883.1,2026-02-28,2026-03-08
501565,ACC00065,2026-02,216175999.05,0.0075,135110.0,135090.9,2026-02-28,2026-03-06
501566,ACC00066,2026-02,109686524.3,0.0035,31991.9,32010.85,2026-02-28,2026-03-05
501567,ACC00067,2026-02,187514446.47,0.006,93757.22,93825.17,2026-02-28,2026-03-07
501568,ACC00068,2026-02,227748182.84,0.0045,85405.57,85464.08,2026-02-28,2026-03-02
501569,ACC00069,2026-02,126420333.06,0.0035,36872.6,36894.36,2026-02-28,2026-03-02
501570,ACC00070,2026-02,40449244.69,0.0035,11797.7,11799.27,2026-02-28,2026-03-03
501571,ACC00071,2026-02,197855451.16,0.0075,123659.66,123581.57,2026-02-28,2026-03-17
501572,ACC00072,2026-02,124069645.17,0.006,62034.82,62054.13,2026-02-28,2026-03-05
501573,ACC00073,2026-02,167243385.3,0.006,83621.69,83652.58,2026-02-28,2026-03-03
501574,ACC00074,2026-02,189474689.01,0.0035,55263.45,55212.48,2026-02-28,2026-03-03
501575,ACC00075,2026-02,31434300.81,0.0075,19646.44,19628.18,2026-02-28,2026-03-08
501576,ACC00076,2026-02,239368862.4,0.0035,69815.92,75729.58,2026-02-28,2026-03-04
501577,ACC00077,2026-02,231663108.91,0.0045,86873.67,86953.24,2026-02-28,2026-03-02
501578,ACC00078,2026-02,151798627.46,0.006,75899.31,75941.81,2026-02-28,2026-03-02
501579,ACC00079,2026-02,227577345.08,0.0045,85341.5,89321.14,2026-02-28,2026-03-07
501580,ACC00080,2026-02,172561229.47,0.0035,50330.36,50327.69,2026-02-28,2026-03-07
501581,ACC00081,2026-02,169220456.38,0.006,84610.23,86914.43,2026-02-28,2026-03-06
501582,ACC00082,2026-02,92029164.26,0.0075,57518.23,57490.99,2026-02-28,2026-03-18
501583,ACC00083,2026-02,89639804.82,0.006,44819.9,44843.81,2026-02-28,2026-03-07
501584,ACC00084,2026-02,196800453.31,0.0075,123000.28,132412.65,2026-02-28,2026-03-06
501585,ACC00085,2026-02,5960036.36,0.0035,1738.34,1737.62,2026-02-28,2026-03-02
501586,ACC00086,2026-02,240442861.13,0.006,120221.43,128770.59,2026-02-28,2026-03-06
501587,ACC00087,2026-02,139423049.09,0.0035,40665.06,42869.48,2026-02-28,2026-03-07
501588,ACC00088,2026-02,240890987.86,0.0075,150556.87,150681.67,2026-02-28,2026-03-06
501589,ACC00089,2026-02,173649156.97,0.0045,65118.43,65121.24,2026-02-28,2026-03-06
501590,ACC00090,2026-02,41897097.95,0.0075,26185.69,26182.57,2026-02-28,2026-03-18
501591,ACC00091,2026-02,108467257.4,0.006,54233.63,54184.15,2026-02-28,2026-03-07
501592,ACC00092,2026-02,19831552.9,0.0045,7436.83,7440.44,2026-02-28,2026-03-06
501593,ACC00093,2026-02,50973956.29,0.006,25486.98,25479.85,2026-02-28,2026-03-06
501594,ACC00094,2026-02,199518568.78,0.0035,58192.92,58159.18,2026-02-28,2026-03-02
501595,ACC00095,2026-02,166345666.0,0.0045,62379.62,62411.0,2026-02-28,2026-03-07
501596,ACC00096,2026-02,22806513.25,0.0035,6651.9,6657.26,2026-02-28,2026-03-03
501597,ACC00097,2026-02,124761522.16,0.006,62380.76,62391.55,2026-02-28,2026-03-03
501598,ACC00098,2026-02,228918978.51,0.0035,66768.04,66716.35,2026-02-28,2026-03-08
501599,ACC00099,2026-02,228793850.78,0.0045,85797.69,85769.76,2026-02-28,2026-03-06
501600,ACC00100,2026-02,229517462.02,0.0075,143448.41,148993.96,2026-02-28,2026-03-05
501601,ACC00101,2026-02,98832190.05,0.006,49416.1,49439.88,2026-02-28,2026-03-07
501602,ACC00102,2026-02,173966028.43,0.006,86983.01,86911.13,2026-02-28,2026-03-08
501603,ACC00103,2026-02,236477373.07,0.0045,88679.01,88751.21,2026-02-28,2026-03-02
501604,ACC00104,2026-02,113168926.93,0.0075,70730.58,77315.52,2026-02-28,2026-03-07
501605,ACC00105,2026-02,143350089.29,0.006,71675.04,71628.09,2026-02-28,2026-03-06
501606,ACC00106,2026-02,161308814.32,0.0045,60490.81,60495.51,2026-02-28,2026-03-08
501607,ACC00107,2026-02,212959323.09,0.0045,79859.75,81826.25,2026-02-28,2026-03-08
501608,ACC00108,2026-02,188073200.58,0.0035,54854.68,54828.83,2026-02-28,2026-03-05
501609,ACC00109,2026-02,211599832.83,0.006,105799.92,105746.84,2026-02-28,2026-03-04
501610,ACC00110,2026-02,219405384.29,0.0045,82277.02,82320.95,2026-02-28,2026-03-08
501611,ACC00111,2026-02,38540552.66,0.006,19270.28,19253.66,2026-02-28,2026-03-03
501612,ACC00112,2026-02,6677085.2,0.006,3338.54,3341.21,2026-02-28,2026-03-04
501613,ACC00113,2026-02,178410316.83,0.0035,52036.34,52087.19,2026-02-28,2026-03-07
501614,ACC00114,2026-02,229326492.26,0.0035,66886.89,66882.33,2026-02-28,2026-03-06
501615,ACC00115,2026-02,130699203.52,0.0035,38120.6,38126.25,2026-02-28,2026-03-05
501616,ACC00116,2026-02,137285174.33,0.0035,40041.51,40077.98,2026-02-28,2026-03-07
501617,ACC00117,2026-02,39249093.29,0.0075,24530.68,24507.46,2026-02-28,2026-03-04
501618,ACC00118,2026-02,191585741.05,0.006,95792.87,95847.81,2026-02-28,2026-03-06
501619,ACC00119,2026-02,103528556.79,0.0075,64705.35,72138.43,2026-02-28,2026-03-11
501620,ACC00120,2026-02,82727672.72,0.0045,31022.88,31040.89,2026-02-28,2026-03-03
501621,ACC00121,2026-02,162786829.6,0.0045,61045.06,61021.92,2026-02-28,2026-03-06
501622,ACC00122,2026-02,92054376.98,0.0035,26849.19,26840.59,2026-02-28,2026-03-08
501623,ACC00123,2026-02,37263073.68,0.006,18631.54,18632.98,2026-02-28,2026-03-04
501624,ACC00124,2026-02,229286347.31,0.0045,85982.38,85936.52,2026-02-28,2026-03-06
501625,ACC00125,2026-02,230136441.66,0.0035,67123.13,67185.66,2026-02-28,2026-03-08
501626,ACC00126,2026-02,20604514.51,0.0045,7726.69,8788.3,2026-02-28,2026-03-06
501627,ACC00127,2026-02,159185156.02,0.0045,59694.43,59753.86,2026-02-28,2026-03-08
501628,ACC00128,2026-02,206122033.21,0.0035,60118.93,67715.81,2026-02-28,2026-03-04
501629,ACC00129,2026-02,11315650.42,0.0075,7072.28,7076.59,2026-02-28,2026-03-08
501630,ACC00130,2026-02,118683206.12,0.0045,44506.2,44466.92,2026-02-28,2026-03-02
501631,ACC00131,2026-02,160910063.19,0.006,80455.03,80421.56,2026-02-28,2026-03-03
501632,ACC00132,2026-02,205085889.51,0.006,102542.94,102605.64,2026-02-28,2026-03-02
501633,ACC00133,2026-02,187740976.02,0.0075,117338.11,117319.65,2026-02-28,2026-03-02
501634,ACC00134,2026-02,98417787.72,0.0075,61511.12,61564.76,2026-02-28,2026-03-04
501635,ACC00135,2026-02,222891455.31,0.006,111445.73,118114.84,2026-02-28,2026-03-08
501636,ACC00136,2026-02,54877948.52,0.0075,34298.72,34284.35,2026-02-28,2026-03-03
501637,ACC00137,2026-02,149449024.12,0.0075,93405.64,93373.58,2026-02-28,2026-03-08
501638,ACC00138,2026-02,182123406.51,0.0035,53119.33,53739.26,2026-02-28,2026-03-07
501639,ACC00139,2026-02,30577143.54,0.006,15288.57,15296.06,2026-02-28,2026-03-07
501640,ACC00140,2026-02,123615478.1,0.0045,46355.8,46333.8,2026-02-28,2026-03-02
501641,ACC00141,2026-02,153999058.5,0.0035,44916.39,44930.09,2026-02-28,2026-03-02
501642,ACC00142,2026-02,161604932.53,0.0075,101003.08,101012.23,2026-02-28,2026-03-08
501643,ACC00143,2026-02,105029777.61,0.0045,39386.17,39404.61,2026-02-28,2026-03-07
501644,ACC00144,2026-02,169175183.63,0.0075,105734.49,105757.26,2026-02-28,2026-03-02
501645,ACC00145,2026-02,194705822.08,0.0035,56789.2,56733.23,2026-02-28,2026-03-05
501646,ACC00146,2026-02,36707779.07,0.0075,22942.36,22922.94,2026-02-28,2026-03-07
501647,ACC00147,2026-02,202214983.08,0.006,101107.49,101048.68,2026-02-28,2026-03-02
501648,ACC00148,2026-02,168473891.7,0.0045,63177.71,66662.7,2026-02-28,2026-03-06
501649,ACC00149,2026-02,116762656.71,0.0035,34055.77,34026.98,2026-02-28,2026-03-03
501650,ACC00150,2026-02,55373821.04,0.0035,16150.7,16843.74,2026-02-28,2026-03-04
501651,ACC00151,2026-02,244102301.93,0.006,122051.15,124059.28,2026-02-28,2026-03-04
501652,ACC00152,2026-02,221102941.77,0.006,110551.47,110557.26,2026-02-28,2026-03-18
501653,ACC00153,2026-02,12797069.75,0.0075,7998.17,8005.72,2026-02-28,2026-03-07
501654,ACC00154,2026-02,23254966.25,0.006,11627.48,11959.31,2026-02-28,2026-03-15
501655,ACC00155,2026-02,246107950.34,0.006,123053.98,136049.24,2026-02-28,2026-03-04
501656,ACC00156,2026-02,119601188.35,0.006,59800.59,59847.35,2026-02-28,2026-03-05
501657,ACC00157,2026-02,129299480.81,0.0075,80812.18,80796.96,2026-02-28,2026-03-05
501658,ACC00158,2026-02,23705375.48,0.0045,8889.52,8885.06,2026-02-28,2026-03-16
501659,ACC00159,2026-02,134914256.63,0.006,67457.13,67479.98,2026-02-28,2026-03-16
501660,ACC00160,2026-02,37899598.76,0.0035,11054.05,11062.62,2026-02-28,2026-03-05
501661,ACC00161,2026-02,164379066.04,0.0045,61642.15,61648.8,2026-02-28,2026-03-02
501662,ACC00162,2026-02,15430993.82,0.0045,5786.62,5783.83,2026-02-28,2026-03-06
501663,ACC00163,2026-02,219024501.17,0.0075,136890.31,136920.68,2026-02-28,2026-03-08
501664,ACC00164,2026-02,172723126.94,0.006,86361.56,86357.72,2026-02-28,2026-03-04
501665,ACC00165,2026-02,68774890.21,0.0075,42984.31,43018.72,2026-02-28,2026-03-02
501666,ACC00166,2026-02,243802753.3,0.0035,71109.14,71112.3,2026-02-28,2026-03-04
501667,ACC00167,2026-02,227556073.14,0.006,113778.04,113806.12,2026-02-28,2026-03-13
501668,ACC00168,2026-02,59450239.03,0.0035,17339.65,17347.11,2026-02-28,2026-03-05
501669,ACC00169,2026-02,147908941.08,0.0075,92443.09,92471.88,2026-02-28,2026-03-03
501670,ACC00170,2026-02,236798357.94,0.0035,69066.19,69081.26,2026-02-28,2026-03-20
501671,ACC00171,2026-02,48885130.91,0.0075,30553.21,30558.38,2026-02-28,2026-03-02
501672,ACC00172,2026-02,12577657.21,0.0075,7861.04,8862.9,2026-02-28,2026-03-03
501673,ACC00173,2026-02,184221405.02,0.0035,53731.24,53777.83,2026-02-28,2026-03-02
501674,ACC00174,2026-02,210809546.91,0.0045,79053.58,79052.87,2026-02-28,2026-03-06
501675,ACC00175,2026-02,6401043.81,0.0045,2400.39,2401.77,2026-02-28,2026-03-02
501676,ACC00176,2026-02,154063867.52,0.0045,57773.95,57813.88,2026-02-28,2026-03-07
501677,ACC00177,2026-02,226866159.21,0.0075,141791.35,141900.28,2026-02-28,2026-03-08
501678,ACC00178,2026-02,82632624.27,0.006,41316.31,41346.18,2026-02-28,2026-03-02
501679,ACC00179,2026-02,114306723.29,0.0045,42865.02,42902.6,2026-02-28,2026-03-07
501680,ACC00180,2026-02,136994445.44,0.0045,51372.92,51386.56,2026-02-28,2026-03-07
501681,ACC00181,2026-02,236151477.18,0.0045,88556.8,88607.23,2026-02-28,2026-03-07
501682,ACC00182,2026-02,199192481.5,0.006,99596.24,99669.52,2026-02-28,2026-03-07
501683,ACC00183,2026-02,230181772.59,0.0045,86318.16,86331.9,2026-02-28,2026-03-07
501684,ACC00184,2026-02,189561965.44,0.0045,71085.74,79767.14,2026-02-28,2026-03-03
501685,ACC00185,2026-02,215686647.2,0.006,107843.32,107886.49,2026-02-28,2026-03-04
501686,ACC00186,2026-02,27184487.23,0.0035,7928.81,7922.79,2026-02-28,2026-03-02
501687,ACC00187,2026-02,148795095.52,0.0045,55798.16,55817.69,2026-02-28,2026-03-03
501688,ACC00188,2026-02,114935463.64,0.0045,43100.8,43081.82,2026-02-28,2026-03-06
501689,ACC00189,2026-02,151292090.05,0.0045,56734.53,57333.52,2026-02-28,2026-03-07
501690,ACC00190,2026-02,7450566.02,0.0035,2173.08,2174.94,2026-02-28,2026-03-07
501691,ACC00191,2026-02,169220744.1,0.0045,63457.78,63499.06,2026-02-28,2026-03-11
501692,ACC00192,2026-02,21737272.15,0.0045,8151.48,8155.31,2026-02-28,2026-03-08
501693,ACC00193,2026-02,147368676.07,0.0075,92105.42,96344.39,2026-02-28,2026-03-02
501694,ACC00194,2026-02,99066427.91,0.0035,28894.37,28914.93,2026-02-28,2026-03-19
501695,ACC00195,2026-02,248108061.71,0.0075,155067.54,172014.48,2026-02-28,2026-03-04
501696,ACC00196,2026-02,127957074.88,0.0075,79973.17,81816.15,2026-02-28,2026-03-08
501697,ACC00197,2026-02,155792524.19,0.006,77896.26,77829.42,2026-02-28,2026-03-03
501698,ACC00198,2026-02,60503727.82,0.0075,37814.83,37836.43,2026-02-28,2026-03-08
501699,ACC00199,2026-02,200460592.16,0.0045,75172.72,75197.45,2026-02-28,2026-03-06
501700,ACC00200,2026-02,234777016.08,0.0075,146735.64,163662.39,2026-02-28,2026-03-04
501701,ACC00201,2026-02,107561215.77,0.006,53780.61,53749.56,2026-02-28,2026-03-06
501702,ACC00202,2026-02,200487589.61,0.0035,58475.55,58464.45,2026-02-28,2026-03-04
501703,ACC00203,2026-02,82277516.5,0.0035,23997.61,26682.99,2026-02-28,2026-03-07
501704,ACC00204,2026-02,42638201.61,0.0035,12436.14,12441.25,2026-02-28,2026-03-02
501705,ACC00205,2026-02,82990142.11,0.0075,51868.84,51900.07,2026-02-28,2026-03-08
501706,ACC00206,2026-02,25709304.25,0.0045,9640.99,9650.21,2026-02-28,2026-03-03
501707,ACC00207,2026-02,109019881.35,0.006,54509.94,58861.58,2026-02-28,2026-03-07
501708,ACC00208,2026-02,242687611.7,0.0045,91007.85,91071.76,2026-02-28,2026-03-06
501709,ACC00209,2026-02,187192445.33,0.0035,54597.8,58286.48,2026-02-28,2026-03-02
501710,ACC00210,2026-02,78301223.16,0.006,39150.61,42430.38,2026-02-28,2026-03-04
501711,ACC00211,2026-02,60331936.04,0.0045,22624.48,22626.73,2026-02-28,2026-03-08
501712,ACC00212,2026-02,117917053.64,0.006,58958.53,58999.53,2026-02-28,2026-03-08
501713,ACC00213,2026-02,218931861.43,0.0075,136832.41,136867.55,2026-02-28,2026-03-21
501714,ACC00214,2026-02,172257117.61,0.0045,64596.42,64587.23,2026-02-28,2026-03-06
501715,ACC00215,2026-02,28064655.44,0.0045,10524.25,10530.63,2026-02-28,2026-03-03
501716,ACC00216,2026-02,176184868.92,0.0075,110115.54,110059.77,2026-02-28,2026-03-04
501717,ACC00217,2026-02,15141367.19,0.006,7570.68,7774.98,2026-02-28,2026-03-05
501718,ACC00218,2026-02,156260312.58,0.0075,97662.7,97666.53,2026-02-28,2026-03-06
501719,ACC00219,2026-02,157493474.3,0.0045,59060.05,67211.47,2026-02-28,2026-03-05
501720,ACC00220,2026-02,41691996.38,0.0075,26057.5,26034.4,2026-02-28,2026-03-03
501721,ACC00221,2026-02,160795812.22,0.0075,100497.38,100564.19,2026-02-28,2026-03-08
501722,ACC00222,2026-02,145802875.18,0.0075,91126.8,99185.58,2026-02-28,2026-03-04
501723,ACC00223,2026-02,148629328.07,0.0035,43350.22,43332.25,2026-02-28,2026-03-02
501724,ACC00224,2026-02,89547309.75,0.0075,55967.07,55926.8,2026-02-28,2026-03-06
501725,ACC00225,2026-02,188289729.18,0.0035,54917.84,54894.01,2026-02-28,2026-03-03
501726,ACC00226,2026-02,149516210.66,0.0035,43608.89,44248.53,2026-02-28,2026-03-07
501727,ACC00227,2026-02,204076860.7,0.006,102038.43,101950.21,2026-02-28,2026-03-02
501728,ACC00228,2026-02,49817622.31,0.0035,14530.14,14530.05,2026-02-28,2026-03-12
501729,ACC00229,2026-02,97948745.28,0.0075,61217.97,67462.55,2026-02-28,2026-03-04
501730,ACC00230,2026-02,153238561.04,0.0035,44694.58,44695.75,2026-02-28,2026-03-07
501731,ACC00231,2026-02,107495259.51,0.0035,31352.78,31376.21,2026-02-28,2026-03-03
501732,ACC00232,2026-02,163816733.9,0.0035,47779.88,51564.29,2026-02-28,2026-03-03
501733,ACC00233,2026-02,26442495.64,0.0075,16526.56,16526.43,2026-02-28,2026-03-05
501734,ACC00234,2026-02,138256924.01,0.0075,86410.58,94752.1,2026-02-28,2026-03-05
501735,ACC00235,2026-02,105987642.24,0.0075,66242.28,66193.66,2026-02-28,2026-03-03
501736,ACC00236,2026-02,114690847.26,0.006,57345.42,57374.25,2026-02-28,2026-03-03
501737,ACC00237,2026-02,100174865.55,0.0035,29217.67,30105.29,2026-02-28,2026-03-03
501738,ACC00238,2026-02,206196532.31,0.0075,128872.83,137316.36,2026-02-28,2026-03-08
501739,ACC00239,2026-02,20151929.52,0.0045,7556.97,7558.41,2026-02-28,2026-03-04
501740,ACC00240,2026-02,243281308.49,0.0075,152050.82,151990.27,2026-02-28,2026-03-06
501741,ACC00241,2026-02,97964253.09,0.0045,36736.59,36735.0,2026-02-28,2026-03-02
501742,ACC00242,2026-02,51013398.63,0.0035,14878.91,14882.26,2026-02-28,2026-03-06
501743,ACC00243,2026-02,104541414.19,0.0075,65338.38,65283.03,2026-02-28,2026-03-02
501744,ACC00244,2026-02,128591082.93,0.006,64295.54,73914.62,2026-02-28,2026-03-06
501745,ACC00245,2026-02,12450339.12,0.0035,3631.35,3631.51,2026-02-28,2026-03-04
501746,ACC00246,2026-02,70774755.88,0.006,35387.38,35379.55,2026-02-28,2026-03-06
501747,ACC00247,2026-02,209817172.85,0.0035,61196.68,61186.93,2026-02-28,2026-03-04
501748,ACC00248,2026-02,25797201.39,0.0045,9673.95,11032.33,2026-02-28,2026-03-06
501749,ACC00249,2026-02,140982078.03,0.0035,41119.77,41120.11,2026-02-28,2026-03-02
501750,ACC00250,2026-02,15442155.59,0.0075,9651.35,9659.77,2026-02-28,2026-03-02
501751,ACC00251,2026-02,226760561.88,0.0075,141725.35,141662.13,2026-02-28,2026-03-08
501752,ACC00252,2026-02,91492673.83,0.006,45746.34,45745.99,2026-02-28,2026-03-04
501753,ACC00253,2026-02,13219633.68,0.0075,8262.27,8531.8,2026-02-28,2026-03-07
501754,ACC00254,2026-02,176460979.89,0.0075,110288.11,110389.1,2026-02-28,2026-03-05
501755,ACC00255,2026-02,86951811.58,0.006,43475.91,49284.62,2026-02-28,2026-03-05
501756,ACC00256,2026-02,153662963.64,0.006,76831.48,86385.51,2026-02-28,2026-03-03
501757,ACC00257,2026-02,220497033.9,0.0075,137810.65,137879.51,2026-02-28,2026-03-02
501758,ACC00258,2026-02,119436487.05,0.006,59718.24,59762.2,2026-02-28,2026-03-07
501759,ACC00259,2026-02,47745841.82,0.0045,17904.69,17905.56,2026-02-28,2026-03-04
501760,ACC00260,2026-02,210219707.26,0.0045,78832.39,78858.12,2026-02-28,2026-03-03
501761,ACC00261,2026-02,11051100.39,0.0035,3223.24,3220.2,2026-02-28,2026-03-05
501762,ACC00262,2026-02,12991704.9,0.0035,3789.25,3851.22,2026-02-28,2026-03-05
501763,ACC00263,2026-02,121687996.34,0.006,60844.0,60868.83,2026-02-28,2026-03-03
501764,ACC00264,2026-02,178453522.79,0.0035,52048.94,52050.95,2026-02-28,2026-03-06
501765,ACC00265,2026-02,55403254.37,0.0035,16159.28,16175.15,2026-02-28,2026-03-07
501766,ACC00266,2026-02,67527742.68,0.006,33763.87,34276.72,2026-02-28,2026-03-07
501767,ACC00267,2026-02,239966548.8,0.0075,149979.09,150108.99,2026-02-28,2026-03-03
501768,ACC00268,2026-02,141312122.06,0.0035,41216.04,41201.69,2026-02-28,2026-03-02
501769,ACC00269,2026-02,246479243.04,0.0035,71889.78,71926.48,2026-02-28,2026-03-08
501770,ACC00270,2026-02,133283613.2,0.0075,83302.26,83358.16,2026-02-28,2026-03-05
501771,ACC00271,2026-02,42966780.93,0.006,21483.39,21484.37,2026-02-28,2026-03-07
501772,ACC00272,2026-02,53214902.38,0.006,26607.45,26630.09,2026-02-28,2026-03-02
501773,ACC00273,2026-02,141396970.72,0.0075,88373.11,88307.25,2026-02-28,2026-03-07
501774,ACC00274,2026-02,6350303.82,0.0035,1852.17,1853.07,2026-02-28,2026-03-08
501775,ACC00275,2026-02,82342403.91,0.0035,24016.53,24022.26,2026-02-28,2026-03-03
501776,ACC00276,2026-02,30203260.0,0.0045,11326.22,,2026-02-28,2026-03-05
501777,ACC00277,2026-02,189070703.15,0.0045,70901.51,70849.38,2026-02-28,2026-03-06
501778,ACC00278,2026-02,176600985.48,0.0035,51508.62,51496.86,2026-02-28,2026-03-06
501779,ACC00279,2026-02,221353579.05,0.0045,83007.59,88448.3,2026-02-28,2026-03-05
501780,ACC00280,2026-02,2927783.23,0.0035,853.94,853.74,2026-02-28,2026-03-04
501781,ACC00281,2026-02,49948034.03,0.0075,31217.52,33838.96,2026-02-28,2026-03-05
501782,ACC00282,2026-02,71103427.62,0.0045,26663.79,30563.17,2026-02-28,2026-03-05
501783,ACC00283,2026-02,198189278.47,0.0045,74320.98,74375.9,2026-02-28,2026-03-03
501784,ACC00284,2026-02,144703422.29,0.0075,90439.64,98073.13,2026-02-28,2026-03-04
501785,ACC00285,2026-02,60943845.57,0.0075,38089.9,38122.49,2026-02-28,2026-03-02
501786,ACC00286,2026-02,220089802.89,0.0075,137556.13,137470.52,2026-02-28,2026-03-03
501787,ACC00287,2026-02,4744597.96,0.0035,1383.84,1384.86,2026-02-28,2026-03-04
501788,ACC00288,2026-02,120422056.67,0.0045,45158.27,45661.27,2026-02-28,2026-03-05
501789,ACC00289,2026-02,151038111.7,0.0075,94398.82,96392.18,2026-02-28,2026-03-05
501790,ACC00290,2026-02,38560422.4,0.0045,14460.16,14452.76,2026-02-28,2026-03-07
501791,ACC00291,2026-02,30971421.24,0.0075,19357.14,19364.42,2026-02-28,2026-03-02
501792,ACC00292,2026-02,30981258.87,0.0035,9036.2,9224.52,2026-02-28,2026-03-08
501793,ACC00293,2026-02,218888709.1,0.0045,82083.27,82077.14,2026-02-28,2026-03-02
501794,ACC00294,2026-02,88507873.48,0.0035,25814.8,25811.5,2026-02-28,2026-03-03
501795,ACC00295,2026-02,6300435.93,0.006,3150.22,3152.29,2026-02-28,2026-03-03
501796,ACC00296,2026-02,184859738.17,0.006,92429.87,92517.23,2026-02-28,2026-03-20
501797,ACC00297,2026-02,52856908.38,0.006,26428.45,27099.36,2026-02-28,2026-03-02
501798,ACC00298,2026-02,75490234.31,0.0075,47181.4,47209.0,2026-02-28,2026-03-08
501799,ACC00299,2026-02,207810676.3,0.0045,77929.0,81934.19,2026-02-28,2026-03-07
501800,ACC00300,2026-02,21724789.34,0.006,10862.39,11136.27,2026-02-28,2026-03-08
501801,ACC00001,2026-03,104298394.69,0.0045,39111.9,39118.09,2026-03-31,2026-04-03
501802,ACC00002,2026-03,198469268.02,0.006,99234.63,99152.13,2026-03-31,2026-04-08
501803,ACC00003,2026-03,117607079.75,0.0035,34302.06,34306.43,2026-03-31,2026-04-04
501804,ACC00004,2026-03,58674239.46,0.006,29337.12,29314.65,2026-03-31,2026-04-06
501805,ACC00005,2026-03,16814957.24,0.0045,6305.61,6300.92,2026-03-31,2026-04-02
501806,ACC00006,2026-03,185700013.06,0.006,92850.01,92797.43,2026-03-31,2026-04-13
501807,ACC00007,2026-03,165626850.42,0.0045,62110.07,62067.88,2026-03-31,2026-04-05
501808,ACC00008,2026-03,8272169.27,0.0035,2412.72,2412.84,2026-03-31,2026-04-08
501809,ACC00009,2026-03,206941987.85,0.006,103470.99,103559.71,2026-03-31,2026-04-02
501810,ACC00010,2026-03,127114500.76,0.0035,37075.06,37040.23,2026-03-31,2026-04-08
501811,ACC00011,2026-03,41415649.18,0.0045,15530.87,15544.02,2026-03-31,2026-04-07
501812,ACC00012,2026-03,76550813.67,0.0075,47844.26,47883.79,2026-03-31,2026-04-02
501813,ACC00013,2026-03,80683788.12,0.0075,50427.37,50436.91,2026-03-31,2026-04-05
501814,ACC00014,2026-03,240481242.14,0.0045,90180.47,90208.07,2026-03-31,2026-04-05
501815,ACC00015,2026-03,106893599.31,0.0045,40085.1,40054.02,2026-03-31,2026-04-04
501816,ACC00016,2026-03,239687552.01,0.006,119843.78,119796.74,2026-03-31,2026-04-07
501817,ACC00017,2026-03,111871964.46,0.0045,41951.99,41936.13,2026-03-31,2026-04-05
501818,ACC00018,2026-03,49447560.56,0.0075,30904.73,30874.8,2026-03-31,2026-04-18
501819,ACC00019,2026-03,235577410.07,0.006,117788.71,117762.47,2026-03-31,2026-04-03
501820,ACC00020,2026-03,95165297.49,0.0045,35686.99,35722.61,2026-03-31,2026-04-02
501821,ACC00021,2026-03,34498256.8,0.0075,21561.41,21574.39,2026-03-31,2026-04-06
501822,ACC00022,2026-03,106254149.39,0.006,53127.07,53098.38,2026-03-31,2026-04-06
501823,ACC00023,2026-03,190330864.18,0.006,95165.43,95221.82,2026-03-31,2026-04-08
501824,ACC00024,2026-03,138181266.41,0.0035,40302.87,40315.23,2026-03-31,2026-04-07
501825,ACC00025,2026-03,17455433.26,0.0075,10909.65,10910.27,2026-03-31,2026-04-06
501826,ACC00026,2026-03,9542209.37,0.0075,5963.88,5969.52,2026-03-31,2026-04-21
501827,ACC00027,2026-03,214453962.72,0.006,107226.98,107172.45,2026-03-31,2026-04-05
501828,ACC00028,2026-03,60443620.67,0.006,30221.81,30233.43,2026-03-31,2026-04-07
501829,ACC00029,2026-03,63588898.19,0.006,31794.45,31766.5,2026-03-31,2026-04-03
501830,ACC00030,2026-03,102405263.31,0.0035,29868.2,29859.71,2026-03-31,2026-04-05
501831,ACC00031,2026-03,115290567.95,0.0075,72056.6,72077.44,2026-03-31,2026-04-06
501832,ACC00032,2026-03,24080502.62,0.0035,7023.48,7019.22,2026-03-31,2026-04-07
501833,ACC00033,2026-03,61152651.12,0.0075,38220.41,38210.34,2026-03-31,2026-04-08
501834,ACC00034,2026-03,120871367.98,0.0035,35254.15,35228.38,2026-03-31,2026-04-08
501835,ACC00035,2026-03,151007086.38,0.006,75503.54,75508.38,2026-03-31,2026-04-08
501836,ACC00036,2026-03,24000169.53,0.0075,15000.11,14994.51,2026-03-31,2026-04-08
501837,ACC00037,2026-03,44695239.5,0.0045,16760.71,16751.21,2026-03-31,2026-04-04
501838,ACC00038,2026-03,237684190.51,0.0035,69324.56,69270.85,2026-03-31,2026-04-02
501839,ACC00039,2026-03,241511452.44,0.0075,150944.66,150999.64,2026-03-31,2026-04-07
501840,ACC00040,2026-03,148971628.15,0.0045,55864.36,55844.2,2026-03-31,2026-04-07
501841,ACC00041,2026-03,211962943.14,0.006,105981.47,106086.48,2026-03-31,2026-04-03
501842,ACC00042,2026-03,33519860.73,0.0035,9776.63,9781.8,2026-03-31,2026-04-07
501843,ACC00043,2026-03,73309406.17,0.0045,27491.03,27490.79,2026-03-31,2026-04-05
501844,ACC00044,2026-03,96363875.58,0.0075,60227.42,60280.84,2026-03-31,2026-04-06
501845,ACC00045,2026-03,48246083.45,0.0035,14071.77,14083.56,2026-03-31,2026-04-06
501846,ACC00046,2026-03,185031550.17,0.0045,69386.83,69445.44,2026-03-31,2026-04-02
501847,ACC00047,2026-03,10610450.02,0.0045,3978.92,3982.64,2026-03-31,2026-04-04
501848,ACC00048,2026-03,30759200.91,0.006,15379.6,15386.08,2026-03-31,2026-04-04
501849,ACC00049,2026-03,101568024.39,0.0035,29624.01,29625.14,2026-03-31,2026-04-16
501850,ACC00050,2026-03,212931293.85,0.006,106465.65,106562.21,2026-03-31,2026-04-08
501851,ACC00051,2026-03,6733488.12,0.0045,2525.06,2526.03,2026-03-31,2026-04-04
501852,ACC00052,2026-03,83416716.83,0.0045,31281.27,31273.14,2026-03-31,2026-04-06
501853,ACC00053,2026-03,182764251.51,0.0075,114227.66,114330.32,2026-03-31,2026-04-05
501854,ACC00054,2026-03,206458843.22,0.0035,60217.16,60215.68,2026-03-31,2026-04-08
501855,ACC00055,2026-03,73915996.78,0.0045,27718.5,27726.9,2026-03-31,2026-04-08
501856,ACC00056,2026-03,187128401.36,0.0045,70173.15,70169.92,2026-03-31,2026-04-02
501857,ACC00057,2026-03,33206488.45,0.006,16603.24,16602.26,2026-03-31,2026-04-06
501858,ACC00058,2026-03,195842167.9,0.0075,122401.35,122464.24,2026-03-31,2026-04-11
501859,ACC00059,2026-03,75236094.43,0.0075,47022.56,47030.15,2026-03-31,2026-04-07
501860,ACC00060,2026-03,232225608.74,0.0075,145141.01,145056.25,2026-03-31,2026-04-07
501861,ACC00061,2026-03,179966606.44,0.0075,112479.13,112453.56,2026-03-31,2026-04-06
501862,ACC00062,2026-03,192694426.95,0.006,96347.21,96313.01,2026-03-31,2026-04-08
501863,ACC00063,2026-03,224326868.64,0.0035,65428.67,65368.39,2026-03-31,2026-04-07
501864,ACC00064,2026-03,202404353.28,0.0045,75901.63,75840.35,2026-03-31,2026-04-06
501865,ACC00065,2026-03,108730658.36,0.006,54365.33,54333.5,2026-03-31,2026-04-02
501866,ACC00066,2026-03,211703528.55,0.006,105851.76,105858.16,2026-03-31,2026-04-04
501867,ACC00067,2026-03,35464209.25,0.0075,22165.13,22169.1,2026-03-31,2026-04-06
501868,ACC00068,2026-03,43240751.66,0.006,21620.38,21606.21,2026-03-31,2026-04-02
501869,ACC00069,2026-03,64122562.72,0.0075,40076.6,40087.03,2026-03-31,2026-04-02
501870,ACC00070,2026-03,215550352.36,0.006,107775.18,107841.61,2026-03-31,2026-04-07
501871,ACC00071,2026-03,111822689.39,0.0035,32614.95,32584.41,2026-03-31,2026-04-07
501872,ACC00072,2026-03,89098428.29,0.0035,25987.04,25996.91,2026-03-31,2026-04-07
501873,ACC00073,2026-03,104110333.9,0.0035,30365.51,30357.25,2026-03-31,2026-04-07
501874,ACC00074,2026-03,237435577.23,0.0075,148397.24,148508.54,2026-03-31,2026-04-07
501875,ACC00075,2026-03,182980074.77,0.0035,53369.19,53400.07,2026-03-31,2026-04-05
501876,ACC00076,2026-03,164127362.19,0.0035,47870.48,47904.15,2026-03-31,2026-04-04
501877,ACC00077,2026-03,3551528.37,0.0035,1035.86,1036.34,2026-03-31,2026-04-02
501878,ACC00078,2026-03,73037704.53,0.0035,21302.66,21311.42,2026-03-31,2026-04-07
501879,ACC00079,2026-03,159283298.66,0.006,79641.65,79614.24,2026-03-31,2026-04-05
501880,ACC00080,2026-03,166587573.49,0.006,83293.79,83270.33,2026-03-31,2026-04-07
501881,ACC00081,2026-03,233382251.98,0.006,116691.13,116577.51,2026-03-31,2026-04-04
501882,ACC00082,2026-03,45272986.33,0.0075,28295.62,28323.31,2026-03-31,2026-04-12
501883,ACC00083,2026-03,77833176.49,0.0035,22701.34,22680.49,2026-03-31,2026-04-06
501884,ACC00084,2026-03,186047335.94,0.0045,69767.75,69836.31,2026-03-31,2026-04-08
501885,ACC00085,2026-03,44204943.12,0.0035,12893.11,12884.32,2026-03-31,2026-04-08
501886,ACC00086,2026-03,142592588.77,0.006,71296.29,71337.93,2026-03-31,2026-04-02
501887,ACC00087,2026-03,247043858.67,0.0035,72054.46,74926.5,2026-03-31,2026-04-03
501888,ACC00088,2026-03,142889331.51,0.006,71444.67,71422.79,2026-03-31,2026-04-02
501889,ACC00089,2026-03,206647868.98,0.0035,60272.3,69231.91,2026-03-31,2026-04-06
501890,ACC00090,2026-03,121812743.44,0.0045,45679.78,45718.11,2026-03-31,2026-04-04
501891,ACC00091,2026-03,53073628.35,0.0045,19902.61,19918.92,2026-03-31,2026-04-04
501892,ACC00092,2026-03,46459375.42,0.0035,13550.65,13545.97,2026-03-31,2026-04-07
501893,ACC00093,2026-03,115038064.68,0.0075,71898.79,71842.56,2026-03-31,2026-04-03
501894,ACC00094,2026-03,127449485.0,0.0035,37172.77,37189.74,2026-03-31,2026-04-06
501895,ACC00095,2026-03,19559502.71,0.0075,12224.69,12234.57,2026-03-31,2026-04-07
501896,ACC00096,2026-03,85169074.92,0.0075,53230.67,53204.61,2026-03-31,2026-04-08
501897,ACC00097,2026-03,50326047.77,0.0045,18872.27,18886.35,2026-03-31,2026-04-04
501898,ACC00098,2026-03,242338415.83,0.0045,90876.91,90800.52,2026-03-31,2026-04-07
501899,ACC00099,2026-03,78545009.23,0.0075,49090.63,49064.19,2026-03-31,2026-04-06
501900,ACC00100,2026-03,79767241.29,0.0045,29912.72,29893.53,2026-03-31,2026-04-03
501901,ACC00101,2026-03,218857371.76,0.006,109428.69,109435.34,2026-03-31,2026-04-03
501902,ACC00102,2026-03,175049089.29,0.0045,65643.41,65628.45,2026-03-31,2026-04-04
501903,ACC00103,2026-03,45268354.54,0.0045,16975.63,16973.0,2026-03-31,2026-04-08
501904,ACC00104,2026-03,158074698.74,0.0075,98796.69,98757.23,2026-03-31,2026-04-08
501905,ACC00105,2026-03,143573589.3,0.0035,41875.63,41833.86,2026-03-31,2026-04-04
501906,ACC00106,2026-03,83863295.25,0.0045,31448.74,31462.87,2026-03-31,2026-04-03
501907,ACC00107,2026-03,226706898.77,0.0045,85015.09,85070.43,2026-03-31,2026-04-08
501908,ACC00108,2026-03,13696167.53,0.0075,8560.1,8557.36,2026-03-31,2026-04-08
501909,ACC00109,2026-03,126723005.97,0.0035,36960.88,36968.4,2026-03-31,2026-04-08
501910,ACC00110,2026-03,40868985.57,0.006,20434.49,20444.22,2026-03-31,2026-04-02
501911,ACC00111,2026-03,24056335.26,0.0045,9021.13,9020.12,2026-03-31,2026-04-07
501912,ACC00112,2026-03,148157834.31,0.0035,43212.7,43215.08,2026-03-31,2026-04-05
501913,ACC00113,2026-03,190365533.98,0.006,95182.77,95111.58,2026-03-31,2026-04-05
501914,ACC00114,2026-03,115350866.52,0.0045,43256.57,,2026-03-31,2026-04-04
501915,ACC00115,2026-03,222894043.12,0.0035,65010.76,65016.81,2026-03-31,2026-04-08
501916,ACC00116,2026-03,109179716.36,0.0035,31844.08,31829.46,2026-03-31,2026-04-08
501917,ACC00117,2026-03,106911157.9,0.0045,40091.68,40056.29,2026-03-31,2026-04-04
501918,ACC00118,2026-03,104412261.53,0.0075,65257.66,65228.43,2026-03-31,2026-04-07
501919,ACC00119,2026-03,127365331.72,0.0075,79603.33,79578.18,2026-03-31,2026-04-02
501920,ACC00120,2026-03,149128045.19,0.0035,43495.68,43516.21,2026-03-31,2026-04-08
501921,ACC00121,2026-03,52830519.38,0.006,26415.26,26392.01,2026-03-31,2026-04-07
501922,ACC00122,2026-03,95474006.92,0.0035,27846.59,27829.99,2026-03-31,2026-04-08
501923,ACC00123,2026-03,225061433.0,0.0075,140663.4,140625.79,2026-03-31,2026-04-02
501924,ACC00124,2026-03,94227667.21,0.0045,35335.38,37270.82,2026-03-31,2026-04-12
501925,ACC00125,2026-03,171430762.8,0.0045,64286.54,64236.1,2026-03-31,2026-04-07
501926,ACC00126,2026-03,146072423.58,0.0045,54777.16,54812.66,2026-03-31,2026-04-07
501927,ACC00127,2026-03,49661862.6,0.0035,14484.71,14473.73,2026-03-31,2026-04-06
501928,ACC00128,2026-03,35677691.62,0.0035,10405.99,10402.55,2026-03-31,2026-04-05
501929,ACC00129,2026-03,70808642.07,0.006,35404.32,35399.72,2026-03-31,2026-04-08
501930,ACC00130,2026-03,187887936.76,0.0075,117429.96,117401.03,2026-03-31,2026-04-04
501931,ACC00131,2026-03,76492057.79,0.006,38246.03,38266.58,2026-03-31,2026-04-03
501932,ACC00132,2026-03,7435442.45,0.0035,2168.67,2170.41,2026-03-31,2026-04-06
501933,ACC00133,2026-03,205674535.75,0.006,102837.27,102878.85,2026-03-31,2026-04-05
501934,ACC00134,2026-03,172542970.03,0.006,86271.49,86200.84,2026-03-31,2026-04-05
501935,ACC00135,2026-03,248340373.08,0.006,124170.19,124091.45,2026-03-31,2026-04-05
501936,ACC00136,2026-03,166095875.46,0.0075,103809.92,103840.97,2026-03-31,2026-04-08
501937,ACC00137,2026-03,16598284.84,0.0035,4841.17,4845.52,2026-03-31,2026-04-06
501938,ACC00138,2026-03,61634378.26,0.0075,38521.49,38539.37,2026-03-31,2026-04-02
501939,ACC00139,2026-03,210579066.38,0.0035,61418.89,61453.35,2026-03-31,2026-04-02
501940,ACC00140,2026-03,83972056.52,0.0045,31489.52,31485.12,2026-03-31,2026-04-03
501941,ACC00141,2026-03,29940334.24,0.006,14970.17,14967.31,2026-03-31,2026-04-07
501942,ACC00142,2026-03,114299523.45,0.006,57149.76,57155.12,2026-03-31,2026-04-04
501943,ACC00143,2026-03,223858712.44,0.0045,83947.02,83885.17,2026-03-31,2026-04-06
501944,ACC00144,2026-03,210367467.79,0.006,105183.73,105142.27,2026-03-31,2026-04-08
501945,ACC00145,2026-03,177780572.56,0.006,88890.29,88922.39,2026-03-31,2026-04-02
501946,ACC00146,2026-03,156744471.76,0.0035,45717.14,45703.69,2026-03-31,2026-04-07
501947,ACC00147,2026-03,199088919.48,0.006,99544.46,99633.65,2026-03-31,2026-04-08
501948,ACC00148,2026-03,244069722.53,0.006,122034.86,122131.29,2026-03-31,2026-04-06
501949,ACC00149,2026-03,70112691.61,0.0045,26292.26,26273.36,2026-03-31,2026-04-07
501950,ACC00150,2026-03,141791440.93,0.0075,88619.65,88576.27,2026-03-31,2026-04-08
501951,ACC00151,2026-03,205704020.66,0.0075,128565.01,128635.26,2026-03-31,2026-04-07
501952,ACC00152,2026-03,150842013.75,0.0045,56565.76,56594.84,2026-03-31,2026-04-05
501953,ACC00153,2026-03,24774124.16,0.006,12387.06,12375.71,2026-03-31,2026-04-04
501954,ACC00154,2026-03,5735824.11,0.0075,3584.89,3584.86,2026-03-31,2026-04-08
501955,ACC00155,2026-03,172788094.11,0.006,86394.05,86394.04,2026-03-31,2026-04-08
501956,ACC00156,2026-03,65086189.49,0.006,32543.09,32541.54,2026-03-31,2026-04-03
501957,ACC00157,2026-03,84735628.61,0.0035,24714.56,24708.92,2026-03-31,2026-04-02
501958,ACC00158,2026-03,118341034.3,0.0045,44377.89,44401.66,2026-03-31,2026-04-06
501959,ACC00159,2026-03,80516721.5,0.0045,30193.77,30177.85,2026-03-31,2026-04-07
501960,ACC00160,2026-03,8515713.18,0.006,4257.86,4254.45,2026-03-31,2026-04-02
501961,ACC00161,2026-03,12717211.12,0.0075,7948.26,7950.8,2026-03-31,2026-04-07
501962,ACC00162,2026-03,242017110.18,0.0075,151260.69,151203.9,2026-03-31,2026-04-05
501963,ACC00163,2026-03,80167677.9,0.0045,30062.88,30086.4,2026-03-31,2026-04-08
501964,ACC00164,2026-03,81643409.35,0.0035,23812.66,23814.1,2026-03-31,2026-04-05
501965,ACC00165,2026-03,3320792.5,0.006,1660.4,1659.01,2026-03-31,2026-04-06
501966,ACC00166,2026-03,142168561.25,0.0045,53313.21,53343.39,2026-03-31,2026-04-08
501967,ACC00167,2026-03,143380024.07,0.0035,41819.17,41789.47,2026-03-31,2026-04-03
501968,ACC00168,2026-03,230507157.0,0.0035,67231.25,67281.7,2026-03-31,2026-04-03
501969,ACC00169,2026-03,75828281.35,0.0075,47392.68,47417.46,2026-03-31,2026-04-06
501970,ACC00170,2026-03,102594930.65,0.0045,38473.1,38486.65,2026-03-31,2026-04-07
501971,ACC00171,2026-03,195714113.64,0.006,97857.06,97930.43,2026-03-31,2026-04-08
501972,ACC00172,2026-03,68679186.39,0.0075,42924.49,42922.02,2026-03-31,2026-04-07
501973,ACC00173,2026-03,150081365.11,0.0045,56280.51,56244.01,2026-03-31,2026-04-03
501974,ACC00174,2026-03,196664728.61,0.0045,73749.27,73813.23,2026-03-31,2026-04-05
501975,ACC00175,2026-03,62145506.36,0.006,31072.75,31089.39,2026-03-31,2026-04-06
501976,ACC00176,2026-03,160039113.21,0.0075,100024.45,99972.25,2026-03-31,2026-04-03
501977,ACC00177,2026-03,94061138.12,0.006,47030.57,46988.12,2026-03-31,2026-04-06
501978,ACC00178,2026-03,125088758.96,0.0035,36484.22,36517.14,2026-03-31,2026-04-02
501979,ACC00179,2026-03,36707014.71,0.0075,22941.88,22953.17,2026-03-31,2026-04-06
501980,ACC00180,2026-03,29751250.85,0.0035,8677.45,8669.33,2026-03-31,2026-04-19
501981,ACC00181,2026-03,216041309.88,0.006,108020.65,108062.29,2026-03-31,2026-04-02
501982,ACC00182,2026-03,19802348.17,0.006,9901.17,9895.94,2026-03-31,2026-04-02
501983,ACC00183,2026-03,42701553.7,0.0035,12454.62,12459.69,2026-03-31,2026-04-04
501984,ACC00184,2026-03,211902995.18,0.0035,61805.04,61789.93,2026-03-31,2026-04-07
501985,ACC00185,2026-03,138264043.62,0.006,69132.02,69089.23,2026-03-31,2026-04-02
501986,ACC00186,2026-03,152502793.81,0.006,76251.4,76197.16,2026-03-31,2026-04-08
501987,ACC00187,2026-03,124101380.42,0.0035,36196.24,36173.68,2026-03-31,2026-04-08
501988,ACC00188,2026-03,240975738.66,0.006,120487.87,120520.89,2026-03-31,2026-04-06
501989,ACC00189,2026-03,219572936.65,0.0035,64042.11,64079.79,2026-03-31,2026-04-03
501990,ACC00190,2026-03,165252061.94,0.0075,103282.54,103228.51,2026-03-31,2026-04-08
501991,ACC00191,2026-03,29351335.29,0.0035,8560.81,8561.46,2026-03-31,2026-04-03
501992,ACC00192,2026-03,87525380.33,0.0045,32822.02,32832.28,2026-03-31,2026-04-04
501993,ACC00193,2026-03,58371439.59,0.006,29185.72,29190.15,2026-03-31,2026-04-02
501994,ACC00194,2026-03,158955605.68,0.0035,46362.05,46333.34,2026-03-31,2026-04-07
501995,ACC00195,2026-03,135410452.84,0.0045,50778.92,50729.92,2026-03-31,2026-04-04
501996,ACC00196,2026-03,159850433.09,0.0075,99906.52,99917.38,2026-03-31,2026-04-07
501997,ACC00197,2026-03,99069260.67,0.006,49534.63,49503.65,2026-03-31,2026-04-05
501998,ACC00198,2026-03,83921353.65,0.0035,24477.06,24478.12,2026-03-31,2026-04-04
501999,ACC00199,2026-03,63355903.95,0.0045,23758.46,23744.08,2026-03-31,2026-04-05
502000,ACC00200,2026-03,178666492.41,0.0075,111666.56,111763.47,2026-03-31,2026-04-02
502001,ACC00201,2026-03,117221942.46,0.0035,34189.73,34193.46,2026-03-31,2026-04-04
502002,ACC00202,2026-03,109965144.04,0.0035,32073.17,32046.6,2026-03-31,2026-04-04
502003,ACC00203,2026-03,178117269.14,0.0035,51950.87,51901.28,2026-03-31,2026-04-07
502004,ACC00204,2026-03,129275180.66,0.006,64637.59,64610.01,2026-03-31,2026-04-04
502005,ACC00205,2026-03,150174126.26,0.006,75087.06,75023.74,2026-03-31,2026-04-02
502006,ACC00206,2026-03,119080085.63,0.0045,44655.03,44630.36,2026-03-31,2026-04-06
502007,ACC00207,2026-03,173475519.97,0.0045,65053.32,65080.43,2026-03-31,2026-04-03
502008,ACC00208,2026-03,83256007.8,0.0035,24283.0,24262.54,2026-03-31,2026-04-02
502009,ACC00209,2026-03,106504562.06,0.0045,39939.21,42518.95,2026-03-31,2026-04-04
502010,ACC00210,2026-03,6104424.03,0.0045,2289.16,2287.84,2026-03-31,2026-04-05
502011,ACC00211,2026-03,66723044.43,0.0045,25021.14,25010.7,2026-03-31,2026-04-07
502012,ACC00212,2026-03,2193310.6,0.0045,822.49,822.24,2026-03-31,2026-04-05
502013,ACC00213,2026-03,192254688.69,0.006,96127.34,96128.5,2026-03-31,2026-04-03
502014,ACC00214,2026-03,65665722.56,0.0035,19152.5,19142.08,2026-03-31,2026-04-07
502015,ACC00215,2026-03,180359200.75,0.0075,112724.5,112757.94,2026-03-31,2026-04-03
502016,ACC00216,2026-03,120739364.05,0.0045,45277.26,45243.43,2026-03-31,2026-04-02
502017,ACC00217,2026-03,100266177.93,0.0075,62666.36,62670.74,2026-03-31,2026-04-05
502018,ACC00218,2026-03,40367743.91,0.0035,11773.93,11769.93,2026-03-31,2026-04-04
502019,ACC00219,2026-03,130769893.57,0.0075,81731.18,81753.87,2026-03-31,2026-04-06
502020,ACC00220,2026-03,237278464.4,0.0075,148299.04,148260.31,2026-03-31,2026-04-06
502021,ACC00221,2026-03,249413836.85,0.0045,93530.19,93516.41,2026-03-31,2026-04-07
502022,ACC00222,2026-03,25306738.14,0.0035,7381.13,7379.33,2026-03-31,2026-04-06
502023,ACC00223,2026-03,161462577.66,0.0045,60548.47,60560.43,2026-03-31,2026-04-08
502024,ACC00224,2026-03,117550353.18,0.0045,44081.38,44052.06,2026-03-31,2026-04-07
502025,ACC00225,2026-03,107471956.67,0.0075,67169.97,67151.82,2026-03-31,2026-04-04
502026,ACC00226,2026-03,108409454.59,0.0035,31619.42,31622.47,2026-03-31,2026-04-06
502027,ACC00227,2026-03,91511102.74,0.006,45755.55,45786.73,2026-03-31,2026-04-05
502028,ACC00228,2026-03,115919160.71,0.0075,72449.48,72411.18,2026-03-31,2026-04-03
502029,ACC00229,2026-03,9782165.76,0.0035,2853.13,2851.68,2026-03-31,2026-04-06
502030,ACC00230,2026-03,51539649.02,0.0035,15032.4,15041.48,2026-03-31,2026-04-02
502031,ACC00231,2026-03,13700473.37,0.0075,8562.8,8567.87,2026-03-31,2026-04-07
502032,ACC00232,2026-03,92113666.19,0.006,46056.83,46033.29,2026-03-31,2026-04-08
502033,ACC00233,2026-03,136818683.96,0.0045,51307.01,51284.7,2026-03-31,2026-04-08
502034,ACC00234,2026-03,81447317.58,0.0035,23755.47,23757.1,2026-03-31,2026-04-03
502035,ACC00235,2026-03,60880539.58,0.006,30440.27,30428.22,2026-03-31,2026-04-08
502036,ACC00236,2026-03,20527750.39,0.0075,12829.84,12826.51,2026-03-31,2026-04-03
502037,ACC00237,2026-03,81562778.68,0.0075,50976.74,50953.39,2026-03-31,2026-04-03
502038,ACC00238,2026-03,115775947.49,0.0045,43415.98,43442.39,2026-03-31,2026-04-04
502039,ACC00239,2026-03,34927132.07,0.0075,21829.46,21827.63,2026-03-31,2026-04-08
502040,ACC00240,2026-03,212397102.37,0.0075,132748.19,132748.02,2026-03-31,2026-04-05
502041,ACC00241,2026-03,133378463.45,0.0075,83361.54,83393.19,2026-03-31,2026-04-05
502042,ACC00242,2026-03,64617055.97,0.0035,18846.64,18852.92,2026-03-31,2026-04-08
502043,ACC00243,2026-03,79431573.29,0.0075,49644.73,49691.52,2026-03-31,2026-04-04
502044,ACC00244,2026-03,20895451.87,0.006,10447.73,10438.25,2026-03-31,2026-04-03
502045,ACC00245,2026-03,243387471.52,0.0075,152117.17,152016.61,2026-03-31,2026-04-05
502046,ACC00246,2026-03,64919416.18,0.0075,40574.64,40603.94,2026-03-31,2026-04-07
502047,ACC00247,2026-03,135139382.5,0.0045,50677.27,50700.72,2026-03-31,2026-04-05
502048,ACC00248,2026-03,114170908.6,0.006,57085.45,57122.53,2026-03-31,2026-04-02
502049,ACC00249,2026-03,239581243.22,0.0075,149738.28,149710.48,2026-03-31,2026-04-06
502050,ACC00250,2026-03,158679870.21,0.0075,99174.92,99194.85,2026-03-31,2026-04-08
502051,ACC00251,2026-03,10288677.55,0.0045,3858.25,3858.65,2026-03-31,2026-04-05
502052,ACC00252,2026-03,213989664.92,0.006,106994.83,107074.22,2026-03-31,2026-04-05
502053,ACC00253,2026-03,155126566.68,0.0035,45245.25,45257.97,2026-03-31,2026-04-04
502054,ACC00254,2026-03,154907105.22,0.0075,96816.94,96913.21,2026-03-31,2026-04-08
502055,ACC00255,2026-03,54601429.27,0.0045,20475.54,20458.96,2026-03-31,2026-04-07
502056,ACC00256,2026-03,219408672.04,0.0035,63994.2,63979.01,2026-03-31,2026-04-06
502057,ACC00257,2026-03,53878993.54,0.0045,20204.62,20210.1,2026-03-31,2026-04-08
502058,ACC00258,2026-03,65579949.1,0.006,32789.97,32803.73,2026-03-31,2026-04-07
502059,ACC00259,2026-03,112297640.05,0.0075,70186.03,70199.37,2026-03-31,2026-04-04
502060,ACC00260,2026-03,197555160.33,0.0075,123471.98,123548.98,2026-03-31,2026-04-03
502061,ACC00261,2026-03,134174484.27,0.0045,50315.43,50341.77,2026-03-31,2026-04-03
502062,ACC00262,2026-03,191346539.19,0.0075,119591.59,119548.56,2026-03-31,2026-04-06
502063,ACC00263,2026-03,79157442.29,0.0075,49473.4,49478.5,2026-03-31,2026-04-04
502064,ACC00264,2026-03,161557495.35,0.006,80778.75,80846.79,2026-03-31,2026-04-02
502065,ACC00265,2026-03,97215080.89,0.006,48607.54,48649.48,2026-03-31,2026-04-07
502066,ACC00266,2026-03,59014977.59,0.0075,36884.36,36897.28,2026-03-31,2026-04-06
502067,ACC00267,2026-03,107536624.68,0.0035,31364.85,31353.08,2026-03-31,2026-04-03
502068,ACC00268,2026-03,156944998.96,0.0075,98090.62,98174.35,2026-03-31,2026-04-03
502069,ACC00269,2026-03,158883718.97,0.0035,46341.08,46376.51,2026-03-31,2026-04-02
502070,ACC00270,2026-03,202506889.99,0.0035,59064.51,59066.7,2026-03-31,2026-04-02
502071,ACC00271,2026-03,211205773.18,0.0035,61601.68,61644.14,2026-03-31,2026-04-03
502072,ACC00272,2026-03,181892140.1,0.0035,53051.87,53089.35,2026-03-31,2026-04-08
502073,ACC00273,2026-03,35005364.53,0.006,17502.68,17509.57,2026-03-31,2026-04-07
502074,ACC00274,2026-03,25603712.01,0.0045,9601.39,,2026-03-31,2026-04-05
502075,ACC00275,2026-03,109497444.27,0.0045,41061.54,41058.75,2026-03-31,2026-04-06
502076,ACC00276,2026-03,105289347.4,0.0075,65805.84,73415.29,2026-03-31,2026-04-16
502077,ACC00277,2026-03,182027645.34,0.0035,53091.4,53039.14,2026-03-31,2026-04-03
502078,ACC00278,2026-03,199826823.12,0.0035,58282.82,58323.71,2026-03-31,2026-04-03
502079,ACC00279,2026-03,117820213.91,0.0045,44182.58,44225.78,2026-03-31,2026-04-04
502080,ACC00280,2026-03,102292154.12,0.0075,63932.6,63872.55,2026-03-31,2026-04-02
502081,ACC00281,2026-03,44731674.42,0.0035,13046.74,13042.24,2026-03-31,2026-04-03
502082,ACC00282,2026-03,91931938.11,0.0075,57457.46,57487.22,2026-03-31,2026-04-04
502083,ACC00283,2026-03,79874440.74,0.0075,49921.53,49926.34,2026-03-31,2026-04-02
502084,ACC00284,2026-03,89511128.32,0.0075,55944.46,55954.17,2026-03-31,2026-04-05
502085,ACC00285,2026-03,216365978.29,0.0035,63106.74,63161.9,2026-03-31,2026-04-06
502086,ACC00286,2026-03,142404441.53,0.0045,53401.67,53431.94,2026-03-31,2026-04-06
502087,ACC00287,2026-03,225489199.97,0.006,112744.6,112835.68,2026-03-31,2026-04-05
502088,ACC00288,2026-03,106182125.7,0.006,53091.06,53117.65,2026-03-31,2026-04-08
502089,ACC00289,2026-03,34334592.15,0.0035,10014.26,10013.45,2026-03-31,2026-04-03
502090,ACC00290,2026-03,100116534.1,0.0075,62572.83,62598.58,2026-03-31,2026-04-02
502091,ACC00291,2026-03,83925774.33,0.0045,31472.17,31459.62,2026-03-31,2026-04-20
502092,ACC00292,2026-03,232279102.26,0.006,116139.55,128954.55,2026-03-31,2026-04-08
502093,ACC00293,2026-03,103241754.23,0.006,51620.88,51590.88,2026-03-31,2026-04-05
502094,ACC00294,2026-03,81136723.41,0.0045,30426.27,30430.5,2026-03-31,2026-04-04
502095,ACC00295,2026-03,65834466.1,0.0045,24687.92,24682.04,2026-03-31,2026-04-03
502096,ACC00296,2026-03,202218628.88,0.0035,58980.43,59019.88,2026-03-31,2026-04-08
502097,ACC00297,2026-03,165861250.19,0.0075,103663.28,103756.61,2026-03-31,2026-04-06
502098,ACC00298,2026-03,105276707.97,0.0075,65797.94,65746.7,2026-03-31,2026-04-04
502099,ACC00299,2026-03,4743661.64,0.0075,2964.79,2966.22,2026-03-31,2026-04-07
502100,ACC00300,2026-03,222845602.67,0.006,111422.8,111322.01,2026-03-31,2026-04-08
502101,ACC00001,2026-04,233054779.59,0.0075,145659.24,145734.27,2026-04-30,2026-05-06
502102,ACC00002,2026-04,203518058.09,0.0045,76319.27,76351.05,2026-04-30,2026-05-11
502103,ACC00003,2026-04,189302799.51,0.0045,70988.55,70955.36,2026-04-30,2026-05-02
502104,ACC00004,2026-04,80028453.6,0.0045,30010.67,30040.52,2026-04-30,2026-05-06
502105,ACC00005,2026-04,133470454.83,0.0035,38928.88,38944.0,2026-04-30,2026-05-04
502106,ACC00006,2026-04,110252516.47,0.0045,41344.69,41353.9,2026-04-30,2026-05-02
502107,ACC00007,2026-04,50364900.8,0.006,25182.45,25192.19,2026-04-30,2026-05-05
502108,ACC00008,2026-04,111581650.17,0.0075,69738.53,69780.12,2026-04-30,2026-05-05
502109,ACC00009,2026-04,32921817.09,0.006,16460.91,16448.02,2026-04-30,2026-05-06
502110,ACC00010,2026-04,220256303.69,0.0075,137660.19,137796.83,2026-04-30,2026-05-08
502111,ACC00011,2026-04,171953079.97,0.0075,107470.67,107471.15,2026-04-30,2026-05-08
502112,ACC00012,2026-04,118243206.36,0.0045,44341.2,44324.86,2026-04-30,2026-05-04
502113,ACC00013,2026-04,170727134.66,0.0035,49795.41,49816.17,2026-04-30,2026-05-04
502114,ACC00014,2026-04,110312505.29,0.0075,68945.32,68981.72,2026-04-30,2026-05-02
502115,ACC00015,2026-04,241298637.08,0.0045,90486.99,90484.89,2026-04-30,2026-05-08
502116,ACC00016,2026-04,166122414.12,0.0045,62295.91,62357.92,2026-04-30,2026-05-07
502117,ACC00017,2026-04,185216105.1,0.0045,69456.04,69490.14,2026-04-30,2026-05-08
502118,ACC00018,2026-04,11439337.64,0.0035,3336.47,3334.61,2026-04-30,2026-05-14
502119,ACC00019,2026-04,219772411.78,0.0035,64100.29,64081.57,2026-04-30,2026-05-05
502120,ACC00020,2026-04,111608289.96,0.0035,32552.42,32562.4,2026-04-30,2026-05-05
502121,ACC00021,2026-04,208961362.68,0.0075,130600.85,130531.95,2026-04-30,2026-05-08
502122,ACC00022,2026-04,44320502.53,0.0045,16620.19,16626.63,2026-04-30,2026-05-06
502123,ACC00023,2026-04,33406437.52,0.006,16703.22,16717.11,2026-04-30,2026-05-05
502124,ACC00024,2026-04,126489569.32,0.0075,79055.98,79010.65,2026-04-30,2026-05-05
502125,ACC00025,2026-04,85449936.48,0.0045,32043.73,32050.95,2026-04-30,2026-05-03
502126,ACC00026,2026-04,79676947.77,0.0035,23239.11,23233.02,2026-04-30,2026-05-07
502127,ACC00027,2026-04,51843290.36,0.0045,19441.23,19439.28,2026-04-30,2026-05-07
502128,ACC00028,2026-04,35948885.04,0.0035,10485.09,10488.38,2026-04-30,2026-05-04
502129,ACC00029,2026-04,133005299.11,0.0045,49876.99,49854.1,2026-04-30,2026-05-07
502130,ACC00030,2026-04,155675106.89,0.0075,97296.94,97199.89,2026-04-30,2026-05-06
502131,ACC00031,2026-04,132093176.31,0.0035,38527.18,38507.36,2026-04-30,2026-05-05
502132,ACC00032,2026-04,67427872.57,0.0075,42142.42,42111.29,2026-04-30,2026-05-02
502133,ACC00033,2026-04,195061731.98,0.0035,56893.01,56841.78,2026-04-30,2026-05-02
502134,ACC00034,2026-04,199833345.37,0.0045,74937.5,74964.65,2026-04-30,2026-05-03
502135,ACC00035,2026-04,229889026.28,0.0045,86208.38,86135.51,2026-04-30,2026-05-07
502136,ACC00036,2026-04,28239304.95,0.0075,17649.57,17637.7,2026-04-30,2026-05-08
502137,ACC00037,2026-04,131768736.19,0.0075,82355.46,82325.51,2026-04-30,2026-05-02
502138,ACC00038,2026-04,37419273.47,0.006,18709.64,18704.68,2026-04-30,2026-05-05
502139,ACC00039,2026-04,206572064.66,0.0075,129107.54,129056.28,2026-04-30,2026-05-07
502140,ACC00040,2026-04,249188404.08,0.006,124594.2,124550.09,2026-04-30,2026-05-04
502141,ACC00041,2026-04,217681215.79,0.0035,63490.35,63481.27,2026-04-30,2026-05-02
502142,ACC00042,2026-04,146585553.53,0.0045,54969.58,54946.41,2026-04-30,2026-05-02
502143,ACC00043,2026-04,51789231.55,0.0045,19420.96,19424.39,2026-04-30,2026-05-07
502144,ACC00044,2026-04,217971338.93,0.0035,63574.97,63531.79,2026-04-30,2026-05-06
502145,ACC00045,2026-04,196102407.77,0.006,98051.2,98108.13,2026-04-30,2026-05-08
502146,ACC00046,2026-04,53778717.48,0.0035,15685.46,15688.59,2026-04-30,2026-05-08
502147,ACC00047,2026-04,162437201.39,0.0035,47377.52,47415.63,2026-04-30,2026-05-04
502148,ACC00048,2026-04,107996108.55,0.006,53998.05,54034.84,2026-04-30,2026-05-04
502149,ACC00049,2026-04,93287536.11,0.0045,34982.83,34994.84,2026-04-30,2026-05-05
502150,ACC00050,2026-04,179637481.99,0.0045,67364.06,67310.26,2026-04-30,2026-05-07
502151,ACC00051,2026-04,231030212.88,0.0035,67383.81,67435.4,2026-04-30,2026-05-08
502152,ACC00052,2026-04,156574213.6,0.006,78287.11,78330.46,2026-04-30,2026-05-03
502153,ACC00053,2026-04,72478115.26,0.0035,21139.45,21156.85,2026-04-30,2026-05-07
502154,ACC00054,2026-04,137351556.22,0.006,68675.78,68629.59,2026-04-30,2026-05-04
502155,ACC00055,2026-04,75506479.8,0.0075,47191.55,47213.3,2026-04-30,2026-05-04
502156,ACC00056,2026-04,82821806.36,0.006,41410.9,41387.11,2026-04-30,2026-05-03
502157,ACC00057,2026-04,34446290.72,0.0035,10046.83,10051.53,2026-04-30,2026-05-05
502158,ACC00058,2026-04,46743603.62,0.0035,13633.55,13632.83,2026-04-30,2026-05-18
502159,ACC00059,2026-04,100099080.93,0.0035,29195.57,29203.82,2026-04-30,2026-05-04
502160,ACC00060,2026-04,94948901.32,0.0045,35605.84,35599.71,2026-04-30,2026-05-07
502161,ACC00061,2026-04,198680212.62,0.0075,124175.13,124117.55,2026-04-30,2026-05-03
502162,ACC00062,2026-04,200096587.18,0.0035,58361.5,58404.2,2026-04-30,2026-05-04
502163,ACC00063,2026-04,22748011.52,0.0075,14217.51,14220.3,2026-04-30,2026-05-03
502164,ACC00064,2026-04,145119382.29,0.0045,54419.77,54457.0,2026-04-30,2026-05-05
502165,ACC00065,2026-04,143576866.24,0.0075,89735.54,89741.11,2026-04-30,2026-05-07
502166,ACC00066,2026-04,37379128.98,0.006,18689.56,18695.85,2026-04-30,2026-05-05
502167,ACC00067,2026-04,31009213.69,0.0035,9044.35,9052.21,2026-04-30,2026-05-08
502168,ACC00068,2026-04,18433240.83,0.0045,6912.47,6909.15,2026-04-30,2026-05-08
502169,ACC00069,2026-04,155273196.66,0.006,77636.6,77689.06,2026-04-30,2026-05-02
502170,ACC00070,2026-04,44620638.22,0.0035,13014.35,,2026-04-30,2026-05-07
502171,ACC00071,2026-04,158058161.02,0.006,79029.08,78961.37,2026-04-30,2026-05-08
502172,ACC00072,2026-04,200252561.47,0.0075,125157.85,125124.41,2026-04-30,2026-05-07
502173,ACC00073,2026-04,8342635.9,0.0045,3128.49,3126.93,2026-04-30,2026-05-03
502174,ACC00074,2026-04,50991983.3,0.0075,31869.99,31858.49,2026-04-30,2026-05-03
502175,ACC00075,2026-04,120658075.13,0.006,60329.04,60384.91,2026-04-30,2026-05-06
502176,ACC00076,2026-04,23143219.53,0.0045,8678.71,8680.29,2026-04-30,2026-05-21
502177,ACC00077,2026-04,123266250.77,0.006,61633.13,61594.99,2026-04-30,2026-05-15
502178,ACC00078,2026-04,193995538.68,0.006,96997.77,97042.68,2026-04-30,2026-05-04
502179,ACC00079,2026-04,135178176.95,0.006,67589.09,67597.53,2026-04-30,2026-05-07
502180,ACC00080,2026-04,32909806.2,0.006,16454.9,16445.79,2026-04-30,2026-05-05
502181,ACC00081,2026-04,11215090.99,0.0035,3271.07,3273.85,2026-04-30,2026-05-07
502182,ACC00082,2026-04,142389512.12,0.0045,53396.07,53420.86,2026-04-30,2026-05-02
502183,ACC00083,2026-04,216736780.83,0.0045,81276.29,81330.91,2026-04-30,2026-05-02
502184,ACC00084,2026-04,19615509.64,0.0035,5721.19,5724.59,2026-04-30,2026-05-05
502185,ACC00085,2026-04,220433609.77,0.0035,64293.14,64295.11,2026-04-30,2026-05-02
502186,ACC00086,2026-04,136509023.86,0.0075,85318.14,85329.12,2026-04-30,2026-05-05
502187,ACC00087,2026-04,37343255.84,0.0035,10891.78,10894.51,2026-04-30,2026-05-06
502188,ACC00088,2026-04,240518201.88,0.0035,70151.14,70147.23,2026-04-30,2026-05-02
502189,ACC00089,2026-04,236352810.1,0.006,118176.41,118173.7,2026-04-30,2026-05-03
502190,ACC00090,2026-04,222713636.51,0.0075,139196.02,139233.35,2026-04-30,2026-05-08
502191,ACC00091,2026-04,9708113.2,0.0075,6067.57,6072.98,2026-04-30,2026-05-05
502192,ACC00092,2026-04,238246560.99,0.0075,148904.1,149028.79,2026-04-30,2026-05-08
502193,ACC00093,2026-04,48694673.14,0.0035,14202.61,14191.64,2026-04-30,2026-05-05
502194,ACC00094,2026-04,49891051.67,0.0075,31181.91,31160.1,2026-04-30,2026-05-02
502195,ACC00095,2026-04,155957715.34,0.0045,58484.14,58441.87,2026-04-30,2026-05-03
502196,ACC00096,2026-04,51659420.33,0.006,25829.71,25850.51,2026-04-30,2026-05-02
502197,ACC00097,2026-04,231721697.65,0.006,115860.85,115825.0,2026-04-30,2026-05-02
502198,ACC00098,2026-04,197364827.22,0.0045,74011.81,74001.55,2026-04-30,2026-05-15
502199,ACC00099,2026-04,54379505.06,0.0035,15860.69,15852.48,2026-04-30,2026-05-06
502200,ACC00100,2026-04,137514002.07,0.0035,40108.25,40126.95,2026-04-30,2026-05-07
502201,ACC00101,2026-04,157615846.93,0.0045,59105.94,59083.72,2026-04-30,2026-05-21
502202,ACC00102,2026-04,180744043.05,0.006,90372.02,90307.13,2026-04-30,2026-05-02
502203,ACC00103,2026-04,60132155.97,0.0045,22549.56,22561.67,2026-04-30,2026-05-04
502204,ACC00104,2026-04,141357876.71,0.0035,41229.38,41227.27,2026-04-30,2026-05-08
502205,ACC00105,2026-04,34201287.04,0.0075,21375.8,21387.04,2026-04-30,2026-05-05
502206,ACC00106,2026-04,187809752.85,0.0045,70428.66,70441.97,2026-04-30,2026-05-16
502207,ACC00107,2026-04,179704604.02,0.0035,52413.84,52464.67,2026-04-30,2026-05-08
502208,ACC00108,2026-04,54463819.7,0.0075,34039.89,34010.05,2026-04-30,2026-05-04
502209,ACC00109,2026-04,196157353.5,0.0035,57212.56,57212.0,2026-04-30,2026-05-07
502210,ACC00110,2026-04,193936525.15,0.0035,56564.82,56564.91,2026-04-30,2026-05-04
502211,ACC00111,2026-04,139389176.89,0.006,69694.59,69745.13,2026-04-30,2026-05-02
502212,ACC00112,2026-04,100833433.82,0.006,50416.72,50464.89,2026-04-30,2026-05-08
502213,ACC00113,2026-04,99614314.44,0.0075,62258.95,62313.2,2026-04-30,2026-05-04
502214,ACC00114,2026-04,156400733.18,0.0035,45616.88,45581.03,2026-04-30,2026-05-02
502215,ACC00115,2026-04,29422800.1,0.0075,18389.25,18394.69,2026-04-30,2026-05-06
502216,ACC00116,2026-04,20586426.08,0.006,10293.21,10297.62,2026-04-30,2026-05-02
502217,ACC00117,2026-04,204689636.35,0.006,102344.82,102267.49,2026-04-30,2026-05-04
502218,ACC00118,2026-04,161579471.23,0.0075,100987.17,100939.87,2026-04-30,2026-05-06
502219,ACC00119,2026-04,28903340.99,0.0045,10838.75,10835.46,2026-04-30,2026-05-07
502220,ACC00120,2026-04,58751345.49,0.0035,17135.81,17142.07,2026-04-30,2026-05-03
502221,ACC00121,2026-04,14183482.33,0.0045,5318.81,5322.72,2026-04-30,2026-05-06
502222,ACC00122,2026-04,69404904.87,0.0045,26026.84,26019.8,2026-04-30,2026-05-06
502223,ACC00123,2026-04,246619007.64,0.0035,71930.54,71917.81,2026-04-30,2026-05-11
502224,ACC00124,2026-04,158892403.08,0.0035,46343.62,46355.01,2026-04-30,2026-05-08
502225,ACC00125,2026-04,181174337.01,0.006,90587.17,90504.47,2026-04-30,2026-05-08
502226,ACC00126,2026-04,236765226.26,0.0045,88786.96,88787.81,2026-04-30,2026-05-08
502227,ACC00127,2026-04,50871041.34,0.0075,31794.4,31795.81,2026-04-30,2026-05-12
502228,ACC00128,2026-04,186141713.26,0.0035,54291.33,54277.99,2026-04-30,2026-05-02
502229,ACC00129,2026-04,59822847.47,0.0075,37389.28,,2026-04-30,2026-05-04
502230,ACC00130,2026-04,134414362.27,0.0035,39204.19,39242.06,2026-04-30,2026-05-08
502231,ACC00131,2026-04,180523164.74,0.0035,52652.59,52675.39,2026-04-30,2026-05-03
502232,ACC00132,2026-04,70282006.71,0.006,35141.0,35110.58,2026-04-30,2026-05-07
502233,ACC00133,2026-04,170244024.26,0.0075,106402.52,106483.65,2026-04-30,2026-05-07
502234,ACC00134,2026-04,94178195.9,0.0045,35316.82,35305.94,2026-04-30,2026-05-03
502235,ACC00135,2026-04,199406255.9,0.0035,58160.16,58104.25,2026-04-30,2026-05-02
502236,ACC00136,2026-04,28747836.02,0.0045,10780.44,10781.74,2026-04-30,2026-05-07
502237,ACC00137,2026-04,138717346.04,0.006,69358.67,69337.66,2026-04-30,2026-05-05
502238,ACC00138,2026-04,84586780.37,0.006,42293.39,42257.44,2026-04-30,2026-05-02
502239,ACC00139,2026-04,198484718.31,0.006,99242.36,99171.41,2026-04-30,2026-05-16
502240,ACC00140,2026-04,51967141.46,0.0045,19487.68,19473.08,2026-04-30,2026-05-07
502241,ACC00141,2026-04,110968055.66,0.0075,69355.03,69346.77,2026-04-30,2026-05-07
502242,ACC00142,2026-04,12393450.78,0.0035,3614.76,3611.36,2026-04-30,2026-05-21
502243,ACC00143,2026-04,226070198.8,0.0045,84776.32,84751.32,2026-04-30,2026-05-07
502244,ACC00144,2026-04,8961411.77,0.0075,5600.88,5601.31,2026-04-30,2026-05-06
502245,ACC00145,2026-04,67218806.87,0.0075,42011.75,42001.82,2026-04-30,2026-05-08
502246,ACC00146,2026-04,87132934.84,0.0075,54458.08,54507.83,2026-04-30,2026-05-03
502247,ACC00147,2026-04,233039961.38,0.0075,145649.98,145717.53,2026-04-30,2026-05-07
502248,ACC00148,2026-04,62942916.64,0.0045,23603.59,23601.34,2026-04-30,2026-05-06
502249,ACC00149,2026-04,88965340.84,0.0045,33362.0,33381.85,2026-04-30,2026-05-04
502250,ACC00150,2026-04,188606603.53,0.006,94303.3,94292.83,2026-04-30,2026-05-03
502251,ACC00151,2026-04,132928899.21,0.0075,83080.56,83036.1,2026-04-30,2026-05-04
502252,ACC00152,2026-04,35404170.04,0.0045,13276.56,13264.29,2026-04-30,2026-05-06
502253,ACC00153,2026-04,80158961.15,0.0075,50099.35,50122.2,2026-04-30,2026-05-05
502254,ACC00154,2026-04,141381294.93,0.0035,41236.21,41226.28,2026-04-30,2026-05-03
502255,ACC00155,2026-04,72920365.88,0.0075,45575.23,45586.55,2026-04-30,2026-05-04
502256,ACC00156,2026-04,141383259.82,0.0035,41236.78,41239.18,2026-04-30,2026-05-02
502257,ACC00157,2026-04,231429433.19,0.0035,67500.25,67517.54,2026-04-30,2026-05-08
502258,ACC00158,2026-04,168061115.53,0.0045,63022.92,,2026-04-30,2026-05-07
502259,ACC00159,2026-04,168913249.13,0.0035,49266.36,49309.41,2026-04-30,2026-05-07
502260,ACC00160,2026-04,219034583.98,0.0075,136896.61,136849.44,2026-04-30,2026-05-02
502261,ACC00161,2026-04,9241595.96,0.006,4620.8,4619.24,2026-04-30,2026-05-06
502262,ACC00162,2026-04,72139573.82,0.0075,45087.23,45044.18,2026-04-30,2026-05-05
502263,ACC00163,2026-04,73600342.22,0.006,36800.17,36828.48,2026-04-30,2026-05-04
502264,ACC00164,2026-04,78503205.02,0.0035,22896.77,22918.45,2026-04-30,2026-05-04
502265,ACC00165,2026-04,231241544.45,0.0075,144525.97,144540.04,2026-04-30,2026-05-03
502266,ACC00166,2026-04,205393262.61,0.006,102696.63,102677.87,2026-04-30,2026-05-08
502267,ACC00167,2026-04,50925475.04,0.0075,31828.42,31798.32,2026-04-30,2026-05-05
502268,ACC00168,2026-04,14653314.86,0.0045,5494.99,5499.48,2026-04-30,2026-05-08
502269,ACC00169,2026-04,246748292.84,0.0035,71968.25,71960.09,2026-04-30,2026-05-07
502270,ACC00170,2026-04,233014078.52,0.0075,145633.8,145584.06,2026-04-30,2026-05-02
502271,ACC00171,2026-04,103744717.61,0.0045,38904.27,38913.38,2026-04-30,2026-05-08
502272,ACC00172,2026-04,239197789.9,0.0035,69766.02,69788.32,2026-04-30,2026-05-07
502273,ACC00173,2026-04,73483239.3,0.006,36741.62,36740.58,2026-04-30,2026-05-06
502274,ACC00174,2026-04,103892539.55,0.0045,38959.7,38986.47,2026-04-30,2026-05-13
502275,ACC00175,2026-04,111999555.46,0.0035,32666.54,32638.86,2026-04-30,2026-05-04
502276,ACC00176,2026-04,17910562.63,0.006,8955.28,8958.5,2026-04-30,2026-05-04
502277,ACC00177,2026-04,183261523.48,0.006,91630.76,91693.68,2026-04-30,2026-05-03
502278,ACC00178,2026-04,66779649.55,0.0035,19477.4,19460.18,2026-04-30,2026-05-05
502279,ACC00179,2026-04,182806435.74,0.0045,68552.41,68570.58,2026-04-30,2026-05-05
502280,ACC00180,2026-04,77215693.16,0.0035,22521.24,22530.51,2026-04-30,2026-05-06
502281,ACC00181,2026-04,209439970.3,0.0075,130899.98,130829.46,2026-04-30,2026-05-05
502282,ACC00182,2026-04,17284310.24,0.0045,6481.62,6482.43,2026-04-30,2026-05-02
502283,ACC00183,2026-04,139117597.85,0.0075,86948.5,86986.33,2026-04-30,2026-05-08
502284,ACC00184,2026-04,159055511.61,0.0035,46391.19,46347.64,2026-04-30,2026-05-07
502285,ACC00185,2026-04,189691820.82,0.0075,118557.39,118614.0,2026-04-30,2026-05-05
502286,ACC00186,2026-04,199916664.48,0.0045,74968.75,75008.5,2026-04-30,2026-05-03
502287,ACC00187,2026-04,189829016.12,0.006,94914.51,94829.32,2026-04-30,2026-05-07
502288,ACC00188,2026-04,180410107.46,0.006,90205.05,90177.28,2026-04-30,2026-05-16
502289,ACC00189,2026-04,197890604.85,0.0035,57718.09,57663.73,2026-04-30,2026-05-19
502290,ACC00190,2026-04,142843715.08,0.006,71421.86,71481.24,2026-04-30,2026-05-06
502291,ACC00191,2026-04,231174224.6,0.0035,67425.82,67427.1,2026-04-30,2026-05-16
502292,ACC00192,2026-04,43195749.1,0.0045,16198.41,16203.13,2026-04-30,2026-05-07
502293,ACC00193,2026-04,102261581.47,0.0035,29826.29,29854.87,2026-04-30,2026-05-07
502294,ACC00194,2026-04,154471660.57,0.0075,96544.79,96514.81,2026-04-30,2026-05-02
502295,ACC00195,2026-04,163673424.48,0.0075,102295.89,102281.69,2026-04-30,2026-05-07
502296,ACC00196,2026-04,200228445.9,0.0045,75085.67,75044.13,2026-04-30,2026-05-02
502297,ACC00197,2026-04,140554271.27,0.0075,87846.42,87933.91,2026-04-30,2026-05-06
502298,ACC00198,2026-04,209381414.32,0.0035,61069.58,61036.01,2026-04-30,2026-05-04
502299,ACC00199,2026-04,59402081.17,0.0035,17325.61,17316.62,2026-04-30,2026-05-07
502300,ACC00200,2026-04,22415399.68,0.0075,14009.62,13999.27,2026-04-30,2026-05-06
502301,ACC00201,2026-04,22620383.37,0.006,11310.19,11316.07,2026-04-30,2026-05-06
502302,ACC00202,2026-04,99168109.51,0.006,49584.05,49587.35,2026-04-30,2026-05-02
502303,ACC00203,2026-04,73162948.55,0.0035,21339.19,21338.74,2026-04-30,2026-05-04
502304,ACC00204,2026-04,65541721.94,0.0075,40963.58,40950.35,2026-04-30,2026-05-03
502305,ACC00205,2026-04,70666505.11,0.0035,20611.06,20593.06,2026-04-30,2026-05-03
502306,ACC00206,2026-04,54346051.36,0.0045,20379.77,20381.19,2026-04-30,2026-05-05
502307,ACC00207,2026-04,92738711.13,0.0045,34777.02,34800.36,2026-04-30,2026-05-08
502308,ACC00208,2026-04,139854627.84,0.0045,52445.49,52400.65,2026-04-30,2026-05-05
502309,ACC00209,2026-04,136939814.86,0.0035,39940.78,39934.78,2026-04-30,2026-05-04
502310,ACC00210,2026-04,178495663.31,0.0075,111559.79,111527.7,2026-04-30,2026-05-07
502311,ACC00211,2026-04,150775447.01,0.0045,56540.79,56506.48,2026-04-30,2026-05-08
502312,ACC00212,2026-04,159359382.27,0.006,79679.69,79681.66,2026-04-30,2026-05-08
502313,ACC00213,2026-04,74307724.57,0.006,37153.86,37145.5,2026-04-30,2026-05-06
502314,ACC00214,2026-04,190070464.83,0.0075,118794.04,118851.5,2026-04-30,2026-05-04
502315,ACC00215,2026-04,71832195.06,0.0035,20951.06,20946.11,2026-04-30,2026-05-18
502316,ACC00216,2026-04,36452502.0,0.0075,22782.81,22781.99,2026-04-30,2026-05-05
502317,ACC00217,2026-04,235774914.93,0.0075,147359.32,147401.96,2026-04-30,2026-05-08
502318,ACC00218,2026-04,180055088.03,0.0035,52516.07,52525.49,2026-04-30,2026-05-06
502319,ACC00219,2026-04,136025349.63,0.0045,51009.51,50962.33,2026-04-30,2026-05-08
502320,ACC00220,2026-04,72218117.7,0.0035,21063.62,21080.38,2026-04-30,2026-05-02
502321,ACC00221,2026-04,22294180.78,0.006,11147.09,11142.22,2026-04-30,2026-05-05
502322,ACC00222,2026-04,2606832.84,0.006,1303.42,1304.46,2026-04-30,2026-05-20
502323,ACC00223,2026-04,25844518.52,0.0045,9691.69,9692.08,2026-04-30,2026-05-04
502324,ACC00224,2026-04,102751842.57,0.0035,29969.29,29991.98,2026-04-30,2026-05-08
502325,ACC00225,2026-04,62262340.36,0.0035,18159.85,18157.26,2026-04-30,2026-05-05
502326,ACC00226,2026-04,124268331.23,0.006,62134.17,62173.02,2026-04-30,2026-05-06
502327,ACC00227,2026-04,2954662.68,0.0075,1846.66,1846.0,2026-04-30,2026-05-06
502328,ACC00228,2026-04,42554511.04,0.0075,26596.57,26588.75,2026-04-30,2026-05-08
502329,ACC00229,2026-04,231888425.81,0.0035,67634.12,71881.27,2026-04-30,2026-05-02
502330,ACC00230,2026-04,87146059.86,0.0045,32679.77,32693.7,2026-04-30,2026-05-02
502331,ACC00231,2026-04,47557266.65,0.0045,17833.97,17842.73,2026-04-30,2026-05-04
502332,ACC00232,2026-04,204461357.07,0.0045,76673.01,76681.22,2026-04-30,2026-05-03
502333,ACC00233,2026-04,16080148.26,0.0075,10050.09,10054.34,2026-04-30,2026-05-03
502334,ACC00234,2026-04,97201153.22,0.0035,28350.34,28364.59,2026-04-30,2026-05-05
502335,ACC00235,2026-04,162153631.92,0.0075,101346.02,101360.3,2026-04-30,2026-05-07
502336,ACC00236,2026-04,245356708.09,0.006,122678.35,122698.09,2026-04-30,2026-05-07
502337,ACC00237,2026-04,58165618.76,0.0045,21812.11,21801.11,2026-04-30,2026-05-19
502338,ACC00238,2026-04,129213922.05,0.0075,80758.7,80711.7,2026-04-30,2026-05-02
502339,ACC00239,2026-04,42987101.51,0.0045,16120.16,16106.12,2026-04-30,2026-05-07
502340,ACC00240,2026-04,90316076.83,0.0035,26342.19,26349.21,2026-04-30,2026-05-04
502341,ACC00241,2026-04,205296712.45,0.0035,59878.21,59891.36,2026-04-30,2026-05-02
502342,ACC00242,2026-04,191455374.84,0.0045,71795.77,71795.35,2026-04-30,2026-05-06
502343,ACC00243,2026-04,243525709.12,0.0035,71028.33,70967.41,2026-04-30,2026-05-02
502344,ACC00244,2026-04,73786516.99,0.006,36893.26,36901.54,2026-04-30,2026-05-08
502345,ACC00245,2026-04,14706287.63,0.006,7353.14,7356.8,2026-04-30,2026-05-08
502346,ACC00246,2026-04,198494747.02,0.006,99247.37,99173.23,2026-04-30,2026-05-06
502347,ACC00247,2026-04,228069877.63,0.006,114034.94,114054.89,2026-04-30,2026-05-02
502348,ACC00248,2026-04,235332365.89,0.0045,88249.64,88187.43,2026-04-30,2026-05-08
502349,ACC00249,2026-04,12090180.65,0.0075,7556.36,7558.37,2026-04-30,2026-05-17
502350,ACC00250,2026-04,55241097.11,0.0045,20715.41,20721.99,2026-04-30,2026-05-02
502351,ACC00251,2026-04,209206306.66,0.0075,130753.94,130655.62,2026-04-30,2026-05-04
502352,ACC00252,2026-04,89713644.18,0.0045,33642.62,33650.33,2026-04-30,2026-05-07
502353,ACC00253,2026-04,109443592.0,0.0035,31921.05,31952.88,2026-04-30,2026-05-02
502354,ACC00254,2026-04,132468402.49,0.0035,38636.62,42300.36,2026-04-30,2026-05-03
502355,ACC00255,2026-04,131064183.59,0.0045,49149.07,49186.8,2026-04-30,2026-05-07
502356,ACC00256,2026-04,61483819.89,0.0075,38427.39,38459.04,2026-04-30,2026-05-06
502357,ACC00257,2026-04,73453650.01,0.006,36726.83,36736.02,2026-04-30,2026-05-02
502358,ACC00258,2026-04,28078659.98,0.0045,10529.5,10524.73,2026-04-30,2026-05-03
502359,ACC00259,2026-04,100770121.89,0.0035,29391.29,29402.45,2026-04-30,2026-05-05
502360,ACC00260,2026-04,148769740.32,0.006,74384.87,74355.9,2026-04-30,2026-05-04
502361,ACC00261,2026-04,153489769.64,0.006,76744.88,76805.7,2026-04-30,2026-05-11
502362,ACC00262,2026-04,34105658.34,0.0075,21316.04,21315.51,2026-04-30,2026-05-19
502363,ACC00263,2026-04,94479553.19,0.0075,59049.72,59075.89,2026-04-30,2026-05-06
502364,ACC00264,2026-04,138552046.87,0.006,69276.02,69317.49,2026-04-30,2026-05-05
502365,ACC00265,2026-04,212403870.85,0.0045,79651.45,79672.03,2026-04-30,2026-05-04
502366,ACC00266,2026-04,105787351.4,0.0045,39670.26,39677.07,2026-04-30,2026-05-05
502367,ACC00267,2026-04,241722686.57,0.0075,151076.68,151227.42,2026-04-30,2026-05-04
502368,ACC00268,2026-04,43671596.61,0.0035,12737.55,12749.67,2026-04-30,2026-05-04
502369,ACC00269,2026-04,245511531.91,0.0035,71607.53,71648.9,2026-04-30,2026-05-07
502370,ACC00270,2026-04,32372790.02,0.0045,12139.8,12129.91,2026-04-30,2026-05-04
502371,ACC00271,2026-04,193067639.4,0.0035,56311.39,56334.81,2026-04-30,2026-05-05
502372,ACC00272,2026-04,69026908.6,0.0075,43141.82,43168.99,2026-04-30,2026-05-05
502373,ACC00273,2026-04,95281246.86,0.0035,27790.36,27785.22,2026-04-30,2026-05-07
502374,ACC00274,2026-04,122790925.77,0.006,61395.46,61383.39,2026-04-30,2026-05-08
502375,ACC00275,2026-04,5862458.23,0.006,2931.23,2930.02,2026-04-30,2026-05-06
502376,ACC00276,2026-04,194762271.29,0.0035,56805.66,59468.09,2026-04-30,2026-05-06
502377,ACC00277,2026-04,5110789.78,0.0035,1490.65,1490.75,2026-04-30,2026-05-02
502378,ACC00278,2026-04,37194100.71,0.0075,23246.31,23227.45,2026-04-30,2026-05-13
502379,ACC00279,2026-04,241048481.44,0.0075,150655.3,150559.92,2026-04-30,2026-05-08
502380,ACC00280,2026-04,80129588.09,0.0035,23371.13,23381.41,2026-04-30,2026-05-04
502381,ACC00281,2026-04,22561158.8,0.006,11280.58,11288.71,2026-04-30,2026-05-05
502382,ACC00282,2026-04,160618554.79,0.0075,100386.6,100360.3,2026-04-30,2026-05-07
502383,ACC00283,2026-04,176010429.59,0.0035,51336.38,51369.03,2026-04-30,2026-05-02
502384,ACC00284,2026-04,205972583.05,0.0035,60075.34,60023.62,2026-04-30,2026-05-05
502385,ACC00285,2026-04,135890389.02,0.006,67945.19,67925.75,2026-04-30,2026-05-06
502386,ACC00286,2026-04,25091150.67,0.006,12545.58,12547.09,2026-04-30,2026-05-08
502387,ACC00287,2026-04,48248477.77,0.0045,18093.18,18095.81,2026-04-30,2026-05-07
502388,ACC00288,2026-04,190156780.61,0.0075,118847.99,118893.88,2026-04-30,2026-05-07
502389,ACC00289,2026-04,184536624.55,0.006,92268.31,92311.56,2026-04-30,2026-05-06
502390,ACC00290,2026-04,52468722.31,0.0035,15303.38,15313.5,2026-04-30,2026-05-04
502391,ACC00291,2026-04,33462704.74,0.0035,9759.96,9752.41,2026-04-30,2026-05-11
502392,ACC00292,2026-04,41535252.22,0.0045,15575.72,15588.26,2026-04-30,2026-05-04
502393,ACC00293,2026-04,57975504.88,0.0035,16909.52,16915.15,2026-04-30,2026-05-06
502394,ACC00294,2026-04,230390359.16,0.0045,86396.38,86328.31,2026-04-30,2026-05-06
502395,ACC00295,2026-04,3672488.24,0.006,1836.24,1836.48,2026-04-30,2026-05-05
502396,ACC00296,2026-04,198447790.4,0.0075,124029.87,124040.36,2026-04-30,2026-05-02
502397,ACC00297,2026-04,8275249.1,0.0035,2413.61,2412.14,2026-04-30,2026-05-03
502398,ACC00298,2026-04,107775926.25,0.0075,67359.95,67401.66,2026-04-30,2026-05-04
502399,ACC00299,2026-04,102318479.08,0.0045,38369.43,38387.45,2026-04-30,2026-05-07
502400,ACC00300,2026-04,56669580.61,0.0045,21251.09,21241.71,2026-04-30,2026-05-07
502401,ACC00001,2026-05,165115023.01,0.0075,103196.89,103194.35,2026-05-31,2026-06-07
502402,ACC00002,2026-05,106340967.0,0.006,53170.48,53205.14,2026-05-31,2026-06-02
502403,ACC00003,2026-05,142066598.74,0.0075,88791.62,88717.58,2026-05-31,2026-06-08
502404,ACC00004,2026-05,124978212.23,0.0045,46866.83,46876.6,2026-05-31,2026-06-07
502405,ACC00005,2026-05,22823448.78,0.0035,6656.84,6656.58,2026-05-31,2026-06-07
502406,ACC00006,2026-05,195342122.9,0.0075,122088.83,122081.26,2026-05-31,2026-06-04
502407,ACC00007,2026-05,60818559.41,0.0045,22806.96,22795.9,2026-05-31,2026-06-04
502408,ACC00008,2026-05,97340856.47,0.0045,36502.82,36468.04,2026-05-31,2026-06-07
502409,ACC00009,2026-05,223611359.27,0.0075,139757.1,139801.84,2026-05-31,2026-06-08
502410,ACC00010,2026-05,89710814.27,0.006,44855.41,44842.0,2026-05-31,2026-06-06
502411,ACC00011,2026-05,234526699.95,0.0045,87947.51,87919.56,2026-05-31,2026-06-07
502412,ACC00012,2026-05,185917173.29,0.006,92958.59,93031.04,2026-05-31,2026-06-04
502413,ACC00013,2026-05,177601290.94,0.006,88800.65,88780.79,2026-05-31,2026-06-06
502414,ACC00014,2026-05,233633625.23,0.0045,87612.61,87536.66,2026-05-31,2026-06-05
502415,ACC00015,2026-05,226736047.14,0.0035,66131.35,66169.0,2026-05-31,2026-06-07
502416,ACC00016,2026-05,54788772.41,0.0045,20545.79,20555.55,2026-05-31,2026-06-14
502417,ACC00017,2026-05,52013681.51,0.0035,15170.66,15160.51,2026-05-31,2026-06-04
502418,ACC00018,2026-05,86390163.68,0.0035,25197.13,25214.05,2026-05-31,2026-06-03
502419,ACC00019,2026-05,72892548.08,0.0035,21260.33,,2026-05-31,2026-06-17
502420,ACC00020,2026-05,114227989.61,0.006,57113.99,57134.37,2026-05-31,2026-06-05
502421,ACC00021,2026-05,231407358.91,0.0035,67493.81,67503.6,2026-05-31,2026-06-06
502422,ACC00022,2026-05,195608190.92,0.006,97804.1,97794.01,2026-05-31,2026-06-02
502423,ACC00023,2026-05,16263217.63,0.0075,10164.51,10157.69,2026-05-31,2026-06-04
502424,ACC00024,2026-05,30172455.28,0.0075,18857.78,18866.9,2026-05-31,2026-06-03
502425,ACC00025,2026-05,185445739.55,0.0075,115903.59,115871.01,2026-05-31,2026-06-02
502426,ACC00026,2026-05,183448951.92,0.006,91724.48,91720.36,2026-05-31,2026-06-04
502427,ACC00027,2026-05,127164279.98,0.0075,79477.67,79471.49,2026-05-31,2026-06-03
502428,ACC00028,2026-05,47878378.17,0.0075,29923.99,29913.33,2026-05-31,2026-06-21
502429,ACC00029,2026-05,31786294.21,0.0075,19866.43,19870.84,2026-05-31,2026-06-08
502430,ACC00030,2026-05,192522553.1,0.006,96261.28,96214.08,2026-05-31,2026-06-04
502431,ACC00031,2026-05,102064830.59,0.0045,38274.31,38262.78,2026-05-31,2026-06-06
502432,ACC00032,2026-05,130249129.82,0.0045,48843.42,48850.3,2026-05-31,2026-06-06
502433,ACC00033,2026-05,68994588.37,0.0075,43121.62,43096.56,2026-05-31,2026-06-05
502434,ACC00034,2026-05,15570301.52,0.0035,4541.34,4543.56,2026-05-31,2026-06-04
502435,ACC00035,2026-05,235402915.58,0.006,117701.46,117585.74,2026-05-31,2026-06-07
502436,ACC00036,2026-05,80668305.79,0.0075,50417.69,50404.26,2026-05-31,2026-06-07
502437,ACC00037,2026-05,155030465.41,0.0045,58136.42,58139.19,2026-05-31,2026-06-02
502438,ACC00038,2026-05,166310107.93,0.0075,103943.82,104026.84,2026-05-31,2026-06-02
502439,ACC00039,2026-05,161351826.2,0.0035,47060.95,47105.02,2026-05-31,2026-06-16
502440,ACC00040,2026-05,239809719.55,0.0075,149881.07,149849.02,2026-05-31,2026-06-03
502441,ACC00041,2026-05,97840428.62,0.0075,61150.27,61116.18,2026-05-31,2026-06-02
502442,ACC00042,2026-05,98190649.95,0.006,49095.32,,2026-05-31,2026-06-06
502443,ACC00043,2026-05,248973987.74,0.006,124486.99,124603.66,2026-05-31,2026-06-07
502444,ACC00044,2026-05,162036475.74,0.006,81018.24,80991.62,2026-05-31,2026-06-02
502445,ACC00045,2026-05,162812074.57,0.0035,47486.86,52640.22,2026-05-31,2026-06-07
502446,ACC00046,2026-05,137523479.04,0.0075,85952.17,85966.05,2026-05-31,2026-06-07
502447,ACC00047,2026-05,70950514.13,0.006,35475.26,35495.65,2026-05-31,2026-06-03
502448,ACC00048,2026-05,38628289.68,0.0075,24142.68,27319.71,2026-05-31,2026-06-03
502449,ACC00049,2026-05,248061937.97,0.0045,93023.23,92932.95,2026-05-31,2026-06-08
502450,ACC00050,2026-05,10055496.66,0.006,5027.75,5027.37,2026-05-31,2026-06-08
502451,ACC00051,2026-05,240055957.89,0.0045,90020.98,90029.76,2026-05-31,2026-06-08
502452,ACC00052,2026-05,105718163.83,0.0035,30834.46,30845.33,2026-05-31,2026-06-08
502453,ACC00053,2026-05,56033125.84,0.0035,16343.0,16329.77,2026-05-31,2026-06-07
502454,ACC00054,2026-05,241313199.01,0.0035,70383.02,70349.43,2026-05-31,2026-06-05
502455,ACC00055,2026-05,211208820.51,0.0045,79203.31,79262.94,2026-05-31,2026-06-15
502456,ACC00056,2026-05,103193919.14,0.0035,30098.23,30121.79,2026-05-31,2026-06-03
502457,ACC00057,2026-05,96688223.98,0.006,48344.11,48314.13,2026-05-31,2026-06-08
502458,ACC00058,2026-05,65428306.89,0.0045,24535.62,24531.02,2026-05-31,2026-06-07
502459,ACC00059,2026-05,190676595.41,0.0045,71503.72,71522.05,2026-05-31,2026-06-03
502460,ACC00060,2026-05,76195054.56,0.006,38097.53,38111.58,2026-05-31,2026-06-05
502461,ACC00061,2026-05,93151383.6,0.0035,27169.15,27192.02,2026-05-31,2026-06-02
502462,ACC00062,2026-05,196838121.51,0.0075,123023.83,123053.04,2026-05-31,2026-06-07
502463,ACC00063,2026-05,98182093.85,0.006,49091.05,49108.69,2026-05-31,2026-06-04
502464,ACC00064,2026-05,69400876.54,0.006,34700.44,34667.08,2026-05-31,2026-06-06
502465,ACC00065,2026-05,195971799.11,0.0075,122482.37,122488.23,2026-05-31,2026-06-02
502466,ACC00066,2026-05,206795726.76,0.0075,129247.33,129199.95,2026-05-31,2026-06-04
502467,ACC00067,2026-05,192332209.41,0.006,96166.1,96180.29,2026-05-31,2026-06-07
502468,ACC00068,2026-05,71534765.21,0.0045,26825.54,26842.82,2026-05-31,2026-06-08
502469,ACC00069,2026-05,214547299.04,0.0075,134092.06,134133.26,2026-05-31,2026-06-07
502470,ACC00070,2026-05,221355243.08,0.006,110677.62,110624.84,2026-05-31,2026-06-03
502471,ACC00071,2026-05,122749060.24,0.0035,35801.81,35768.56,2026-05-31,2026-06-03
502472,ACC00072,2026-05,233890147.95,0.0035,68217.96,68163.74,2026-05-31,2026-06-06
502473,ACC00073,2026-05,73672587.23,0.0035,21487.84,21499.76,2026-05-31,2026-06-04
502474,ACC00074,2026-05,49597081.27,0.006,24798.54,24800.42,2026-05-31,2026-06-05
502475,ACC00075,2026-05,98066478.62,0.0045,36774.93,36746.25,2026-05-31,2026-06-07
502476,ACC00076,2026-05,173720788.89,0.0075,108575.49,108596.48,2026-05-31,2026-06-02
502477,ACC00077,2026-05,190046136.24,0.0035,55430.12,55417.34,2026-05-31,2026-06-03
502478,ACC00078,2026-05,104165556.19,0.006,52082.78,52088.89,2026-05-31,2026-06-04
502479,ACC00079,2026-05,123223853.01,0.0075,77014.91,77025.14,2026-05-31,2026-06-06
502480,ACC00080,2026-05,30399482.56,0.0075,18999.68,19004.9,2026-05-31,2026-06-03
502481,ACC00081,2026-05,42690151.81,0.006,21345.08,22431.62,2026-05-31,2026-06-07
502482,ACC00082,2026-05,181500461.11,0.0035,52937.63,52959.09,2026-05-31,2026-06-05
502483,ACC00083,2026-05,2512453.94,0.006,1256.23,1255.3,2026-05-31,2026-06-11
502484,ACC00084,2026-05,158057054.07,0.0045,59271.4,59221.27,2026-05-31,2026-06-02
502485,ACC00085,2026-05,169155229.29,0.0045,63433.21,63494.15,2026-05-31,2026-06-08
502486,ACC00086,2026-05,245715734.77,0.0075,153572.33,153465.38,2026-05-31,2026-06-02
502487,ACC00087,2026-05,144318751.81,0.0035,42092.97,42132.91,2026-05-31,2026-06-02
502488,ACC00088,2026-05,7527271.43,0.0075,4704.54,4706.17,2026-05-31,2026-06-05
502489,ACC00089,2026-05,75557090.23,0.006,37778.55,,2026-05-31,2026-06-02
502490,ACC00090,2026-05,44518896.12,0.0035,12984.68,12980.09,2026-05-31,2026-06-03
502491,ACC00091,2026-05,73063797.63,0.0035,21310.27,21297.65,2026-05-31,2026-06-06
502492,ACC00092,2026-05,132688811.78,0.0035,38700.9,38670.97,2026-05-31,2026-06-14
502493,ACC00093,2026-05,25410869.51,0.0035,7411.5,7406.35,2026-05-31,2026-06-06
502494,ACC00094,2026-05,47346187.36,0.0045,17754.82,17754.31,2026-05-31,2026-06-04
502495,ACC00095,2026-05,201981639.24,0.0045,75743.11,75804.22,2026-05-31,2026-06-02
502496,ACC00096,2026-05,51642038.57,0.0075,32276.27,32300.36,2026-05-31,2026-06-08
502497,ACC00097,2026-05,131776465.46,0.0045,49416.17,49367.27,2026-05-31,2026-06-03
502498,ACC00098,2026-05,177652866.87,0.0035,51815.42,51865.46,2026-05-31,2026-06-06
502499,ACC00099,2026-05,38348338.61,0.0075,23967.71,23988.06,2026-05-31,2026-06-16
502500,ACC00100,2026-05,222129053.79,0.0045,83298.4,83248.99,2026-05-31,2026-06-02
502501,ACC00101,2026-05,159004213.05,0.0075,99377.63,99389.82,2026-05-31,2026-06-07
502502,ACC00102,2026-05,241475499.02,0.0075,150922.19,151070.0,2026-05-31,2026-06-16
502503,ACC00103,2026-05,245633596.07,0.0075,153521.0,153434.42,2026-05-31,2026-06-03
502504,ACC00104,2026-05,112999402.05,0.0075,70624.63,70562.62,2026-05-31,2026-06-02
502505,ACC00105,2026-05,215472142.29,0.006,107736.07,107735.1,2026-05-31,2026-06-02
502506,ACC00106,2026-05,205748140.61,0.0045,77155.55,77086.75,2026-05-31,2026-06-03
502507,ACC00107,2026-05,56350036.24,0.0045,21131.26,21114.14,2026-05-31,2026-06-03
502508,ACC00108,2026-05,195088897.07,0.0075,121930.56,121983.47,2026-05-31,2026-06-06
502509,ACC00109,2026-05,23010672.64,0.0045,8629.0,8620.69,2026-05-31,2026-06-15
502510,ACC00110,2026-05,114763977.22,0.006,57381.99,57329.72,2026-05-31,2026-06-08
502511,ACC00111,2026-05,43542506.14,0.006,21771.25,21776.08,2026-05-31,2026-06-07
502512,ACC00112,2026-05,88436257.27,0.0045,33163.6,33185.84,2026-05-31,2026-06-15
502513,ACC00113,2026-05,96569195.61,0.006,48284.6,48248.99,2026-05-31,2026-06-07
502514,ACC00114,2026-05,62814495.56,0.006,31407.25,31402.54,2026-05-31,2026-06-07
502515,ACC00115,2026-05,183769960.16,0.0045,68913.74,68976.41,2026-05-31,2026-06-02
502516,ACC00116,2026-05,133365484.36,0.006,66682.74,66728.29,2026-05-31,2026-06-02
502517,ACC00117,2026-05,240171314.15,0.0035,70049.97,70106.13,2026-05-31,2026-06-02
502518,ACC00118,2026-05,208505587.26,0.0075,130315.99,130404.0,2026-05-31,2026-06-07
502519,ACC00119,2026-05,52233321.71,0.0045,19587.5,19594.8,2026-05-31,2026-06-03
502520,ACC00120,2026-05,162408797.62,0.0075,101505.5,101591.32,2026-05-31,2026-06-04
502521,ACC00121,2026-05,65314810.49,0.0035,19050.15,19040.05,2026-05-31,2026-06-08
502522,ACC00122,2026-05,50643858.3,0.0045,18991.45,19004.1,2026-05-31,2026-06-05
502523,ACC00123,2026-05,154931662.17,0.0045,58099.37,58137.78,2026-05-31,2026-06-05
502524,ACC00124,2026-05,11704109.81,0.006,5852.05,5848.52,2026-05-31,2026-06-02
502525,ACC00125,2026-05,68720619.02,0.0075,42950.39,42949.24,2026-05-31,2026-06-08
502526,ACC00126,2026-05,115312820.52,0.0045,43242.31,43260.92,2026-05-31,2026-06-16
502527,ACC00127,2026-05,156330422.74,0.0045,58623.91,58578.01,2026-05-31,2026-06-05
502528,ACC00128,2026-05,35833390.7,0.0075,22395.87,22408.65,2026-05-31,2026-06-04
502529,ACC00129,2026-05,91401317.36,0.0035,26658.72,26652.18,2026-05-31,2026-06-08
502530,ACC00130,2026-05,234110532.01,0.0045,87791.45,87837.92,2026-05-31,2026-06-06
502531,ACC00131,2026-05,34397977.56,0.0035,10032.74,10027.08,2026-05-31,2026-06-04
502532,ACC00132,2026-05,110072797.6,0.006,55036.4,55036.38,2026-05-31,2026-06-17
502533,ACC00133,2026-05,116983378.96,0.006,58491.69,58490.67,2026-05-31,2026-06-05
502534,ACC00134,2026-05,174314564.15,0.0075,108946.6,108972.74,2026-05-31,2026-06-04
502535,ACC00135,2026-05,220908596.39,0.006,110454.3,110440.66,2026-05-31,2026-06-03
502536,ACC00136,2026-05,102795243.61,0.006,51397.62,51386.26,2026-05-31,2026-06-07
502537,ACC00137,2026-05,131896299.39,0.0045,49461.11,49491.06,2026-05-31,2026-06-06
502538,ACC00138,2026-05,174970585.51,0.0035,51033.09,51025.69,2026-05-31,2026-06-06
502539,ACC00139,2026-05,56633593.87,0.0075,35396.0,35392.03,2026-05-31,2026-06-06
502540,ACC00140,2026-05,15718220.11,0.0035,4584.48,4580.16,2026-05-31,2026-06-05
502541,ACC00141,2026-05,198748984.25,0.0075,124218.12,124271.29,2026-05-31,2026-06-07
502542,ACC00142,2026-05,64971268.13,0.0075,40607.04,40636.43,2026-05-31,2026-06-07
502543,ACC00143,2026-05,143519318.32,0.006,71759.66,71780.63,2026-05-31,2026-06-06
502544,ACC00144,2026-05,229072798.41,0.0035,66812.9,66838.01,2026-05-31,2026-06-05
502545,ACC00145,2026-05,27293679.81,0.0075,17058.55,17067.71,2026-05-31,2026-06-08
502546,ACC00146,2026-05,242938721.9,0.0045,91102.02,91072.73,2026-05-31,2026-06-06
502547,ACC00147,2026-05,47512575.07,0.0035,13857.83,13845.46,2026-05-31,2026-06-02
502548,ACC00148,2026-05,44070644.18,0.0035,12853.94,12841.65,2026-05-31,2026-06-08
502549,ACC00149,2026-05,201453723.31,0.0035,58757.34,58727.27,2026-05-31,2026-06-05
502550,ACC00150,2026-05,30521828.2,0.0075,19076.14,19065.65,2026-05-31,2026-06-02
502551,ACC00151,2026-05,109111786.49,0.006,54555.89,54586.99,2026-05-31,2026-06-03
502552,ACC00152,2026-05,63476092.34,0.0075,39672.56,39700.35,2026-05-31,2026-06-12
502553,ACC00153,2026-05,38133106.73,0.0045,14299.92,14311.18,2026-05-31,2026-06-06
502554,ACC00154,2026-05,46857933.09,0.006,23428.97,23448.99,2026-05-31,2026-06-03
502555,ACC00155,2026-05,67734280.42,0.0045,25400.36,25406.94,2026-05-31,2026-06-08
502556,ACC00156,2026-05,212109932.55,0.0035,61865.4,61847.42,2026-05-31,2026-06-04
502557,ACC00157,2026-05,46251401.85,0.0045,17344.28,17333.66,2026-05-31,2026-06-07
502558,ACC00158,2026-05,60376654.74,0.006,30188.33,30217.94,2026-05-31,2026-06-04
502559,ACC00159,2026-05,69115125.57,0.0075,43196.95,43157.97,2026-05-31,2026-06-03
502560,ACC00160,2026-05,200766824.98,0.0075,125479.27,125391.74,2026-05-31,2026-06-02
502561,ACC00161,2026-05,57873190.86,0.0035,16879.68,16890.13,2026-05-31,2026-06-04
502562,ACC00162,2026-05,105644313.37,0.0035,30812.92,30790.56,2026-05-31,2026-06-04
502563,ACC00163,2026-05,217422244.17,0.006,108711.12,108643.77,2026-05-31,2026-06-06
502564,ACC00164,2026-05,172530084.14,0.0045,64698.78,64639.94,2026-05-31,2026-06-08
502565,ACC00165,2026-05,94066741.75,0.006,47033.37,46998.09,2026-05-31,2026-06-13
502566,ACC00166,2026-05,242065739.23,0.0075,151291.09,151370.79,2026-05-31,2026-06-08
502567,ACC00167,2026-05,83927054.86,0.0075,52454.41,52498.3,2026-05-31,2026-06-07
502568,ACC00168,2026-05,93328386.01,0.0045,34998.14,34972.12,2026-05-31,2026-06-03
502569,ACC00169,2026-05,46850920.07,0.006,23425.46,23445.1,2026-05-31,2026-06-02
502570,ACC00170,2026-05,66973879.07,0.0045,25115.2,25098.84,2026-05-31,2026-06-07
502571,ACC00171,2026-05,220149968.34,0.0075,137593.73,137567.66,2026-05-31,2026-06-05
502572,ACC00172,2026-05,235834039.42,0.0075,147396.27,147443.53,2026-05-31,2026-06-03
502573,ACC00173,2026-05,133619877.64,0.006,66809.94,66759.24,2026-05-31,2026-06-07
502574,ACC00174,2026-05,122157165.63,0.0035,35629.17,35599.64,2026-05-31,2026-06-07
502575,ACC00175,2026-05,167528937.31,0.0075,104705.59,104710.09,2026-05-31,2026-06-02
502576,ACC00176,2026-05,71794650.84,0.0075,44871.66,44861.64,2026-05-31,2026-06-03
502577,ACC00177,2026-05,233606665.76,0.0075,146004.17,145910.57,2026-05-31,2026-06-15
502578,ACC00178,2026-05,210242662.19,0.006,105121.33,105130.67,2026-05-31,2026-06-02
502579,ACC00179,2026-05,41813841.87,0.006,20906.92,20891.03,2026-05-31,2026-06-07
502580,ACC00180,2026-05,248118630.33,0.0045,93044.49,92991.68,2026-05-31,2026-06-06
502581,ACC00181,2026-05,106161708.14,0.0075,66351.07,66321.98,2026-05-31,2026-06-06
502582,ACC00182,2026-05,175975965.49,0.0045,65990.99,65946.08,2026-05-31,2026-06-03
502583,ACC00183,2026-05,186246563.46,0.0045,69842.46,69789.83,2026-05-31,2026-06-06
502584,ACC00184,2026-05,54558320.13,0.0075,34098.95,34081.08,2026-05-31,2026-06-05
502585,ACC00185,2026-05,169023734.05,0.0035,49298.59,49329.54,2026-05-31,2026-06-02
502586,ACC00186,2026-05,69707769.37,0.006,34853.88,34874.75,2026-05-31,2026-06-06
502587,ACC00187,2026-05,84249050.85,0.0075,52655.66,52637.6,2026-05-31,2026-06-05
502588,ACC00188,2026-05,161246103.19,0.0045,60467.29,60420.94,2026-05-31,2026-06-04
502589,ACC00189,2026-05,226480258.49,0.0045,84930.1,84988.48,2026-05-31,2026-06-07
502590,ACC00190,2026-05,122023840.43,0.006,61011.92,60969.99,2026-05-31,2026-06-04
502591,ACC00191,2026-05,76662738.4,0.006,38331.37,38365.5,2026-05-31,2026-06-08
502592,ACC00192,2026-05,39622184.39,0.0035,11556.47,11552.43,2026-05-31,2026-06-08
502593,ACC00193,2026-05,215101529.57,0.0045,80663.07,80696.23,2026-05-31,2026-06-02
502594,ACC00194,2026-05,176718435.01,0.0075,110449.02,110504.41,2026-05-31,2026-06-05
502595,ACC00195,2026-05,117059924.48,0.006,58529.96,58585.32,2026-05-31,2026-06-07
502596,ACC00196,2026-05,31452511.92,0.0075,19657.82,19665.13,2026-05-31,2026-06-06
502597,ACC00197,2026-05,101199094.25,0.0045,37949.66,37962.3,2026-05-31,2026-06-03
502598,ACC00198,2026-05,83410195.81,0.0035,24327.97,24317.35,2026-05-31,2026-06-02
502599,ACC00199,2026-05,98163368.91,0.0075,61352.11,61374.43,2026-05-31,2026-06-16
502600,ACC00200,2026-05,182315976.97,0.0075,113947.49,113857.18,2026-05-31,2026-06-02
502601,ACC00201,2026-05,54514331.21,0.0075,34071.46,34057.1,2026-05-31,2026-06-08
502602,ACC00202,2026-05,205151471.36,0.006,102575.74,102565.3,2026-05-31,2026-06-04
502603,ACC00203,2026-05,161816634.7,0.0045,60681.24,60658.27,2026-05-31,2026-06-17
502604,ACC00204,2026-05,242799456.54,0.0075,151749.66,151875.08,2026-05-31,2026-06-04
502605,ACC00205,2026-05,11661532.37,0.0035,3401.28,3399.03,2026-05-31,2026-06-03
502606,ACC00206,2026-05,36072387.93,0.0045,13527.15,13520.23,2026-05-31,2026-06-07
502607,ACC00207,2026-05,173881808.63,0.0075,108676.13,108664.88,2026-05-31,2026-06-06
502608,ACC00208,2026-05,48022518.73,0.0035,14006.57,14011.06,2026-05-31,2026-06-04
502609,ACC00209,2026-05,23011804.37,0.0045,8629.43,8634.2,2026-05-31,2026-06-06
502610,ACC00210,2026-05,18265852.3,0.006,9132.93,9136.92,2026-05-31,2026-06-14
502611,ACC00211,2026-05,77116611.92,0.0045,28918.73,28915.22,2026-05-31,2026-06-04
502612,ACC00212,2026-05,248026450.51,0.006,124013.23,124040.73,2026-05-31,2026-06-05
502613,ACC00213,2026-05,93930478.37,0.006,46965.24,46956.89,2026-05-31,2026-06-08
502614,ACC00214,2026-05,135845625.2,0.006,67922.81,67906.65,2026-05-31,2026-06-05
502615,ACC00215,2026-05,223313106.73,0.0045,83742.42,83791.37,2026-05-31,2026-06-04
502616,ACC00216,2026-05,107711406.0,0.0045,40391.78,40372.5,2026-05-31,2026-06-04
502617,ACC00217,2026-05,9365839.23,0.0075,5853.65,5858.38,2026-05-31,2026-06-05
502618,ACC00218,2026-05,186394488.52,0.0045,69897.93,69854.03,2026-05-31,2026-06-04
502619,ACC00219,2026-05,228882682.37,0.0035,66757.45,,2026-05-31,2026-06-06
502620,ACC00220,2026-05,44333012.35,0.0075,27708.13,27709.13,2026-05-31,2026-06-02
502621,ACC00221,2026-05,189924110.55,0.006,94962.06,94896.02,2026-05-31,2026-06-08
502622,ACC00222,2026-05,136056120.36,0.006,68028.06,68090.84,2026-05-31,2026-06-07
502623,ACC00223,2026-05,101217566.1,0.0075,63260.98,63282.52,2026-05-31,2026-06-03
502624,ACC00224,2026-05,69257591.48,0.006,34628.8,34641.02,2026-05-31,2026-06-07
502625,ACC00225,2026-05,61383425.66,0.0045,23018.78,23035.79,2026-05-31,2026-06-07
502626,ACC00226,2026-05,98250504.23,0.0075,61406.57,61386.6,2026-05-31,2026-06-04
502627,ACC00227,2026-05,119857559.28,0.0035,34958.45,34950.98,2026-05-31,2026-06-07
502628,ACC00228,2026-05,128215033.4,0.0075,80134.4,80186.86,2026-05-31,2026-06-06
502629,ACC00229,2026-05,249812238.38,0.006,124906.12,124996.8,2026-05-31,2026-06-04
502630,ACC00230,2026-05,27480841.76,0.006,13740.42,13732.97,2026-05-31,2026-06-03
502631,ACC00231,2026-05,192951457.68,0.0045,72356.8,72331.35,2026-05-31,2026-06-06
502632,ACC00232,2026-05,30856439.58,0.0045,11571.16,11567.01,2026-05-31,2026-06-08
502633,ACC00233,2026-05,82220017.35,0.0075,51387.51,51367.99,2026-05-31,2026-06-02
502634,ACC00234,2026-05,138876207.97,0.0035,40505.56,40506.39,2026-05-31,2026-06-08
502635,ACC00235,2026-05,234285681.13,0.0035,68333.32,68306.81,2026-05-31,2026-06-03
502636,ACC00236,2026-05,123359033.61,0.0045,46259.64,46238.76,2026-05-31,2026-06-03
502637,ACC00237,2026-05,215207665.87,0.006,107603.83,107667.77,2026-05-31,2026-06-05
502638,ACC00238,2026-05,7048609.8,0.0075,4405.38,4405.02,2026-05-31,2026-06-04
502639,ACC00239,2026-05,173487659.2,0.006,86743.83,86678.99,2026-05-31,2026-06-03
502640,ACC00240,2026-05,193340671.76,0.0045,72502.75,72510.35,2026-05-31,2026-06-06
502641,ACC00241,2026-05,131441201.71,0.0075,82150.75,82211.1,2026-05-31,2026-06-11
502642,ACC00242,2026-05,54492215.9,0.0035,15893.56,15879.22,2026-05-31,2026-06-19
502643,ACC00243,2026-05,46976354.05,0.0045,17616.13,17631.27,2026-05-31,2026-06-05
502644,ACC00244,2026-05,208526302.59,0.0035,60820.17,60851.07,2026-05-31,2026-06-05
502645,ACC00245,2026-05,194424421.86,0.0075,121515.26,121634.76,2026-05-31,2026-06-05
502646,ACC00246,2026-05,157689633.72,0.0035,45992.81,46016.54,2026-05-31,2026-06-04
502647,ACC00247,2026-05,79857552.83,0.006,39928.78,39891.78,2026-05-31,2026-06-08
502648,ACC00248,2026-05,215253769.44,0.0035,62782.35,62728.1,2026-05-31,2026-06-03
502649,ACC00249,2026-05,211218835.88,0.0075,132011.77,131958.86,2026-05-31,2026-06-07
502650,ACC00250,2026-05,182886567.24,0.0075,114304.1,114353.12,2026-05-31,2026-06-07
502651,ACC00251,2026-05,206703492.26,0.0075,129189.68,129208.07,2026-05-31,2026-06-06
502652,ACC00252,2026-05,182193890.44,0.006,91096.95,91109.35,2026-05-31,2026-06-04
502653,ACC00253,2026-05,93086787.81,0.0075,58179.24,58142.08,2026-05-31,2026-06-03
502654,ACC00254,2026-05,6304214.71,0.0035,1838.73,1837.26,2026-05-31,2026-06-12
502655,ACC00255,2026-05,29262995.69,0.006,14631.5,14623.34,2026-05-31,2026-06-04
502656,ACC00256,2026-05,131563540.18,0.0075,82227.21,82256.22,2026-05-31,2026-06-05
502657,ACC00257,2026-05,154889446.64,0.0075,96805.9,96754.24,2026-05-31,2026-06-04
502658,ACC00258,2026-05,244618905.73,0.0075,152886.82,152908.21,2026-05-31,2026-06-17
502659,ACC00259,2026-05,85360148.46,0.0035,24896.71,24889.96,2026-05-31,2026-06-02
502660,ACC00260,2026-05,63513957.66,0.0075,39696.22,39734.14,2026-05-31,2026-06-04
502661,ACC00261,2026-05,221242255.33,0.0075,138276.41,138177.26,2026-05-31,2026-06-06
502662,ACC00262,2026-05,98957544.3,0.006,49478.77,49486.92,2026-05-31,2026-06-03
502663,ACC00263,2026-05,92576195.77,0.006,46288.1,46322.36,2026-05-31,2026-06-05
502664,ACC00264,2026-05,145043142.64,0.0075,90651.96,90711.96,2026-05-31,2026-06-03
502665,ACC00265,2026-05,54988406.86,0.006,27494.2,27473.01,2026-05-31,2026-06-02
502666,ACC00266,2026-05,236452758.19,0.0045,88669.78,88608.49,2026-05-31,2026-06-04
502667,ACC00267,2026-05,58601862.39,0.0045,21975.7,21967.51,2026-05-31,2026-06-20
502668,ACC00268,2026-05,78034001.33,0.006,39017.0,38983.8,2026-05-31,2026-06-21
502669,ACC00269,2026-05,202145483.35,0.0075,126340.93,126290.42,2026-05-31,2026-06-04
502670,ACC00270,2026-05,203440493.68,0.006,101720.25,101699.41,2026-05-31,2026-06-04
502671,ACC00271,2026-05,75202014.77,0.0035,21933.92,21929.18,2026-05-31,2026-06-07
502672,ACC00272,2026-05,21591701.63,0.0075,13494.81,13507.67,2026-05-31,2026-06-20
502673,ACC00273,2026-05,51223079.09,0.006,25611.54,25605.69,2026-05-31,2026-06-04
502674,ACC00274,2026-05,178532090.23,0.0045,66949.53,66927.01,2026-05-31,2026-06-06
502675,ACC00275,2026-05,30422488.32,0.0075,19014.06,19021.41,2026-05-31,2026-06-08
502676,ACC00276,2026-05,138303551.74,0.0075,86439.72,86502.34,2026-05-31,2026-06-07
502677,ACC00277,2026-05,3779586.67,0.006,1889.79,1890.01,2026-05-31,2026-06-06
502678,ACC00278,2026-05,198040329.71,0.0035,57761.76,57782.52,2026-05-31,2026-06-07
502679,ACC00279,2026-05,7602857.36,0.0045,2851.07,2850.83,2026-05-31,2026-06-04
502680,ACC00280,2026-05,60261372.42,0.0075,37663.36,37680.94,2026-05-31,2026-06-07
502681,ACC00281,2026-05,7325593.86,0.0045,2747.1,2746.68,2026-05-31,2026-06-08
502682,ACC00282,2026-05,36021504.21,0.0075,22513.44,22506.85,2026-05-31,2026-06-06
502683,ACC00283,2026-05,108851167.32,0.0075,68031.98,68074.45,2026-05-31,2026-06-05
502684,ACC00284,2026-05,22850131.24,0.006,11425.07,11433.29,2026-05-31,2026-06-03
502685,ACC00285,2026-05,140999497.95,0.0075,88124.69,88126.04,2026-05-31,2026-06-05
502686,ACC00286,2026-05,182375795.54,0.0035,53192.94,53232.44,2026-05-31,2026-06-07
502687,ACC00287,2026-05,175554165.38,0.006,87777.08,87756.02,2026-05-31,2026-06-06
502688,ACC00288,2026-05,180333686.77,0.0035,52597.33,52576.5,2026-05-31,2026-06-08
502689,ACC00289,2026-05,162204816.55,0.0035,47309.74,47345.84,2026-05-31,2026-06-05
502690,ACC00290,2026-05,12557847.38,0.0035,3662.71,3666.23,2026-05-31,2026-06-07
502691,ACC00291,2026-05,207507057.47,0.006,103753.53,109560.25,2026-05-31,2026-06-03
502692,ACC00292,2026-05,83008585.41,0.0075,51880.37,51887.21,2026-05-31,2026-06-03
502693,ACC00293,2026-05,164278873.13,0.006,82139.44,82185.42,2026-05-31,2026-06-08
502694,ACC00294,2026-05,134250708.28,0.006,67125.35,67100.91,2026-05-31,2026-06-14
502695,ACC00295,2026-05,198408540.64,0.0075,124005.34,124073.82,2026-05-31,2026-06-06
502696,ACC00296,2026-05,81616031.36,0.0045,30606.01,30613.82,2026-05-31,2026-06-07
502697,ACC00297,2026-05,68966823.0,0.0045,25862.56,25859.89,2026-05-31,2026-06-07
502698,ACC00298,2026-05,14718366.38,0.0035,4292.86,4291.72,2026-05-31,2026-06-05
502699,ACC00299,2026-05,46017362.2,0.0045,17256.51,17243.85,2026-05-31,2026-06-06
502700,ACC00300,2026-05,71035695.72,0.0045,26638.39,26623.22,2026-05-31,2026-06-04
502701,ACC00001,2026-06,25040214.88,0.0035,7303.4,7300.77,2026-06-30,2026-07-03
502702,ACC00002,2026-06,50781963.85,0.006,25390.98,25378.15,2026-06-30,2026-07-06
502703,ACC00003,2026-06,35373138.28,0.0045,13264.93,13258.16,2026-06-30,2026-07-06
502704,ACC00004,2026-06,76732971.37,0.006,38366.49,38402.56,2026-06-30,2026-07-07
502705,ACC00005,2026-06,124011316.54,0.0035,36169.97,36200.83,2026-06-30,2026-07-07
502706,ACC00006,2026-06,94822417.57,0.0045,35558.41,35587.65,2026-06-30,2026-07-08
502707,ACC00007,2026-06,231601214.73,0.0045,86850.46,86805.17,2026-06-30,2026-07-06
502708,ACC00008,2026-06,125868159.4,0.0045,47200.56,47244.14,2026-06-30,2026-07-04
502709,ACC00009,2026-06,220051504.47,0.0045,82519.31,82508.11,2026-06-30,2026-07-07
502710,ACC00010,2026-06,78577380.37,0.0035,22918.4,22901.26,2026-06-30,2026-07-05
502711,ACC00011,2026-06,63396012.0,0.0045,23773.5,23793.52,2026-06-30,2026-07-05
502712,ACC00012,2026-06,97374683.1,0.006,48687.34,48649.51,2026-06-30,2026-07-05
502713,ACC00013,2026-06,63125993.05,0.0035,18411.75,18412.77,2026-06-30,2026-07-04
502714,ACC00014,2026-06,35003756.67,0.0075,21877.35,21893.49,2026-06-30,2026-07-06
502715,ACC00015,2026-06,190520338.83,0.0035,55568.43,55555.35,2026-06-30,2026-07-05
502716,ACC00016,2026-06,211716739.99,0.0035,61750.72,61775.91,2026-06-30,2026-07-06
502717,ACC00017,2026-06,173273460.51,0.0075,108295.91,108206.16,2026-06-30,2026-07-04
502718,ACC00018,2026-06,90863266.86,0.0035,26501.79,26489.42,2026-06-30,2026-07-06
502719,ACC00019,2026-06,16137012.84,0.006,8068.51,8066.08,2026-06-30,2026-07-07
502720,ACC00020,2026-06,244582798.96,0.0075,152864.25,153002.96,2026-06-30,2026-07-03
502721,ACC00021,2026-06,147430178.06,0.0035,43000.47,42972.04,2026-06-30,2026-07-02
502722,ACC00022,2026-06,56241644.83,0.006,28120.82,28110.64,2026-06-30,2026-07-05
502723,ACC00023,2026-06,176618178.76,0.0035,51513.64,51481.05,2026-06-30,2026-07-05
502724,ACC00024,2026-06,82252155.44,0.006,41126.08,41096.29,2026-06-30,2026-07-07
502725,ACC00025,2026-06,106101004.22,0.006,53050.5,53014.68,2026-06-30,2026-07-05
502726,ACC00026,2026-06,93633124.33,0.006,46816.56,46825.6,2026-06-30,2026-07-05
502727,ACC00027,2026-06,16628630.08,0.0035,4850.02,4851.08,2026-06-30,2026-07-07
502728,ACC00028,2026-06,48105700.34,0.006,24052.85,24068.18,2026-06-30,2026-07-02
502729,ACC00029,2026-06,65592484.57,0.0035,19131.14,21576.3,2026-06-30,2026-07-08
502730,ACC00030,2026-06,43918720.52,0.0075,27449.2,27452.51,2026-06-30,2026-07-03
502731,ACC00031,2026-06,32844581.21,0.0045,12316.72,12310.15,2026-06-30,2026-07-05
502732,ACC00032,2026-06,16511419.05,0.0035,4815.83,4811.63,2026-06-30,2026-07-08
502733,ACC00033,2026-06,199845894.26,0.0045,74942.21,74930.1,2026-06-30,2026-07-02
502734,ACC00034,2026-06,229435040.15,0.0035,66918.55,66862.95,2026-06-30,2026-07-04
502735,ACC00035,2026-06,108695304.53,0.006,54347.65,54311.15,2026-06-30,2026-07-06
502736,ACC00036,2026-06,91166540.9,0.0045,34187.45,34215.95,2026-06-30,2026-07-02
502737,ACC00037,2026-06,145613055.99,0.0045,54604.9,54625.42,2026-06-30,2026-07-05
502738,ACC00038,2026-06,42273027.61,0.006,21136.51,21135.2,2026-06-30,2026-07-17
502739,ACC00039,2026-06,166833340.24,0.006,83416.67,83489.87,2026-06-30,2026-07-04
502740,ACC00040,2026-06,37740355.89,0.0035,11007.6,11012.15,2026-06-30,2026-07-08
502741,ACC00041,2026-06,11712630.87,0.0075,7320.39,7316.06,2026-06-30,2026-07-04
502742,ACC00042,2026-06,62136270.69,0.006,31068.14,31066.29,2026-06-30,2026-07-06
502743,ACC00043,2026-06,201181739.7,0.0075,125738.59,125710.66,2026-06-30,2026-07-07
502744,ACC00044,2026-06,69198189.32,0.0045,25949.32,25944.74,2026-06-30,2026-07-11
502745,ACC00045,2026-06,70823653.27,0.006,35411.83,35400.78,2026-06-30,2026-07-02
502746,ACC00046,2026-06,98183964.17,0.0035,28636.99,28660.82,2026-06-30,2026-07-05
502747,ACC00047,2026-06,103834230.86,0.0035,30284.98,30259.75,2026-06-30,2026-07-08
502748,ACC00048,2026-06,197661460.16,0.006,98830.73,98769.91,2026-06-30,2026-07-04
502749,ACC00049,2026-06,87486139.15,0.0035,25516.79,25519.31,2026-06-30,2026-07-03
502750,ACC00050,2026-06,162740588.28,0.0035,47466.0,47491.56,2026-06-30,2026-07-08
502751,ACC00051,2026-06,145329735.89,0.0035,42387.84,42373.02,2026-06-30,2026-07-06
502752,ACC00052,2026-06,29553761.95,0.006,14776.88,14786.85,2026-06-30,2026-07-04
502753,ACC00053,2026-06,167605990.43,0.0035,48885.08,48891.17,2026-06-30,2026-07-08
502754,ACC00054,2026-06,34987016.94,0.0075,21866.89,21868.96,2026-06-30,2026-07-05
502755,ACC00055,2026-06,228304951.71,0.006,114152.48,114209.19,2026-06-30,2026-07-03
502756,ACC00056,2026-06,91385557.86,0.006,45692.78,45697.35,2026-06-30,2026-07-04
502757,ACC00057,2026-06,73301390.65,0.0035,21379.57,21382.18,2026-06-30,2026-07-04
502758,ACC00058,2026-06,83804989.51,0.006,41902.49,41904.09,2026-06-30,2026-07-07
502759,ACC00059,2026-06,103948679.35,0.006,51974.34,51978.52,2026-06-30,2026-07-04
502760,ACC00060,2026-06,74112320.57,0.006,37056.16,37025.22,2026-06-30,2026-07-05
502761,ACC00061,2026-06,80707377.18,0.0035,23539.65,23525.35,2026-06-30,2026-07-04
502762,ACC00062,2026-06,80366164.12,0.006,40183.08,40188.75,2026-06-30,2026-07-03
502763,ACC00063,2026-06,6280631.36,0.0035,1831.85,1830.43,2026-06-30,2026-07-07
502764,ACC00064,2026-06,98250992.23,0.0035,28656.54,28681.81,2026-06-30,2026-07-18
502765,ACC00065,2026-06,27433461.0,0.0045,10287.55,10293.78,2026-06-30,2026-07-11
502766,ACC00066,2026-06,249782549.62,0.0045,93668.46,106255.42,2026-06-30,2026-07-06
502767,ACC00067,2026-06,189881330.47,0.0075,118675.83,118751.89,2026-06-30,2026-07-07
502768,ACC00068,2026-06,199810076.77,0.0035,58277.94,58322.19,2026-06-30,2026-07-04
502769,ACC00069,2026-06,182234925.12,0.006,91117.46,91044.48,2026-06-30,2026-07-05
502770,ACC00070,2026-06,151418072.58,0.006,75709.04,75722.9,2026-06-30,2026-07-07
502771,ACC00071,2026-06,97852922.11,0.0075,61158.08,61148.82,2026-06-30,2026-07-05
502772,ACC00072,2026-06,98892000.25,0.0075,61807.5,61863.29,2026-06-30,2026-07-06
502773,ACC00073,2026-06,68430493.27,0.0075,42769.06,42776.29,2026-06-30,2026-07-07
502774,ACC00074,2026-06,23332993.96,0.0045,8749.87,8748.32,2026-06-30,2026-07-07
502775,ACC00075,2026-06,15339418.91,0.006,7669.71,7673.47,2026-06-30,2026-07-03
502776,ACC00076,2026-06,24862223.08,0.0045,9323.33,9320.04,2026-06-30,2026-07-08
502777,ACC00077,2026-06,156733933.34,0.0035,45714.06,45692.29,2026-06-30,2026-07-06
502778,ACC00078,2026-06,5427840.48,0.0075,3392.4,3393.01,2026-06-30,2026-07-06
502779,ACC00079,2026-06,22688438.66,0.006,11344.22,11333.6,2026-06-30,2026-07-06
502780,ACC00080,2026-06,100960298.99,0.0045,37860.11,37852.45,2026-06-30,2026-07-04
502781,ACC00081,2026-06,220998597.92,0.006,110499.3,110605.54,2026-06-30,2026-07-08
502782,ACC00082,2026-06,138069515.52,0.006,69034.76,68974.69,2026-06-30,2026-07-03
502783,ACC00083,2026-06,30932996.1,0.0035,9022.12,9028.56,2026-06-30,2026-07-07
502784,ACC00084,2026-06,117478098.92,0.006,58739.05,58692.67,2026-06-30,2026-07-02
502785,ACC00085,2026-06,231354886.21,0.0035,67478.51,67477.55,2026-06-30,2026-07-02
502786,ACC00086,2026-06,143875256.65,0.0075,89922.04,89883.0,2026-06-30,2026-07-08
502787,ACC00087,2026-06,205254518.63,0.0075,128284.07,128307.34,2026-06-30,2026-07-03
502788,ACC00088,2026-06,8620741.83,0.006,4310.37,4307.5,2026-06-30,2026-07-02
502789,ACC00089,2026-06,156423655.79,0.0035,45623.57,45645.32,2026-06-30,2026-07-03
502790,ACC00090,2026-06,5244388.07,0.006,2622.19,2624.36,2026-06-30,2026-07-03
502791,ACC00091,2026-06,123705325.11,0.0045,46389.5,46372.55,2026-06-30,2026-07-02
502792,ACC00092,2026-06,31928365.79,0.0045,11973.14,11977.11,2026-06-30,2026-07-08
502793,ACC00093,2026-06,201396434.88,0.0045,75523.66,75545.65,2026-06-30,2026-07-06
502794,ACC00094,2026-06,147005523.52,0.0045,55127.07,55156.59,2026-06-30,2026-07-05
502795,ACC00095,2026-06,101142378.66,0.0045,37928.39,37938.31,2026-06-30,2026-07-14
502796,ACC00096,2026-06,38826688.01,0.0075,24266.68,24259.02,2026-06-30,2026-07-04
502797,ACC00097,2026-06,130824855.79,0.0035,38157.25,38135.31,2026-06-30,2026-07-08
502798,ACC00098,2026-06,218453548.94,0.0045,81920.08,81860.3,2026-06-30,2026-07-03
502799,ACC00099,2026-06,248756798.99,0.0035,72554.07,72507.12,2026-06-30,2026-07-08
502800,ACC00100,2026-06,31704962.38,0.0045,11889.36,11899.55,2026-06-30,2026-07-06
502801,ACC00101,2026-06,66988542.99,0.006,33494.27,33515.31,2026-06-30,2026-07-06
502802,ACC00102,2026-06,28377262.24,0.0035,8276.7,8271.33,2026-06-30,2026-07-02
502803,ACC00103,2026-06,107468496.35,0.0045,40300.69,40317.63,2026-06-30,2026-07-04
502804,ACC00104,2026-06,61210422.74,0.0035,17853.04,17845.41,2026-06-30,2026-07-14
502805,ACC00105,2026-06,206667406.81,0.0045,77500.28,77524.53,2026-06-30,2026-07-08
502806,ACC00106,2026-06,108413388.62,0.0045,40655.02,40653.7,2026-06-30,2026-07-06
502807,ACC00107,2026-06,103799608.03,0.006,51899.8,51910.0,2026-06-30,2026-07-19
502808,ACC00108,2026-06,211181161.12,0.0035,61594.51,61614.09,2026-06-30,2026-07-04
502809,ACC00109,2026-06,27907816.57,0.0075,17442.39,17453.87,2026-06-30,2026-07-03
502810,ACC00110,2026-06,151236997.74,0.0075,94523.12,94439.36,2026-06-30,2026-07-05
502811,ACC00111,2026-06,78122331.44,0.006,39061.17,39070.91,2026-06-30,2026-07-03
502812,ACC00112,2026-06,187640402.85,0.0035,54728.45,54685.56,2026-06-30,2026-07-08
502813,ACC00113,2026-06,100057633.86,0.0045,37521.61,37555.44,2026-06-30,2026-07-08
502814,ACC00114,2026-06,214608011.91,0.0045,80478.0,80502.91,2026-06-30,2026-07-07
502815,ACC00115,2026-06,215057245.74,0.0075,134410.78,,2026-06-30,2026-07-03
502816,ACC00116,2026-06,73430770.59,0.006,36715.39,36681.44,2026-06-30,2026-07-08
502817,ACC00117,2026-06,68874632.43,0.006,34437.32,34442.71,2026-06-30,2026-07-05
502818,ACC00118,2026-06,241218940.55,0.0045,90457.1,90504.36,2026-06-30,2026-07-05
502819,ACC00119,2026-06,198103332.61,0.0045,74288.75,74360.52,2026-06-30,2026-07-05
502820,ACC00120,2026-06,196852622.3,0.0035,57415.35,57368.6,2026-06-30,2026-07-06
502821,ACC00121,2026-06,167478192.32,0.0045,62804.32,,2026-06-30,2026-07-08
502822,ACC00122,2026-06,58776904.6,0.0045,22041.34,22030.15,2026-06-30,2026-07-07
502823,ACC00123,2026-06,69443166.43,0.0035,20254.26,20260.09,2026-06-30,2026-07-06
502824,ACC00124,2026-06,134302152.54,0.0035,39171.46,39199.77,2026-06-30,2026-07-05
502825,ACC00125,2026-06,172493181.78,0.006,86246.59,86306.9,2026-06-30,2026-07-04
502826,ACC00126,2026-06,215711811.58,0.0045,80891.93,80921.4,2026-06-30,2026-07-07
502827,ACC00127,2026-06,131822014.99,0.0035,38448.09,38485.68,2026-06-30,2026-07-05
502828,ACC00128,2026-06,227704040.29,0.0075,142315.03,142390.06,2026-06-30,2026-07-07
502829,ACC00129,2026-06,14303809.38,0.0035,4171.94,4170.1,2026-06-30,2026-07-08
502830,ACC00130,2026-06,180136431.86,0.006,90068.22,90034.68,2026-06-30,2026-07-08
502831,ACC00131,2026-06,125121586.67,0.0075,78200.99,78241.39,2026-06-30,2026-07-18
502832,ACC00132,2026-06,86269833.61,0.0045,32351.19,33681.0,2026-06-30,2026-07-06
502833,ACC00133,2026-06,23396762.42,0.006,11698.38,11707.08,2026-06-30,2026-07-08
502834,ACC00134,2026-06,182154315.98,0.0045,68307.87,68251.09,2026-06-30,2026-07-08
502835,ACC00135,2026-06,55682016.32,0.0035,16240.59,16233.92,2026-06-30,2026-07-08
502836,ACC00136,2026-06,150326596.33,0.0075,93954.12,93931.43,2026-06-30,2026-07-08
502837,ACC00137,2026-06,206277625.96,0.006,103138.81,103075.0,2026-06-30,2026-07-02
502838,ACC00138,2026-06,23338594.69,0.0075,14586.62,14573.99,2026-06-30,2026-07-07
502839,ACC00139,2026-06,220521424.98,0.006,110260.71,110236.91,2026-06-30,2026-07-06
502840,ACC00140,2026-06,87264652.84,0.0075,54540.41,54577.25,2026-06-30,2026-07-07
502841,ACC00141,2026-06,158722182.68,0.0075,99201.36,99228.17,2026-06-30,2026-07-03
502842,ACC00142,2026-06,149468310.72,0.0035,43594.92,43553.78,2026-06-30,2026-07-05
502843,ACC00143,2026-06,13620016.07,0.0075,8512.51,8514.5,2026-06-30,2026-07-02
502844,ACC00144,2026-06,149188073.49,0.0045,55945.53,55940.1,2026-06-30,2026-07-03
502845,ACC00145,2026-06,2305495.47,0.0035,672.44,672.14,2026-06-30,2026-07-03
502846,ACC00146,2026-06,210249025.64,0.0035,61322.63,61283.76,2026-06-30,2026-07-07
502847,ACC00147,2026-06,61803629.01,0.0075,38627.27,38651.14,2026-06-30,2026-07-06
502848,ACC00148,2026-06,59641499.2,0.0075,37275.94,37287.67,2026-06-30,2026-07-06
502849,ACC00149,2026-06,88417563.87,0.0035,25788.46,25769.95,2026-06-30,2026-07-02
502850,ACC00150,2026-06,195953117.61,0.0075,122470.7,122495.78,2026-06-30,2026-07-06
502851,ACC00151,2026-06,142110394.42,0.0035,41448.87,41432.47,2026-06-30,2026-07-03
502852,ACC00152,2026-06,243006431.56,0.0075,151879.02,151987.47,2026-06-30,2026-07-05
502853,ACC00153,2026-06,5781090.77,0.0035,1686.15,1687.83,2026-06-30,2026-07-08
502854,ACC00154,2026-06,137663155.7,0.006,68831.58,68770.04,2026-06-30,2026-07-02
502855,ACC00155,2026-06,246345046.8,0.0035,71850.64,71803.36,2026-06-30,2026-07-04
502856,ACC00156,2026-06,162942469.87,0.006,81471.23,81412.43,2026-06-30,2026-07-02
502857,ACC00157,2026-06,193561747.82,0.006,96780.87,96722.09,2026-06-30,2026-07-02
502858,ACC00158,2026-06,50236185.66,0.0045,18838.57,18853.47,2026-06-30,2026-07-08
502859,ACC00159,2026-06,6782114.15,0.0035,1978.12,1978.92,2026-06-30,2026-07-03
502860,ACC00160,2026-06,11143790.98,0.006,5571.9,5577.31,2026-06-30,2026-07-08
502861,ACC00161,2026-06,119235117.55,0.006,59617.56,59647.79,2026-06-30,2026-07-06
502862,ACC00162,2026-06,241750777.3,0.0035,70510.64,70527.62,2026-06-30,2026-07-05
502863,ACC00163,2026-06,231670899.02,0.006,115835.45,115765.83,2026-06-30,2026-07-02
502864,ACC00164,2026-06,138677454.41,0.0075,86673.41,86593.64,2026-06-30,2026-07-02
502865,ACC00165,2026-06,190484456.69,0.0035,55557.97,55536.75,2026-06-30,2026-07-06
502866,ACC00166,2026-06,76766462.8,0.0045,28787.42,28815.45,2026-06-30,2026-07-17
502867,ACC00167,2026-06,247568724.96,0.0045,92838.27,92880.29,2026-06-30,2026-07-06
502868,ACC00168,2026-06,16888772.81,0.0075,10555.48,10552.54,2026-06-30,2026-07-04
502869,ACC00169,2026-06,50803374.2,0.006,25401.69,,2026-06-30,2026-07-08
502870,ACC00170,2026-06,132071024.61,0.0045,49526.63,49548.95,2026-06-30,2026-07-04
502871,ACC00171,2026-06,8474298.22,0.006,4237.15,4236.0,2026-06-30,2026-07-04
502872,ACC00172,2026-06,66230736.6,0.0075,41394.21,41415.7,2026-06-30,2026-07-04
502873,ACC00173,2026-06,183457138.99,0.0075,114660.71,114606.84,2026-06-30,2026-07-07
502874,ACC00174,2026-06,221257076.29,0.0045,82971.4,82944.15,2026-06-30,2026-07-07
502875,ACC00175,2026-06,97864748.46,0.0075,61165.47,61144.52,2026-06-30,2026-07-02
502876,ACC00176,2026-06,221907463.92,0.0045,83215.3,83265.01,2026-06-30,2026-07-02
502877,ACC00177,2026-06,161175585.62,0.006,80587.79,80574.31,2026-06-30,2026-07-03
502878,ACC00178,2026-06,96532389.62,0.006,48266.19,48296.43,2026-06-30,2026-07-03
502879,ACC00179,2026-06,161760593.21,0.006,80880.3,80874.07,2026-06-30,2026-07-04
502880,ACC00180,2026-06,90044543.65,0.0045,33766.7,33797.7,2026-06-30,2026-07-05
502881,ACC00181,2026-06,158095044.9,0.0045,59285.64,59252.47,2026-06-30,2026-07-06
502882,ACC00182,2026-06,73289389.3,0.0035,21376.07,21381.11,2026-06-30,2026-07-03
502883,ACC00183,2026-06,83657311.8,0.0075,52285.82,52257.59,2026-06-30,2026-07-02
502884,ACC00184,2026-06,125752600.75,0.0045,47157.23,47146.34,2026-06-30,2026-07-05
502885,ACC00185,2026-06,94781865.96,0.0075,59238.67,59218.92,2026-06-30,2026-07-07
502886,ACC00186,2026-06,17791227.77,0.0035,5189.11,5190.32,2026-06-30,2026-07-06
502887,ACC00187,2026-06,195387659.99,0.0045,73270.37,73322.95,2026-06-30,2026-07-02
502888,ACC00188,2026-06,189204047.44,0.0035,55184.51,55188.6,2026-06-30,2026-07-16
502889,ACC00189,2026-06,72412455.24,0.0035,21120.3,21110.04,2026-06-30,2026-07-03
502890,ACC00190,2026-06,43384838.06,0.0045,16269.31,16272.74,2026-06-30,2026-07-07
502891,ACC00191,2026-06,228240827.08,0.0045,85590.31,85565.47,2026-06-30,2026-07-04
502892,ACC00192,2026-06,19987088.05,0.0045,7495.16,7500.3,2026-06-30,2026-07-05
502893,ACC00193,2026-06,64355465.15,0.0035,18770.34,18762.78,2026-06-30,2026-07-16
502894,ACC00194,2026-06,88985892.64,0.0075,55616.18,55563.33,2026-06-30,2026-07-03
502895,ACC00195,2026-06,173592018.12,0.0075,108495.01,108413.44,2026-06-30,2026-07-06
502896,ACC00196,2026-06,51240677.31,0.006,25620.34,25631.21,2026-06-30,2026-07-03
502897,ACC00197,2026-06,189176344.34,0.0075,118235.22,118204.88,2026-06-30,2026-07-02
502898,ACC00198,2026-06,144874539.99,0.0045,54327.95,54275.74,2026-06-30,2026-07-04
502899,ACC00199,2026-06,46514178.35,0.0075,29071.36,29088.57,2026-06-30,2026-07-08
502900,ACC00200,2026-06,164891141.95,0.006,82445.57,82429.61,2026-06-30,2026-07-07
502901,ACC00201,2026-06,59932742.53,0.006,29966.37,29957.0,2026-06-30,2026-07-05
502902,ACC00202,2026-06,82794133.74,0.006,41397.07,41398.9,2026-06-30,2026-07-03
502903,ACC00203,2026-06,231041367.06,0.006,115520.68,115498.97,2026-06-30,2026-07-02
502904,ACC00204,2026-06,184920790.82,0.0045,69345.3,69350.33,2026-06-30,2026-07-08
502905,ACC00205,2026-06,81294211.93,0.0045,30485.33,30506.29,2026-06-30,2026-07-08
502906,ACC00206,2026-06,122888239.97,0.0045,46083.09,46094.67,2026-06-30,2026-07-02
502907,ACC00207,2026-06,225590750.79,0.0075,140994.22,140965.54,2026-06-30,2026-07-07
502908,ACC00208,2026-06,40165115.77,0.0045,15061.92,15066.84,2026-06-30,2026-07-02
502909,ACC00209,2026-06,65088828.11,0.006,32544.41,32538.7,2026-06-30,2026-07-03
502910,ACC00210,2026-06,203613150.44,0.006,101806.58,101894.03,2026-06-30,2026-07-04
502911,ACC00211,2026-06,181096019.66,0.0035,52819.67,52869.62,2026-06-30,2026-07-03
502912,ACC00212,2026-06,114517683.21,0.006,57258.84,57247.42,2026-06-30,2026-07-05
502913,ACC00213,2026-06,40521406.21,0.0035,11818.74,11817.51,2026-06-30,2026-07-04
502914,ACC00214,2026-06,130476709.49,0.0045,48928.77,48889.73,2026-06-30,2026-07-05
502915,ACC00215,2026-06,111054786.96,0.0035,32390.98,32365.64,2026-06-30,2026-07-17
502916,ACC00216,2026-06,131333084.61,0.006,65666.54,65674.17,2026-06-30,2026-07-03
502917,ACC00217,2026-06,223391848.45,0.0075,139619.91,139685.86,2026-06-30,2026-07-07
502918,ACC00218,2026-06,162474338.64,0.0035,47388.35,47384.42,2026-06-30,2026-07-08
502919,ACC00219,2026-06,182998798.12,0.0035,53374.65,53357.71,2026-06-30,2026-07-05
502920,ACC00220,2026-06,238157746.37,0.0075,148848.59,148975.4,2026-06-30,2026-07-07
502921,ACC00221,2026-06,128773431.43,0.0075,80483.39,80531.82,2026-06-30,2026-07-02
502922,ACC00222,2026-06,38104484.98,0.0075,23815.3,23829.15,2026-06-30,2026-07-04
502923,ACC00223,2026-06,194157629.42,0.0035,56629.31,56633.56,2026-06-30,2026-07-03
502924,ACC00224,2026-06,200971214.46,0.0075,125607.01,125697.25,2026-06-30,2026-07-08
502925,ACC00225,2026-06,200776050.65,0.006,100388.03,100347.04,2026-06-30,2026-07-08
502926,ACC00226,2026-06,187469042.6,0.0035,54678.47,54698.39,2026-06-30,2026-07-03
502927,ACC00227,2026-06,19313948.8,0.0075,12071.22,12079.3,2026-06-30,2026-07-04
502928,ACC00228,2026-06,87747394.26,0.0035,25592.99,25605.29,2026-06-30,2026-07-07
502929,ACC00229,2026-06,189859634.36,0.0075,118662.27,118651.75,2026-06-30,2026-07-03
502930,ACC00230,2026-06,249840981.3,0.0045,93690.37,93623.02,2026-06-30,2026-07-06
502931,ACC00231,2026-06,210633856.27,0.0035,61434.87,61417.38,2026-06-30,2026-07-05
502932,ACC00232,2026-06,228618449.97,0.0075,142886.53,142870.58,2026-06-30,2026-07-21
502933,ACC00233,2026-06,41676389.51,0.006,20838.19,20824.62,2026-06-30,2026-07-05
502934,ACC00234,2026-06,40271500.33,0.0045,15101.81,15106.97,2026-06-30,2026-07-06
502935,ACC00235,2026-06,34820852.94,0.0035,10156.08,10147.57,2026-06-30,2026-07-08
502936,ACC00236,2026-06,5859673.79,0.0045,2197.38,2198.16,2026-06-30,2026-07-05
502937,ACC00237,2026-06,108089940.01,0.0045,40533.73,40551.45,2026-06-30,2026-07-02
502938,ACC00238,2026-06,237284131.87,0.006,118642.07,118649.72,2026-06-30,2026-07-04
502939,ACC00239,2026-06,119179072.93,0.0035,34760.56,34761.51,2026-06-30,2026-07-03
502940,ACC00240,2026-06,188057699.08,0.0035,54850.16,54821.21,2026-06-30,2026-07-05
502941,ACC00241,2026-06,212594114.05,0.006,106297.06,106388.17,2026-06-30,2026-07-05
502942,ACC00242,2026-06,65158826.83,0.0035,19004.66,19018.72,2026-06-30,2026-07-08
502943,ACC00243,2026-06,111387606.31,0.0035,32488.05,32473.12,2026-06-30,2026-07-04
502944,ACC00244,2026-06,184798230.93,0.006,92399.12,92369.45,2026-06-30,2026-07-07
502945,ACC00245,2026-06,18984228.51,0.0045,7119.09,7121.07,2026-06-30,2026-07-05
502946,ACC00246,2026-06,129818411.36,0.0075,81136.51,81133.65,2026-06-30,2026-07-03
502947,ACC00247,2026-06,223882155.92,0.006,111941.08,112045.07,2026-06-30,2026-07-02
502948,ACC00248,2026-06,196074544.44,0.006,98037.27,98042.43,2026-06-30,2026-07-04
502949,ACC00249,2026-06,203256858.63,0.006,101628.43,101567.02,2026-06-30,2026-07-04
502950,ACC00250,2026-06,140052200.74,0.006,70026.1,70021.88,2026-06-30,2026-07-07
502951,ACC00251,2026-06,58042760.62,0.0035,16929.14,16915.53,2026-06-30,2026-07-06
502952,ACC00252,2026-06,219932221.21,0.006,109966.11,109889.3,2026-06-30,2026-07-07
502953,ACC00253,2026-06,6156781.03,0.0035,1795.73,1797.35,2026-06-30,2026-07-08
502954,ACC00254,2026-06,104508488.48,0.006,52254.24,52209.48,2026-06-30,2026-07-08
502955,ACC00255,2026-06,192858528.99,0.0035,56250.4,56299.9,2026-06-30,2026-07-07
502956,ACC00256,2026-06,218779697.13,0.0035,63810.74,63772.83,2026-06-30,2026-07-04
502957,ACC00257,2026-06,231288718.84,0.0045,86733.27,86688.75,2026-06-30,2026-07-06
502958,ACC00258,2026-06,218420621.25,0.0075,136512.89,136529.66,2026-06-30,2026-07-12
502959,ACC00259,2026-06,74740162.33,0.0045,28027.56,28015.34,2026-06-30,2026-07-07
502960,ACC00260,2026-06,111470228.34,0.0075,69668.89,69700.96,2026-06-30,2026-07-05
502961,ACC00261,2026-06,217504376.77,0.0075,135940.24,135948.11,2026-06-30,2026-07-06
502962,ACC00262,2026-06,64653228.33,0.006,32326.61,32337.69,2026-06-30,2026-07-08
502963,ACC00263,2026-06,98933314.9,0.0045,37099.99,37123.8,2026-06-30,2026-07-07
502964,ACC00264,2026-06,135332809.32,0.0075,84583.01,84535.98,2026-06-30,2026-07-04
502965,ACC00265,2026-06,195704014.15,0.0075,122315.01,122272.06,2026-06-30,2026-07-04
502966,ACC00266,2026-06,35152462.57,0.0075,21970.29,21972.55,2026-06-30,2026-07-04
502967,ACC00267,2026-06,232640352.66,0.0035,67853.44,67835.33,2026-06-30,2026-07-03
502968,ACC00268,2026-06,247769832.39,0.0075,154856.15,154848.93,2026-06-30,2026-07-05
502969,ACC00269,2026-06,141870209.31,0.0075,88668.88,88707.59,2026-06-30,2026-07-06
502970,ACC00270,2026-06,229690315.23,0.0035,66993.01,66982.43,2026-06-30,2026-07-04
502971,ACC00271,2026-06,72814735.19,0.006,36407.37,37978.58,2026-06-30,2026-07-05
502972,ACC00272,2026-06,99982096.9,0.0075,62488.81,62432.05,2026-06-30,2026-07-03
502973,ACC00273,2026-06,161097288.88,0.0075,100685.81,100611.74,2026-06-30,2026-07-06
502974,ACC00274,2026-06,148730277.52,0.006,74365.14,74438.37,2026-06-30,2026-07-19
502975,ACC00275,2026-06,96606087.38,0.0075,60378.8,60355.07,2026-06-30,2026-07-06
502976,ACC00276,2026-06,115769725.56,0.0075,72356.08,72382.26,2026-06-30,2026-07-17
502977,ACC00277,2026-06,168278180.36,0.0045,63104.32,63073.96,2026-06-30,2026-07-08
502978,ACC00278,2026-06,207045436.19,0.0075,129403.4,129475.38,2026-06-30,2026-07-04
502979,ACC00279,2026-06,184538731.56,0.0035,53823.8,53781.7,2026-06-30,2026-07-05
502980,ACC00280,2026-06,13997343.06,0.006,6998.67,6992.88,2026-06-30,2026-07-06
502981,ACC00281,2026-06,143429900.43,0.0045,53786.21,53800.17,2026-06-30,2026-07-08
502982,ACC00282,2026-06,16054587.9,0.006,8027.29,8032.37,2026-06-30,2026-07-04
502983,ACC00283,2026-06,120416745.56,0.0075,75260.47,75279.01,2026-06-30,2026-07-03
502984,ACC00284,2026-06,240357100.32,0.006,120178.55,120283.04,2026-06-30,2026-07-04
502985,ACC00285,2026-06,104128549.32,0.0045,39048.21,39036.44,2026-06-30,2026-07-06
502986,ACC00286,2026-06,197885058.07,0.0075,123678.16,129717.89,2026-06-30,2026-07-08
502987,ACC00287,2026-06,226353842.41,0.006,113176.92,113195.55,2026-06-30,2026-07-18
502988,ACC00288,2026-06,130925393.06,0.0075,81828.37,81801.45,2026-06-30,2026-07-07
502989,ACC00289,2026-06,234458942.37,0.0045,87922.1,87844.08,2026-06-30,2026-07-06
502990,ACC00290,2026-06,207487971.97,0.0035,60517.33,60467.07,2026-06-30,2026-07-03
502991,ACC00291,2026-06,54709650.95,0.0075,34193.53,34195.86,2026-06-30,2026-07-07
502992,ACC00292,2026-06,156703407.92,0.0035,45705.16,45706.93,2026-06-30,2026-07-05
502993,ACC00293,2026-06,157190421.77,0.0035,45847.21,45859.74,2026-06-30,2026-07-06
502994,ACC00294,2026-06,239412135.27,0.0075,149632.58,149484.03,2026-06-30,2026-07-05
502995,ACC00295,2026-06,118603278.73,0.0035,34592.62,34590.32,2026-06-30,2026-07-04
502996,ACC00296,2026-06,239152226.85,0.0075,149470.14,149475.63,2026-06-30,2026-07-03
502997,ACC00297,2026-06,236911446.54,0.0035,69099.17,69105.63,2026-06-30,2026-07-02
502998,ACC00298,2026-06,144635884.29,0.0075,90397.43,90329.52,2026-06-30,2026-07-07
502999,ACC00299,2026-06,179844262.27,0.006,89922.13,89937.22,2026-06-30,2026-07-02
503000,ACC00300,2026-06,55358362.48,0.0035,16146.19,16146.01,2026-06-30,2026-07-02
503001,ACC00001,2026-07,72394862.65,0.0035,21115.17,21133.17,2026-07-31,2026-08-07
503002,ACC00002,2026-07,25539359.3,0.0045,9577.26,9576.54,2026-07-31,2026-08-06
503003,ACC00003,2026-07,130015415.59,0.0035,37921.16,37947.59,2026-07-31,2026-08-05
503004,ACC00004,2026-07,162498783.51,0.0045,60937.04,60966.58,2026-07-31,2026-08-06
503005,ACC00005,2026-07,173848592.65,0.006,86924.3,86967.18,2026-07-31,2026-08-08
503006,ACC00006,2026-07,80524949.12,0.0035,23486.44,23463.89,2026-07-31,2026-08-05
503007,ACC00007,2026-07,111752610.64,0.0075,69845.38,69790.39,2026-07-31,2026-08-02
503008,ACC00008,2026-07,39701084.28,0.0075,24813.18,24809.48,2026-07-31,2026-08-05
503009,ACC00009,2026-07,204447439.55,0.0035,59630.5,59595.49,2026-07-31,2026-08-16
503010,ACC00010,2026-07,238562445.37,0.006,119281.22,119210.91,2026-07-31,2026-08-04
503011,ACC00011,2026-07,151022427.64,0.006,75511.21,75471.96,2026-07-31,2026-08-05
503012,ACC00012,2026-07,71976765.38,0.0035,20993.22,20975.89,2026-07-31,2026-08-05
503013,ACC00013,2026-07,140328786.21,0.0035,40929.23,40924.39,2026-07-31,2026-08-07
503014,ACC00014,2026-07,123878894.46,0.0075,77424.31,78342.29,2026-07-31,2026-08-03
503015,ACC00015,2026-07,149655731.32,0.0035,43649.59,43657.61,2026-07-31,2026-08-03
503016,ACC00016,2026-07,161869492.2,0.0035,47211.94,47247.18,2026-07-31,2026-08-02
503017,ACC00017,2026-07,231589137.79,0.0035,67546.83,67566.02,2026-07-31,2026-08-03
503018,ACC00018,2026-07,150978633.41,0.0045,56616.99,56647.24,2026-07-31,2026-08-06
503019,ACC00019,2026-07,19633108.38,0.0075,12270.69,12260.23,2026-07-31,2026-08-06
503020,ACC00020,2026-07,168732939.75,0.0045,63274.85,63219.4,2026-07-31,2026-08-06
503021,ACC00021,2026-07,88981390.16,0.006,44490.7,44525.0,2026-07-31,2026-08-08
503022,ACC00022,2026-07,198257731.03,0.006,99128.87,99227.21,2026-07-31,2026-08-05
503023,ACC00023,2026-07,162955986.05,0.0075,101847.49,101896.13,2026-07-31,2026-08-03
503024,ACC00024,2026-07,137967115.97,0.006,68983.56,68947.54,2026-07-31,2026-08-05
503025,ACC00025,2026-07,189047928.31,0.006,94523.96,94480.23,2026-07-31,2026-08-04
503026,ACC00026,2026-07,83022524.41,0.0035,24214.9,24193.06,2026-07-31,2026-08-08
503027,ACC00027,2026-07,236242514.97,0.0035,68904.07,68893.25,2026-07-31,2026-08-03
503028,ACC00028,2026-07,83996608.71,0.0035,24499.01,24516.11,2026-07-31,2026-08-02
503029,ACC00029,2026-07,182113262.96,0.006,91056.63,90967.25,2026-07-31,2026-08-02
503030,ACC00030,2026-07,78489600.24,0.0035,22892.8,22881.5,2026-07-31,2026-08-05
503031,ACC00031,2026-07,84627003.32,0.0035,24682.88,24700.05,2026-07-31,2026-08-03
503032,ACC00032,2026-07,61592696.27,0.0075,38495.44,38501.62,2026-07-31,2026-08-06
503033,ACC00033,2026-07,109301987.8,0.0045,40988.25,40997.27,2026-07-31,2026-08-02
503034,ACC00034,2026-07,109306598.5,0.0035,31881.09,33221.5,2026-07-31,2026-08-06
503035,ACC00035,2026-07,14320200.53,0.0075,8950.13,8951.3,2026-07-31,2026-08-07
503036,ACC00036,2026-07,154845309.42,0.0045,58066.99,58038.87,2026-07-31,2026-08-06
503037,ACC00037,2026-07,82749831.41,0.0035,24135.37,24123.7,2026-07-31,2026-08-06
503038,ACC00038,2026-07,39334291.33,0.0035,11472.5,11475.3,2026-07-31,2026-08-05
503039,ACC00039,2026-07,218945138.55,0.0035,63859.0,63808.05,2026-07-31,2026-08-08
503040,ACC00040,2026-07,77444677.56,0.0045,29041.75,29023.14,2026-07-31,2026-08-20
503041,ACC00041,2026-07,124279878.6,0.0045,46604.95,46584.98,2026-07-31,2026-08-05
503042,ACC00042,2026-07,153534928.99,0.006,76767.46,76696.94,2026-07-31,2026-08-03
503043,ACC00043,2026-07,69237561.91,0.0075,43273.48,43270.09,2026-07-31,2026-08-07
503044,ACC00044,2026-07,162660637.67,0.006,81330.32,81298.12,2026-07-31,2026-08-03
503045,ACC00045,2026-07,196996421.95,0.006,98498.21,98593.48,2026-07-31,2026-08-03
503046,ACC00046,2026-07,65357651.78,0.0075,40848.53,40827.03,2026-07-31,2026-08-03
503047,ACC00047,2026-07,13950484.98,0.006,6975.24,6979.47,2026-07-31,2026-08-03
503048,ACC00048,2026-07,116947535.91,0.0045,43855.33,43877.66,2026-07-31,2026-08-06
503049,ACC00049,2026-07,249296582.85,0.0045,93486.22,93556.49,2026-07-31,2026-08-03
503050,ACC00050,2026-07,160222362.42,0.0045,60083.39,60045.83,2026-07-31,2026-08-08
503051,ACC00051,2026-07,15345474.62,0.0035,4475.76,4477.36,2026-07-31,2026-08-06
503052,ACC00052,2026-07,144573020.6,0.0045,54214.88,54231.18,2026-07-31,2026-08-02
503053,ACC00053,2026-07,69485840.23,0.0035,20266.7,20276.34,2026-07-31,2026-08-08
503054,ACC00054,2026-07,83927959.51,0.0035,24478.99,24490.38,2026-07-31,2026-08-04
503055,ACC00055,2026-07,217099866.9,0.006,108549.93,108575.47,2026-07-31,2026-08-08
503056,ACC00056,2026-07,188380551.41,0.0045,70642.71,70572.57,2026-07-31,2026-08-05
503057,ACC00057,2026-07,108588421.67,0.0045,40720.66,40751.34,2026-07-31,2026-08-03
503058,ACC00058,2026-07,22423098.07,0.0035,6540.07,6545.82,2026-07-31,2026-08-07
503059,ACC00059,2026-07,122365812.15,0.0045,45887.18,45861.78,2026-07-31,2026-08-03
503060,ACC00060,2026-07,168656166.63,0.0075,105410.1,105330.03,2026-07-31,2026-08-08
503061,ACC00061,2026-07,74030008.02,0.0075,46268.76,47319.53,2026-07-31,2026-08-06
503062,ACC00062,2026-07,78021305.82,0.0075,48763.32,48778.73,2026-07-31,2026-08-07
503063,ACC00063,2026-07,230877167.82,0.0035,67339.17,67379.97,2026-07-31,2026-08-05
503064,ACC00064,2026-07,19103356.75,0.0035,5571.81,5572.94,2026-07-31,2026-08-02
503065,ACC00065,2026-07,30229667.44,0.0045,11336.13,11346.93,2026-07-31,2026-08-08
503066,ACC00066,2026-07,40819681.31,0.0045,15307.38,15312.59,2026-07-31,2026-08-08
503067,ACC00067,2026-07,155372465.35,0.0075,97107.79,97199.24,2026-07-31,2026-08-07
503068,ACC00068,2026-07,70307258.36,0.0075,43942.04,43907.56,2026-07-31,2026-08-05
503069,ACC00069,2026-07,54194079.76,0.0075,33871.3,33904.74,2026-07-31,2026-08-15
503070,ACC00070,2026-07,177509914.59,0.006,88754.96,88780.74,2026-07-31,2026-08-02
503071,ACC00071,2026-07,36738851.07,0.0045,13777.07,13764.54,2026-07-31,2026-08-02
503072,ACC00072,2026-07,141240183.6,0.0075,88275.11,88349.81,2026-07-31,2026-08-06
503073,ACC00073,2026-07,61717004.23,0.0075,38573.13,38551.39,2026-07-31,2026-08-03
503074,ACC00074,2026-07,97007380.95,0.0035,28293.82,28278.76,2026-07-31,2026-08-05
503075,ACC00075,2026-07,136757998.55,0.0075,85473.75,85485.47,2026-07-31,2026-08-06
503076,ACC00076,2026-07,221724832.17,0.006,110862.42,110972.51,2026-07-31,2026-08-02
503077,ACC00077,2026-07,122695997.29,0.006,61348.0,61379.17,2026-07-31,2026-08-07
503078,ACC00078,2026-07,219633271.45,0.006,109816.64,109744.71,2026-07-31,2026-08-03
503079,ACC00079,2026-07,114174081.53,0.0045,42815.28,42850.16,2026-07-31,2026-08-03
503080,ACC00080,2026-07,184432523.14,0.0075,115270.33,115318.62,2026-07-31,2026-08-06
503081,ACC00081,2026-07,248283088.45,0.0075,155176.93,155278.28,2026-07-31,2026-08-02
503082,ACC00082,2026-07,165218722.86,0.0075,103261.7,103341.08,2026-07-31,2026-08-03
503083,ACC00083,2026-07,174103957.42,0.0035,50780.32,50741.0,2026-07-31,2026-08-02
503084,ACC00084,2026-07,94069353.24,0.0035,27436.89,27451.46,2026-07-31,2026-08-08
503085,ACC00085,2026-07,105633359.36,0.0035,30809.73,30786.98,2026-07-31,2026-08-07
503086,ACC00086,2026-07,106801556.19,0.0045,40050.58,40076.37,2026-07-31,2026-08-03
503087,ACC00087,2026-07,16888880.89,0.0075,10555.55,10548.81,2026-07-31,2026-08-03
503088,ACC00088,2026-07,70372901.08,0.0045,26389.84,26365.4,2026-07-31,2026-08-11
503089,ACC00089,2026-07,73285310.18,0.0045,27481.99,27487.26,2026-07-31,2026-08-04
503090,ACC00090,2026-07,37863620.8,0.0045,14198.86,14197.57,2026-07-31,2026-08-03
503091,ACC00091,2026-07,57382569.64,0.006,28691.28,28687.25,2026-07-31,2026-08-08
503092,ACC00092,2026-07,224537402.13,0.0035,65490.08,65435.33,2026-07-31,2026-08-05
503093,ACC00093,2026-07,219277998.96,0.0045,82229.25,82187.02,2026-07-31,2026-08-02
503094,ACC00094,2026-07,129658147.45,0.0045,48621.81,48660.45,2026-07-31,2026-08-02
503095,ACC00095,2026-07,212752765.32,0.0075,132970.48,133051.42,2026-07-31,2026-08-06
503096,ACC00096,2026-07,50299641.29,0.0035,14670.73,14675.44,2026-07-31,2026-08-06
503097,ACC00097,2026-07,224634289.8,0.0045,84237.86,84211.29,2026-07-31,2026-08-06
503098,ACC00098,2026-07,213159995.51,0.006,106580.0,119862.57,2026-07-31,2026-08-03
503099,ACC00099,2026-07,18538548.41,0.0075,11586.59,11578.65,2026-07-31,2026-08-03
503100,ACC00100,2026-07,177461387.78,0.0035,51759.57,51801.05,2026-07-31,2026-08-04
503101,ACC00101,2026-07,77908698.34,0.006,38954.35,38926.97,2026-07-31,2026-08-07
503102,ACC00102,2026-07,129083650.45,0.0045,48406.37,48437.48,2026-07-31,2026-08-16
503103,ACC00103,2026-07,159476000.44,0.0045,59803.5,59748.06,2026-07-31,2026-08-08
503104,ACC00104,2026-07,219752437.56,0.0075,137345.27,137373.19,2026-07-31,2026-08-02
503105,ACC00105,2026-07,39184526.0,0.006,19592.26,19573.95,2026-07-31,2026-08-08
503106,ACC00106,2026-07,7788464.63,0.0045,2920.67,3309.48,2026-07-31,2026-08-05
503107,ACC00107,2026-07,163630782.86,0.006,81815.39,81780.92,2026-07-31,2026-08-06
503108,ACC00108,2026-07,244894821.4,0.0035,71427.66,71411.16,2026-07-31,2026-08-05
503109,ACC00109,2026-07,116904076.89,0.0045,43839.03,43868.11,2026-07-31,2026-08-03
503110,ACC00110,2026-07,67409984.13,0.0075,42131.24,42144.89,2026-07-31,2026-08-03
503111,ACC00111,2026-07,169261645.19,0.006,84630.82,84682.42,2026-07-31,2026-08-05
503112,ACC00112,2026-07,183548969.71,0.0045,68830.86,68833.31,2026-07-31,2026-08-05
503113,ACC00113,2026-07,120724852.13,0.0075,75453.03,75450.85,2026-07-31,2026-08-07
503114,ACC00114,2026-07,93479263.59,0.0045,35054.72,35082.96,2026-07-31,2026-08-07
503115,ACC00115,2026-07,145579488.26,0.0045,54592.31,54560.1,2026-07-31,2026-08-07
503116,ACC00116,2026-07,92666729.3,0.006,46333.36,46318.07,2026-07-31,2026-08-02
503117,ACC00117,2026-07,113142431.53,0.0075,70714.02,70778.85,2026-07-31,2026-08-06
503118,ACC00118,2026-07,210201650.97,0.0045,78825.62,78844.73,2026-07-31,2026-08-04
503119,ACC00119,2026-07,52395785.0,0.0045,19648.42,19665.52,2026-07-31,2026-08-03
503120,ACC00120,2026-07,34060348.05,0.0035,9934.27,9940.69,2026-07-31,2026-08-08
503121,ACC00121,2026-07,154800620.72,0.0045,58050.23,58071.6,2026-07-31,2026-08-03
503122,ACC00122,2026-07,216182390.33,0.0045,81068.4,81062.6,2026-07-31,2026-08-08
503123,ACC00123,2026-07,175218304.07,0.006,87609.15,87671.48,2026-07-31,2026-08-18
503124,ACC00124,2026-07,209373725.71,0.006,104686.86,104774.21,2026-07-31,2026-08-20
503125,ACC00125,2026-07,73650040.09,0.0045,27618.77,27612.38,2026-07-31,2026-08-02
503126,ACC00126,2026-07,152902604.37,0.0035,44596.59,44605.27,2026-07-31,2026-08-03
503127,ACC00127,2026-07,238017064.15,0.0045,89256.4,89313.48,2026-07-31,2026-08-03
503128,ACC00128,2026-07,234579012.0,0.0035,68418.88,68375.97,2026-07-31,2026-08-07
503129,ACC00129,2026-07,235911630.89,0.0075,147444.77,147476.62,2026-07-31,2026-08-02
503130,ACC00130,2026-07,195072501.98,0.0035,56896.15,56863.83,2026-07-31,2026-08-02
503131,ACC00131,2026-07,54866995.22,0.0035,16002.87,17937.28,2026-07-31,2026-08-02
503132,ACC00132,2026-07,24605768.18,0.0045,9227.16,9219.47,2026-07-31,2026-08-12
503133,ACC00133,2026-07,89993722.98,0.006,44996.86,44993.36,2026-07-31,2026-08-03
503134,ACC00134,2026-07,82626858.53,0.0045,30985.07,30993.18,2026-07-31,2026-08-06
503135,ACC00135,2026-07,18088951.04,0.0045,6783.36,6784.98,2026-07-31,2026-08-04
503136,ACC00136,2026-07,28264127.69,0.0045,10599.05,10604.2,2026-07-31,2026-08-13
503137,ACC00137,2026-07,55856689.99,0.0045,20946.26,20960.03,2026-07-31,2026-08-06
503138,ACC00138,2026-07,238952869.63,0.006,119476.43,119584.14,2026-07-31,2026-08-02
503139,ACC00139,2026-07,19182293.59,0.0035,5594.84,5598.02,2026-07-31,2026-08-03
503140,ACC00140,2026-07,175375294.43,0.0035,51151.13,51125.36,2026-07-31,2026-08-03
503141,ACC00141,2026-07,245921023.78,0.0045,92220.38,92179.18,2026-07-31,2026-08-06
503142,ACC00142,2026-07,197002014.24,0.0075,123126.26,123082.71,2026-07-31,2026-08-04
503143,ACC00143,2026-07,192491710.59,0.0075,120307.32,120344.64,2026-07-31,2026-08-08
503144,ACC00144,2026-07,88600844.41,0.006,44300.42,44270.66,2026-07-31,2026-08-07
503145,ACC00145,2026-07,97790955.35,0.0035,28522.36,28530.56,2026-07-31,2026-08-03
503146,ACC00146,2026-07,190531526.87,0.006,95265.76,95276.57,2026-07-31,2026-08-16
503147,ACC00147,2026-07,74510063.67,0.006,37255.03,37262.03,2026-07-31,2026-08-16
503148,ACC00148,2026-07,242939210.95,0.006,121469.61,121468.69,2026-07-31,2026-08-08
503149,ACC00149,2026-07,21610797.76,0.0075,13506.75,13500.32,2026-07-31,2026-08-06
503150,ACC00150,2026-07,118017840.26,0.006,59008.92,59047.76,2026-07-31,2026-08-07
503151,ACC00151,2026-07,182301271.93,0.0045,68362.98,68313.54,2026-07-31,2026-08-08
503152,ACC00152,2026-07,49041764.59,0.0045,18390.66,18395.35,2026-07-31,2026-08-07
503153,ACC00153,2026-07,115413296.02,0.006,57706.65,57745.84,2026-07-31,2026-08-07
503154,ACC00154,2026-07,87166376.66,0.0045,32687.39,32676.18,2026-07-31,2026-08-04
503155,ACC00155,2026-07,110488424.1,0.0035,32225.79,32229.23,2026-07-31,2026-08-04
503156,ACC00156,2026-07,249702574.52,0.0075,156064.11,156159.2,2026-07-31,2026-08-07
503157,ACC00157,2026-07,187875212.6,0.0035,54796.94,54773.76,2026-07-31,2026-08-06
503158,ACC00158,2026-07,176995158.46,0.0045,66373.18,66410.1,2026-07-31,2026-08-02
503159,ACC00159,2026-07,74948732.32,0.006,37474.37,37509.25,2026-07-31,2026-08-04
503160,ACC00160,2026-07,248086972.72,0.006,124043.49,124051.71,2026-07-31,2026-08-08
503161,ACC00161,2026-07,79890334.1,0.0045,29958.88,29938.41,2026-07-31,2026-08-07
503162,ACC00162,2026-07,137736407.54,0.0035,40173.12,40203.78,2026-07-31,2026-08-02
503163,ACC00163,2026-07,143754588.79,0.0045,53907.97,53956.45,2026-07-31,2026-08-03
503164,ACC00164,2026-07,203436152.5,0.0045,76288.56,76290.42,2026-07-31,2026-08-07
503165,ACC00165,2026-07,3024179.18,0.006,1512.09,1510.68,2026-07-31,2026-08-06
503166,ACC00166,2026-07,229756159.83,0.0045,86158.56,86161.24,2026-07-31,2026-08-07
503167,ACC00167,2026-07,244514971.14,0.0035,71316.87,71310.56,2026-07-31,2026-08-04
503168,ACC00168,2026-07,196909758.08,0.0075,123068.6,123043.68,2026-07-31,2026-08-08
503169,ACC00169,2026-07,12201498.32,0.006,6100.75,6105.58,2026-07-31,2026-08-04
503170,ACC00170,2026-07,229763534.3,0.0035,67014.36,67000.39,2026-07-31,2026-08-05
503171,ACC00171,2026-07,89971541.91,0.006,44985.77,45000.5,2026-07-31,2026-08-06
503172,ACC00172,2026-07,226550737.32,0.0045,84956.53,84968.04,2026-07-31,2026-08-05
503173,ACC00173,2026-07,100832190.33,0.0045,37812.07,37831.74,2026-07-31,2026-08-03
503174,ACC00174,2026-07,16204935.0,0.0045,6076.85,6073.08,2026-07-31,2026-08-07
503175,ACC00175,2026-07,168403250.27,0.0045,63151.22,63165.01,2026-07-31,2026-08-08
503176,ACC00176,2026-07,135447295.1,0.006,67723.65,67725.05,2026-07-31,2026-08-06
503177,ACC00177,2026-07,121718134.11,0.006,60859.07,60897.27,2026-07-31,2026-08-08
503178,ACC00178,2026-07,12934363.16,0.0035,3772.52,3770.71,2026-07-31,2026-08-06
503179,ACC00179,2026-07,13100833.91,0.0035,3821.08,3823.59,2026-07-31,2026-08-21
503180,ACC00180,2026-07,171313095.25,0.0075,107070.68,107126.21,2026-07-31,2026-08-02
503181,ACC00181,2026-07,133229416.44,0.0035,38858.58,38840.47,2026-07-31,2026-08-03
503182,ACC00182,2026-07,157643498.76,0.0075,98527.19,98460.64,2026-07-31,2026-08-06
503183,ACC00183,2026-07,127677138.44,0.0075,79798.21,79775.41,2026-07-31,2026-08-08
503184,ACC00184,2026-07,8592181.52,0.0035,2506.05,2505.38,2026-07-31,2026-08-02
503185,ACC00185,2026-07,150731667.89,0.0035,43963.4,43967.74,2026-07-31,2026-08-08
503186,ACC00186,2026-07,35117138.1,0.0035,10242.5,10233.61,2026-07-31,2026-08-04
503187,ACC00187,2026-07,75010601.56,0.0045,28128.98,28119.13,2026-07-31,2026-08-03
503188,ACC00188,2026-07,127178222.91,0.0035,37093.65,37108.47,2026-07-31,2026-08-05
503189,ACC00189,2026-07,95440993.1,0.006,47720.5,47760.53,2026-07-31,2026-08-03
503190,ACC00190,2026-07,6922844.73,0.006,3461.42,3460.02,2026-07-31,2026-08-03
503191,ACC00191,2026-07,160754478.34,0.0045,60282.93,60243.09,2026-07-31,2026-08-06
503192,ACC00192,2026-07,90035619.36,0.006,45017.81,45061.29,2026-07-31,2026-08-08
503193,ACC00193,2026-07,52555724.98,0.006,26277.86,26295.03,2026-07-31,2026-08-08
503194,ACC00194,2026-07,112829403.92,0.0075,70518.38,70511.64,2026-07-31,2026-08-08
503195,ACC00195,2026-07,149439345.21,0.0075,93399.59,93315.43,2026-07-31,2026-08-07
503196,ACC00196,2026-07,105432662.57,0.0035,30751.19,30779.3,2026-07-31,2026-08-02
503197,ACC00197,2026-07,157996151.1,0.0035,46082.21,46065.98,2026-07-31,2026-08-04
503198,ACC00198,2026-07,41256577.04,0.006,20628.29,20624.49,2026-07-31,2026-08-04
503199,ACC00199,2026-07,179972221.34,0.0075,112482.64,112551.0,2026-07-31,2026-08-04
503200,ACC00200,2026-07,12162370.81,0.0045,4560.89,4565.09,2026-07-31,2026-08-05
503201,ACC00201,2026-07,47916962.6,0.0045,17968.86,17951.63,2026-07-31,2026-08-05
503202,ACC00202,2026-07,133675193.74,0.0035,38988.6,38965.49,2026-07-31,2026-08-07
503203,ACC00203,2026-07,206469219.03,0.006,103234.61,103270.95,2026-07-31,2026-08-02
503204,ACC00204,2026-07,16088528.45,0.0035,4692.49,4690.46,2026-07-31,2026-08-07
503205,ACC00205,2026-07,124622835.19,0.0075,77889.27,77959.14,2026-07-31,2026-08-05
503206,ACC00206,2026-07,246629839.33,0.0075,154143.65,154295.57,2026-07-31,2026-08-07
503207,ACC00207,2026-07,150152191.59,0.0075,93845.12,93829.71,2026-07-31,2026-08-04
503208,ACC00208,2026-07,130939062.51,0.0045,49102.15,49094.47,2026-07-31,2026-08-08
503209,ACC00209,2026-07,59298516.21,0.0035,17295.4,17300.13,2026-07-31,2026-08-07
503210,ACC00210,2026-07,61350100.18,0.0045,23006.29,22995.7,2026-07-31,2026-08-05
503211,ACC00211,2026-07,136609074.25,0.0035,39844.31,39829.5,2026-07-31,2026-08-07
503212,ACC00212,2026-07,110016478.66,0.0045,41256.18,41276.58,2026-07-31,2026-08-05
503213,ACC00213,2026-07,130186970.09,0.006,65093.49,65063.11,2026-07-31,2026-08-07
503214,ACC00214,2026-07,61275749.14,0.006,30637.87,30628.37,2026-07-31,2026-08-06
503215,ACC00215,2026-07,24113782.77,0.0045,9042.67,9035.02,2026-07-31,2026-08-07
503216,ACC00216,2026-07,212936386.22,0.0035,62106.45,62117.21,2026-07-31,2026-08-05
503217,ACC00217,2026-07,10032430.36,0.006,5016.22,5020.92,2026-07-31,2026-08-07
503218,ACC00218,2026-07,181226930.24,0.006,90613.47,90687.1,2026-07-31,2026-08-08
503219,ACC00219,2026-07,62061981.92,0.0035,18101.41,18115.81,2026-07-31,2026-08-07
503220,ACC00220,2026-07,142261229.9,0.0045,53347.96,53326.42,2026-07-31,2026-08-07
503221,ACC00221,2026-07,187425097.41,0.0045,70284.41,70263.92,2026-07-31,2026-08-06
503222,ACC00222,2026-07,19506926.53,0.0035,5689.52,5684.94,2026-07-31,2026-08-07
503223,ACC00223,2026-07,241509987.74,0.0035,70440.41,74126.43,2026-07-31,2026-08-07
503224,ACC00224,2026-07,43289166.77,0.0075,27055.73,27081.73,2026-07-31,2026-08-03
503225,ACC00225,2026-07,109890201.77,0.006,54945.1,54933.31,2026-07-31,2026-08-05
503226,ACC00226,2026-07,35326336.83,0.0045,13247.38,13250.48,2026-07-31,2026-08-17
503227,ACC00227,2026-07,125561573.3,0.0045,47085.59,47124.4,2026-07-31,2026-08-03
503228,ACC00228,2026-07,94387285.19,0.0035,27529.62,27554.73,2026-07-31,2026-08-06
503229,ACC00229,2026-07,114362940.05,0.006,57181.47,57192.27,2026-07-31,2026-08-04
503230,ACC00230,2026-07,243424797.77,0.0045,91284.3,91242.42,2026-07-31,2026-08-08
503231,ACC00231,2026-07,53877603.65,0.006,26938.8,26940.44,2026-07-31,2026-08-03
503232,ACC00232,2026-07,60075298.1,0.0045,22528.24,22538.3,2026-07-31,2026-08-05
503233,ACC00233,2026-07,14730504.15,0.0075,9206.57,9205.89,2026-07-31,2026-08-08
503234,ACC00234,2026-07,64965086.31,0.0075,40603.18,40585.73,2026-07-31,2026-08-07
503235,ACC00235,2026-07,98277523.43,0.0045,36854.07,36851.94,2026-07-31,2026-08-07
503236,ACC00236,2026-07,249728313.2,0.0035,72837.42,72857.44,2026-07-31,2026-08-03
503237,ACC00237,2026-07,42858048.48,0.0075,26786.28,26786.92,2026-07-31,2026-08-03
503238,ACC00238,2026-07,45786447.47,0.0075,28616.53,28630.52,2026-07-31,2026-08-05
503239,ACC00239,2026-07,24324138.27,0.0075,15202.59,15194.89,2026-07-31,2026-08-02
503240,ACC00240,2026-07,197367821.98,0.0035,57565.61,57609.73,2026-07-31,2026-08-08
503241,ACC00241,2026-07,30163101.41,0.0035,8797.57,8802.7,2026-07-31,2026-08-06
503242,ACC00242,2026-07,159916881.03,0.0075,99948.05,99932.8,2026-07-31,2026-08-06
503243,ACC00243,2026-07,242004340.58,0.0045,90751.63,90832.63,2026-07-31,2026-08-06
503244,ACC00244,2026-07,35947002.07,0.006,17973.5,17989.18,2026-07-31,2026-08-07
503245,ACC00245,2026-07,85934968.22,0.0035,25064.37,25074.29,2026-07-31,2026-08-12
503246,ACC00246,2026-07,210545985.87,0.0035,61409.25,61353.25,2026-07-31,2026-08-02
503247,ACC00247,2026-07,6382421.73,0.006,3191.21,3188.97,2026-07-31,2026-08-08
503248,ACC00248,2026-07,108147952.81,0.0045,40555.48,40568.95,2026-07-31,2026-08-08
503249,ACC00249,2026-07,154189044.66,0.0075,96368.15,96368.0,2026-07-31,2026-08-03
503250,ACC00250,2026-07,11397554.28,0.006,5698.78,5698.67,2026-07-31,2026-08-04
503251,ACC00251,2026-07,154032306.83,0.0045,57762.12,57797.26,2026-07-31,2026-08-03
503252,ACC00252,2026-07,127127579.99,0.006,63563.79,63612.82,2026-07-31,2026-08-07
503253,ACC00253,2026-07,72136402.74,0.0045,27051.15,27054.19,2026-07-31,2026-08-05
503254,ACC00254,2026-07,25785499.82,0.0035,7520.77,7518.66,2026-07-31,2026-08-05
503255,ACC00255,2026-07,230738285.62,0.0075,144211.43,144076.59,2026-07-31,2026-08-04
503256,ACC00256,2026-07,160156140.82,0.0075,100097.59,100180.12,2026-07-31,2026-08-05
503257,ACC00257,2026-07,135980364.27,0.0075,84987.73,84973.4,2026-07-31,2026-08-08
503258,ACC00258,2026-07,84575711.4,0.0035,24667.92,24679.02,2026-07-31,2026-08-08
503259,ACC00259,2026-07,119205120.49,0.0075,74503.2,74550.18,2026-07-31,2026-08-05
503260,ACC00260,2026-07,31030636.96,0.006,15515.32,15508.54,2026-07-31,2026-08-08
503261,ACC00261,2026-07,223613316.53,0.0035,65220.55,65185.96,2026-07-31,2026-08-19
503262,ACC00262,2026-07,90922266.71,0.0035,26518.99,26531.59,2026-07-31,2026-08-02
503263,ACC00263,2026-07,144254086.55,0.0035,42074.11,42052.99,2026-07-31,2026-08-03
503264,ACC00264,2026-07,42970735.24,0.0035,12533.13,12540.3,2026-07-31,2026-08-21
503265,ACC00265,2026-07,174180730.85,0.0045,65317.77,65323.11,2026-07-31,2026-08-04
503266,ACC00266,2026-07,34467824.23,0.0075,21542.39,21553.64,2026-07-31,2026-08-15
503267,ACC00267,2026-07,182536743.54,0.0075,114085.46,128187.13,2026-07-31,2026-08-04
503268,ACC00268,2026-07,147847914.15,0.0075,92404.95,92323.21,2026-07-31,2026-08-03
503269,ACC00269,2026-07,32698011.23,0.0075,20436.26,20452.58,2026-07-31,2026-08-05
503270,ACC00270,2026-07,28594148.09,0.0035,8339.96,8343.75,2026-07-31,2026-08-04
503271,ACC00271,2026-07,3984572.86,0.0075,2490.36,2489.45,2026-07-31,2026-08-03
503272,ACC00272,2026-07,11887203.52,0.0045,4457.7,4455.66,2026-07-31,2026-08-06
503273,ACC00273,2026-07,54651322.15,0.0035,15939.97,15946.2,2026-07-31,2026-08-08
503274,ACC00274,2026-07,28277017.59,0.0075,17673.14,17687.54,2026-07-31,2026-08-07
503275,ACC00275,2026-07,183037954.66,0.0075,114398.72,114336.84,2026-07-31,2026-08-08
503276,ACC00276,2026-07,136386112.43,0.0035,39779.28,39760.2,2026-07-31,2026-08-04
503277,ACC00277,2026-07,166769005.28,0.0075,104230.63,104301.63,2026-07-31,2026-08-05
503278,ACC00278,2026-07,245552793.36,0.006,122776.4,136655.59,2026-07-31,2026-08-03
503279,ACC00279,2026-07,57108729.1,0.0045,21415.77,21396.53,2026-07-31,2026-08-06
503280,ACC00280,2026-07,164902695.26,0.0075,103064.18,103139.28,2026-07-31,2026-08-08
503281,ACC00281,2026-07,6410036.28,0.0045,2403.76,2405.93,2026-07-31,2026-08-12
503282,ACC00282,2026-07,204001786.0,0.006,102000.89,102060.13,2026-07-31,2026-08-06
503283,ACC00283,2026-07,113232399.21,0.006,56616.2,56630.23,2026-07-31,2026-08-05
503284,ACC00284,2026-07,103732842.88,0.0075,64833.03,64859.51,2026-07-31,2026-08-06
503285,ACC00285,2026-07,10551023.83,0.0045,3956.63,3959.81,2026-07-31,2026-08-13
503286,ACC00286,2026-07,154831642.83,0.0075,96769.78,96849.7,2026-07-31,2026-08-05
503287,ACC00287,2026-07,73137333.73,0.0035,21331.72,21346.21,2026-07-31,2026-08-13
503288,ACC00288,2026-07,211730601.47,0.0075,132331.63,132330.16,2026-07-31,2026-08-08
503289,ACC00289,2026-07,170941449.78,0.0035,49857.92,49828.54,2026-07-31,2026-08-07
503290,ACC00290,2026-07,116775259.68,0.0075,72984.54,73047.03,2026-07-31,2026-08-04
503291,ACC00291,2026-07,14744051.55,0.0035,4300.35,4297.97,2026-07-31,2026-08-18
503292,ACC00292,2026-07,120650552.31,0.0075,75406.6,85140.95,2026-07-31,2026-08-08
503293,ACC00293,2026-07,23386929.53,0.0035,6821.19,6815.34,2026-07-31,2026-08-06
503294,ACC00294,2026-07,238511840.17,0.006,119255.92,128069.04,2026-07-31,2026-08-07
503295,ACC00295,2026-07,233941084.98,0.0075,146213.18,146308.05,2026-07-31,2026-08-06
503296,ACC00296,2026-07,99242056.37,0.0045,37215.77,37228.23,2026-07-31,2026-08-07
503297,ACC00297,2026-07,8951978.92,0.0035,2610.99,2609.97,2026-07-31,2026-08-06
503298,ACC00298,2026-07,208751426.07,0.006,104375.71,104452.12,2026-07-31,2026-08-02
503299,ACC00299,2026-07,116937055.42,0.0045,43851.4,43822.3,2026-07-31,2026-08-08
503300,ACC00300,2026-07,137587383.01,0.0045,51595.27,51550.35,2026-07-31,2026-08-02
503301,ACC00001,2026-08,227823380.19,0.0035,66448.49,66415.91,2026-08-31,2026-09-08
503302,ACC00002,2026-08,44578236.61,0.0045,16716.84,16710.14,2026-08-31,2026-09-05
503303,ACC00003,2026-08,142778326.09,0.0075,89236.45,89183.6,2026-08-31,2026-09-07
503304,ACC00004,2026-08,67454313.58,0.0045,25295.37,25290.32,2026-08-31,2026-09-08
503305,ACC00005,2026-08,49627803.34,0.006,24813.9,24832.45,2026-08-31,2026-09-02
503306,ACC00006,2026-08,133379387.84,0.006,66689.69,66666.41,2026-08-31,2026-09-04
503307,ACC00007,2026-08,124837325.99,0.0045,46814.0,46842.99,2026-08-31,2026-09-04
503308,ACC00008,2026-08,243264601.01,0.0035,70952.18,70934.69,2026-08-31,2026-09-17
503309,ACC00009,2026-08,136249164.87,0.006,68124.58,68061.05,2026-08-31,2026-09-02
503310,ACC00010,2026-08,180516300.61,0.0075,112822.69,112813.92,2026-08-31,2026-09-08
503311,ACC00011,2026-08,117531502.37,0.0045,44074.31,44087.56,2026-08-31,2026-09-07
503312,ACC00012,2026-08,158510435.51,0.006,79255.22,79191.8,2026-08-31,2026-09-05
503313,ACC00013,2026-08,246069441.92,0.0045,92276.04,92324.49,2026-08-31,2026-09-03
503314,ACC00014,2026-08,220653205.88,0.0045,82744.95,82762.36,2026-08-31,2026-09-03
503315,ACC00015,2026-08,51775164.44,0.0035,15101.09,15104.73,2026-08-31,2026-09-07
503316,ACC00016,2026-08,178259448.52,0.0035,51992.34,51998.95,2026-08-31,2026-09-07
503317,ACC00017,2026-08,211615078.92,0.0035,61721.06,61752.4,2026-08-31,2026-09-03
503318,ACC00018,2026-08,77650248.49,0.0075,48531.41,48484.26,2026-08-31,2026-09-08
503319,ACC00019,2026-08,67519959.25,0.006,33759.98,33757.21,2026-08-31,2026-09-06
503320,ACC00020,2026-08,171811941.46,0.006,85905.97,85846.63,2026-08-31,2026-09-04
503321,ACC00021,2026-08,204426061.22,0.0035,59624.27,59569.02,2026-08-31,2026-09-02
503322,ACC00022,2026-08,175398336.57,0.0035,51157.85,51150.98,2026-08-31,2026-09-21
503323,ACC00023,2026-08,110064321.12,0.006,55032.16,55023.65,2026-08-31,2026-09-05
503324,ACC00024,2026-08,239031889.56,0.0045,89636.96,89599.49,2026-08-31,2026-09-07
503325,ACC00025,2026-08,4930643.68,0.0035,1438.1,1438.64,2026-08-31,2026-09-02
503326,ACC00026,2026-08,153991811.55,0.0075,96244.88,96221.61,2026-08-31,2026-09-08
503327,ACC00027,2026-08,109756971.68,0.0075,68598.11,68630.06,2026-08-31,2026-09-08
503328,ACC00028,2026-08,164765576.42,0.006,82382.79,82387.4,2026-08-31,2026-09-04
503329,ACC00029,2026-08,100216092.34,0.0035,29229.69,29223.24,2026-08-31,2026-09-07
503330,ACC00030,2026-08,89151301.67,0.0035,26002.46,26014.25,2026-08-31,2026-09-02
503331,ACC00031,2026-08,125499361.31,0.0035,36603.98,36585.0,2026-08-31,2026-09-02
503332,ACC00032,2026-08,122517845.5,0.0075,76573.65,76611.97,2026-08-31,2026-09-03
503333,ACC00033,2026-08,50450641.76,0.0035,14714.77,14716.49,2026-08-31,2026-09-05
503334,ACC00034,2026-08,49044823.38,0.0035,14304.74,14302.08,2026-08-31,2026-09-03
503335,ACC00035,2026-08,230262791.2,0.0075,143914.24,143977.38,2026-08-31,2026-09-02
503336,ACC00036,2026-08,73230961.96,0.0075,45769.35,45782.08,2026-08-31,2026-09-04
503337,ACC00037,2026-08,176191062.25,0.0045,66071.65,66086.79,2026-08-31,2026-09-06
503338,ACC00038,2026-08,98351043.7,0.0045,36881.64,36885.87,2026-08-31,2026-09-08
503339,ACC00039,2026-08,2279520.18,0.0075,1424.7,1424.88,2026-08-31,2026-09-02
503340,ACC00040,2026-08,188207892.78,0.0035,54893.97,54909.7,2026-08-31,2026-09-08
503341,ACC00041,2026-08,67288115.39,0.006,33644.06,33618.89,2026-08-31,2026-09-06
503342,ACC00042,2026-08,145524428.51,0.0075,90952.77,90872.96,2026-08-31,2026-09-05
503343,ACC00043,2026-08,28454096.69,0.0045,10670.29,10674.13,2026-08-31,2026-09-05
503344,ACC00044,2026-08,234462100.98,0.0035,68384.78,68346.75,2026-08-31,2026-09-04
503345,ACC00045,2026-08,43388005.36,0.0035,12654.83,12656.71,2026-08-31,2026-09-02
503346,ACC00046,2026-08,64018219.36,0.0075,40011.39,40035.95,2026-08-31,2026-09-05
503347,ACC00047,2026-08,194986180.85,0.006,97493.09,97549.98,2026-08-31,2026-09-02
503348,ACC00048,2026-08,181232894.78,0.006,90616.45,90696.3,2026-08-31,2026-09-08
503349,ACC00049,2026-08,87579116.68,0.0075,54736.95,54718.02,2026-08-31,2026-09-08
503350,ACC00050,2026-08,176883973.43,0.0045,66331.49,66311.13,2026-08-31,2026-09-02
503351,ACC00051,2026-08,149134985.28,0.0075,93209.37,93136.83,2026-08-31,2026-09-07
503352,ACC00052,2026-08,96532960.41,0.006,48266.48,48268.77,2026-08-31,2026-09-06
503353,ACC00053,2026-08,245599288.95,0.0075,153499.56,153526.12,2026-08-31,2026-09-05
503354,ACC00054,2026-08,177429738.46,0.006,88714.87,88639.65,2026-08-31,2026-09-03
503355,ACC00055,2026-08,242992447.26,0.006,121496.22,121400.16,2026-08-31,2026-09-08
503356,ACC00056,2026-08,97627544.3,0.0045,36610.33,36628.84,2026-08-31,2026-09-07
503357,ACC00057,2026-08,157548007.14,0.0045,59080.5,59138.92,2026-08-31,2026-09-07
503358,ACC00058,2026-08,31855571.96,0.006,15927.79,15915.92,2026-08-31,2026-09-08
503359,ACC00059,2026-08,12073504.71,0.0045,4527.56,4527.31,2026-08-31,2026-09-06
503360,ACC00060,2026-08,228386098.54,0.0045,85644.79,85649.11,2026-08-31,2026-09-08
503361,ACC00061,2026-08,178136074.39,0.0035,51956.36,51961.88,2026-08-31,2026-09-04
503362,ACC00062,2026-08,98030377.19,0.0045,36761.39,36751.77,2026-08-31,2026-09-02
503363,ACC00063,2026-08,166374878.17,0.0035,48526.01,48524.98,2026-08-31,2026-09-05
503364,ACC00064,2026-08,111178381.01,0.0075,69486.49,69525.66,2026-08-31,2026-09-05
503365,ACC00065,2026-08,139661208.35,0.0035,40734.52,40763.09,2026-08-31,2026-09-05
503366,ACC00066,2026-08,134266590.02,0.0075,83916.62,83886.86,2026-08-31,2026-09-02
503367,ACC00067,2026-08,212826893.76,0.006,106413.45,106458.23,2026-08-31,2026-09-07
503368,ACC00068,2026-08,28728742.52,0.0035,8379.22,8378.41,2026-08-31,2026-09-03
503369,ACC00069,2026-08,17842942.0,0.006,8921.47,8926.54,2026-08-31,2026-09-02
503370,ACC00070,2026-08,13827868.79,0.0035,4033.13,4035.67,2026-08-31,2026-09-06
503371,ACC00071,2026-08,133220373.85,0.006,66610.19,66605.5,2026-08-31,2026-09-06
503372,ACC00072,2026-08,210608486.15,0.006,105304.24,105333.69,2026-08-31,2026-09-03
503373,ACC00073,2026-08,54566328.48,0.0045,20462.37,20475.95,2026-08-31,2026-09-07
503374,ACC00074,2026-08,185306433.0,0.0045,69489.91,69420.98,2026-08-31,2026-09-05
503375,ACC00075,2026-08,187966216.58,0.0075,117478.89,117470.71,2026-08-31,2026-09-05
503376,ACC00076,2026-08,69121014.38,0.006,34560.51,34578.37,2026-08-31,2026-09-03
503377,ACC00077,2026-08,233026994.58,0.0075,145641.87,145752.55,2026-08-31,2026-09-03
503378,ACC00078,2026-08,34477770.96,0.006,17238.89,17231.15,2026-08-31,2026-09-05
503379,ACC00079,2026-08,2028238.21,0.0035,591.57,591.54,2026-08-31,2026-09-05
503380,ACC00080,2026-08,79823826.82,0.0045,29933.94,29962.21,2026-08-31,2026-09-02
503381,ACC00081,2026-08,153410932.04,0.0035,44744.86,44705.77,2026-08-31,2026-09-07
503382,ACC00082,2026-08,33435894.47,0.0075,20897.43,20892.39,2026-08-31,2026-09-06
503383,ACC00083,2026-08,54764062.87,0.0045,20536.52,20527.51,2026-08-31,2026-09-06
503384,ACC00084,2026-08,33488199.4,0.0075,20930.12,20950.69,2026-08-31,2026-09-08
503385,ACC00085,2026-08,52728716.1,0.006,26364.36,26348.3,2026-08-31,2026-09-07
503386,ACC00086,2026-08,34864156.33,0.0045,13074.06,13084.87,2026-08-31,2026-09-08
503387,ACC00087,2026-08,89761131.4,0.0045,33660.42,33666.8,2026-08-31,2026-09-06
503388,ACC00088,2026-08,100680792.11,0.0075,62925.5,66262.11,2026-08-31,2026-09-08
503389,ACC00089,2026-08,151669213.43,0.0075,94793.26,94705.04,2026-08-31,2026-09-07
503390,ACC00090,2026-08,216551357.77,0.0075,135344.6,135277.73,2026-08-31,2026-09-03
503391,ACC00091,2026-08,201484720.15,0.0045,75556.77,75519.73,2026-08-31,2026-09-04
503392,ACC00092,2026-08,172842628.13,0.0035,50412.43,50374.67,2026-08-31,2026-09-07
503393,ACC00093,2026-08,139461423.12,0.0045,52298.03,52301.54,2026-08-31,2026-09-02
503394,ACC00094,2026-08,35450540.43,0.0035,10339.74,10336.3,2026-08-31,2026-09-03
503395,ACC00095,2026-08,31775047.02,0.006,15887.52,15881.13,2026-08-31,2026-09-02
503396,ACC00096,2026-08,186771237.06,0.0075,116732.02,116646.35,2026-08-31,2026-09-07
503397,ACC00097,2026-08,49616313.26,0.006,24808.16,24820.56,2026-08-31,2026-09-05
503398,ACC00098,2026-08,81501339.53,0.006,40750.67,40730.35,2026-08-31,2026-09-06
503399,ACC00099,2026-08,157041915.99,0.0075,98151.2,98096.27,2026-08-31,2026-09-02
503400,ACC00100,2026-08,150721450.88,0.006,75360.73,75367.07,2026-08-31,2026-09-02
503401,ACC00101,2026-08,98139827.18,0.006,49069.91,49105.91,2026-08-31,2026-09-06
503402,ACC00102,2026-08,13524399.67,0.0035,3944.62,3946.09,2026-08-31,2026-09-02
503403,ACC00103,2026-08,219498320.75,0.0035,64020.34,63989.11,2026-08-31,2026-09-03
503404,ACC00104,2026-08,87856627.77,0.006,43928.31,43904.43,2026-08-31,2026-09-05
503405,ACC00105,2026-08,35639021.91,0.0045,13364.63,13377.73,2026-08-31,2026-09-11
503406,ACC00106,2026-08,88698020.45,0.0075,55436.26,55490.1,2026-08-31,2026-09-13
503407,ACC00107,2026-08,243996251.79,0.0075,152497.66,152583.79,2026-08-31,2026-09-05
503408,ACC00108,2026-08,163461925.61,0.006,81730.96,81670.41,2026-08-31,2026-09-07
503409,ACC00109,2026-08,190656484.66,0.006,95328.24,95289.98,2026-08-31,2026-09-06
503410,ACC00110,2026-08,28863456.16,0.006,14431.73,14431.65,2026-08-31,2026-09-06
503411,ACC00111,2026-08,223074657.87,0.006,111537.33,111540.9,2026-08-31,2026-09-03
503412,ACC00112,2026-08,234745347.77,0.0045,88029.51,87983.8,2026-08-31,2026-09-08
503413,ACC00113,2026-08,105457196.98,0.006,52728.6,52752.48,2026-08-31,2026-09-03
503414,ACC00114,2026-08,115460923.79,0.0075,72163.08,72205.1,2026-08-31,2026-09-21
503415,ACC00115,2026-08,125689078.87,0.0045,47133.4,47118.46,2026-08-31,2026-09-02
503416,ACC00116,2026-08,159350431.66,0.0075,99594.02,99581.86,2026-08-31,2026-09-04
503417,ACC00117,2026-08,238153964.38,0.0045,89307.74,89386.24,2026-08-31,2026-09-03
503418,ACC00118,2026-08,14207660.6,0.0045,5327.87,5322.84,2026-08-31,2026-09-03
503419,ACC00119,2026-08,18680986.06,0.0045,7005.37,7011.58,2026-08-31,2026-09-03
503420,ACC00120,2026-08,108499129.65,0.0075,67811.96,67805.81,2026-08-31,2026-09-03
503421,ACC00121,2026-08,80670001.61,0.006,40335.0,40317.77,2026-08-31,2026-09-15
503422,ACC00122,2026-08,229496031.51,0.0035,66936.34,66910.11,2026-08-31,2026-09-08
503423,ACC00123,2026-08,115719850.21,0.0035,33751.62,33760.49,2026-08-31,2026-09-06
503424,ACC00124,2026-08,188011121.84,0.006,94005.56,93928.38,2026-08-31,2026-09-02
503425,ACC00125,2026-08,173655353.74,0.006,86827.68,86768.41,2026-08-31,2026-09-05
503426,ACC00126,2026-08,26074463.17,0.006,13037.23,13039.04,2026-08-31,2026-09-02
503427,ACC00127,2026-08,212027418.25,0.0045,79510.28,79530.47,2026-08-31,2026-09-08
503428,ACC00128,2026-08,40442934.26,0.0045,15166.1,15168.79,2026-08-31,2026-09-07
503429,ACC00129,2026-08,32797192.8,0.0035,9565.85,9566.51,2026-08-31,2026-09-03
503430,ACC00130,2026-08,98053994.05,0.006,49027.0,49038.58,2026-08-31,2026-09-06
503431,ACC00131,2026-08,232121802.6,0.0075,145076.13,145046.0,2026-08-31,2026-09-04
503432,ACC00132,2026-08,57082040.74,0.0075,35676.28,35709.02,2026-08-31,2026-09-06
503433,ACC00133,2026-08,206824749.96,0.0035,60323.89,60269.03,2026-08-31,2026-09-02
503434,ACC00134,2026-08,45730755.32,0.0045,17149.03,17156.61,2026-08-31,2026-09-16
503435,ACC00135,2026-08,110381872.34,0.0075,68988.67,68965.59,2026-08-31,2026-09-02
503436,ACC00136,2026-08,18161618.6,0.006,9080.81,9078.13,2026-08-31,2026-09-08
503437,ACC00137,2026-08,181732709.13,0.006,90866.35,91803.0,2026-08-31,2026-09-05
503438,ACC00138,2026-08,158755059.14,0.006,79377.53,79423.08,2026-08-31,2026-09-20
503439,ACC00139,2026-08,238345746.0,0.0075,148966.09,149025.11,2026-08-31,2026-09-03
503440,ACC00140,2026-08,7427737.68,0.0035,2166.42,2164.3,2026-08-31,2026-09-08
503441,ACC00141,2026-08,27524398.79,0.0075,17202.75,17205.04,2026-08-31,2026-09-06
503442,ACC00142,2026-08,247721062.32,0.0075,154825.66,154805.43,2026-08-31,2026-09-03
503443,ACC00143,2026-08,237681572.46,0.0075,148550.98,148405.18,2026-08-31,2026-09-08
503444,ACC00144,2026-08,237679150.2,0.0045,89129.68,89188.77,2026-08-31,2026-09-04
503445,ACC00145,2026-08,178399633.79,0.0035,52033.23,52079.19,2026-08-31,2026-09-02
503446,ACC00146,2026-08,145336813.16,0.0045,54501.3,54529.39,2026-08-31,2026-09-05
503447,ACC00147,2026-08,231742800.48,0.006,115871.4,115911.7,2026-08-31,2026-09-08
503448,ACC00148,2026-08,177571534.85,0.0075,110982.21,110920.85,2026-08-31,2026-09-06
503449,ACC00149,2026-08,22376911.06,0.006,11188.46,11194.64,2026-08-31,2026-09-02
503450,ACC00150,2026-08,161597878.99,0.0045,60599.2,60606.96,2026-08-31,2026-09-02
503451,ACC00151,2026-08,192038879.32,0.0075,120024.3,135121.35,2026-08-31,2026-09-06
503452,ACC00152,2026-08,159904375.91,0.006,79952.19,79920.36,2026-08-31,2026-09-04
503453,ACC00153,2026-08,152857784.52,0.0045,57321.67,57367.68,2026-08-31,2026-09-08
503454,ACC00154,2026-08,205056158.9,0.0035,59808.05,59795.53,2026-08-31,2026-09-07
503455,ACC00155,2026-08,10913991.86,0.0045,4092.75,4420.05,2026-08-31,2026-09-03
503456,ACC00156,2026-08,39866297.94,0.0035,11627.67,11627.96,2026-08-31,2026-09-04
503457,ACC00157,2026-08,208215749.3,0.0035,60729.59,60743.96,2026-08-31,2026-09-05
503458,ACC00158,2026-08,146002539.92,0.0045,54750.95,54731.58,2026-08-31,2026-09-04
503459,ACC00159,2026-08,194625847.28,0.0045,72984.69,73007.6,2026-08-31,2026-09-18
503460,ACC00160,2026-08,101570448.33,0.0035,29624.71,29651.45,2026-08-31,2026-09-08
503461,ACC00161,2026-08,194818145.58,0.0035,56821.96,56872.77,2026-08-31,2026-09-02
503462,ACC00162,2026-08,144824762.52,0.0075,90515.48,90583.21,2026-08-31,2026-09-04
503463,ACC00163,2026-08,42644733.73,0.0075,26652.96,26633.5,2026-08-31,2026-09-02
503464,ACC00164,2026-08,5845039.93,0.006,2922.52,2923.7,2026-08-31,2026-09-04
503465,ACC00165,2026-08,124928211.71,0.0075,78080.13,78049.79,2026-08-31,2026-09-02
503466,ACC00166,2026-08,76138433.35,0.0075,47586.52,47595.99,2026-08-31,2026-09-07
503467,ACC00167,2026-08,113820104.26,0.0075,71137.57,71156.67,2026-08-31,2026-09-06
503468,ACC00168,2026-08,111467891.32,0.006,55733.95,55680.56,2026-08-31,2026-09-03
503469,ACC00169,2026-08,35066574.18,0.0075,21916.61,21927.07,2026-08-31,2026-09-02
503470,ACC00170,2026-08,18176076.27,0.0035,5301.36,5298.38,2026-08-31,2026-09-02
503471,ACC00171,2026-08,81567593.37,0.0035,23790.55,23797.38,2026-08-31,2026-09-07
503472,ACC00172,2026-08,6476688.92,0.0035,1889.03,1887.58,2026-08-31,2026-09-07
503473,ACC00173,2026-08,78913695.33,0.006,39456.85,39454.63,2026-08-31,2026-09-04
503474,ACC00174,2026-08,7573304.94,0.0035,2208.88,2209.94,2026-08-31,2026-09-02
503475,ACC00175,2026-08,80731170.67,0.006,40365.59,40336.76,2026-08-31,2026-09-04
503476,ACC00176,2026-08,115935566.1,0.0035,33814.54,33799.04,2026-08-31,2026-09-06
503477,ACC00177,2026-08,185559434.95,0.006,92779.72,92773.61,2026-08-31,2026-09-06
503478,ACC00178,2026-08,216005540.59,0.006,108002.77,107936.06,2026-08-31,2026-09-08
503479,ACC00179,2026-08,13090894.03,0.0035,3818.18,3819.31,2026-08-31,2026-09-18
503480,ACC00180,2026-08,226566312.72,0.006,113283.16,113265.94,2026-08-31,2026-09-07
503481,ACC00181,2026-08,241781267.05,0.0045,90667.98,90679.52,2026-08-31,2026-09-07
503482,ACC00182,2026-08,178234494.54,0.0075,111396.56,111419.99,2026-08-31,2026-09-06
503483,ACC00183,2026-08,100178076.46,0.006,50089.04,50057.98,2026-08-31,2026-09-06
503484,ACC00184,2026-08,109624306.56,0.006,54812.15,54812.37,2026-08-31,2026-09-08
503485,ACC00185,2026-08,158779425.52,0.006,79389.71,79338.5,2026-08-31,2026-09-03
503486,ACC00186,2026-08,149935684.05,0.0075,93709.8,93670.71,2026-08-31,2026-09-07
503487,ACC00187,2026-08,30086269.99,0.006,15043.13,15055.22,2026-08-31,2026-09-16
503488,ACC00188,2026-08,130902541.27,0.0075,81814.09,81784.96,2026-08-31,2026-09-05
503489,ACC00189,2026-08,34962697.22,0.006,17481.35,17472.94,2026-08-31,2026-09-04
503490,ACC00190,2026-08,222334606.79,0.0045,83375.48,83351.29,2026-08-31,2026-09-06
503491,ACC00191,2026-08,125934191.47,0.0075,78708.87,78754.22,2026-08-31,2026-09-03
503492,ACC00192,2026-08,146668830.52,0.006,73334.42,73354.89,2026-08-31,2026-09-07
503493,ACC00193,2026-08,54050625.12,0.006,27025.31,27037.98,2026-08-31,2026-09-02
503494,ACC00194,2026-08,80695474.52,0.006,40347.74,40368.11,2026-08-31,2026-09-06
503495,ACC00195,2026-08,115887290.98,0.006,57943.65,57941.25,2026-08-31,2026-09-03
503496,ACC00196,2026-08,57174223.02,0.006,28587.11,28584.32,2026-08-31,2026-09-06
503497,ACC00197,2026-08,117819467.08,0.0075,73637.17,73680.41,2026-08-31,2026-09-02
503498,ACC00198,2026-08,65246259.75,0.0045,24467.35,24458.24,2026-08-31,2026-09-06
503499,ACC00199,2026-08,233430424.51,0.0075,145894.02,145798.93,2026-08-31,2026-09-16
503500,ACC00200,2026-08,28454772.15,0.0075,17784.23,17787.19,2026-08-31,2026-09-02
503501,ACC00201,2026-08,119532849.17,0.0035,34863.75,34851.6,2026-08-31,2026-09-06
503502,ACC00202,2026-08,75634513.44,0.006,37817.26,37790.13,2026-08-31,2026-09-12
503503,ACC00203,2026-08,4984037.44,0.0075,3115.02,3117.02,2026-08-31,2026-09-07
503504,ACC00204,2026-08,60502285.81,0.0075,37813.93,37836.37,2026-08-31,2026-09-02
503505,ACC00205,2026-08,191023410.97,0.0045,71633.78,71631.89,2026-08-31,2026-09-04
503506,ACC00206,2026-08,109145879.65,0.0045,40929.7,40932.35,2026-08-31,2026-09-05
503507,ACC00207,2026-08,116984229.49,0.0035,34120.4,34086.37,2026-08-31,2026-09-03
503508,ACC00208,2026-08,229751681.57,0.0075,143594.8,143622.14,2026-08-31,2026-09-08
503509,ACC00209,2026-08,128275145.04,0.006,64137.57,64152.21,2026-08-31,2026-09-03
503510,ACC00210,2026-08,221269893.62,0.0035,64537.05,64581.52,2026-08-31,2026-09-03
503511,ACC00211,2026-08,109821451.24,0.006,54910.73,54877.87,2026-08-31,2026-09-04
503512,ACC00212,2026-08,187738345.95,0.0075,117336.47,117342.49,2026-08-31,2026-09-14
503513,ACC00213,2026-08,215757358.85,0.0045,80909.01,80893.89,2026-08-31,2026-09-02
503514,ACC00214,2026-08,69773070.13,0.0035,20350.48,20354.05,2026-08-31,2026-09-04
503515,ACC00215,2026-08,51266186.83,0.006,25633.09,25619.68,2026-08-31,2026-09-07
503516,ACC00216,2026-08,185456924.16,0.006,92728.46,92754.56,2026-08-31,2026-09-03
503517,ACC00217,2026-08,100477191.42,0.0045,37678.95,37685.53,2026-08-31,2026-09-02
503518,ACC00218,2026-08,15327162.93,0.0035,4470.42,4469.88,2026-08-31,2026-09-14
503519,ACC00219,2026-08,18735752.38,0.0075,11709.85,11715.41,2026-08-31,2026-09-02
503520,ACC00220,2026-08,101495257.25,0.0075,63434.54,63469.75,2026-08-31,2026-09-08
503521,ACC00221,2026-08,164203685.03,0.0075,102627.3,102652.58,2026-08-31,2026-09-06
503522,ACC00222,2026-08,206596504.46,0.0035,60257.31,60268.81,2026-08-31,2026-09-02
503523,ACC00223,2026-08,234135037.98,0.0045,87800.64,87729.27,2026-08-31,2026-09-06
503524,ACC00224,2026-08,23675717.57,0.0045,8878.39,8882.69,2026-08-31,2026-09-08
503525,ACC00225,2026-08,31593467.96,0.0035,9214.76,9221.93,2026-08-31,2026-09-07
503526,ACC00226,2026-08,210355680.61,0.0075,131472.3,131418.07,2026-08-31,2026-09-04
503527,ACC00227,2026-08,169175671.35,0.0035,49342.9,49345.73,2026-08-31,2026-09-06
503528,ACC00228,2026-08,209220025.76,0.0035,61022.51,61002.69,2026-08-31,2026-09-06
503529,ACC00229,2026-08,120836181.35,0.0045,45313.57,45285.05,2026-08-31,2026-09-02
503530,ACC00230,2026-08,11841040.41,0.0075,7400.65,7395.44,2026-08-31,2026-09-02
503531,ACC00231,2026-08,249265329.65,0.0035,72702.39,72683.58,2026-08-31,2026-09-07
503532,ACC00232,2026-08,92281902.78,0.0075,57676.19,57668.96,2026-08-31,2026-09-05
503533,ACC00233,2026-08,72014118.15,0.0045,27005.29,27024.55,2026-08-31,2026-09-08
503534,ACC00234,2026-08,145717857.15,0.0045,54644.2,54648.29,2026-08-31,2026-09-05
503535,ACC00235,2026-08,225148714.81,0.0035,65668.38,65673.35,2026-08-31,2026-09-08
503536,ACC00236,2026-08,187371263.5,0.0035,54649.95,54627.1,2026-08-31,2026-09-02
503537,ACC00237,2026-08,194469710.81,0.0075,121543.57,121429.59,2026-08-31,2026-09-07
503538,ACC00238,2026-08,185212374.17,0.0045,69454.64,69494.11,2026-08-31,2026-09-07
503539,ACC00239,2026-08,219521846.1,0.0075,137201.15,137125.85,2026-08-31,2026-09-04
503540,ACC00240,2026-08,164709972.38,0.0035,48040.41,48052.42,2026-08-31,2026-09-03
503541,ACC00241,2026-08,219579083.58,0.0035,64043.9,64019.33,2026-08-31,2026-09-04
503542,ACC00242,2026-08,134449464.9,0.0075,84030.92,83997.22,2026-08-31,2026-09-05
503543,ACC00243,2026-08,7020301.17,0.0075,4387.69,5013.69,2026-08-31,2026-09-02
503544,ACC00244,2026-08,199054202.19,0.0045,74645.33,74615.38,2026-08-31,2026-09-15
503545,ACC00245,2026-08,159636131.0,0.0045,59863.55,59855.77,2026-08-31,2026-09-08
503546,ACC00246,2026-08,64137072.7,0.0035,18706.65,18712.71,2026-08-31,2026-09-05
503547,ACC00247,2026-08,3801045.33,0.0075,2375.65,2374.58,2026-08-31,2026-09-13
503548,ACC00248,2026-08,7236917.77,0.0045,2713.84,2713.8,2026-08-31,2026-09-11
503549,ACC00249,2026-08,203673946.72,0.0035,59404.9,59419.84,2026-08-31,2026-09-07
503550,ACC00250,2026-08,109780971.66,0.0035,32019.45,32022.35,2026-08-31,2026-09-07
503551,ACC00251,2026-08,21057114.08,0.006,10528.56,10527.99,2026-08-31,2026-09-05
503552,ACC00252,2026-08,149545518.18,0.0045,56079.57,56102.47,2026-08-31,2026-09-05
503553,ACC00253,2026-08,181230127.42,0.0045,67961.3,,2026-08-31,2026-09-03
503554,ACC00254,2026-08,151408078.44,0.0035,44160.69,44124.66,2026-08-31,2026-09-02
503555,ACC00255,2026-08,28353862.14,0.006,14176.93,14187.1,2026-08-31,2026-09-05
503556,ACC00256,2026-08,153276956.78,0.0075,95798.1,95852.06,2026-08-31,2026-09-05
503557,ACC00257,2026-08,139321827.71,0.0075,87076.14,87063.95,2026-08-31,2026-09-05
503558,ACC00258,2026-08,230222630.89,0.0075,143889.14,143929.69,2026-08-31,2026-09-05
503559,ACC00259,2026-08,107860989.24,0.006,53930.49,53931.19,2026-08-31,2026-09-19
503560,ACC00260,2026-08,126419335.84,0.0035,36872.31,36875.99,2026-08-31,2026-09-06
503561,ACC00261,2026-08,129350620.46,0.0045,48506.48,48538.82,2026-08-31,2026-09-03
503562,ACC00262,2026-08,178855634.21,0.0075,111784.77,111793.11,2026-08-31,2026-09-05
503563,ACC00263,2026-08,81149888.1,0.0035,23668.72,23651.64,2026-08-31,2026-09-08
503564,ACC00264,2026-08,55227110.85,0.0075,34516.94,34527.85,2026-08-31,2026-09-04
503565,ACC00265,2026-08,111016499.92,0.0075,69385.31,69335.82,2026-08-31,2026-09-03
503566,ACC00266,2026-08,143338404.73,0.006,71669.2,71626.45,2026-08-31,2026-09-08
503567,ACC00267,2026-08,63369778.4,0.006,31684.89,31678.97,2026-08-31,2026-09-07
503568,ACC00268,2026-08,28779501.6,0.0035,8394.02,8386.48,2026-08-31,2026-09-06
503569,ACC00269,2026-08,7620573.74,0.0075,4762.86,4758.56,2026-08-31,2026-09-04
503570,ACC00270,2026-08,188265642.39,0.006,94132.82,94131.71,2026-08-31,2026-09-04
503571,ACC00271,2026-08,8951452.95,0.006,4475.73,4472.93,2026-08-31,2026-09-06
503572,ACC00272,2026-08,134535822.69,0.006,67267.91,67210.34,2026-08-31,2026-09-03
503573,ACC00273,2026-08,194935228.78,0.006,97467.61,97529.74,2026-08-31,2026-09-03
503574,ACC00274,2026-08,113117989.62,0.0035,32992.75,33002.59,2026-08-31,2026-09-02
503575,ACC00275,2026-08,160890839.37,0.0075,100556.77,100500.45,2026-08-31,2026-09-05
503576,ACC00276,2026-08,209585524.63,0.0045,78594.57,78584.5,2026-08-31,2026-09-03
503577,ACC00277,2026-08,64351887.62,0.0075,40219.93,40240.4,2026-08-31,2026-09-04
503578,ACC00278,2026-08,31702444.43,0.0035,9246.55,9245.69,2026-08-31,2026-09-07
503579,ACC00279,2026-08,211825642.0,0.0035,61782.48,61772.01,2026-08-31,2026-09-05
503580,ACC00280,2026-08,16818799.8,0.0075,10511.75,10518.39,2026-08-31,2026-09-05
503581,ACC00281,2026-08,96963218.68,0.0045,36361.21,36331.99,2026-08-31,2026-09-05
503582,ACC00282,2026-08,114630187.77,0.006,57315.09,57309.44,2026-08-31,2026-09-03
503583,ACC00283,2026-08,20084745.85,0.006,10042.37,10038.37,2026-08-31,2026-09-03
503584,ACC00284,2026-08,8695765.15,0.0075,5434.85,5440.02,2026-08-31,2026-09-07
503585,ACC00285,2026-08,157576593.14,0.0045,59091.22,59083.85,2026-08-31,2026-09-11
503586,ACC00286,2026-08,20962767.65,0.0045,7861.04,7859.45,2026-08-31,2026-09-05
503587,ACC00287,2026-08,216905524.47,0.0045,81339.57,81401.35,2026-08-31,2026-09-04
503588,ACC00288,2026-08,158039427.02,0.0045,59264.79,59280.58,2026-08-31,2026-09-08
503589,ACC00289,2026-08,42491686.09,0.006,21245.84,21227.89,2026-08-31,2026-09-04
503590,ACC00290,2026-08,106579698.01,0.006,53289.85,53342.25,2026-08-31,2026-09-08
503591,ACC00291,2026-08,34919979.17,0.006,17459.99,17460.77,2026-08-31,2026-09-06
503592,ACC00292,2026-08,238422295.88,0.0035,69539.84,69579.41,2026-08-31,2026-09-04
503593,ACC00293,2026-08,213351507.23,0.0045,80006.82,79960.26,2026-08-31,2026-09-06
503594,ACC00294,2026-08,246449390.51,0.006,123224.7,123175.17,2026-08-31,2026-09-07
503595,ACC00295,2026-08,194001962.71,0.0035,56583.91,56553.54,2026-08-31,2026-09-03
503596,ACC00296,2026-08,232264956.89,0.0045,87099.36,87175.33,2026-08-31,2026-09-02
503597,ACC00297,2026-08,43031237.45,0.0035,12550.78,12548.53,2026-08-31,2026-09-02
503598,ACC00298,2026-08,149128155.5,0.006,74564.08,74576.71,2026-08-31,2026-09-02
503599,ACC00299,2026-08,151172277.09,0.0045,56689.6,56659.53,2026-08-31,2026-09-03
503600,ACC00300,2026-08,103691501.93,0.0035,30243.35,30217.6,2026-08-31,2026-09-03
