price_id,fund_id,price_date,price,prior_price,independent_source_price,break_identified_date,break_resolved_date
900001,FUND001,2025-09-01,31.6422,31.5964,31.6177,,
900002,FUND002,2025-09-01,140.0621,140.5659,139.9764,,
900003,FUND003,2025-09-01,204.621,203.8246,204.7015,,
900004,FUND004,2025-09-01,78.5341,78.9984,78.535,,
900005,FUND005,2025-09-01,196.9084,197.0333,196.9637,,
900006,FUND006,2025-09-01,219.3222,218.3088,219.3305,,
900007,FUND007,2025-09-01,171.8559,171.5824,171.8832,,
900008,FUND008,2025-09-01,56.0171,55.7399,56.0452,,
900009,FUND009,2025-09-01,205.0286,206.3392,204.9552,,
900010,FUND010,2025-09-01,121.6383,121.6493,121.6507,,
900011,FUND011,2025-09-01,143.5394,143.4852,143.5836,,
900012,FUND012,2025-09-01,155.5496,155.0115,155.5889,,
900013,FUND013,2025-09-01,170.2127,170.9804,170.4382,,
900014,FUND014,2025-09-01,124.1022,124.706,122.7783,2025-09-01,2025-09-02
900015,FUND015,2025-09-01,153.932,153.7231,153.7955,,
900016,FUND016,2025-09-01,27.8546,28.0466,27.8579,,
900017,FUND017,2025-09-01,23.5899,23.5989,23.5857,,
900018,FUND018,2025-09-01,242.3509,240.7289,242.0998,,
900019,FUND019,2025-09-01,154.801,154.3311,154.7705,,
900020,FUND020,2025-09-01,133.2771,131.6699,133.2671,,
900021,FUND001,2025-09-02,31.6761,31.6422,31.6684,,
900022,FUND002,2025-09-02,140.3208,140.0621,140.4341,,
900023,FUND003,2025-09-02,205.2859,204.621,205.4081,,
900024,FUND004,2025-09-02,78.7869,78.5341,78.7827,,
900025,FUND005,2025-09-02,198.0331,196.9084,198.1605,,
900026,FUND006,2025-09-02,220.1588,219.3222,220.2202,,
900027,FUND007,2025-09-02,172.9173,171.8559,173.0289,,
900028,FUND008,2025-09-02,56.0674,56.0171,56.0713,,
900029,FUND009,2025-09-02,204.8329,205.0286,204.9479,,
900030,FUND010,2025-09-02,121.0806,121.6383,121.0207,,
900031,FUND011,2025-09-02,142.9446,143.5394,142.9841,,
900032,FUND012,2025-09-02,156.4563,155.5496,156.5534,,
900033,FUND013,2025-09-02,170.8021,170.2127,170.7955,,
900034,FUND014,2025-09-02,123.5635,124.1022,123.6033,,
900035,FUND015,2025-09-02,154.6683,153.932,154.7113,,
900036,FUND016,2025-09-02,27.8519,27.8546,27.8557,,
900037,FUND017,2025-09-02,23.6073,23.5899,23.6287,,
900038,FUND018,2025-09-02,240.6701,242.3509,240.7805,,
900039,FUND019,2025-09-02,154.6566,154.801,156.1021,2025-09-02,2025-09-04
900040,FUND020,2025-09-02,132.9481,133.2771,132.8946,,
900041,FUND001,2025-09-03,31.3561,31.6761,31.3613,,
900042,FUND002,2025-09-03,141.2419,140.3208,141.2172,,
900043,FUND003,2025-09-03,204.958,205.2859,205.1353,,
900044,FUND004,2025-09-03,78.3038,78.7869,78.2598,,
900045,FUND005,2025-09-03,198.0514,198.0331,198.0176,,
900046,FUND006,2025-09-03,219.421,220.1588,219.6767,,
900047,FUND007,2025-09-03,171.194,172.9173,171.1814,,
900048,FUND008,2025-09-03,56.1181,56.0674,56.1774,,
900049,FUND009,2025-09-03,205.5287,204.8329,205.8011,,
900050,FUND010,2025-09-03,120.9418,121.0806,120.9569,,
900051,FUND011,2025-09-03,142.2676,142.9446,142.3286,,
900052,FUND012,2025-09-03,157.12,156.4563,157.1136,,
900053,FUND013,2025-09-03,171.4286,170.8021,171.4267,,
900054,FUND014,2025-09-03,123.3622,123.5635,123.3295,,
900055,FUND015,2025-09-03,154.9146,154.6683,154.7111,,
900056,FUND016,2025-09-03,27.6174,27.8519,27.6058,,
900057,FUND017,2025-09-03,23.6792,23.6073,23.667,,
900058,FUND018,2025-09-03,240.377,240.6701,240.3866,,
900059,FUND019,2025-09-03,156.7806,154.6566,156.863,,
900060,FUND020,2025-09-03,133.2893,132.9481,133.2367,,
900061,FUND001,2025-09-04,31.2146,31.3561,31.1948,,
900062,FUND002,2025-09-04,141.2315,141.2419,141.1556,,
900063,FUND003,2025-09-04,204.9766,204.958,204.9416,,
900064,FUND004,2025-09-04,78.3276,78.3038,78.319,,
900065,FUND005,2025-09-04,199.5423,198.0514,199.4357,,
900066,FUND006,2025-09-04,218.9783,219.421,218.9722,,
900067,FUND007,2025-09-04,170.7776,171.194,170.7686,,
900068,FUND008,2025-09-04,56.075,56.1181,56.0329,,
900069,FUND009,2025-09-04,205.416,205.5287,205.4364,,
900070,FUND010,2025-09-04,120.7891,120.9418,120.7092,,
900071,FUND011,2025-09-04,141.3587,142.2676,141.2324,,
900072,FUND012,2025-09-04,157.6021,157.12,157.5723,,
900073,FUND013,2025-09-04,171.3458,171.4286,171.2694,,
900074,FUND014,2025-09-04,123.6133,123.3622,123.5297,,
900075,FUND015,2025-09-04,154.6426,154.9146,154.6482,,
900076,FUND016,2025-09-04,27.7515,27.6174,27.7487,,
900077,FUND017,2025-09-04,23.705,23.6792,23.707,,
900078,FUND018,2025-09-04,240.7159,240.377,240.7315,,
900079,FUND019,2025-09-04,157.5926,156.7806,157.5461,,
900080,FUND020,2025-09-04,134.1619,133.2893,134.3275,,
900081,FUND001,2025-09-05,31.2567,31.2146,31.2651,,
900082,FUND002,2025-09-05,142.0819,141.2315,141.8744,,
900083,FUND003,2025-09-05,203.6247,204.9766,203.6071,,
900084,FUND004,2025-09-05,78.4809,78.3276,78.4742,,
900085,FUND005,2025-09-05,199.7426,199.5423,197.5647,2025-09-05,2025-09-09
900086,FUND006,2025-09-05,218.7217,218.9783,218.8558,,
900087,FUND007,2025-09-05,171.1695,170.7776,171.3185,,
900088,FUND008,2025-09-05,56.2128,56.075,56.1918,,
900089,FUND009,2025-09-05,204.5185,205.416,204.6675,,
900090,FUND010,2025-09-05,120.9106,120.7891,120.823,,
900091,FUND011,2025-09-05,141.8983,141.3587,141.9365,,
900092,FUND012,2025-09-05,157.6901,157.6021,157.6503,,
900093,FUND013,2025-09-05,172.3346,171.3458,172.1724,,
900094,FUND014,2025-09-05,123.3746,123.6133,123.3594,,
900095,FUND015,2025-09-05,155.0566,154.6426,154.9921,,
900096,FUND016,2025-09-05,27.6352,27.7515,27.6724,,
900097,FUND017,2025-09-05,23.8046,23.705,23.8102,,
900098,FUND018,2025-09-05,241.7469,240.7159,241.9148,,
900099,FUND019,2025-09-05,157.8673,157.5926,157.916,,
900100,FUND020,2025-09-05,134.2967,134.1619,134.3659,,
900101,FUND001,2025-09-08,31.4733,31.2567,31.4564,,
900102,FUND002,2025-09-08,142.9291,142.0819,142.9156,,
900103,FUND003,2025-09-08,204.0193,203.6247,203.895,,
900104,FUND004,2025-09-08,78.6259,78.4809,78.5972,,
900105,FUND005,2025-09-08,201.5292,199.7426,201.5685,,
900106,FUND006,2025-09-08,217.8111,218.7217,217.8924,,
900107,FUND007,2025-09-08,170.8231,171.1695,170.7149,,
900108,FUND008,2025-09-08,56.3612,56.2128,56.4116,,
900109,FUND009,2025-09-08,204.861,204.5185,204.6037,,
900110,FUND010,2025-09-08,121.39,120.9106,121.4321,,
900111,FUND011,2025-09-08,142.9262,141.8983,142.9633,,
900112,FUND012,2025-09-08,157.9553,157.6901,157.9457,,
900113,FUND013,2025-09-08,173.3638,172.3346,173.383,,
900114,FUND014,2025-09-08,124.0142,123.3746,123.9551,,
900115,FUND015,2025-09-08,155.126,155.0566,155.0875,,
900116,FUND016,2025-09-08,27.6005,27.6352,27.6107,,
900117,FUND017,2025-09-08,23.8423,23.8046,23.8651,,
900118,FUND018,2025-09-08,241.0941,241.7469,241.3526,,
900119,FUND019,2025-09-08,157.6089,157.8673,157.6172,,
900120,FUND020,2025-09-08,133.5533,134.2967,133.5627,,
900121,FUND001,2025-09-09,31.4993,31.4733,31.4805,,
900122,FUND002,2025-09-09,142.4664,142.9291,142.3485,,
900123,FUND003,2025-09-09,204.4179,204.0193,204.3168,,
900124,FUND004,2025-09-09,78.637,78.6259,78.7235,,
900125,FUND005,2025-09-09,200.0253,201.5292,199.9508,,
900126,FUND006,2025-09-09,217.353,217.8111,217.4405,,
900127,FUND007,2025-09-09,172.0973,170.8231,171.9591,,
900128,FUND008,2025-09-09,56.0186,56.3612,56.0558,,
900129,FUND009,2025-09-09,204.2833,204.861,204.2376,,
900130,FUND010,2025-09-09,120.2188,121.39,120.2679,,
900131,FUND011,2025-09-09,142.9623,142.9262,142.9746,,
900132,FUND012,2025-09-09,159.3469,157.9553,159.3687,,
900133,FUND013,2025-09-09,172.2086,173.3638,172.3091,,
900134,FUND014,2025-09-09,123.6717,124.0142,123.7657,,
900135,FUND015,2025-09-09,155.1691,155.126,155.1268,,
900136,FUND016,2025-09-09,27.5898,27.6005,27.5777,,
900137,FUND017,2025-09-09,23.9271,23.8423,23.9358,,
900138,FUND018,2025-09-09,241.2456,241.0941,241.2686,,
900139,FUND019,2025-09-09,157.9452,157.6089,158.0017,,
900140,FUND020,2025-09-09,133.1056,133.5533,133.1082,,
900141,FUND001,2025-09-10,31.6791,31.4993,31.6745,,
900142,FUND002,2025-09-10,141.475,142.4664,141.4459,,
900143,FUND003,2025-09-10,204.9106,204.4179,204.8422,,
900144,FUND004,2025-09-10,78.8025,78.637,78.1057,2025-09-10,2025-09-12
900145,FUND005,2025-09-10,198.9749,200.0253,196.4848,2025-09-10,2025-09-11
900146,FUND006,2025-09-10,217.5265,217.353,217.4526,,
900147,FUND007,2025-09-10,172.4029,172.0973,172.4381,,
900148,FUND008,2025-09-10,56.4187,56.0186,56.4763,,
900149,FUND009,2025-09-10,203.9939,204.2833,204.0595,,
900150,FUND010,2025-09-10,119.3481,120.2188,119.4042,,
900151,FUND011,2025-09-10,142.8816,142.9623,142.8659,,
900152,FUND012,2025-09-10,160.7739,159.3469,159.3888,2025-09-10,2025-09-17
900153,FUND013,2025-09-10,172.6873,172.2086,172.7248,,
900154,FUND014,2025-09-10,123.6219,123.6717,124.7235,2025-09-10,2025-09-12
900155,FUND015,2025-09-10,155.5063,155.1691,155.516,,
900156,FUND016,2025-09-10,27.5961,27.5898,27.601,,
900157,FUND017,2025-09-10,23.8631,23.9271,23.8887,,
900158,FUND018,2025-09-10,240.2396,241.2456,240.4202,,
900159,FUND019,2025-09-10,156.9612,157.9452,156.9876,,
900160,FUND020,2025-09-10,132.6885,133.1056,132.5097,,
900161,FUND001,2025-09-11,31.5358,31.6791,31.5392,,
900162,FUND002,2025-09-11,141.4016,141.475,141.4115,,
900163,FUND003,2025-09-11,205.3448,204.9106,205.5587,,
900164,FUND004,2025-09-11,79.0016,78.8025,79.0085,,
900165,FUND005,2025-09-11,198.9923,198.9749,198.8644,,
900166,FUND006,2025-09-11,217.4776,217.5265,217.3217,,
900167,FUND007,2025-09-11,172.4774,172.4029,172.4121,,
900168,FUND008,2025-09-11,56.2445,56.4187,56.2929,,
900169,FUND009,2025-09-11,203.7369,203.9939,203.7562,,
900170,FUND010,2025-09-11,119.54,119.3481,119.6161,,
900171,FUND011,2025-09-11,143.2027,142.8816,143.1727,,
900172,FUND012,2025-09-11,161.0437,160.7739,160.9823,,
900173,FUND013,2025-09-11,173.2027,172.6873,173.2002,,
900174,FUND014,2025-09-11,124.5571,123.6219,124.5244,,
900175,FUND015,2025-09-11,155.9374,155.5063,155.9398,,
900176,FUND016,2025-09-11,27.7266,27.5961,27.7434,,
900177,FUND017,2025-09-11,23.7561,23.8631,23.7634,,
900178,FUND018,2025-09-11,240.372,240.2396,240.5083,,
900179,FUND019,2025-09-11,156.7264,156.9612,156.7233,,
900180,FUND020,2025-09-11,132.7074,132.6885,132.7381,,
900181,FUND001,2025-09-12,31.6879,31.5358,31.6725,,
900182,FUND002,2025-09-12,142.216,141.4016,142.0568,,
900183,FUND003,2025-09-12,206.2974,205.3448,206.2024,,
900184,FUND004,2025-09-12,78.5789,79.0016,78.5544,,
900185,FUND005,2025-09-12,200.3682,198.9923,200.3383,,
900186,FUND006,2025-09-12,216.8311,217.4776,216.6798,,
900187,FUND007,2025-09-12,172.3938,172.4774,172.3154,,
900188,FUND008,2025-09-12,56.3684,56.2445,56.3325,,
900189,FUND009,2025-09-12,202.3978,203.7369,202.472,,
900190,FUND010,2025-09-12,119.3486,119.54,119.3396,,
900191,FUND011,2025-09-12,143.2536,143.2027,143.0267,,
900192,FUND012,2025-09-12,161.5764,161.0437,161.5513,,
900193,FUND013,2025-09-12,172.1044,173.2027,172.1214,,
900194,FUND014,2025-09-12,124.1346,124.5571,124.1315,,
900195,FUND015,2025-09-12,156.179,155.9374,156.2047,,
900196,FUND016,2025-09-12,27.5279,27.7266,27.5109,,
900197,FUND017,2025-09-12,23.7347,23.7561,23.7539,,
900198,FUND018,2025-09-12,241.3605,240.372,241.4596,,
900199,FUND019,2025-09-12,156.5804,156.7264,156.6651,,
900200,FUND020,2025-09-12,132.1799,132.7074,132.2249,,
900201,FUND001,2025-09-15,31.859,31.6879,31.8225,,
900202,FUND002,2025-09-15,142.1281,142.216,142.0056,,
900203,FUND003,2025-09-15,206.828,206.2974,206.7083,,
900204,FUND004,2025-09-15,78.8828,78.5789,78.8607,,
900205,FUND005,2025-09-15,199.3192,200.3682,199.3846,,
900206,FUND006,2025-09-15,218.7656,216.8311,219.0424,,
900207,FUND007,2025-09-15,173.6677,172.3938,173.6044,,
900208,FUND008,2025-09-15,56.3253,56.3684,56.3033,,
900209,FUND009,2025-09-15,201.9792,202.3978,202.0702,,
900210,FUND010,2025-09-15,118.5324,119.3486,118.5118,,
900211,FUND011,2025-09-15,143.5389,143.2536,143.4567,,
900212,FUND012,2025-09-15,161.3761,161.5764,161.2501,,
900213,FUND013,2025-09-15,172.3107,172.1044,172.2695,,
900214,FUND014,2025-09-15,124.0524,124.1346,124.0254,,
900215,FUND015,2025-09-15,156.7996,156.179,156.8483,,
900216,FUND016,2025-09-15,27.5033,27.5279,27.5227,,
900217,FUND017,2025-09-15,23.693,23.7347,23.688,,
900218,FUND018,2025-09-15,242.2288,241.3605,242.2617,,
900219,FUND019,2025-09-15,156.2503,156.5804,156.0465,,
900220,FUND020,2025-09-15,131.771,132.1799,131.8444,,
900221,FUND001,2025-09-16,31.9088,31.859,31.9171,,
900222,FUND002,2025-09-16,142.0854,142.1281,142.1307,,
900223,FUND003,2025-09-16,206.7924,206.828,206.8146,,
900224,FUND004,2025-09-16,79.2427,78.8828,79.2599,,
900225,FUND005,2025-09-16,198.8524,199.3192,198.7484,,
900226,FUND006,2025-09-16,219.0792,218.7656,219.0672,,
900227,FUND007,2025-09-16,173.8217,173.6677,174.0315,,
900228,FUND008,2025-09-16,56.3879,56.3253,56.4015,,
900229,FUND009,2025-09-16,200.5187,201.9792,200.4335,,
900230,FUND010,2025-09-16,119.1463,118.5324,119.1143,,
900231,FUND011,2025-09-16,143.1137,143.5389,143.0413,,
900232,FUND012,2025-09-16,161.0189,161.3761,161.2246,,
900233,FUND013,2025-09-16,172.3583,172.3107,172.2896,,
900234,FUND014,2025-09-16,123.1592,124.0524,123.1137,,
900235,FUND015,2025-09-16,156.6666,156.7996,156.6806,,
900236,FUND016,2025-09-16,27.456,27.5033,27.4396,,
900237,FUND017,2025-09-16,23.6237,23.693,23.6108,,
900238,FUND018,2025-09-16,240.3512,242.2288,240.4988,,
900239,FUND019,2025-09-16,157.0045,156.2503,157.0047,,
900240,FUND020,2025-09-16,132.2696,131.771,132.1404,,
900241,FUND001,2025-09-17,31.6616,31.9088,31.6498,,
900242,FUND002,2025-09-17,141.6028,142.0854,141.5146,,
900243,FUND003,2025-09-17,206.7157,206.7924,206.6319,,
900244,FUND004,2025-09-17,79.101,79.2427,79.0882,,
900245,FUND005,2025-09-17,198.6776,198.8524,198.6497,,
900246,FUND006,2025-09-17,218.8742,219.0792,219.0352,,
900247,FUND007,2025-09-17,173.3863,173.8217,173.4831,,
900248,FUND008,2025-09-17,56.3637,56.3879,56.3316,,
900249,FUND009,2025-09-17,199.8824,200.5187,199.6971,,
900250,FUND010,2025-09-17,118.2378,119.1463,118.2634,,
900251,FUND011,2025-09-17,143.4974,143.1137,143.6064,,
900252,FUND012,2025-09-17,161.0952,161.0189,161.0147,,
900253,FUND013,2025-09-17,171.7112,172.3583,171.5422,,
900254,FUND014,2025-09-17,123.0971,123.1592,123.0622,,
900255,FUND015,2025-09-17,157.1913,156.6666,157.1482,,
900256,FUND016,2025-09-17,27.6638,27.456,27.4802,2025-09-17,2025-09-18
900257,FUND017,2025-09-17,23.6315,23.6237,23.6195,,
900258,FUND018,2025-09-17,241.7115,240.3512,239.6076,2025-09-17,2025-09-23
900259,FUND019,2025-09-17,157.2605,157.0045,157.2586,,
900260,FUND020,2025-09-17,132.1549,132.2696,132.1478,,
900261,FUND001,2025-09-18,31.8066,31.6616,31.7962,,
900262,FUND002,2025-09-18,140.9258,141.6028,140.8707,,
900263,FUND003,2025-09-18,206.7652,206.7157,206.8759,,
900264,FUND004,2025-09-18,79.374,79.101,79.3231,,
900265,FUND005,2025-09-18,199.1017,198.6776,199.3114,,
900266,FUND006,2025-09-18,218.9717,218.8742,219.0253,,
900267,FUND007,2025-09-18,174.3948,173.3863,174.3639,,
900268,FUND008,2025-09-18,56.505,56.3637,56.4722,,
900269,FUND009,2025-09-18,198.2347,199.8824,198.3782,,
900270,FUND010,2025-09-18,118.7769,118.2378,117.3595,2025-09-18,2025-09-20
900271,FUND011,2025-09-18,143.9386,143.4974,143.9932,,
900272,FUND012,2025-09-18,160.8071,161.0952,160.614,,
900273,FUND013,2025-09-18,170.6562,171.7112,170.6434,,
900274,FUND014,2025-09-18,122.5438,123.0971,122.5487,,
900275,FUND015,2025-09-18,156.0946,157.1913,156.0138,,
900276,FUND016,2025-09-18,27.7217,27.6638,27.7194,,
900277,FUND017,2025-09-18,23.6014,23.6315,23.6177,,
900278,FUND018,2025-09-18,242.7876,241.7115,242.8606,,
900279,FUND019,2025-09-18,157.201,157.2605,157.25,,
900280,FUND020,2025-09-18,132.0572,132.1549,132.1123,,
900281,FUND001,2025-09-19,31.7676,31.8066,31.7659,,
900282,FUND002,2025-09-19,140.6794,140.9258,140.6118,,
900283,FUND003,2025-09-19,206.4158,206.7652,206.6441,,
900284,FUND004,2025-09-19,79.8015,79.374,79.7422,,
900285,FUND005,2025-09-19,199.6094,199.1017,199.8926,,
900286,FUND006,2025-09-19,218.9622,218.9717,218.8185,,
900287,FUND007,2025-09-19,175.0653,174.3948,175.1081,,
900288,FUND008,2025-09-19,56.7409,56.505,56.7029,,
900289,FUND009,2025-09-19,196.9006,198.2347,196.8739,,
900290,FUND010,2025-09-19,118.6204,118.7769,118.7552,,
900291,FUND011,2025-09-19,144.5669,143.9386,144.4408,,
900292,FUND012,2025-09-19,160.8756,160.8071,161.0351,,
900293,FUND013,2025-09-19,170.5289,170.6562,170.3699,,
900294,FUND014,2025-09-19,122.6172,122.5438,122.5323,,
900295,FUND015,2025-09-19,155.0312,156.0946,154.881,,
900296,FUND016,2025-09-19,27.5303,27.7217,27.5025,,
900297,FUND017,2025-09-19,23.6972,23.6014,23.7155,,
900298,FUND018,2025-09-19,241.1859,242.7876,241.1362,,
900299,FUND019,2025-09-19,157.547,157.201,157.7935,,
900300,FUND020,2025-09-19,131.2886,132.0572,131.1706,,
900301,FUND001,2025-09-22,31.9099,31.7676,31.928,,
900302,FUND002,2025-09-22,141.0071,140.6794,140.9737,,
900303,FUND003,2025-09-22,206.0963,206.4158,206.1098,,
900304,FUND004,2025-09-22,79.9083,79.8015,79.9285,,
900305,FUND005,2025-09-22,200.0503,199.6094,200.1891,,
900306,FUND006,2025-09-22,219.328,218.9622,219.2828,,
900307,FUND007,2025-09-22,175.9526,175.0653,175.8498,,
900308,FUND008,2025-09-22,56.5421,56.7409,56.5013,,
900309,FUND009,2025-09-22,197.6324,196.9006,197.4936,,
900310,FUND010,2025-09-22,118.2767,118.6204,118.3895,,
900311,FUND011,2025-09-22,145.6217,144.5669,145.5753,,
900312,FUND012,2025-09-22,160.9123,160.8756,160.8869,,
900313,FUND013,2025-09-22,170.5119,170.5289,170.4395,,
900314,FUND014,2025-09-22,122.6964,122.6172,122.6881,,
900315,FUND015,2025-09-22,155.804,155.0312,155.9728,,
900316,FUND016,2025-09-22,27.8377,27.5303,27.843,,
900317,FUND017,2025-09-22,23.763,23.6972,23.7489,,
900318,FUND018,2025-09-22,241.3312,241.1859,241.4179,,
900319,FUND019,2025-09-22,157.8457,157.547,157.9426,,
900320,FUND020,2025-09-22,131.3187,131.2886,131.2751,,
900321,FUND001,2025-09-23,32.0516,31.9099,32.0306,,
900322,FUND002,2025-09-23,141.4888,141.0071,141.5076,,
900323,FUND003,2025-09-23,205.88,206.0963,205.923,,
900324,FUND004,2025-09-23,79.4149,79.9083,79.4702,,
900325,FUND005,2025-09-23,200.6292,200.0503,200.6515,,
900326,FUND006,2025-09-23,219.0268,219.328,219.083,,
900327,FUND007,2025-09-23,176.2939,175.9526,176.415,,
900328,FUND008,2025-09-23,56.8403,56.5421,56.9333,,
900329,FUND009,2025-09-23,197.5838,197.6324,197.5554,,
900330,FUND010,2025-09-23,118.479,118.2767,118.5189,,
900331,FUND011,2025-09-23,144.9976,145.6217,144.8426,,
900332,FUND012,2025-09-23,159.8449,160.9123,159.8511,,
900333,FUND013,2025-09-23,170.362,170.5119,170.4664,,
900334,FUND014,2025-09-23,123.2753,122.6964,123.2831,,
900335,FUND015,2025-09-23,155.3497,155.804,155.2446,,
900336,FUND016,2025-09-23,27.6376,27.8377,27.6494,,
900337,FUND017,2025-09-23,23.6385,23.763,23.6442,,
900338,FUND018,2025-09-23,241.1258,241.3312,241.3009,,
900339,FUND019,2025-09-23,157.4931,157.8457,157.4386,,
900340,FUND020,2025-09-23,130.5303,131.3187,130.5157,,
900341,FUND001,2025-09-24,32.1726,32.0516,32.1679,,
900342,FUND002,2025-09-24,140.9119,141.4888,140.9825,,
900343,FUND003,2025-09-24,206.0384,205.88,205.8602,,
900344,FUND004,2025-09-24,79.3332,79.4149,79.3267,,
900345,FUND005,2025-09-24,201.632,200.6292,201.5996,,
900346,FUND006,2025-09-24,220.0487,219.0268,220.3282,,
900347,FUND007,2025-09-24,176.2979,176.2939,176.346,,
900348,FUND008,2025-09-24,56.7383,56.8403,56.7625,,
900349,FUND009,2025-09-24,197.651,197.5838,197.4975,,
900350,FUND010,2025-09-24,118.7199,118.479,118.6579,,
900351,FUND011,2025-09-24,145.1735,144.9976,145.3182,,
900352,FUND012,2025-09-24,159.6905,159.8449,159.4898,,
900353,FUND013,2025-09-24,170.1689,170.362,170.038,,
900354,FUND014,2025-09-24,123.3821,123.2753,123.3389,,
900355,FUND015,2025-09-24,154.38,155.3497,154.3597,,
900356,FUND016,2025-09-24,27.6961,27.6376,27.6978,,
900357,FUND017,2025-09-24,23.5667,23.6385,23.5355,,
900358,FUND018,2025-09-24,242.2177,241.1258,242.325,,
900359,FUND019,2025-09-24,157.579,157.4931,157.6315,,
900360,FUND020,2025-09-24,130.8836,130.5303,130.8245,,
900361,FUND001,2025-09-25,32.0384,32.1726,32.0266,,
900362,FUND002,2025-09-25,140.8566,140.9119,140.9144,,
900363,FUND003,2025-09-25,205.695,206.0384,205.7513,,
900364,FUND004,2025-09-25,79.0757,79.3332,79.1041,,
900365,FUND005,2025-09-25,201.5034,201.632,201.6836,,
900366,FUND006,2025-09-25,219.3825,220.0487,219.4547,,
900367,FUND007,2025-09-25,175.5701,176.2979,175.5847,,
900368,FUND008,2025-09-25,56.5916,56.7383,56.6365,,
900369,FUND009,2025-09-25,197.4316,197.651,197.3967,,
900370,FUND010,2025-09-25,118.7333,118.7199,118.7358,,
900371,FUND011,2025-09-25,144.8922,145.1735,144.781,,
900372,FUND012,2025-09-25,160.638,159.6905,160.5285,,
900373,FUND013,2025-09-25,169.8168,170.1689,169.7731,,
900374,FUND014,2025-09-25,122.805,123.3821,122.7872,,
900375,FUND015,2025-09-25,154.3933,154.38,154.5282,,
900376,FUND016,2025-09-25,27.7124,27.6961,27.7236,,
900377,FUND017,2025-09-25,23.5067,23.5667,23.4814,,
900378,FUND018,2025-09-25,242.922,242.2177,243.059,,
900379,FUND019,2025-09-25,158.3833,157.579,158.6018,,
900380,FUND020,2025-09-25,130.6042,130.8836,130.5397,,
900381,FUND001,2025-09-26,32.2291,32.0384,32.2512,,
900382,FUND002,2025-09-26,141.6524,140.8566,141.6055,,
900383,FUND003,2025-09-26,204.8483,205.695,204.9153,,
900384,FUND004,2025-09-26,79.2161,79.0757,79.2484,,
900385,FUND005,2025-09-26,201.2024,201.5034,201.1772,,
900386,FUND006,2025-09-26,218.8765,219.3825,218.9787,,
900387,FUND007,2025-09-26,176.3036,175.5701,176.2024,,
900388,FUND008,2025-09-26,56.3441,56.5916,56.3864,,
900389,FUND009,2025-09-26,196.2545,197.4316,196.2702,,
900390,FUND010,2025-09-26,118.6414,118.7333,118.6754,,
900391,FUND011,2025-09-26,145.6527,144.8922,145.6415,,
900392,FUND012,2025-09-26,160.4013,160.638,160.2997,,
900393,FUND013,2025-09-26,169.1547,169.8168,168.8725,,
900394,FUND014,2025-09-26,122.752,122.805,122.7513,,
900395,FUND015,2025-09-26,153.8288,154.3933,153.6981,,
900396,FUND016,2025-09-26,27.8342,27.7124,27.8272,,
900397,FUND017,2025-09-26,23.5749,23.5067,23.5893,,
900398,FUND018,2025-09-26,244.1422,242.922,243.8015,,
900399,FUND019,2025-09-26,158.275,158.3833,158.2602,,
900400,FUND020,2025-09-26,131.5178,130.6042,131.4342,,
900401,FUND001,2025-09-29,32.1363,32.2291,32.1147,,
900402,FUND002,2025-09-29,141.1485,141.6524,141.0789,,
900403,FUND003,2025-09-29,203.0578,204.8483,203.1034,,
900404,FUND004,2025-09-29,79.7029,79.2161,79.6921,,
900405,FUND005,2025-09-29,201.2167,201.2024,201.0246,,
900406,FUND006,2025-09-29,219.6461,218.8765,219.6034,,
900407,FUND007,2025-09-29,176.1138,176.3036,176.1922,,
900408,FUND008,2025-09-29,56.1918,56.3441,56.1858,,
900409,FUND009,2025-09-29,196.3395,196.2545,196.2149,,
900410,FUND010,2025-09-29,118.0162,118.6414,118.0257,,
900411,FUND011,2025-09-29,145.6791,145.6527,145.6302,,
900412,FUND012,2025-09-29,160.6644,160.4013,160.6882,,
900413,FUND013,2025-09-29,169.0933,169.1547,169.09,,
900414,FUND014,2025-09-29,122.297,122.752,122.3891,,
900415,FUND015,2025-09-29,152.9262,153.8288,152.7002,,
900416,FUND016,2025-09-29,27.8137,27.8342,27.787,,
900417,FUND017,2025-09-29,23.5028,23.5749,23.4951,,
900418,FUND018,2025-09-29,244.7182,244.1422,244.634,,
900419,FUND019,2025-09-29,159.4557,158.275,159.5621,,
900420,FUND020,2025-09-29,131.4155,131.5178,131.4673,,
900421,FUND001,2025-09-30,32.2626,32.1363,32.2818,,
900422,FUND002,2025-09-30,141.1127,141.1485,141.0819,,
900423,FUND003,2025-09-30,203.3527,203.0578,203.026,,
900424,FUND004,2025-09-30,80.17,79.7029,80.1675,,
900425,FUND005,2025-09-30,202.7579,201.2167,202.7473,,
900426,FUND006,2025-09-30,218.0523,219.6461,218.1078,,
900427,FUND007,2025-09-30,175.0438,176.1138,175.0406,,
900428,FUND008,2025-09-30,56.1224,56.1918,56.163,,
900429,FUND009,2025-09-30,196.9927,196.3395,197.1741,,
900430,FUND010,2025-09-30,118.0952,118.0162,118.1758,,
900431,FUND011,2025-09-30,144.8135,145.6791,144.7501,,
900432,FUND012,2025-09-30,161.1862,160.6644,161.1938,,
900433,FUND013,2025-09-30,169.3945,169.0933,169.3804,,
900434,FUND014,2025-09-30,122.2516,122.297,122.2404,,
900435,FUND015,2025-09-30,152.8444,152.9262,152.8691,,
900436,FUND016,2025-09-30,27.8607,27.8137,27.8606,,
900437,FUND017,2025-09-30,23.4549,23.5028,23.4514,,
900438,FUND018,2025-09-30,244.2088,244.7182,244.2305,,
900439,FUND019,2025-09-30,159.0063,159.4557,159.0321,,
900440,FUND020,2025-09-30,131.5204,131.4155,131.7191,,
900441,FUND001,2025-10-01,32.1354,32.2626,32.1501,,
900442,FUND002,2025-10-01,141.8102,141.1127,141.7484,,
900443,FUND003,2025-10-01,202.6342,203.3527,202.7132,,
900444,FUND004,2025-10-01,80.79,80.17,80.8177,,
900445,FUND005,2025-10-01,203.4962,202.7579,203.3802,,
900446,FUND006,2025-10-01,219.834,218.0523,219.9279,,
900447,FUND007,2025-10-01,175.3825,175.0438,175.3675,,
900448,FUND008,2025-10-01,56.3546,56.1224,56.27,,
900449,FUND009,2025-10-01,196.228,196.9927,196.2133,,
900450,FUND010,2025-10-01,117.5253,118.0952,117.5382,,
900451,FUND011,2025-10-01,145.7309,144.8135,145.6677,,
900452,FUND012,2025-10-01,160.4969,161.1862,160.605,,
900453,FUND013,2025-10-01,170.398,169.3945,170.4551,,
900454,FUND014,2025-10-01,121.9957,122.2516,121.9394,,
900455,FUND015,2025-10-01,153.3657,152.8444,153.3965,,
900456,FUND016,2025-10-01,28.0231,27.8607,28.0183,,
900457,FUND017,2025-10-01,23.2806,23.4549,23.2696,,
900458,FUND018,2025-10-01,245.6017,244.2088,245.5895,,
900459,FUND019,2025-10-01,159.1751,159.0063,159.2768,,
900460,FUND020,2025-10-01,132.0185,131.5204,132.0354,,
900461,FUND001,2025-10-02,32.0534,32.1354,32.0543,,
900462,FUND002,2025-10-02,141.4379,141.8102,141.4118,,
900463,FUND003,2025-10-02,203.5102,202.6342,203.4028,,
900464,FUND004,2025-10-02,80.6519,80.79,80.6658,,
900465,FUND005,2025-10-02,204.0013,203.4962,203.78,,
900466,FUND006,2025-10-02,220.7126,219.834,220.6101,,
900467,FUND007,2025-10-02,175.1384,175.3825,177.1898,2025-10-02,2025-10-03
900468,FUND008,2025-10-02,56.4853,56.3546,56.5024,,
900469,FUND009,2025-10-02,196.8809,196.228,196.8874,,
900470,FUND010,2025-10-02,117.7914,117.5253,119.4699,2025-10-02,2025-10-04
900471,FUND011,2025-10-02,145.4968,145.7309,145.3995,,
900472,FUND012,2025-10-02,160.5742,160.4969,160.6183,,
900473,FUND013,2025-10-02,169.1105,170.398,169.1638,,
900474,FUND014,2025-10-02,122.9175,121.9957,122.9417,,
900475,FUND015,2025-10-02,151.7865,153.3657,151.9126,,
900476,FUND016,2025-10-02,27.9255,28.0231,27.9188,,
900477,FUND017,2025-10-02,23.3566,23.2806,23.3373,,
900478,FUND018,2025-10-02,245.7827,245.6017,246.0148,,
900479,FUND019,2025-10-02,158.8029,159.1751,158.7251,,
900480,FUND020,2025-10-02,132.7043,132.0185,132.6896,,
900481,FUND001,2025-10-03,31.9838,32.0534,31.9786,,
900482,FUND002,2025-10-03,141.3653,141.4379,141.3467,,
900483,FUND003,2025-10-03,203.6964,203.5102,203.8077,,
900484,FUND004,2025-10-03,80.8159,80.6519,80.7655,,
900485,FUND005,2025-10-03,204.3009,204.0013,204.2791,,
900486,FUND006,2025-10-03,219.874,220.7126,219.8393,,
900487,FUND007,2025-10-03,175.5565,175.1384,175.6317,,
900488,FUND008,2025-10-03,56.6072,56.4853,56.5741,,
900489,FUND009,2025-10-03,196.9158,196.8809,196.8636,,
900490,FUND010,2025-10-03,118.2052,117.7914,118.3355,,
900491,FUND011,2025-10-03,146.357,145.4968,146.3493,,
900492,FUND012,2025-10-03,160.2676,160.5742,160.2314,,
900493,FUND013,2025-10-03,169.8622,169.1105,169.8018,,
900494,FUND014,2025-10-03,124.1952,122.9175,124.1309,,
900495,FUND015,2025-10-03,151.5716,151.7865,151.4625,,
900496,FUND016,2025-10-03,27.9042,27.9255,27.8929,,
900497,FUND017,2025-10-03,23.2026,23.3566,23.2157,,
900498,FUND018,2025-10-03,246.3185,245.7827,246.2401,,
900499,FUND019,2025-10-03,158.514,158.8029,158.7022,,
900500,FUND020,2025-10-03,132.3061,132.7043,132.1924,,
900501,FUND001,2025-10-06,32.1009,31.9838,32.0774,,
900502,FUND002,2025-10-06,140.7559,141.3653,140.7578,,
900503,FUND003,2025-10-06,202.4226,203.6964,202.5596,,
900504,FUND004,2025-10-06,80.4591,80.8159,80.4544,,
900505,FUND005,2025-10-06,204.0867,204.3009,204.0506,,
900506,FUND006,2025-10-06,220.6079,219.874,220.4278,,
900507,FUND007,2025-10-06,175.5419,175.5565,175.5496,,
900508,FUND008,2025-10-06,56.3549,56.6072,56.3438,,
900509,FUND009,2025-10-06,196.8942,196.9158,196.8553,,
900510,FUND010,2025-10-06,117.5433,118.2052,117.5608,,
900511,FUND011,2025-10-06,146.5437,146.357,146.4003,,
900512,FUND012,2025-10-06,160.0484,160.2676,159.8847,,
900513,FUND013,2025-10-06,169.1682,169.8622,169.2254,,
900514,FUND014,2025-10-06,124.9919,124.1952,124.9933,,
900515,FUND015,2025-10-06,151.354,151.5716,151.3623,,
900516,FUND016,2025-10-06,27.6841,27.9042,27.699,,
900517,FUND017,2025-10-06,23.2672,23.2026,23.2666,,
900518,FUND018,2025-10-06,246.5407,246.3185,246.5375,,
900519,FUND019,2025-10-06,158.1994,158.514,158.231,,
900520,FUND020,2025-10-06,132.3834,132.3061,132.5358,,
900521,FUND001,2025-10-07,32.0227,32.1009,32.0346,,
900522,FUND002,2025-10-07,140.8831,140.7559,140.8867,,
900523,FUND003,2025-10-07,202.8954,202.4226,202.8626,,
900524,FUND004,2025-10-07,79.9898,80.4591,80.0477,,
900525,FUND005,2025-10-07,205.4103,204.0867,205.2387,,
900526,FUND006,2025-10-07,221.3681,220.6079,221.3338,,
900527,FUND007,2025-10-07,174.31,175.5419,174.4012,,
900528,FUND008,2025-10-07,56.2743,56.3549,56.3093,,
900529,FUND009,2025-10-07,196.4065,196.8942,196.3729,,
900530,FUND010,2025-10-07,117.9065,117.5433,117.8127,,
900531,FUND011,2025-10-07,146.5526,146.5437,146.7268,,
900532,FUND012,2025-10-07,160.2771,160.0484,160.2558,,
900533,FUND013,2025-10-07,169.412,169.1682,169.5135,,
900534,FUND014,2025-10-07,124.4863,124.9919,125.4809,2025-10-07,2025-10-09
900535,FUND015,2025-10-07,151.8376,151.354,151.872,,
900536,FUND016,2025-10-07,27.6262,27.6841,27.627,,
900537,FUND017,2025-10-07,23.2572,23.2672,23.2804,,
900538,FUND018,2025-10-07,247.2156,246.5407,247.3723,,
900539,FUND019,2025-10-07,156.4259,158.1994,156.3782,,
900540,FUND020,2025-10-07,131.9614,132.3834,131.906,,
900541,FUND001,2025-10-08,32.083,32.0227,32.0487,,
900542,FUND002,2025-10-08,140.9603,140.8831,141.0269,,
900543,FUND003,2025-10-08,202.3139,202.8954,202.3595,,
900544,FUND004,2025-10-08,79.7075,79.9898,79.6628,,
900545,FUND005,2025-10-08,205.0846,205.4103,204.9751,,
900546,FUND006,2025-10-08,221.7418,221.3681,221.7958,,
900547,FUND007,2025-10-08,173.9752,174.31,174.022,,
900548,FUND008,2025-10-08,56.1232,56.2743,56.0914,,
900549,FUND009,2025-10-08,196.8476,196.4065,196.8356,,
900550,FUND010,2025-10-08,117.6631,117.9065,117.5751,,
900551,FUND011,2025-10-08,147.4112,146.5526,147.3215,,
900552,FUND012,2025-10-08,160.3219,160.2771,160.228,,
900553,FUND013,2025-10-08,169.6859,169.412,169.7808,,
900554,FUND014,2025-10-08,124.3828,124.4863,124.294,,
900555,FUND015,2025-10-08,151.4506,151.8376,151.3486,,
900556,FUND016,2025-10-08,27.3755,27.6262,27.3628,,
900557,FUND017,2025-10-08,23.2615,23.2572,23.2579,,
900558,FUND018,2025-10-08,247.2582,247.2156,247.4058,,
900559,FUND019,2025-10-08,156.1418,156.4259,156.1423,,
900560,FUND020,2025-10-08,132.025,131.9614,131.9164,,
900561,FUND001,2025-10-09,32.2755,32.083,32.323,,
900562,FUND002,2025-10-09,141.3704,140.9603,141.4164,,
900563,FUND003,2025-10-09,201.8149,202.3139,201.8636,,
900564,FUND004,2025-10-09,79.4961,79.7075,79.5649,,
900565,FUND005,2025-10-09,204.0303,205.0846,204.1422,,
900566,FUND006,2025-10-09,221.1928,221.7418,220.9898,,
900567,FUND007,2025-10-09,174.87,173.9752,174.7793,,
900568,FUND008,2025-10-09,55.8952,56.1232,55.8386,,
900569,FUND009,2025-10-09,197.7274,196.8476,197.6434,,
900570,FUND010,2025-10-09,118.0127,117.6631,117.9608,,
900571,FUND011,2025-10-09,147.3838,147.4112,147.2526,,
900572,FUND012,2025-10-09,159.3412,160.3219,159.4916,,
900573,FUND013,2025-10-09,169.535,169.6859,169.4697,,
900574,FUND014,2025-10-09,123.7234,124.3828,123.6529,,
900575,FUND015,2025-10-09,150.9198,151.4506,150.8553,,
900576,FUND016,2025-10-09,27.485,27.3755,27.4959,,
900577,FUND017,2025-10-09,23.388,23.2615,23.3777,,
900578,FUND018,2025-10-09,245.8956,247.2582,245.7528,,
900579,FUND019,2025-10-09,155.0304,156.1418,154.9315,,
900580,FUND020,2025-10-09,133.2917,132.025,133.3154,,
900581,FUND001,2025-10-10,32.273,32.2755,32.2968,,
900582,FUND002,2025-10-10,140.5905,141.3704,140.5287,,
900583,FUND003,2025-10-10,202.5361,201.8149,202.41,,
900584,FUND004,2025-10-10,80.1013,79.4961,80.1593,,
900585,FUND005,2025-10-10,203.5347,204.0303,203.4909,,
900586,FUND006,2025-10-10,222.5549,221.1928,222.6004,,
900587,FUND007,2025-10-10,174.1286,174.87,174.1979,,
900588,FUND008,2025-10-10,55.7375,55.8952,55.7062,,
900589,FUND009,2025-10-10,196.8342,197.7274,196.6822,,
900590,FUND010,2025-10-10,117.7857,118.0127,117.9139,,
900591,FUND011,2025-10-10,147.4188,147.3838,147.4765,,
900592,FUND012,2025-10-10,159.0454,159.3412,158.991,,
900593,FUND013,2025-10-10,169.5842,169.535,169.605,,
900594,FUND014,2025-10-10,125.1282,123.7234,125.0939,,
900595,FUND015,2025-10-10,150.2778,150.9198,150.2559,,
900596,FUND016,2025-10-10,27.456,27.485,27.45,,
900597,FUND017,2025-10-10,23.3158,23.388,23.3026,,
900598,FUND018,2025-10-10,247.6452,245.8956,247.5225,,
900599,FUND019,2025-10-10,155.4114,155.0304,155.3893,,
900600,FUND020,2025-10-10,133.7374,133.2917,133.655,,
900601,FUND001,2025-10-13,32.359,32.273,32.3606,,
900602,FUND002,2025-10-13,141.3889,140.5905,141.1971,,
900603,FUND003,2025-10-13,204.6341,202.5361,204.6035,,
900604,FUND004,2025-10-13,80.2593,80.1013,80.3236,,
900605,FUND005,2025-10-13,202.9077,203.5347,202.8548,,
900606,FUND006,2025-10-13,222.5399,222.5549,222.3976,,
900607,FUND007,2025-10-13,173.8136,174.1286,173.808,,
900608,FUND008,2025-10-13,55.6298,55.7375,55.6656,,
900609,FUND009,2025-10-13,196.3491,196.8342,196.3329,,
900610,FUND010,2025-10-13,118.0077,117.7857,118.0712,,
900611,FUND011,2025-10-13,147.1945,147.4188,147.1635,,
900612,FUND012,2025-10-13,159.0999,159.0454,159.0573,,
900613,FUND013,2025-10-13,169.7544,169.5842,169.8927,,
900614,FUND014,2025-10-13,125.2214,125.1282,126.8767,2025-10-13,2025-10-14
900615,FUND015,2025-10-13,150.3464,150.2778,150.358,,
900616,FUND016,2025-10-13,27.482,27.456,27.465,,
900617,FUND017,2025-10-13,23.2502,23.3158,23.2418,,
900618,FUND018,2025-10-13,248.6167,247.6452,248.5797,,
900619,FUND019,2025-10-13,154.2974,155.4114,154.2344,,
900620,FUND020,2025-10-13,133.0261,133.7374,132.9779,,
900621,FUND001,2025-10-14,32.1128,32.359,32.1289,,
900622,FUND002,2025-10-14,142.5985,141.3889,142.6905,,
900623,FUND003,2025-10-14,204.8459,204.6341,204.8204,,
900624,FUND004,2025-10-14,80.1676,80.2593,80.1811,,
900625,FUND005,2025-10-14,202.5912,202.9077,202.3502,,
900626,FUND006,2025-10-14,222.4729,222.5399,222.6204,,
900627,FUND007,2025-10-14,174.3096,173.8136,174.3789,,
900628,FUND008,2025-10-14,55.3861,55.6298,55.3796,,
900629,FUND009,2025-10-14,196.0306,196.3491,196.143,,
900630,FUND010,2025-10-14,118.4195,118.0077,118.4366,,
900631,FUND011,2025-10-14,147.6507,147.1945,147.6373,,
900632,FUND012,2025-10-14,159.205,159.0999,159.1773,,
900633,FUND013,2025-10-14,169.3075,169.7544,169.2545,,
900634,FUND014,2025-10-14,125.0707,125.2214,125.0199,,
900635,FUND015,2025-10-14,150.8659,150.3464,149.1724,2025-10-14,2025-10-15
900636,FUND016,2025-10-14,27.4596,27.482,27.44,,
900637,FUND017,2025-10-14,23.2667,23.2502,23.2707,,
900638,FUND018,2025-10-14,246.2997,248.6167,246.2879,,
900639,FUND019,2025-10-14,153.3966,154.2974,153.3662,,
900640,FUND020,2025-10-14,132.1305,133.0261,132.1574,,
900641,FUND001,2025-10-15,32.0774,32.1128,32.0813,,
900642,FUND002,2025-10-15,141.9552,142.5985,141.953,,
900643,FUND003,2025-10-15,204.117,204.8459,204.0223,,
900644,FUND004,2025-10-15,80.4459,80.1676,80.4359,,
900645,FUND005,2025-10-15,202.956,202.5912,202.8435,,
900646,FUND006,2025-10-15,222.9,222.4729,222.7983,,
900647,FUND007,2025-10-15,174.1307,174.3096,174.1633,,
900648,FUND008,2025-10-15,55.5347,55.3861,55.5286,,
900649,FUND009,2025-10-15,196.2882,196.0306,196.2472,,
900650,FUND010,2025-10-15,118.3626,118.4195,118.3483,,
900651,FUND011,2025-10-15,147.2026,147.6507,147.1907,,
900652,FUND012,2025-10-15,158.0518,159.205,158.0196,,
900653,FUND013,2025-10-15,169.3633,169.3075,169.3996,,
900654,FUND014,2025-10-15,124.6524,125.0707,124.5779,,
900655,FUND015,2025-10-15,150.4742,150.8659,150.5328,,
900656,FUND016,2025-10-15,27.2782,27.4596,27.2729,,
900657,FUND017,2025-10-15,23.1998,23.2667,23.2072,,
900658,FUND018,2025-10-15,246.7102,246.2997,246.9069,,
900659,FUND019,2025-10-15,153.3886,153.3966,153.336,,
900660,FUND020,2025-10-15,132.9549,132.1305,133.0659,,
900661,FUND001,2025-10-16,32.0086,32.0774,31.9855,,
900662,FUND002,2025-10-16,141.941,141.9552,141.9849,,
900663,FUND003,2025-10-16,204.5712,204.117,204.5521,,
900664,FUND004,2025-10-16,80.2358,80.4459,80.2986,,
900665,FUND005,2025-10-16,202.149,202.956,202.2848,,
900666,FUND006,2025-10-16,222.376,222.9,222.4555,,
900667,FUND007,2025-10-16,175.1479,174.1307,175.205,,
900668,FUND008,2025-10-16,55.5881,55.5347,55.578,,
900669,FUND009,2025-10-16,197.0087,196.2882,197.0876,,
900670,FUND010,2025-10-16,117.8965,118.3626,117.9755,,
900671,FUND011,2025-10-16,146.86,147.2026,146.8641,,
900672,FUND012,2025-10-16,158.0662,158.0518,158.0715,,
900673,FUND013,2025-10-16,169.0013,169.3633,168.8565,,
900674,FUND014,2025-10-16,124.7392,124.6524,124.7604,,
900675,FUND015,2025-10-16,149.917,150.4742,150.0041,,
900676,FUND016,2025-10-16,27.2978,27.2782,27.3231,,
900677,FUND017,2025-10-16,23.1789,23.1998,23.1869,,
900678,FUND018,2025-10-16,246.5645,246.7102,246.4566,,
900679,FUND019,2025-10-16,152.6763,153.3886,152.7087,,
900680,FUND020,2025-10-16,133.6021,132.9549,133.7392,,
900681,FUND001,2025-10-17,32.1079,32.0086,32.1303,,
900682,FUND002,2025-10-17,141.8837,141.941,141.8922,,
900683,FUND003,2025-10-17,204.8499,204.5712,204.7566,,
900684,FUND004,2025-10-17,80.0884,80.2358,79.9614,,
900685,FUND005,2025-10-17,201.5541,202.149,201.4393,,
900686,FUND006,2025-10-17,223.2411,222.376,223.4187,,
900687,FUND007,2025-10-17,175.7333,175.1479,175.7589,,
900688,FUND008,2025-10-17,55.6272,55.5881,55.6169,,
900689,FUND009,2025-10-17,195.624,197.0087,195.7187,,
900690,FUND010,2025-10-17,118.2486,117.8965,118.2474,,
900691,FUND011,2025-10-17,147.2736,146.86,147.3701,,
900692,FUND012,2025-10-17,158.164,158.0662,158.1537,,
900693,FUND013,2025-10-17,168.4961,169.0013,168.4775,,
900694,FUND014,2025-10-17,125.3626,124.7392,125.3417,,
900695,FUND015,2025-10-17,150.7725,149.917,150.779,,
900696,FUND016,2025-10-17,27.3678,27.2978,27.376,,
900697,FUND017,2025-10-17,23.3528,23.1789,23.3415,,
900698,FUND018,2025-10-17,246.972,246.5645,247.1132,,
900699,FUND019,2025-10-17,151.8183,152.6763,151.6888,,
900700,FUND020,2025-10-17,133.8346,133.6021,133.7421,,
900701,FUND001,2025-10-20,32.024,32.1079,32.0545,,
900702,FUND002,2025-10-20,142.1392,141.8837,142.2,,
900703,FUND003,2025-10-20,205.7726,204.8499,205.6173,,
900704,FUND004,2025-10-20,80.1354,80.0884,80.1143,,
900705,FUND005,2025-10-20,201.2129,201.5541,201.2505,,
900706,FUND006,2025-10-20,223.7518,223.2411,223.6919,,
900707,FUND007,2025-10-20,175.1759,175.7333,175.0142,,
900708,FUND008,2025-10-20,55.8626,55.6272,55.8697,,
900709,FUND009,2025-10-20,194.4394,195.624,194.3418,,
900710,FUND010,2025-10-20,119.0603,118.2486,119.1076,,
900711,FUND011,2025-10-20,146.885,147.2736,146.8658,,
900712,FUND012,2025-10-20,158.1095,158.164,158.2226,,
900713,FUND013,2025-10-20,168.857,168.4961,169.0316,,
900714,FUND014,2025-10-20,125.954,125.3626,126.0634,,
900715,FUND015,2025-10-20,150.1953,150.7725,150.2435,,
900716,FUND016,2025-10-20,27.4955,27.3678,27.479,,
900717,FUND017,2025-10-20,23.4143,23.3528,23.4158,,
900718,FUND018,2025-10-20,247.4569,246.972,247.3799,,
900719,FUND019,2025-10-20,151.6543,151.8183,151.5988,,
900720,FUND020,2025-10-20,133.1836,133.8346,133.0237,,
900721,FUND001,2025-10-21,31.9813,32.024,31.9779,,
900722,FUND002,2025-10-21,141.2257,142.1392,141.2126,,
900723,FUND003,2025-10-21,205.8832,205.7726,205.9038,,
900724,FUND004,2025-10-21,79.8854,80.1354,79.8381,,
900725,FUND005,2025-10-21,201.2846,201.2129,201.0172,,
900726,FUND006,2025-10-21,224.8592,223.7518,224.5726,,
900727,FUND007,2025-10-21,175.9663,175.1759,176.0042,,
900728,FUND008,2025-10-21,55.9781,55.8626,55.9696,,
900729,FUND009,2025-10-21,193.4727,194.4394,193.1346,,
900730,FUND010,2025-10-21,119.2923,119.0603,119.3216,,
900731,FUND011,2025-10-21,145.8404,146.885,145.7739,,
900732,FUND012,2025-10-21,158.0504,158.1095,158.0777,,
900733,FUND013,2025-10-21,167.5792,168.857,167.5615,,
900734,FUND014,2025-10-21,126.0977,125.954,126.1075,,
900735,FUND015,2025-10-21,150.9065,150.1953,151.0508,,
900736,FUND016,2025-10-21,27.458,27.4955,27.4636,,
900737,FUND017,2025-10-21,23.4863,23.4143,23.472,,
900738,FUND018,2025-10-21,245.4831,247.4569,245.5478,,
900739,FUND019,2025-10-21,150.9217,151.6543,150.9257,,
900740,FUND020,2025-10-21,133.2495,133.1836,133.2762,,
900741,FUND001,2025-10-22,31.9981,31.9813,31.9867,,
900742,FUND002,2025-10-22,141.8647,141.2257,141.9138,,
900743,FUND003,2025-10-22,205.6847,205.8832,205.54,,
900744,FUND004,2025-10-22,79.7648,79.8854,79.687,,
900745,FUND005,2025-10-22,199.381,201.2846,199.2692,,
900746,FUND006,2025-10-22,224.6085,224.8592,224.5861,,
900747,FUND007,2025-10-22,175.4168,175.9663,175.4407,,
900748,FUND008,2025-10-22,55.6699,55.9781,55.6646,,
900749,FUND009,2025-10-22,194.5977,193.4727,194.308,,
900750,FUND010,2025-10-22,118.6434,119.2923,118.6681,,
900751,FUND011,2025-10-22,146.6403,145.8404,146.5965,,
900752,FUND012,2025-10-22,157.7801,158.0504,157.6818,,
900753,FUND013,2025-10-22,166.4389,167.5792,166.4614,,
900754,FUND014,2025-10-22,126.7019,126.0977,126.6813,,
900755,FUND015,2025-10-22,151.5791,150.9065,151.5755,,
900756,FUND016,2025-10-22,27.3305,27.458,27.3357,,
900757,FUND017,2025-10-22,23.4703,23.4863,23.4483,,
900758,FUND018,2025-10-22,244.7342,245.4831,244.8027,,
900759,FUND019,2025-10-22,151.1149,150.9217,151.0984,,
900760,FUND020,2025-10-22,133.5632,133.2495,133.645,,
900761,FUND001,2025-10-23,32.2522,31.9981,32.2701,,
900762,FUND002,2025-10-23,141.7467,141.8647,141.7806,,
900763,FUND003,2025-10-23,207.3088,205.6847,207.3075,,
900764,FUND004,2025-10-23,79.9603,79.7648,80.0187,,
900765,FUND005,2025-10-23,198.8798,199.381,199.002,,
900766,FUND006,2025-10-23,224.7242,224.6085,225.0024,,
900767,FUND007,2025-10-23,175.4318,175.4168,175.4304,,
900768,FUND008,2025-10-23,55.5939,55.6699,55.6159,,
900769,FUND009,2025-10-23,194.5384,194.5977,194.5528,,
900770,FUND010,2025-10-23,118.7137,118.6434,118.7103,,
900771,FUND011,2025-10-23,146.6593,146.6403,146.68,,
900772,FUND012,2025-10-23,156.6936,157.7801,156.7266,,
900773,FUND013,2025-10-23,167.0698,166.4389,167.2118,,
900774,FUND014,2025-10-23,125.9471,126.7019,125.9843,,
900775,FUND015,2025-10-23,150.5007,151.5791,150.4817,,
900776,FUND016,2025-10-23,27.3141,27.3305,27.3239,,
900777,FUND017,2025-10-23,23.4412,23.4703,23.4327,,
900778,FUND018,2025-10-23,245.1069,244.7342,245.1082,,
900779,FUND019,2025-10-23,151.6808,151.1149,151.7288,,
900780,FUND020,2025-10-23,134.5269,133.5632,134.498,,
900781,FUND001,2025-10-24,32.0716,32.2522,32.0715,,
900782,FUND002,2025-10-24,141.4636,141.7467,141.3461,,
900783,FUND003,2025-10-24,208.749,207.3088,208.4643,,
900784,FUND004,2025-10-24,80.1822,79.9603,80.1888,,
900785,FUND005,2025-10-24,199.6147,198.8798,199.7759,,
900786,FUND006,2025-10-24,223.9744,224.7242,224.0745,,
900787,FUND007,2025-10-24,175.9875,175.4318,176.0276,,
900788,FUND008,2025-10-24,55.764,55.5939,55.7284,,
900789,FUND009,2025-10-24,194.9132,194.5384,194.8868,,
900790,FUND010,2025-10-24,118.5259,118.7137,118.5301,,
900791,FUND011,2025-10-24,146.5149,146.6593,146.3811,,
900792,FUND012,2025-10-24,156.9977,156.6936,157.1742,,
900793,FUND013,2025-10-24,165.7363,167.0698,165.7009,,
900794,FUND014,2025-10-24,125.2583,125.9471,125.3211,,
900795,FUND015,2025-10-24,150.6104,150.5007,150.7239,,
900796,FUND016,2025-10-24,27.2786,27.3141,27.2473,,
900797,FUND017,2025-10-24,23.385,23.4412,23.3836,,
900798,FUND018,2025-10-24,246.8086,245.1069,247.071,,
900799,FUND019,2025-10-24,151.5538,151.6808,151.5548,,
900800,FUND020,2025-10-24,134.521,134.5269,134.5207,,
900801,FUND001,2025-10-27,32.0679,32.0716,32.0378,,
900802,FUND002,2025-10-27,140.6358,141.4636,140.7003,,
900803,FUND003,2025-10-27,208.0269,208.749,207.9362,,
900804,FUND004,2025-10-27,79.7396,80.1822,79.7301,,
900805,FUND005,2025-10-27,199.9157,199.6147,200.3392,,
900806,FUND006,2025-10-27,224.9368,223.9744,225.1878,,
900807,FUND007,2025-10-27,176.0124,175.9875,176.0465,,
900808,FUND008,2025-10-27,55.7952,55.764,55.7796,,
900809,FUND009,2025-10-27,195.2417,194.9132,195.4704,,
900810,FUND010,2025-10-27,119.1471,118.5259,119.0506,,
900811,FUND011,2025-10-27,147.4114,146.5149,147.5934,,
900812,FUND012,2025-10-27,157.0671,156.9977,157.0406,,
900813,FUND013,2025-10-27,165.6953,165.7363,165.6337,,
900814,FUND014,2025-10-27,125.4312,125.2583,125.3701,,
900815,FUND015,2025-10-27,150.9267,150.6104,151.0632,,
900816,FUND016,2025-10-27,27.1699,27.2786,27.164,,
900817,FUND017,2025-10-27,23.4501,23.385,23.4329,,
900818,FUND018,2025-10-27,246.0003,246.8086,245.71,,
900819,FUND019,2025-10-27,152.1581,151.5538,151.9725,,
900820,FUND020,2025-10-27,133.7646,134.521,133.6976,,
900821,FUND001,2025-10-28,32.1022,32.0679,32.0783,,
900822,FUND002,2025-10-28,140.5176,140.6358,140.4757,,
900823,FUND003,2025-10-28,207.704,208.0269,207.6415,,
900824,FUND004,2025-10-28,79.7623,79.7396,79.7624,,
900825,FUND005,2025-10-28,199.4345,199.9157,199.5266,,
900826,FUND006,2025-10-28,226.6396,224.9368,226.6839,,
900827,FUND007,2025-10-28,176.6993,176.0124,176.7147,,
900828,FUND008,2025-10-28,55.8661,55.7952,55.8789,,
900829,FUND009,2025-10-28,196.2254,195.2417,195.9749,,
900830,FUND010,2025-10-28,119.8741,119.1471,119.8832,,
900831,FUND011,2025-10-28,147.3199,147.4114,147.3175,,
900832,FUND012,2025-10-28,156.9735,157.0671,156.8786,,
900833,FUND013,2025-10-28,165.2171,165.6953,165.0881,,
900834,FUND014,2025-10-28,126.5152,125.4312,126.6272,,
900835,FUND015,2025-10-28,150.8482,150.9267,150.8648,,
900836,FUND016,2025-10-28,27.228,27.1699,27.1855,,
900837,FUND017,2025-10-28,23.4333,23.4501,23.4167,,
900838,FUND018,2025-10-28,247.4299,246.0003,247.588,,
900839,FUND019,2025-10-28,152.6187,152.1581,152.5019,,
900840,FUND020,2025-10-28,133.3445,133.7646,133.4004,,
900841,FUND001,2025-10-29,32.3156,32.1022,32.3229,,
900842,FUND002,2025-10-29,140.0394,140.5176,140.0867,,
900843,FUND003,2025-10-29,206.4214,207.704,206.5529,,
900844,FUND004,2025-10-29,79.9116,79.7623,79.8939,,
900845,FUND005,2025-10-29,199.2552,199.4345,199.3334,,
900846,FUND006,2025-10-29,227.2743,226.6396,227.4276,,
900847,FUND007,2025-10-29,175.6798,176.6993,175.6742,,
900848,FUND008,2025-10-29,55.9096,55.8661,55.8798,,
900849,FUND009,2025-10-29,195.1712,196.2254,195.1783,,
900850,FUND010,2025-10-29,119.4202,119.8741,119.3451,,
900851,FUND011,2025-10-29,147.8086,147.3199,147.9835,,
900852,FUND012,2025-10-29,158.0684,156.9735,158.0304,,
900853,FUND013,2025-10-29,165.6911,165.2171,165.7062,,
900854,FUND014,2025-10-29,126.3435,126.5152,126.3892,,
900855,FUND015,2025-10-29,151.1597,150.8482,151.2215,,
900856,FUND016,2025-10-29,27.1177,27.228,27.115,,
900857,FUND017,2025-10-29,23.5027,23.4333,23.5243,,
900858,FUND018,2025-10-29,249.1604,247.4299,249.1741,,
900859,FUND019,2025-10-29,152.7786,152.6187,152.7028,,
900860,FUND020,2025-10-29,132.4009,133.3445,132.3492,,
900861,FUND001,2025-10-30,32.3599,32.3156,32.4026,,
900862,FUND002,2025-10-30,139.9545,140.0394,139.8759,,
900863,FUND003,2025-10-30,207.1535,206.4214,207.1376,,
900864,FUND004,2025-10-30,79.7561,79.9116,79.8007,,
900865,FUND005,2025-10-30,199.3633,199.2552,199.4772,,
900866,FUND006,2025-10-30,229.4356,227.2743,229.3545,,
900867,FUND007,2025-10-30,175.9705,175.6798,175.9814,,
900868,FUND008,2025-10-30,55.9873,55.9096,55.8933,,
900869,FUND009,2025-10-30,195.6942,195.1712,195.5448,,
900870,FUND010,2025-10-30,118.7222,119.4202,118.6798,,
900871,FUND011,2025-10-30,147.1338,147.8086,147.1709,,
900872,FUND012,2025-10-30,158.7963,158.0684,158.7742,,
900873,FUND013,2025-10-30,165.915,165.6911,165.8874,,
900874,FUND014,2025-10-30,126.8392,126.3435,126.6586,,
900875,FUND015,2025-10-30,151.1139,151.1597,151.0701,,
900876,FUND016,2025-10-30,27.2798,27.1177,27.2522,,
900877,FUND017,2025-10-30,23.4615,23.5027,23.4522,,
900878,FUND018,2025-10-30,246.7982,249.1604,247.0028,,
900879,FUND019,2025-10-30,153.3192,152.7786,153.3925,,
900880,FUND020,2025-10-30,132.9027,132.4009,133.0067,,
900881,FUND001,2025-10-31,32.2238,32.3599,32.2235,,
900882,FUND002,2025-10-31,139.4534,139.9545,139.5211,,
900883,FUND003,2025-10-31,208.5303,207.1535,208.5131,,
900884,FUND004,2025-10-31,79.8678,79.7561,79.8832,,
900885,FUND005,2025-10-31,199.4553,199.3633,199.2862,,
900886,FUND006,2025-10-31,229.9037,229.4356,230.1201,,
900887,FUND007,2025-10-31,176.2619,175.9705,176.0484,,
900888,FUND008,2025-10-31,56.0546,55.9873,56.0657,,
900889,FUND009,2025-10-31,195.4919,195.6942,195.5678,,
900890,FUND010,2025-10-31,118.8643,118.7222,118.8528,,
900891,FUND011,2025-10-31,146.6232,147.1338,146.6939,,
900892,FUND012,2025-10-31,159.195,158.7963,159.2032,,
900893,FUND013,2025-10-31,165.5898,165.915,165.4379,,
900894,FUND014,2025-10-31,126.5526,126.8392,126.5071,,
900895,FUND015,2025-10-31,151.6007,151.1139,151.6116,,
900896,FUND016,2025-10-31,27.323,27.2798,27.3392,,
900897,FUND017,2025-10-31,23.3753,23.4615,23.3856,,
900898,FUND018,2025-10-31,246.099,246.7982,246.4492,,
900899,FUND019,2025-10-31,154.9543,153.3192,155.0579,,
900900,FUND020,2025-10-31,133.515,132.9027,133.5274,,
900901,FUND001,2025-11-03,32.3175,32.2238,32.3241,,
900902,FUND002,2025-11-03,140.3184,139.4534,140.123,,
900903,FUND003,2025-11-03,208.9506,208.5303,208.8789,,
900904,FUND004,2025-11-03,80.4935,79.8678,80.4814,,
900905,FUND005,2025-11-03,197.9543,199.4553,197.8813,,
900906,FUND006,2025-11-03,231.8673,229.9037,231.7552,,
900907,FUND007,2025-11-03,177.3782,176.2619,177.2886,,
900908,FUND008,2025-11-03,55.9948,56.0546,55.9548,,
900909,FUND009,2025-11-03,195.4203,195.4919,195.3845,,
900910,FUND010,2025-11-03,119.4863,118.8643,119.4962,,
900911,FUND011,2025-11-03,147.5738,146.6232,147.5327,,
900912,FUND012,2025-11-03,160.6251,159.195,160.508,,
900913,FUND013,2025-11-03,165.3281,165.5898,165.2165,,
900914,FUND014,2025-11-03,127.0151,126.5526,127.0796,,
900915,FUND015,2025-11-03,151.4124,151.6007,151.3765,,
900916,FUND016,2025-11-03,27.2792,27.323,27.2663,,
900917,FUND017,2025-11-03,23.1797,23.3753,23.1982,,
900918,FUND018,2025-11-03,246.529,246.099,246.6428,,
900919,FUND019,2025-11-03,155.0558,154.9543,155.2473,,
900920,FUND020,2025-11-03,133.2461,133.515,133.4284,,
900921,FUND001,2025-11-04,32.3191,32.3175,32.3115,,
900922,FUND002,2025-11-04,140.2723,140.3184,140.2493,,
900923,FUND003,2025-11-04,208.6836,208.9506,208.6525,,
900924,FUND004,2025-11-04,80.4565,80.4935,80.4791,,
900925,FUND005,2025-11-04,197.8433,197.9543,198.0497,,
900926,FUND006,2025-11-04,232.8127,231.8673,232.8225,,
900927,FUND007,2025-11-04,178.1533,177.3782,178.0785,,
900928,FUND008,2025-11-04,55.9322,55.9948,55.9389,,
900929,FUND009,2025-11-04,194.7777,195.4203,194.8744,,
900930,FUND010,2025-11-04,118.4361,119.4863,118.4441,,
900931,FUND011,2025-11-04,147.3559,147.5738,147.3085,,
900932,FUND012,2025-11-04,161.1663,160.6251,161.2612,,
900933,FUND013,2025-11-04,166.3626,165.3281,166.3147,,
900934,FUND014,2025-11-04,126.6827,127.0151,126.6392,,
900935,FUND015,2025-11-04,151.6814,151.4124,151.6779,,
900936,FUND016,2025-11-04,27.3642,27.2792,27.3923,,
900937,FUND017,2025-11-04,23.2692,23.1797,23.2718,,
900938,FUND018,2025-11-04,243.7906,246.529,243.4796,,
900939,FUND019,2025-11-04,154.5116,155.0558,154.5638,,
900940,FUND020,2025-11-04,133.426,133.2461,133.3598,,
900941,FUND001,2025-11-05,32.1946,32.3191,32.1738,,
900942,FUND002,2025-11-05,140.2976,140.2723,140.2757,,
900943,FUND003,2025-11-05,208.0271,208.6836,207.9339,,
900944,FUND004,2025-11-05,80.4959,80.4565,80.5942,,
900945,FUND005,2025-11-05,198.3854,197.8433,198.5082,,
900946,FUND006,2025-11-05,232.0086,232.8127,231.9509,,
900947,FUND007,2025-11-05,179.4722,178.1533,179.3926,,
900948,FUND008,2025-11-05,55.739,55.9322,55.7411,,
900949,FUND009,2025-11-05,194.353,194.7777,194.4799,,
900950,FUND010,2025-11-05,118.9333,118.4361,119.0483,,
900951,FUND011,2025-11-05,147.9535,147.3559,147.9375,,
900952,FUND012,2025-11-05,159.9274,161.1663,159.8335,,
900953,FUND013,2025-11-05,167.1541,166.3626,167.2266,,
900954,FUND014,2025-11-05,127.2566,126.6827,127.2012,,
900955,FUND015,2025-11-05,151.766,151.6814,151.8134,,
900956,FUND016,2025-11-05,27.4008,27.3642,27.4058,,
900957,FUND017,2025-11-05,23.3194,23.2692,23.3406,,
900958,FUND018,2025-11-05,243.7129,243.7906,243.9644,,
900959,FUND019,2025-11-05,154.35,154.5116,154.33,,
900960,FUND020,2025-11-05,133.2411,133.426,133.3507,,
900961,FUND001,2025-11-06,32.4313,32.1946,32.4532,,
900962,FUND002,2025-11-06,140.5133,140.2976,140.6191,,
900963,FUND003,2025-11-06,208.6772,208.0271,208.7451,,
900964,FUND004,2025-11-06,80.7236,80.4959,80.6617,,
900965,FUND005,2025-11-06,199.9134,198.3854,199.885,,
900966,FUND006,2025-11-06,231.729,232.0086,231.6361,,
900967,FUND007,2025-11-06,178.7202,179.4722,178.6122,,
900968,FUND008,2025-11-06,55.7404,55.739,55.7708,,
900969,FUND009,2025-11-06,194.9862,194.353,195.0351,,
900970,FUND010,2025-11-06,117.9268,118.9333,117.9562,,
900971,FUND011,2025-11-06,149.0294,147.9535,149.0,,
900972,FUND012,2025-11-06,159.9041,159.9274,160.1261,,
900973,FUND013,2025-11-06,167.8376,167.1541,167.7659,,
900974,FUND014,2025-11-06,126.6961,127.2566,126.7867,,
900975,FUND015,2025-11-06,151.7471,151.766,151.8764,,
900976,FUND016,2025-11-06,27.4075,27.4008,27.4255,,
900977,FUND017,2025-11-06,23.3897,23.3194,23.399,,
900978,FUND018,2025-11-06,241.4909,243.7129,241.6331,,
900979,FUND019,2025-11-06,154.0974,154.35,154.1319,,
900980,FUND020,2025-11-06,133.0713,133.2411,132.877,,
900981,FUND001,2025-11-07,32.7333,32.4313,32.4657,2025-11-07,2025-11-08
900982,FUND002,2025-11-07,140.2524,140.5133,140.3787,,
900983,FUND003,2025-11-07,209.1784,208.6772,209.1044,,
900984,FUND004,2025-11-07,81.0724,80.7236,81.1149,,
900985,FUND005,2025-11-07,199.9082,199.9134,199.7609,,
900986,FUND006,2025-11-07,232.4503,231.729,232.1258,,
900987,FUND007,2025-11-07,180.0299,178.7202,180.1658,,
900988,FUND008,2025-11-07,55.8233,55.7404,55.9179,,
900989,FUND009,2025-11-07,195.1888,194.9862,195.2308,,
900990,FUND010,2025-11-07,118.3261,117.9268,118.3432,,
900991,FUND011,2025-11-07,149.0132,149.0294,149.0206,,
900992,FUND012,2025-11-07,160.0532,159.9041,160.0972,,
900993,FUND013,2025-11-07,167.4582,167.8376,167.345,,
900994,FUND014,2025-11-07,124.6236,126.6961,124.692,,
900995,FUND015,2025-11-07,152.0377,151.7471,152.1476,,
900996,FUND016,2025-11-07,27.2889,27.4075,27.3084,,
900997,FUND017,2025-11-07,23.3268,23.3897,23.3321,,
900998,FUND018,2025-11-07,241.3027,241.4909,241.2771,,
900999,FUND019,2025-11-07,153.9249,154.0974,153.9669,,
901000,FUND020,2025-11-07,133.5701,133.0713,133.6015,,
901001,FUND001,2025-11-10,32.7243,32.7333,32.7147,,
901002,FUND002,2025-11-10,139.9157,140.2524,139.9762,,
901003,FUND003,2025-11-10,209.759,209.1784,209.7034,,
901004,FUND004,2025-11-10,81.2705,81.0724,81.3806,,
901005,FUND005,2025-11-10,200.372,199.9082,200.4215,,
901006,FUND006,2025-11-10,231.7215,232.4503,231.5258,,
901007,FUND007,2025-11-10,179.0049,180.0299,178.8803,,
901008,FUND008,2025-11-10,55.5792,55.8233,55.6186,,
901009,FUND009,2025-11-10,194.6966,195.1888,194.7335,,
901010,FUND010,2025-11-10,119.3168,118.3261,119.1759,,
901011,FUND011,2025-11-10,148.817,149.0132,148.7106,,
901012,FUND012,2025-11-10,159.4487,160.0532,159.561,,
901013,FUND013,2025-11-10,167.3739,167.4582,167.4388,,
901014,FUND014,2025-11-10,124.1364,124.6236,124.096,,
901015,FUND015,2025-11-10,152.3723,152.0377,152.3913,,
901016,FUND016,2025-11-10,27.1094,27.2889,27.1207,,
901017,FUND017,2025-11-10,23.1776,23.3268,23.1772,,
901018,FUND018,2025-11-10,239.4696,241.3027,239.7935,,
901019,FUND019,2025-11-10,154.0801,153.9249,154.0873,,
901020,FUND020,2025-11-10,133.0552,133.5701,133.0543,,
901021,FUND001,2025-11-11,32.6889,32.7243,32.703,,
901022,FUND002,2025-11-11,140.2488,139.9157,138.8965,2025-11-11,2025-11-13
901023,FUND003,2025-11-11,209.2223,209.759,209.1899,,
901024,FUND004,2025-11-11,81.0473,81.2705,81.1147,,
901025,FUND005,2025-11-11,199.0416,200.372,198.8736,,
901026,FUND006,2025-11-11,231.4837,231.7215,231.5237,,
901027,FUND007,2025-11-11,178.5002,179.0049,178.4602,,
901028,FUND008,2025-11-11,55.645,55.5792,55.6526,,
901029,FUND009,2025-11-11,194.3194,194.6966,194.2871,,
901030,FUND010,2025-11-11,119.2465,119.3168,119.298,,
901031,FUND011,2025-11-11,148.9225,148.817,148.9512,,
901032,FUND012,2025-11-11,158.516,159.4487,158.5143,,
901033,FUND013,2025-11-11,168.0957,167.3739,168.0649,,
901034,FUND014,2025-11-11,124.1142,124.1364,124.0955,,
901035,FUND015,2025-11-11,151.9673,152.3723,152.0808,,
901036,FUND016,2025-11-11,27.1776,27.1094,27.19,,
901037,FUND017,2025-11-11,23.3068,23.1776,23.343,,
901038,FUND018,2025-11-11,239.9485,239.4696,240.0831,,
901039,FUND019,2025-11-11,154.4919,154.0801,154.5862,,
901040,FUND020,2025-11-11,133.44,133.0552,133.4659,,
901041,FUND001,2025-11-12,32.612,32.6889,32.5795,,
901042,FUND002,2025-11-12,139.9454,140.2488,139.9752,,
901043,FUND003,2025-11-12,209.4089,209.2223,209.5745,,
901044,FUND004,2025-11-12,80.6783,81.0473,80.6561,,
901045,FUND005,2025-11-12,198.9783,199.0416,198.8342,,
901046,FUND006,2025-11-12,230.9703,231.4837,231.2039,,
901047,FUND007,2025-11-12,178.2179,178.5002,178.4214,,
901048,FUND008,2025-11-12,55.9323,55.645,55.9071,,
901049,FUND009,2025-11-12,195.2854,194.3194,195.1446,,
901050,FUND010,2025-11-12,119.7712,119.2465,119.7669,,
901051,FUND011,2025-11-12,149.4156,148.9225,149.4001,,
901052,FUND012,2025-11-12,158.814,158.516,158.8328,,
901053,FUND013,2025-11-12,167.4143,168.0957,167.3355,,
901054,FUND014,2025-11-12,123.9884,124.1142,123.9629,,
901055,FUND015,2025-11-12,150.889,151.9673,150.9556,,
901056,FUND016,2025-11-12,27.3305,27.1776,27.3344,,
901057,FUND017,2025-11-12,23.2628,23.3068,23.2801,,
901058,FUND018,2025-11-12,239.4821,239.9485,239.4558,,
901059,FUND019,2025-11-12,154.3287,154.4919,154.3866,,
901060,FUND020,2025-11-12,133.8248,133.44,133.8454,,
901061,FUND001,2025-11-13,32.7295,32.612,32.7142,,
901062,FUND002,2025-11-13,140.1456,139.9454,140.178,,
901063,FUND003,2025-11-13,209.0602,209.4089,209.0676,,
901064,FUND004,2025-11-13,80.7129,80.6783,80.7471,,
901065,FUND005,2025-11-13,198.8223,198.9783,198.7011,,
901066,FUND006,2025-11-13,230.4638,230.9703,230.5838,,
901067,FUND007,2025-11-13,179.4959,178.2179,179.446,,
901068,FUND008,2025-11-13,56.424,55.9323,56.3936,,
901069,FUND009,2025-11-13,196.2501,195.2854,196.3617,,
901070,FUND010,2025-11-13,120.0341,119.7712,120.0139,,
901071,FUND011,2025-11-13,149.8188,149.4156,149.8442,,
901072,FUND012,2025-11-13,157.5364,158.814,157.429,,
901073,FUND013,2025-11-13,166.817,167.4143,166.7601,,
901074,FUND014,2025-11-13,124.1412,123.9884,124.0886,,
901075,FUND015,2025-11-13,150.9321,150.889,150.9965,,
901076,FUND016,2025-11-13,27.2723,27.3305,27.2485,,
901077,FUND017,2025-11-13,23.2693,23.2628,23.2385,,
901078,FUND018,2025-11-13,240.5079,239.4821,240.374,,
901079,FUND019,2025-11-13,154.4886,154.3287,154.3562,,
901080,FUND020,2025-11-13,134.0915,133.8248,134.055,,
901081,FUND001,2025-11-14,32.6961,32.7295,32.7017,,
901082,FUND002,2025-11-14,140.6987,140.1456,140.6743,,
901083,FUND003,2025-11-14,209.8975,209.0602,209.8672,,
901084,FUND004,2025-11-14,80.505,80.7129,80.5007,,
901085,FUND005,2025-11-14,198.0169,198.8223,198.2028,,
901086,FUND006,2025-11-14,228.6688,230.4638,228.7507,,
901087,FUND007,2025-11-14,179.1752,179.4959,179.3421,,
901088,FUND008,2025-11-14,56.7127,56.424,56.7192,,
901089,FUND009,2025-11-14,195.5768,196.2501,195.5563,,
901090,FUND010,2025-11-14,119.8852,120.0341,119.9407,,
901091,FUND011,2025-11-14,150.8323,149.8188,150.8605,,
901092,FUND012,2025-11-14,157.9289,157.5364,158.1616,,
901093,FUND013,2025-11-14,167.281,166.817,167.1971,,
901094,FUND014,2025-11-14,124.3178,124.1412,124.3509,,
901095,FUND015,2025-11-14,151.4814,150.9321,151.3177,,
901096,FUND016,2025-11-14,27.1222,27.2723,27.1086,,
901097,FUND017,2025-11-14,23.3703,23.2693,23.3648,,
901098,FUND018,2025-11-14,240.3162,240.5079,238.3288,2025-11-14,2025-11-16
901099,FUND019,2025-11-14,154.4301,154.4886,154.4416,,
901100,FUND020,2025-11-14,134.4688,134.0915,134.4595,,
901101,FUND001,2025-11-17,32.7645,32.6961,32.7448,,
901102,FUND002,2025-11-17,140.5878,140.6987,140.6773,,
901103,FUND003,2025-11-17,210.9992,209.8975,210.9986,,
901104,FUND004,2025-11-17,80.5806,80.505,80.5603,,
901105,FUND005,2025-11-17,198.5064,198.0169,198.507,,
901106,FUND006,2025-11-17,229.7222,228.6688,229.6601,,
901107,FUND007,2025-11-17,179.2629,179.1752,179.2384,,
901108,FUND008,2025-11-17,56.6647,56.7127,56.6568,,
901109,FUND009,2025-11-17,195.4295,195.5768,195.4818,,
901110,FUND010,2025-11-17,119.9348,119.8852,119.8679,,
901111,FUND011,2025-11-17,151.2782,150.8323,151.4381,,
901112,FUND012,2025-11-17,158.824,157.9289,158.7212,,
901113,FUND013,2025-11-17,167.8074,167.281,167.6766,,
901114,FUND014,2025-11-17,124.3112,124.3178,124.2068,,
901115,FUND015,2025-11-17,151.3874,151.4814,151.3522,,
901116,FUND016,2025-11-17,26.9566,27.1222,26.9747,,
901117,FUND017,2025-11-17,23.3468,23.3703,23.3756,,
901118,FUND018,2025-11-17,241.2578,240.3162,241.3096,,
901119,FUND019,2025-11-17,154.223,154.4301,154.1989,,
901120,FUND020,2025-11-17,135.323,134.4688,135.4008,,
901121,FUND001,2025-11-18,32.7948,32.7645,32.794,,
901122,FUND002,2025-11-18,139.7328,140.5878,139.5549,,
901123,FUND003,2025-11-18,210.8587,210.9992,210.8635,,
901124,FUND004,2025-11-18,79.8762,80.5806,79.8972,,
901125,FUND005,2025-11-18,198.8036,198.5064,198.9039,,
901126,FUND006,2025-11-18,228.1877,229.7222,228.4241,,
901127,FUND007,2025-11-18,180.3083,179.2629,180.4341,,
901128,FUND008,2025-11-18,56.8337,56.6647,56.8187,,
901129,FUND009,2025-11-18,196.3744,195.4295,196.3142,,
901130,FUND010,2025-11-18,119.9209,119.9348,120.0261,,
901131,FUND011,2025-11-18,150.8258,151.2782,150.848,,
901132,FUND012,2025-11-18,158.3528,158.824,158.4754,,
901133,FUND013,2025-11-18,167.9264,167.8074,167.85,,
901134,FUND014,2025-11-18,124.5181,124.3112,123.3516,2025-11-18,2025-11-19
901135,FUND015,2025-11-18,150.716,151.3874,150.7127,,
901136,FUND016,2025-11-18,26.9658,26.9566,26.9701,,
901137,FUND017,2025-11-18,23.5187,23.3468,23.5069,,
901138,FUND018,2025-11-18,240.4385,241.2578,240.5445,,
901139,FUND019,2025-11-18,154.7387,154.223,154.5466,,
901140,FUND020,2025-11-18,135.8246,135.323,135.7834,,
901141,FUND001,2025-11-19,32.5816,32.7948,32.5307,,
901142,FUND002,2025-11-19,139.3246,139.7328,139.2959,,
901143,FUND003,2025-11-19,209.8437,210.8587,209.9256,,
901144,FUND004,2025-11-19,79.7735,79.8762,79.7189,,
901145,FUND005,2025-11-19,199.0529,198.8036,199.0683,,
901146,FUND006,2025-11-19,228.7066,228.1877,228.74,,
901147,FUND007,2025-11-19,181.5497,180.3083,181.489,,
901148,FUND008,2025-11-19,57.1801,56.8337,57.1825,,
901149,FUND009,2025-11-19,196.0135,196.3744,196.1773,,
901150,FUND010,2025-11-19,119.5937,119.9209,119.5349,,
901151,FUND011,2025-11-19,150.432,150.8258,150.4024,,
901152,FUND012,2025-11-19,159.513,158.3528,159.5303,,
901153,FUND013,2025-11-19,168.9119,167.9264,168.8352,,
901154,FUND014,2025-11-19,124.3006,124.5181,124.2348,,
901155,FUND015,2025-11-19,151.9715,150.716,151.9295,,
901156,FUND016,2025-11-19,26.8164,26.9658,26.8149,,
901157,FUND017,2025-11-19,23.4731,23.5187,23.4852,,
901158,FUND018,2025-11-19,240.7329,240.4385,240.8603,,
901159,FUND019,2025-11-19,155.6758,154.7387,155.6486,,
901160,FUND020,2025-11-19,136.4323,135.8246,136.4468,,
901161,FUND001,2025-11-20,32.71,32.5816,32.7456,,
901162,FUND002,2025-11-20,140.0684,139.3246,140.0562,,
901163,FUND003,2025-11-20,209.1355,209.8437,209.1329,,
901164,FUND004,2025-11-20,80.3215,79.7735,80.3338,,
901165,FUND005,2025-11-20,198.3229,199.0529,198.2285,,
901166,FUND006,2025-11-20,227.8769,228.7066,228.0192,,
901167,FUND007,2025-11-20,182.5885,181.5497,182.6297,,
901168,FUND008,2025-11-20,56.7958,57.1801,56.8198,,
901169,FUND009,2025-11-20,196.666,196.0135,196.5921,,
901170,FUND010,2025-11-20,119.6517,119.5937,119.5982,,
901171,FUND011,2025-11-20,151.849,150.432,151.8105,,
901172,FUND012,2025-11-20,160.0734,159.513,160.0987,,
901173,FUND013,2025-11-20,168.7271,168.9119,168.652,,
901174,FUND014,2025-11-20,124.437,124.3006,124.5009,,
901175,FUND015,2025-11-20,153.3336,151.9715,153.3908,,
901176,FUND016,2025-11-20,26.5877,26.8164,26.5913,,
901177,FUND017,2025-11-20,23.5491,23.4731,23.5226,,
901178,FUND018,2025-11-20,240.3549,240.7329,240.4444,,
901179,FUND019,2025-11-20,155.7522,155.6758,155.862,,
901180,FUND020,2025-11-20,135.894,136.4323,135.8194,,
901181,FUND001,2025-11-21,32.6087,32.71,32.6223,,
901182,FUND002,2025-11-21,140.8449,140.0684,140.7538,,
901183,FUND003,2025-11-21,209.5524,209.1355,209.5608,,
901184,FUND004,2025-11-21,80.6583,80.3215,80.5892,,
901185,FUND005,2025-11-21,199.7313,198.3229,199.672,,
901186,FUND006,2025-11-21,229.3948,227.8769,229.6701,,
901187,FUND007,2025-11-21,182.4766,182.5885,182.302,,
901188,FUND008,2025-11-21,56.7351,56.7958,56.748,,
901189,FUND009,2025-11-21,197.6329,196.666,197.7136,,
901190,FUND010,2025-11-21,119.9849,119.6517,120.0282,,
901191,FUND011,2025-11-21,152.3733,151.849,152.3754,,
901192,FUND012,2025-11-21,159.2826,160.0734,159.1118,,
901193,FUND013,2025-11-21,167.6826,168.7271,167.5965,,
901194,FUND014,2025-11-21,124.4559,124.437,124.4465,,
901195,FUND015,2025-11-21,152.8486,153.3336,152.8737,,
901196,FUND016,2025-11-21,26.4919,26.5877,26.481,,
901197,FUND017,2025-11-21,23.6003,23.5491,23.6064,,
901198,FUND018,2025-11-21,240.3988,240.3549,240.2179,,
901199,FUND019,2025-11-21,155.971,155.7522,155.7731,,
901200,FUND020,2025-11-21,135.7191,135.894,135.7117,,
901201,FUND001,2025-11-24,32.4739,32.6087,32.4962,,
901202,FUND002,2025-11-24,140.768,140.8449,140.7195,,
901203,FUND003,2025-11-24,210.4542,209.5524,210.5999,,
901204,FUND004,2025-11-24,80.1525,80.6583,80.1464,,
901205,FUND005,2025-11-24,198.7021,199.7313,198.472,,
901206,FUND006,2025-11-24,231.0155,229.3948,231.0754,,
901207,FUND007,2025-11-24,182.1957,182.4766,182.1801,,
901208,FUND008,2025-11-24,56.9211,56.7351,56.9196,,
901209,FUND009,2025-11-24,197.6337,197.6329,197.5233,,
901210,FUND010,2025-11-24,119.8755,119.9849,119.8384,,
901211,FUND011,2025-11-24,152.1496,152.3733,152.2025,,
901212,FUND012,2025-11-24,158.7437,159.2826,158.5627,,
901213,FUND013,2025-11-24,167.044,167.6826,166.9951,,
901214,FUND014,2025-11-24,126.1486,124.4559,126.2585,,
901215,FUND015,2025-11-24,152.9836,152.8486,153.0091,,
901216,FUND016,2025-11-24,26.6309,26.4919,26.6388,,
901217,FUND017,2025-11-24,23.4656,23.6003,23.4776,,
901218,FUND018,2025-11-24,238.4707,240.3988,236.1662,2025-11-24,2025-12-03
901219,FUND019,2025-11-24,155.5558,155.971,155.5705,,
901220,FUND020,2025-11-24,135.9057,135.7191,135.9041,,
901221,FUND001,2025-11-25,32.3926,32.4739,32.3924,,
901222,FUND002,2025-11-25,140.5725,140.768,140.6254,,
901223,FUND003,2025-11-25,209.67,210.4542,209.8017,,
901224,FUND004,2025-11-25,80.4839,80.1525,80.4264,,
901225,FUND005,2025-11-25,198.892,198.7021,198.8993,,
901226,FUND006,2025-11-25,231.2078,231.0155,231.1957,,
901227,FUND007,2025-11-25,183.3758,182.1957,183.165,,
901228,FUND008,2025-11-25,56.8252,56.9211,56.8756,,
901229,FUND009,2025-11-25,197.492,197.6337,197.4498,,
901230,FUND010,2025-11-25,119.6776,119.8755,119.6228,,
901231,FUND011,2025-11-25,152.2507,152.1496,152.1206,,
901232,FUND012,2025-11-25,157.9332,158.7437,158.0352,,
901233,FUND013,2025-11-25,166.948,167.044,166.9246,,
901234,FUND014,2025-11-25,126.0476,126.1486,125.9369,,
901235,FUND015,2025-11-25,152.5627,152.9836,152.4842,,
901236,FUND016,2025-11-25,26.6799,26.6309,26.7048,,
901237,FUND017,2025-11-25,23.4414,23.4656,23.4456,,
901238,FUND018,2025-11-25,237.787,238.4707,238.0197,,
901239,FUND019,2025-11-25,155.5971,155.5558,155.5354,,
901240,FUND020,2025-11-25,136.7327,135.9057,138.1223,2025-11-25,2025-11-26
901241,FUND001,2025-11-26,32.3975,32.3926,32.3687,,
901242,FUND002,2025-11-26,140.4883,140.5725,140.4742,,
901243,FUND003,2025-11-26,210.0407,209.67,209.7976,,
901244,FUND004,2025-11-26,80.4203,80.4839,80.4703,,
901245,FUND005,2025-11-26,199.9614,198.892,200.053,,
901246,FUND006,2025-11-26,230.7189,231.2078,230.8043,,
901247,FUND007,2025-11-26,182.7988,183.3758,182.939,,
901248,FUND008,2025-11-26,56.5662,56.8252,56.5962,,
901249,FUND009,2025-11-26,196.7938,197.492,196.7162,,
901250,FUND010,2025-11-26,119.3458,119.6776,119.3349,,
901251,FUND011,2025-11-26,151.8669,152.2507,151.9378,,
901252,FUND012,2025-11-26,157.6134,157.9332,157.4356,,
901253,FUND013,2025-11-26,166.2146,166.948,166.3123,,
901254,FUND014,2025-11-26,126.2411,126.0476,126.2294,,
901255,FUND015,2025-11-26,152.7459,152.5627,152.8192,,
901256,FUND016,2025-11-26,26.5934,26.6799,26.5783,,
901257,FUND017,2025-11-26,23.3513,23.4414,23.3636,,
901258,FUND018,2025-11-26,240.0695,237.787,240.0965,,
901259,FUND019,2025-11-26,156.16,155.5971,156.0323,,
901260,FUND020,2025-11-26,137.2099,136.7327,137.2322,,
901261,FUND001,2025-11-27,32.5547,32.3975,32.5552,,
901262,FUND002,2025-11-27,139.6749,140.4883,139.6258,,
901263,FUND003,2025-11-27,209.26,210.0407,209.3808,,
901264,FUND004,2025-11-27,80.5264,80.4203,80.6027,,
901265,FUND005,2025-11-27,200.6467,199.9614,200.597,,
901266,FUND006,2025-11-27,230.8026,230.7189,231.1407,,
901267,FUND007,2025-11-27,183.109,182.7988,183.1987,,
901268,FUND008,2025-11-27,56.7471,56.5662,56.7709,,
901269,FUND009,2025-11-27,196.0916,196.7938,196.2777,,
901270,FUND010,2025-11-27,119.4015,119.3458,119.3868,,
901271,FUND011,2025-11-27,151.8976,151.8669,151.7636,,
901272,FUND012,2025-11-27,157.9133,157.6134,157.8324,,
901273,FUND013,2025-11-27,165.8466,166.2146,165.955,,
901274,FUND014,2025-11-27,127.0795,126.2411,127.1525,,
901275,FUND015,2025-11-27,154.0685,152.7459,154.1805,,
901276,FUND016,2025-11-27,26.6072,26.5934,26.6282,,
901277,FUND017,2025-11-27,23.3919,23.3513,23.4123,,
901278,FUND018,2025-11-27,241.3387,240.0695,241.2077,,
901279,FUND019,2025-11-27,156.2377,156.16,156.0513,,
901280,FUND020,2025-11-27,137.1095,137.2099,137.0874,,
901281,FUND001,2025-11-28,32.5954,32.5547,32.6458,,
901282,FUND002,2025-11-28,139.6847,139.6749,139.5615,,
901283,FUND003,2025-11-28,209.2297,209.26,209.2053,,
901284,FUND004,2025-11-28,81.2527,80.5264,81.2453,,
901285,FUND005,2025-11-28,201.2286,200.6467,201.1461,,
901286,FUND006,2025-11-28,231.8762,230.8026,231.921,,
901287,FUND007,2025-11-28,182.2231,183.109,182.4909,,
901288,FUND008,2025-11-28,56.2266,56.7471,56.2051,,
901289,FUND009,2025-11-28,195.8438,196.0916,195.7123,,
901290,FUND010,2025-11-28,119.3061,119.4015,119.2545,,
901291,FUND011,2025-11-28,152.2843,151.8976,152.298,,
901292,FUND012,2025-11-28,158.747,157.9133,158.7729,,
901293,FUND013,2025-11-28,166.3994,165.8466,166.35,,
901294,FUND014,2025-11-28,127.359,127.0795,127.2675,,
901295,FUND015,2025-11-28,154.4308,154.0685,154.3788,,
901296,FUND016,2025-11-28,26.7689,26.6072,26.7836,,
901297,FUND017,2025-11-28,23.4122,23.3919,23.4053,,
901298,FUND018,2025-11-28,240.009,241.3387,240.1369,,
901299,FUND019,2025-11-28,155.4046,156.2377,155.448,,
901300,FUND020,2025-11-28,137.8593,137.1095,137.793,,
901301,FUND001,2025-12-01,32.486,32.5954,32.5289,,
901302,FUND002,2025-12-01,139.0832,139.6847,139.1539,,
901303,FUND003,2025-12-01,208.0031,209.2297,209.5783,2025-12-01,2025-12-03
901304,FUND004,2025-12-01,81.7811,81.2527,81.7576,,
901305,FUND005,2025-12-01,201.9277,201.2286,201.9618,,
901306,FUND006,2025-12-01,233.1022,231.8762,233.1509,,
901307,FUND007,2025-12-01,182.0363,182.2231,181.9315,,
901308,FUND008,2025-12-01,56.1095,56.2266,56.1332,,
901309,FUND009,2025-12-01,195.9697,195.8438,196.0021,,
901310,FUND010,2025-12-01,118.8963,119.3061,118.8915,,
901311,FUND011,2025-12-01,152.2026,152.2843,152.2113,,
901312,FUND012,2025-12-01,158.6697,158.747,158.6124,,
901313,FUND013,2025-12-01,167.0642,166.3994,167.0298,,
901314,FUND014,2025-12-01,127.6863,127.359,127.5428,,
901315,FUND015,2025-12-01,154.1254,154.4308,154.174,,
901316,FUND016,2025-12-01,26.8438,26.7689,26.8481,,
901317,FUND017,2025-12-01,23.4432,23.4122,23.4469,,
901318,FUND018,2025-12-01,238.1702,240.009,238.4083,,
901319,FUND019,2025-12-01,154.6289,155.4046,154.5528,,
901320,FUND020,2025-12-01,138.1294,137.8593,138.1115,,
901321,FUND001,2025-12-02,32.6034,32.486,32.5752,,
901322,FUND002,2025-12-02,139.9099,139.0832,139.8204,,
901323,FUND003,2025-12-02,208.0973,208.0031,208.1179,,
901324,FUND004,2025-12-02,81.7623,81.7811,81.7184,,
901325,FUND005,2025-12-02,201.4249,201.9277,201.5872,,
901326,FUND006,2025-12-02,232.8903,233.1022,234.8008,2025-12-02,2025-12-03
901327,FUND007,2025-12-02,182.5895,182.0363,182.6213,,
901328,FUND008,2025-12-02,56.0473,56.1095,56.0748,,
901329,FUND009,2025-12-02,195.9777,195.9697,195.9819,,
901330,FUND010,2025-12-02,118.6589,118.8963,118.5518,,
901331,FUND011,2025-12-02,152.6007,152.2026,152.6572,,
901332,FUND012,2025-12-02,158.1911,158.6697,158.2327,,
901333,FUND013,2025-12-02,166.4894,167.0642,166.4883,,
901334,FUND014,2025-12-02,127.7304,127.6863,127.7453,,
901335,FUND015,2025-12-02,152.8394,154.1254,152.8835,,
901336,FUND016,2025-12-02,26.7664,26.8438,26.7515,,
901337,FUND017,2025-12-02,23.4252,23.4432,23.4488,,
901338,FUND018,2025-12-02,237.9305,238.1702,237.8611,,
901339,FUND019,2025-12-02,154.0468,154.6289,154.0097,,
901340,FUND020,2025-12-02,137.9372,138.1294,137.9109,,
901341,FUND001,2025-12-03,32.4458,32.6034,32.4598,,
901342,FUND002,2025-12-03,140.549,139.9099,140.5867,,
901343,FUND003,2025-12-03,207.9075,208.0973,207.7677,,
901344,FUND004,2025-12-03,81.994,81.7623,81.9541,,
901345,FUND005,2025-12-03,202.1451,201.4249,202.0576,,
901346,FUND006,2025-12-03,233.313,232.8903,233.1205,,
901347,FUND007,2025-12-03,182.3388,182.5895,182.1796,,
901348,FUND008,2025-12-03,56.3651,56.0473,56.3477,,
901349,FUND009,2025-12-03,195.2476,195.9777,195.1297,,
901350,FUND010,2025-12-03,118.7132,118.6589,118.6871,,
901351,FUND011,2025-12-03,154.0293,152.6007,153.8686,,
901352,FUND012,2025-12-03,159.1263,158.1911,159.097,,
901353,FUND013,2025-12-03,167.0612,166.4894,166.9964,,
901354,FUND014,2025-12-03,128.0051,127.7304,127.9012,,
901355,FUND015,2025-12-03,151.0957,152.8394,151.1182,,
901356,FUND016,2025-12-03,26.6663,26.7664,26.671,,
901357,FUND017,2025-12-03,23.5093,23.4252,23.5017,,
901358,FUND018,2025-12-03,238.0301,237.9305,238.1022,,
901359,FUND019,2025-12-03,153.7886,154.0468,153.7846,,
901360,FUND020,2025-12-03,137.4826,137.9372,137.4416,,
901361,FUND001,2025-12-04,32.4729,32.4458,32.4795,,
901362,FUND002,2025-12-04,140.6344,140.549,140.5631,,
901363,FUND003,2025-12-04,206.4927,207.9075,206.4362,,
901364,FUND004,2025-12-04,82.2219,81.994,82.1521,,
901365,FUND005,2025-12-04,201.7762,202.1451,201.8923,,
901366,FUND006,2025-12-04,232.0851,233.313,232.1863,,
901367,FUND007,2025-12-04,182.243,182.3388,182.2827,,
901368,FUND008,2025-12-04,55.7643,56.3651,55.7307,,
901369,FUND009,2025-12-04,195.9324,195.2476,195.9951,,
901370,FUND010,2025-12-04,118.1975,118.7132,118.1801,,
901371,FUND011,2025-12-04,154.3274,154.0293,154.3042,,
901372,FUND012,2025-12-04,158.9121,159.1263,159.0524,,
901373,FUND013,2025-12-04,166.513,167.0612,166.6556,,
901374,FUND014,2025-12-04,128.0687,128.0051,128.1405,,
901375,FUND015,2025-12-04,152.6243,151.0957,152.7175,,
901376,FUND016,2025-12-04,26.4658,26.6663,26.4926,,
901377,FUND017,2025-12-04,23.3946,23.5093,23.403,,
901378,FUND018,2025-12-04,239.2725,238.0301,239.2478,,
901379,FUND019,2025-12-04,153.1294,153.7886,153.1828,,
901380,FUND020,2025-12-04,137.3048,137.4826,137.2508,,
901381,FUND001,2025-12-05,32.5678,32.4729,32.5416,,
901382,FUND002,2025-12-05,140.7282,140.6344,140.6183,,
901383,FUND003,2025-12-05,206.2077,206.4927,206.2399,,
901384,FUND004,2025-12-05,82.0312,82.2219,82.0251,,
901385,FUND005,2025-12-05,201.7088,201.7762,201.5547,,
901386,FUND006,2025-12-05,232.4275,232.0851,232.3963,,
901387,FUND007,2025-12-05,181.6538,182.243,181.5691,,
901388,FUND008,2025-12-05,55.7845,55.7643,55.7694,,
901389,FUND009,2025-12-05,196.0157,195.9324,195.9281,,
901390,FUND010,2025-12-05,119.0552,118.1975,119.0377,,
901391,FUND011,2025-12-05,154.5327,154.3274,154.3656,,
901392,FUND012,2025-12-05,159.326,158.9121,159.3713,,
901393,FUND013,2025-12-05,166.735,166.513,166.7366,,
901394,FUND014,2025-12-05,128.1029,128.0687,127.9874,,
901395,FUND015,2025-12-05,150.7869,152.6243,150.8281,,
901396,FUND016,2025-12-05,26.3755,26.4658,26.3985,,
901397,FUND017,2025-12-05,23.4067,23.3946,23.3931,,
901398,FUND018,2025-12-05,239.602,239.2725,239.6419,,
901399,FUND019,2025-12-05,153.0974,153.1294,152.9113,,
901400,FUND020,2025-12-05,137.1854,137.3048,137.0666,,
901401,FUND001,2025-12-08,32.7139,32.5678,32.7256,,
901402,FUND002,2025-12-08,140.7686,140.7282,140.7342,,
901403,FUND003,2025-12-08,206.4616,206.2077,206.4404,,
901404,FUND004,2025-12-08,82.1435,82.0312,82.0759,,
901405,FUND005,2025-12-08,202.0472,201.7088,202.1664,,
901406,FUND006,2025-12-08,233.7591,232.4275,233.6391,,
901407,FUND007,2025-12-08,181.3572,181.6538,181.2998,,
901408,FUND008,2025-12-08,55.58,55.7845,55.5582,,
901409,FUND009,2025-12-08,197.3525,196.0157,197.3043,,
901410,FUND010,2025-12-08,118.4262,119.0552,118.3611,,
901411,FUND011,2025-12-08,154.6688,154.5327,154.5631,,
901412,FUND012,2025-12-08,160.2214,159.326,160.3956,,
901413,FUND013,2025-12-08,167.9878,166.735,167.8743,,
901414,FUND014,2025-12-08,127.6247,128.1029,127.6452,,
901415,FUND015,2025-12-08,149.6798,150.7869,149.7729,,
901416,FUND016,2025-12-08,26.2702,26.3755,26.2234,,
901417,FUND017,2025-12-08,23.3985,23.4067,23.4073,,
901418,FUND018,2025-12-08,238.0844,239.602,238.0492,,
901419,FUND019,2025-12-08,152.4695,153.0974,152.5342,,
901420,FUND020,2025-12-08,136.6825,137.1854,136.7093,,
901421,FUND001,2025-12-09,32.5513,32.7139,32.5373,,
901422,FUND002,2025-12-09,140.259,140.7686,140.2605,,
901423,FUND003,2025-12-09,205.8547,206.4616,205.9498,,
901424,FUND004,2025-12-09,82.2962,82.1435,82.1997,,
901425,FUND005,2025-12-09,200.267,202.0472,200.3933,,
901426,FUND006,2025-12-09,232.2149,233.7591,232.2024,,
901427,FUND007,2025-12-09,182.7941,181.3572,182.669,,
901428,FUND008,2025-12-09,55.4021,55.58,55.4398,,
901429,FUND009,2025-12-09,198.0319,197.3525,197.9362,,
901430,FUND010,2025-12-09,118.5608,118.4262,118.5184,,
901431,FUND011,2025-12-09,155.0831,154.6688,155.0949,,
901432,FUND012,2025-12-09,159.648,160.2214,159.7079,,
901433,FUND013,2025-12-09,167.4377,167.9878,167.4476,,
901434,FUND014,2025-12-09,126.4994,127.6247,126.4858,,
901435,FUND015,2025-12-09,149.1266,149.6798,149.2775,,
901436,FUND016,2025-12-09,26.2267,26.2702,26.2358,,
901437,FUND017,2025-12-09,23.411,23.3985,23.4213,,
901438,FUND018,2025-12-09,238.6202,238.0844,238.5699,,
901439,FUND019,2025-12-09,152.6952,152.4695,152.6429,,
901440,FUND020,2025-12-09,136.624,136.6825,136.5455,,
901441,FUND001,2025-12-10,32.3736,32.5513,32.3641,,
901442,FUND002,2025-12-10,140.2609,140.259,140.2933,,
901443,FUND003,2025-12-10,204.5094,205.8547,204.5142,,
901444,FUND004,2025-12-10,82.9215,82.2962,82.8923,,
901445,FUND005,2025-12-10,199.6904,200.267,199.7065,,
901446,FUND006,2025-12-10,233.1108,232.2149,233.3078,,
901447,FUND007,2025-12-10,183.4867,182.7941,183.5455,,
901448,FUND008,2025-12-10,55.0376,55.4021,55.005,,
901449,FUND009,2025-12-10,198.1291,198.0319,198.2417,,
901450,FUND010,2025-12-10,117.9984,118.5608,117.9642,,
901451,FUND011,2025-12-10,155.1202,155.0831,155.0949,,
901452,FUND012,2025-12-10,159.135,159.648,159.1186,,
901453,FUND013,2025-12-10,166.7506,167.4377,166.7426,,
901454,FUND014,2025-12-10,125.6959,126.4994,125.6651,,
901455,FUND015,2025-12-10,148.6723,149.1266,148.7988,,
901456,FUND016,2025-12-10,26.2376,26.2267,26.253,,
901457,FUND017,2025-12-10,23.4561,23.411,23.4765,,
901458,FUND018,2025-12-10,238.8794,238.6202,238.892,,
901459,FUND019,2025-12-10,152.3105,152.6952,152.1698,,
901460,FUND020,2025-12-10,136.1565,136.624,136.1211,,
901461,FUND001,2025-12-11,32.4165,32.3736,32.4066,,
901462,FUND002,2025-12-11,140.1197,140.2609,140.1783,,
901463,FUND003,2025-12-11,204.3906,204.5094,204.2018,,
901464,FUND004,2025-12-11,82.9961,82.9215,83.0326,,
901465,FUND005,2025-12-11,200.9602,199.6904,201.0956,,
901466,FUND006,2025-12-11,233.2341,233.1108,233.0097,,
901467,FUND007,2025-12-11,184.4449,183.4867,184.3385,,
901468,FUND008,2025-12-11,54.996,55.0376,54.9667,,
901469,FUND009,2025-12-11,197.3334,198.1291,197.4722,,
901470,FUND010,2025-12-11,117.8452,117.9984,117.8091,,
901471,FUND011,2025-12-11,155.8813,155.1202,155.781,,
901472,FUND012,2025-12-11,158.5656,159.135,158.5809,,
901473,FUND013,2025-12-11,165.0191,166.7506,165.0092,,
901474,FUND014,2025-12-11,125.7854,125.6959,125.8747,,
901475,FUND015,2025-12-11,148.8485,148.6723,148.7822,,
901476,FUND016,2025-12-11,26.3323,26.2376,26.346,,
901477,FUND017,2025-12-11,23.5165,23.4561,23.4897,,
901478,FUND018,2025-12-11,239.8389,238.8794,239.8352,,
901479,FUND019,2025-12-11,152.0877,152.3105,152.2987,,
901480,FUND020,2025-12-11,136.0756,136.1565,136.1344,,
901481,FUND001,2025-12-12,32.3318,32.4165,32.3177,,
901482,FUND002,2025-12-12,140.7429,140.1197,140.705,,
901483,FUND003,2025-12-12,205.0246,204.3906,205.0866,,
901484,FUND004,2025-12-12,82.6614,82.9961,82.5818,,
901485,FUND005,2025-12-12,201.8148,200.9602,201.7464,,
901486,FUND006,2025-12-12,233.5588,233.2341,233.5325,,
901487,FUND007,2025-12-12,184.0794,184.4449,184.2707,,
901488,FUND008,2025-12-12,54.8521,54.996,54.8716,,
901489,FUND009,2025-12-12,198.91,197.3334,199.0441,,
901490,FUND010,2025-12-12,118.6456,117.8452,118.6362,,
901491,FUND011,2025-12-12,156.4885,155.8813,156.6249,,
901492,FUND012,2025-12-12,157.8508,158.5656,157.7909,,
901493,FUND013,2025-12-12,164.4631,165.0191,164.2751,,
901494,FUND014,2025-12-12,125.4313,125.7854,125.3141,,
901495,FUND015,2025-12-12,149.0303,148.8485,149.0577,,
901496,FUND016,2025-12-12,26.3665,26.3323,26.3812,,
901497,FUND017,2025-12-12,23.4697,23.5165,23.4595,,
901498,FUND018,2025-12-12,240.0272,239.8389,240.2152,,
901499,FUND019,2025-12-12,151.0021,152.0877,151.0335,,
901500,FUND020,2025-12-12,136.2219,136.0756,136.2526,,
901501,FUND001,2025-12-15,32.1202,32.3318,32.1191,,
901502,FUND002,2025-12-15,140.1775,140.7429,140.1786,,
901503,FUND003,2025-12-15,205.0128,205.0246,205.0549,,
901504,FUND004,2025-12-15,82.5674,82.6614,82.6275,,
901505,FUND005,2025-12-15,202.0073,201.8148,201.8391,,
901506,FUND006,2025-12-15,234.3876,233.5588,234.2863,,
901507,FUND007,2025-12-15,183.6113,184.0794,183.739,,
901508,FUND008,2025-12-15,54.9332,54.8521,54.9805,,
901509,FUND009,2025-12-15,199.0928,198.91,199.0671,,
901510,FUND010,2025-12-15,118.7562,118.6456,118.7449,,
901511,FUND011,2025-12-15,155.6069,156.4885,155.7983,,
901512,FUND012,2025-12-15,159.0782,157.8508,158.88,,
901513,FUND013,2025-12-15,165.8292,164.4631,165.9183,,
901514,FUND014,2025-12-15,125.4783,125.4313,125.5133,,
901515,FUND015,2025-12-15,149.1654,149.0303,149.0738,,
901516,FUND016,2025-12-15,26.2747,26.3665,26.4795,2025-12-15,2025-12-17
901517,FUND017,2025-12-15,23.5379,23.4697,23.5433,,
901518,FUND018,2025-12-15,240.2915,240.0272,240.325,,
901519,FUND019,2025-12-15,150.5322,151.0021,150.4949,,
901520,FUND020,2025-12-15,135.3533,136.2219,133.4017,2025-12-15,2025-12-17
901521,FUND001,2025-12-16,32.1771,32.1202,32.1732,,
901522,FUND002,2025-12-16,140.8889,140.1775,140.9039,,
901523,FUND003,2025-12-16,204.5528,205.0128,204.5057,,
901524,FUND004,2025-12-16,82.1758,82.5674,82.2796,,
901525,FUND005,2025-12-16,202.5681,202.0073,202.6663,,
901526,FUND006,2025-12-16,234.3552,234.3876,234.3772,,
901527,FUND007,2025-12-16,184.9515,183.6113,185.0116,,
901528,FUND008,2025-12-16,55.0025,54.9332,54.9635,,
901529,FUND009,2025-12-16,199.1367,199.0928,199.0775,,
901530,FUND010,2025-12-16,118.6859,118.7562,118.5821,,
901531,FUND011,2025-12-16,154.9817,155.6069,154.9629,,
901532,FUND012,2025-12-16,160.1246,159.0782,160.0889,,
901533,FUND013,2025-12-16,166.6047,165.8292,166.4978,,
901534,FUND014,2025-12-16,126.2934,125.4783,126.2655,,
901535,FUND015,2025-12-16,148.425,149.1654,148.4606,,
901536,FUND016,2025-12-16,26.3558,26.2747,26.3695,,
901537,FUND017,2025-12-16,23.54,23.5379,23.3731,2025-12-16,2025-12-17
901538,FUND018,2025-12-16,242.1284,240.2915,242.026,,
901539,FUND019,2025-12-16,150.5339,150.5322,150.568,,
901540,FUND020,2025-12-16,135.3058,135.3533,135.3594,,
901541,FUND001,2025-12-17,32.1909,32.1771,32.1961,,
901542,FUND002,2025-12-17,141.018,140.8889,141.1036,,
901543,FUND003,2025-12-17,203.6608,204.5528,203.6515,,
901544,FUND004,2025-12-17,81.9908,82.1758,82.0018,,
901545,FUND005,2025-12-17,202.846,202.5681,203.0266,,
901546,FUND006,2025-12-17,234.1828,234.3552,234.2864,,
901547,FUND007,2025-12-17,184.2977,184.9515,184.2202,,
901548,FUND008,2025-12-17,54.8068,55.0025,54.7982,,
901549,FUND009,2025-12-17,199.1527,199.1367,199.1373,,
901550,FUND010,2025-12-17,118.6117,118.6859,118.7037,,
901551,FUND011,2025-12-17,154.4552,154.9817,154.3902,,
901552,FUND012,2025-12-17,159.8202,160.1246,159.8604,,
901553,FUND013,2025-12-17,167.5313,166.6047,167.6291,,
901554,FUND014,2025-12-17,126.4934,126.2934,126.403,,
901555,FUND015,2025-12-17,147.9829,148.425,148.0784,,
901556,FUND016,2025-12-17,26.2614,26.3558,26.2768,,
901557,FUND017,2025-12-17,23.6659,23.54,23.6651,,
901558,FUND018,2025-12-17,244.3828,242.1284,244.3443,,
901559,FUND019,2025-12-17,151.0773,150.5339,151.0817,,
901560,FUND020,2025-12-17,134.4287,135.3058,134.3679,,
901561,FUND001,2025-12-18,32.1097,32.1909,32.1366,,
901562,FUND002,2025-12-18,140.9762,141.018,140.91,,
901563,FUND003,2025-12-18,204.876,203.6608,204.8229,,
901564,FUND004,2025-12-18,82.3267,81.9908,82.3474,,
901565,FUND005,2025-12-18,203.2472,202.846,203.1898,,
901566,FUND006,2025-12-18,232.752,234.1828,232.718,,
901567,FUND007,2025-12-18,184.8949,184.2977,184.7096,,
901568,FUND008,2025-12-18,54.8787,54.8068,54.8654,,
901569,FUND009,2025-12-18,198.4401,199.1527,198.4172,,
901570,FUND010,2025-12-18,118.2305,118.6117,118.1598,,
901571,FUND011,2025-12-18,154.6194,154.4552,154.6541,,
901572,FUND012,2025-12-18,160.3366,159.8202,160.3146,,
901573,FUND013,2025-12-18,167.7991,167.5313,167.9986,,
901574,FUND014,2025-12-18,126.2473,126.4934,126.2043,,
901575,FUND015,2025-12-18,148.179,147.9829,148.2048,,
901576,FUND016,2025-12-18,26.2773,26.2614,26.2746,,
901577,FUND017,2025-12-18,23.6611,23.6659,23.6764,,
901578,FUND018,2025-12-18,244.9148,244.3828,245.1488,,
901579,FUND019,2025-12-18,151.2325,151.0773,151.1846,,
901580,FUND020,2025-12-18,135.0989,134.4287,135.1062,,
901581,FUND001,2025-12-19,32.3822,32.1097,32.3571,,
901582,FUND002,2025-12-19,140.8353,140.9762,140.8904,,
901583,FUND003,2025-12-19,205.6749,204.876,205.5143,,
901584,FUND004,2025-12-19,82.4743,82.3267,82.5152,,
901585,FUND005,2025-12-19,203.7954,203.2472,203.4813,,
901586,FUND006,2025-12-19,232.1622,232.752,232.1662,,
901587,FUND007,2025-12-19,185.2003,184.8949,185.1708,,
901588,FUND008,2025-12-19,54.8287,54.8787,54.8226,,
901589,FUND009,2025-12-19,198.1215,198.4401,198.1542,,
901590,FUND010,2025-12-19,118.2793,118.2305,118.1962,,
901591,FUND011,2025-12-19,156.0616,154.6194,156.1268,,
901592,FUND012,2025-12-19,160.0887,160.3366,160.1966,,
901593,FUND013,2025-12-19,167.8545,167.7991,167.8434,,
901594,FUND014,2025-12-19,126.0388,126.2473,126.0609,,
901595,FUND015,2025-12-19,147.4563,148.179,147.392,,
901596,FUND016,2025-12-19,26.2627,26.2773,26.273,,
901597,FUND017,2025-12-19,23.8389,23.6611,23.8121,,
901598,FUND018,2025-12-19,243.6311,244.9148,243.7038,,
901599,FUND019,2025-12-19,150.8409,151.2325,150.8768,,
901600,FUND020,2025-12-19,134.9055,135.0989,134.9459,,
901601,FUND001,2025-12-22,32.0645,32.3822,32.0754,,
901602,FUND002,2025-12-22,141.0093,140.8353,141.0948,,
901603,FUND003,2025-12-22,206.5007,205.6749,206.508,,
901604,FUND004,2025-12-22,82.256,82.4743,82.2376,,
901605,FUND005,2025-12-22,204.6115,203.7954,204.5342,,
901606,FUND006,2025-12-22,233.3909,232.1622,233.5958,,
901607,FUND007,2025-12-22,184.3702,185.2003,184.1938,,
901608,FUND008,2025-12-22,54.8797,54.8287,54.8699,,
901609,FUND009,2025-12-22,198.5229,198.1215,198.3255,,
901610,FUND010,2025-12-22,117.5568,118.2793,117.57,,
901611,FUND011,2025-12-22,156.2815,156.0616,156.1912,,
901612,FUND012,2025-12-22,159.7265,160.0887,159.6726,,
901613,FUND013,2025-12-22,167.7677,167.8545,167.9286,,
901614,FUND014,2025-12-22,126.3741,126.0388,126.4602,,
901615,FUND015,2025-12-22,147.2307,147.4563,147.2567,,
901616,FUND016,2025-12-22,26.1043,26.2627,26.1091,,
901617,FUND017,2025-12-22,23.5921,23.8389,23.6074,,
901618,FUND018,2025-12-22,243.5701,243.6311,243.6005,,
901619,FUND019,2025-12-22,151.4083,150.8409,151.4518,,
901620,FUND020,2025-12-22,134.6495,134.9055,134.7158,,
901621,FUND001,2025-12-23,31.9995,32.0645,31.9661,,
901622,FUND002,2025-12-23,139.9595,141.0093,139.9381,,
901623,FUND003,2025-12-23,206.9695,206.5007,207.1084,,
901624,FUND004,2025-12-23,81.4732,82.256,81.468,,
901625,FUND005,2025-12-23,205.1987,204.6115,205.4365,,
901626,FUND006,2025-12-23,233.921,233.3909,233.8572,,
901627,FUND007,2025-12-23,183.6703,184.3702,183.6387,,
901628,FUND008,2025-12-23,54.4625,54.8797,54.4648,,
901629,FUND009,2025-12-23,198.8176,198.5229,199.0094,,
901630,FUND010,2025-12-23,117.2198,117.5568,117.2363,,
901631,FUND011,2025-12-23,156.0959,156.2815,156.1156,,
901632,FUND012,2025-12-23,159.8602,159.7265,159.6402,,
901633,FUND013,2025-12-23,168.391,167.7677,168.3636,,
901634,FUND014,2025-12-23,125.9115,126.3741,125.8396,,
901635,FUND015,2025-12-23,147.8908,147.2307,147.7083,,
901636,FUND016,2025-12-23,25.9721,26.1043,25.9556,,
901637,FUND017,2025-12-23,23.6784,23.5921,23.6688,,
901638,FUND018,2025-12-23,243.3266,243.5701,243.3294,,
901639,FUND019,2025-12-23,151.4463,151.4083,151.3444,,
901640,FUND020,2025-12-23,134.7105,134.6495,134.786,,
901641,FUND001,2025-12-24,32.1335,31.9995,32.1498,,
901642,FUND002,2025-12-24,139.7329,139.9595,139.8325,,
901643,FUND003,2025-12-24,206.6867,206.9695,206.7894,,
901644,FUND004,2025-12-24,81.2702,81.4732,81.1699,,
901645,FUND005,2025-12-24,205.684,205.1987,205.7214,,
901646,FUND006,2025-12-24,233.786,233.921,233.7836,,
901647,FUND007,2025-12-24,183.9864,183.6703,183.9025,,
901648,FUND008,2025-12-24,54.6625,54.4625,54.6858,,
901649,FUND009,2025-12-24,200.6131,198.8176,200.659,,
901650,FUND010,2025-12-24,117.2741,117.2198,117.1816,,
901651,FUND011,2025-12-24,156.5771,156.0959,156.6947,,
901652,FUND012,2025-12-24,160.3873,159.8602,160.4537,,
901653,FUND013,2025-12-24,168.4085,168.391,168.3508,,
901654,FUND014,2025-12-24,126.385,125.9115,126.4102,,
901655,FUND015,2025-12-24,149.439,147.8908,149.5709,,
901656,FUND016,2025-12-24,25.9058,25.9721,25.9032,,
901657,FUND017,2025-12-24,23.8301,23.6784,23.8164,,
901658,FUND018,2025-12-24,243.7272,243.3266,243.7667,,
901659,FUND019,2025-12-24,151.5853,151.4463,151.7348,,
901660,FUND020,2025-12-24,134.835,134.7105,134.9453,,
901661,FUND001,2025-12-25,32.14,32.1335,32.1568,,
901662,FUND002,2025-12-25,139.3603,139.7329,139.4838,,
901663,FUND003,2025-12-25,206.3971,206.6867,206.5168,,
901664,FUND004,2025-12-25,81.1881,81.2702,81.1843,,
901665,FUND005,2025-12-25,206.0811,205.684,206.0965,,
901666,FUND006,2025-12-25,233.5838,233.786,233.5756,,
901667,FUND007,2025-12-25,182.548,183.9864,182.5725,,
901668,FUND008,2025-12-25,54.6641,54.6625,54.6766,,
901669,FUND009,2025-12-25,200.2461,200.6131,200.2281,,
901670,FUND010,2025-12-25,116.8883,117.2741,116.9486,,
901671,FUND011,2025-12-25,157.4512,156.5771,157.4096,,
901672,FUND012,2025-12-25,160.3485,160.3873,160.3454,,
901673,FUND013,2025-12-25,167.851,168.4085,165.6585,2025-12-25,2025-12-26
901674,FUND014,2025-12-25,126.1282,126.385,126.1226,,
901675,FUND015,2025-12-25,148.5642,149.439,148.5369,,
901676,FUND016,2025-12-25,26.0263,25.9058,26.3317,2025-12-25,2025-12-27
901677,FUND017,2025-12-25,23.8424,23.8301,23.8407,,
901678,FUND018,2025-12-25,242.8414,243.7272,242.766,,
901679,FUND019,2025-12-25,152.5008,151.5853,152.4922,,
901680,FUND020,2025-12-25,134.9953,134.835,135.0617,,
901681,FUND001,2025-12-26,32.3849,32.14,32.3996,,
901682,FUND002,2025-12-26,140.3041,139.3603,140.4135,,
901683,FUND003,2025-12-26,206.7979,206.3971,206.7146,,
901684,FUND004,2025-12-26,81.5101,81.1881,81.5107,,
901685,FUND005,2025-12-26,207.4005,206.0811,209.2109,2025-12-26,2025-12-28
901686,FUND006,2025-12-26,234.77,233.5838,234.7223,,
901687,FUND007,2025-12-26,182.3824,182.548,182.4435,,
901688,FUND008,2025-12-26,54.4939,54.6641,54.5237,,
901689,FUND009,2025-12-26,201.0512,200.2461,201.0138,,
901690,FUND010,2025-12-26,116.7453,116.8883,116.735,,
901691,FUND011,2025-12-26,158.1249,157.4512,158.0497,,
901692,FUND012,2025-12-26,160.1356,160.3485,160.0143,,
901693,FUND013,2025-12-26,168.2528,167.851,168.1966,,
901694,FUND014,2025-12-26,127.0181,126.1282,127.0599,,
901695,FUND015,2025-12-26,149.0066,148.5642,148.9372,,
901696,FUND016,2025-12-26,25.8588,26.0263,25.8464,,
901697,FUND017,2025-12-26,23.846,23.8424,23.8512,,
901698,FUND018,2025-12-26,243.8121,242.8414,243.8201,,
901699,FUND019,2025-12-26,152.2532,152.5008,152.1839,,
901700,FUND020,2025-12-26,136.0281,134.9953,135.9643,,
901701,FUND001,2025-12-29,32.3173,32.3849,32.3032,,
901702,FUND002,2025-12-29,140.5582,140.3041,140.5818,,
901703,FUND003,2025-12-29,208.0499,206.7979,208.2171,,
901704,FUND004,2025-12-29,81.4899,81.5101,81.5263,,
901705,FUND005,2025-12-29,207.6082,207.4005,207.5429,,
901706,FUND006,2025-12-29,233.9507,234.77,233.7965,,
901707,FUND007,2025-12-29,183.2992,182.3824,183.4076,,
901708,FUND008,2025-12-29,54.5845,54.4939,54.5192,,
901709,FUND009,2025-12-29,201.2902,201.0512,201.4573,,
901710,FUND010,2025-12-29,116.2219,116.7453,116.2325,,
901711,FUND011,2025-12-29,159.1815,158.1249,159.2257,,
901712,FUND012,2025-12-29,159.222,160.1356,159.1253,,
901713,FUND013,2025-12-29,168.7218,168.2528,168.684,,
901714,FUND014,2025-12-29,126.7934,127.0181,126.8413,,
901715,FUND015,2025-12-29,149.269,149.0066,149.2614,,
901716,FUND016,2025-12-29,25.8879,25.8588,25.9018,,
901717,FUND017,2025-12-29,23.7352,23.846,23.7344,,
901718,FUND018,2025-12-29,243.2124,243.8121,243.0951,,
901719,FUND019,2025-12-29,151.5593,152.2532,151.4724,,
901720,FUND020,2025-12-29,135.7384,136.0281,135.6909,,
901721,FUND001,2025-12-30,32.377,32.3173,32.3722,,
901722,FUND002,2025-12-30,141.0078,140.5582,141.1148,,
901723,FUND003,2025-12-30,207.5826,208.0499,207.4351,,
901724,FUND004,2025-12-30,81.4385,81.4899,81.4676,,
901725,FUND005,2025-12-30,207.34,207.6082,207.4493,,
901726,FUND006,2025-12-30,234.0138,233.9507,234.0327,,
901727,FUND007,2025-12-30,183.0633,183.2992,182.9793,,
901728,FUND008,2025-12-30,54.4533,54.5845,54.4522,,
901729,FUND009,2025-12-30,201.6813,201.2902,201.8389,,
901730,FUND010,2025-12-30,117.2603,116.2219,117.382,,
901731,FUND011,2025-12-30,159.4183,159.1815,159.1687,,
901732,FUND012,2025-12-30,158.6677,159.222,158.4321,,
901733,FUND013,2025-12-30,168.4488,168.7218,168.3664,,
901734,FUND014,2025-12-30,127.1148,126.7934,127.2152,,
901735,FUND015,2025-12-30,148.8471,149.269,148.859,,
901736,FUND016,2025-12-30,25.9111,25.8879,25.9195,,
901737,FUND017,2025-12-30,23.6055,23.7352,23.6033,,
901738,FUND018,2025-12-30,243.1203,243.2124,243.0275,,
901739,FUND019,2025-12-30,151.3139,151.5593,151.3219,,
901740,FUND020,2025-12-30,136.861,135.7384,136.9264,,
901741,FUND001,2025-12-31,32.4033,32.377,32.4245,,
901742,FUND002,2025-12-31,141.4822,141.0078,141.5549,,
901743,FUND003,2025-12-31,207.7293,207.5826,207.9728,,
901744,FUND004,2025-12-31,81.3049,81.4385,81.2313,,
901745,FUND005,2025-12-31,207.9568,207.34,208.0049,,
901746,FUND006,2025-12-31,234.7708,234.0138,234.756,,
901747,FUND007,2025-12-31,183.0024,183.0633,183.0721,,
901748,FUND008,2025-12-31,54.3033,54.4533,54.2964,,
901749,FUND009,2025-12-31,202.4872,201.6813,202.4596,,
901750,FUND010,2025-12-31,117.3641,117.2603,117.3076,,
901751,FUND011,2025-12-31,160.2055,159.4183,160.2458,,
901752,FUND012,2025-12-31,159.2247,158.6677,159.2385,,
901753,FUND013,2025-12-31,167.8778,168.4488,167.8108,,
901754,FUND014,2025-12-31,127.1276,127.1148,127.0637,,
901755,FUND015,2025-12-31,149.3647,148.8471,149.3961,,
901756,FUND016,2025-12-31,25.7696,25.9111,25.7599,,
901757,FUND017,2025-12-31,23.5727,23.6055,23.5518,,
901758,FUND018,2025-12-31,243.5286,243.1203,243.161,,
901759,FUND019,2025-12-31,150.7868,151.3139,150.6543,,
901760,FUND020,2025-12-31,135.8206,136.861,135.7437,,
901761,FUND001,2026-01-01,32.3419,32.4033,32.3308,,
901762,FUND002,2026-01-01,141.5603,141.4822,141.4068,,
901763,FUND003,2026-01-01,206.2118,207.7293,205.9936,,
901764,FUND004,2026-01-01,81.0417,81.3049,81.0193,,
901765,FUND005,2026-01-01,207.095,207.9568,206.7508,,
901766,FUND006,2026-01-01,234.1386,234.7708,234.1007,,
901767,FUND007,2026-01-01,181.7511,183.0024,181.532,,
901768,FUND008,2026-01-01,54.5971,54.3033,54.5784,,
901769,FUND009,2026-01-01,202.6922,202.4872,202.7618,,
901770,FUND010,2026-01-01,117.6351,117.3641,117.5901,,
901771,FUND011,2026-01-01,158.4627,160.2055,158.5662,,
901772,FUND012,2026-01-01,159.3407,159.2247,159.5083,,
901773,FUND013,2026-01-01,167.9151,167.8778,167.9443,,
901774,FUND014,2026-01-01,126.7056,127.1276,126.6957,,
901775,FUND015,2026-01-01,148.6584,149.3647,148.5435,,
901776,FUND016,2026-01-01,25.7097,25.7696,25.6997,,
901777,FUND017,2026-01-01,23.6124,23.5727,23.6085,,
901778,FUND018,2026-01-01,243.9537,243.5286,243.7896,,
901779,FUND019,2026-01-01,150.2366,150.7868,150.1523,,
901780,FUND020,2026-01-01,135.1654,135.8206,135.0713,,
901781,FUND001,2026-01-02,32.2391,32.3419,32.2365,,
901782,FUND002,2026-01-02,140.6901,141.5603,140.6993,,
901783,FUND003,2026-01-02,207.3172,206.2118,207.2749,,
901784,FUND004,2026-01-02,81.0314,81.0417,81.0078,,
901785,FUND005,2026-01-02,206.5181,207.095,206.6117,,
901786,FUND006,2026-01-02,234.0988,234.1386,234.0923,,
901787,FUND007,2026-01-02,180.6099,181.7511,180.664,,
901788,FUND008,2026-01-02,54.4465,54.5971,54.4357,,
901789,FUND009,2026-01-02,201.8101,202.6922,201.8466,,
901790,FUND010,2026-01-02,117.6442,117.6351,117.5529,,
901791,FUND011,2026-01-02,157.6089,158.4627,157.5823,,
901792,FUND012,2026-01-02,159.569,159.3407,159.5623,,
901793,FUND013,2026-01-02,168.3745,167.9151,168.3272,,
901794,FUND014,2026-01-02,126.2499,126.7056,126.2446,,
901795,FUND015,2026-01-02,149.6789,148.6584,149.6867,,
901796,FUND016,2026-01-02,25.5692,25.7097,25.5625,,
901797,FUND017,2026-01-02,23.5724,23.6124,23.806,2026-01-02,2026-01-04
901798,FUND018,2026-01-02,243.4509,243.9537,243.4631,,
901799,FUND019,2026-01-02,150.191,150.2366,150.1683,,
901800,FUND020,2026-01-02,135.4928,135.1654,135.6029,,
901801,FUND001,2026-01-05,32.0664,32.2391,32.0343,,
901802,FUND002,2026-01-05,140.8573,140.6901,140.9117,,
901803,FUND003,2026-01-05,206.3554,207.3172,206.3205,,
901804,FUND004,2026-01-05,80.406,81.0314,80.4549,,
901805,FUND005,2026-01-05,206.2117,206.5181,206.1756,,
901806,FUND006,2026-01-05,234.3777,234.0988,234.4842,,
901807,FUND007,2026-01-05,180.4459,180.6099,180.5404,,
901808,FUND008,2026-01-05,54.3185,54.4465,54.7119,2026-01-05,2026-01-06
901809,FUND009,2026-01-05,201.4712,201.8101,201.4774,,
901810,FUND010,2026-01-05,116.9248,117.6442,116.8837,,
901811,FUND011,2026-01-05,157.061,157.6089,157.1176,,
901812,FUND012,2026-01-05,159.3026,159.569,159.2612,,
901813,FUND013,2026-01-05,167.989,168.3745,168.059,,
901814,FUND014,2026-01-05,127.2225,126.2499,127.2128,,
901815,FUND015,2026-01-05,150.1606,149.6789,150.0761,,
901816,FUND016,2026-01-05,25.6013,25.5692,25.5811,,
901817,FUND017,2026-01-05,23.4186,23.5724,23.4006,,
901818,FUND018,2026-01-05,243.2382,243.4509,243.4121,,
901819,FUND019,2026-01-05,150.131,150.191,150.172,,
901820,FUND020,2026-01-05,135.1606,135.4928,135.16,,
901821,FUND001,2026-01-06,32.0654,32.0664,32.0676,,
901822,FUND002,2026-01-06,140.7881,140.8573,140.7541,,
901823,FUND003,2026-01-06,206.126,206.3554,206.1162,,
901824,FUND004,2026-01-06,80.4241,80.406,80.398,,
901825,FUND005,2026-01-06,207.2936,206.2117,207.4804,,
901826,FUND006,2026-01-06,233.9009,234.3777,234.0627,,
901827,FUND007,2026-01-06,179.4345,180.4459,179.2196,,
901828,FUND008,2026-01-06,54.5381,54.3185,54.5114,,
901829,FUND009,2026-01-06,202.6055,201.4712,202.5758,,
901830,FUND010,2026-01-06,116.3201,116.9248,116.3612,,
901831,FUND011,2026-01-06,158.1652,157.061,158.076,,
901832,FUND012,2026-01-06,159.1561,159.3026,159.1376,,
901833,FUND013,2026-01-06,168.386,167.989,168.2714,,
901834,FUND014,2026-01-06,127.1162,127.2225,127.0881,,
901835,FUND015,2026-01-06,150.2201,150.1606,150.2003,,
901836,FUND016,2026-01-06,25.4627,25.6013,25.4469,,
901837,FUND017,2026-01-06,23.4344,23.4186,23.4218,,
901838,FUND018,2026-01-06,242.7998,243.2382,242.8938,,
901839,FUND019,2026-01-06,149.4911,150.131,149.5938,,
901840,FUND020,2026-01-06,134.5712,135.1606,135.8727,2026-01-06,2026-01-07
901841,FUND001,2026-01-07,31.8881,32.0654,31.8521,,
901842,FUND002,2026-01-07,139.4703,140.7881,139.6127,,
901843,FUND003,2026-01-07,204.9005,206.126,205.079,,
901844,FUND004,2026-01-07,80.4176,80.4241,80.4086,,
901845,FUND005,2026-01-07,207.9683,207.2936,208.0752,,
901846,FUND006,2026-01-07,233.8027,233.9009,233.7708,,
901847,FUND007,2026-01-07,180.6007,179.4345,180.6424,,
901848,FUND008,2026-01-07,54.5865,54.5381,54.5801,,
901849,FUND009,2026-01-07,200.9924,202.6055,200.8905,,
901850,FUND010,2026-01-07,116.313,116.3201,116.4047,,
901851,FUND011,2026-01-07,158.8095,158.1652,158.711,,
901852,FUND012,2026-01-07,158.4813,159.1561,158.5406,,
901853,FUND013,2026-01-07,168.0988,168.386,168.2384,,
901854,FUND014,2026-01-07,127.3073,127.1162,127.4887,,
901855,FUND015,2026-01-07,148.863,150.2201,148.9133,,
901856,FUND016,2026-01-07,25.4619,25.4627,25.4645,,
901857,FUND017,2026-01-07,23.5487,23.4344,23.5421,,
901858,FUND018,2026-01-07,242.0728,242.7998,242.0911,,
901859,FUND019,2026-01-07,150.1048,149.4911,150.1377,,
901860,FUND020,2026-01-07,134.6617,134.5712,134.6805,,
901861,FUND001,2026-01-08,31.8351,31.8881,31.8196,,
901862,FUND002,2026-01-08,139.8921,139.4703,139.9535,,
901863,FUND003,2026-01-08,205.1301,204.9005,205.1852,,
901864,FUND004,2026-01-08,80.7443,80.4176,80.7976,,
901865,FUND005,2026-01-08,208.9201,207.9683,209.0416,,
901866,FUND006,2026-01-08,233.8459,233.8027,233.6875,,
901867,FUND007,2026-01-08,181.7803,180.6007,181.7148,,
901868,FUND008,2026-01-08,54.3763,54.5865,54.3766,,
901869,FUND009,2026-01-08,201.7489,200.9924,202.0657,,
901870,FUND010,2026-01-08,116.7138,116.313,116.8216,,
901871,FUND011,2026-01-08,158.111,158.8095,158.2555,,
901872,FUND012,2026-01-08,158.9122,158.4813,158.948,,
901873,FUND013,2026-01-08,168.7755,168.0988,168.8419,,
901874,FUND014,2026-01-08,126.7925,127.3073,126.8738,,
901875,FUND015,2026-01-08,148.6217,148.863,148.5538,,
901876,FUND016,2026-01-08,25.4723,25.4619,25.454,,
901877,FUND017,2026-01-08,23.662,23.5487,23.6633,,
901878,FUND018,2026-01-08,242.6511,242.0728,242.3285,,
901879,FUND019,2026-01-08,150.9968,150.1048,151.0447,,
901880,FUND020,2026-01-08,134.5112,134.6617,134.4799,,
901881,FUND001,2026-01-09,31.6562,31.8351,31.6422,,
901882,FUND002,2026-01-09,139.8539,139.8921,139.8462,,
901883,FUND003,2026-01-09,204.9622,205.1301,204.8817,,
901884,FUND004,2026-01-09,80.0891,80.7443,80.1593,,
901885,FUND005,2026-01-09,208.6278,208.9201,208.6449,,
901886,FUND006,2026-01-09,233.9691,233.8459,233.9566,,
901887,FUND007,2026-01-09,180.2604,181.7803,180.3368,,
901888,FUND008,2026-01-09,54.4162,54.3763,54.3953,,
901889,FUND009,2026-01-09,202.4059,201.7489,202.3919,,
901890,FUND010,2026-01-09,116.3824,116.7138,116.3393,,
901891,FUND011,2026-01-09,158.7191,158.111,158.7162,,
901892,FUND012,2026-01-09,160.5,158.9122,160.5959,,
901893,FUND013,2026-01-09,169.6654,168.7755,169.6035,,
901894,FUND014,2026-01-09,126.5218,126.7925,126.666,,
901895,FUND015,2026-01-09,148.5303,148.6217,148.4608,,
901896,FUND016,2026-01-09,25.7096,25.4723,25.6953,,
901897,FUND017,2026-01-09,23.6042,23.662,23.6103,,
901898,FUND018,2026-01-09,242.3006,242.6511,242.5231,,
901899,FUND019,2026-01-09,150.8591,150.9968,150.8068,,
901900,FUND020,2026-01-09,133.6973,134.5112,133.832,,
901901,FUND001,2026-01-12,31.6527,31.6562,31.642,,
901902,FUND002,2026-01-12,140.5128,139.8539,140.7329,,
901903,FUND003,2026-01-12,206.7057,204.9622,206.4962,,
901904,FUND004,2026-01-12,80.4274,80.0891,80.3752,,
901905,FUND005,2026-01-12,209.268,208.6278,209.2158,,
901906,FUND006,2026-01-12,235.0835,233.9691,235.118,,
901907,FUND007,2026-01-12,180.0207,180.2604,180.0533,,
901908,FUND008,2026-01-12,54.3222,54.4162,54.3366,,
901909,FUND009,2026-01-12,201.7061,202.4059,201.7148,,
901910,FUND010,2026-01-12,116.6848,116.3824,116.7488,,
901911,FUND011,2026-01-12,158.1703,158.7191,158.285,,
901912,FUND012,2026-01-12,161.7874,160.5,161.7474,,
901913,FUND013,2026-01-12,169.7871,169.6654,169.6859,,
901914,FUND014,2026-01-12,126.1682,126.5218,126.1742,,
901915,FUND015,2026-01-12,149.0774,148.5303,149.1403,,
901916,FUND016,2026-01-12,25.6429,25.7096,25.6581,,
901917,FUND017,2026-01-12,23.5437,23.6042,23.554,,
901918,FUND018,2026-01-12,241.1939,242.3006,238.6566,2026-01-12,2026-01-14
901919,FUND019,2026-01-12,150.0687,150.8591,150.13,,
901920,FUND020,2026-01-12,133.771,133.6973,133.7808,,
901921,FUND001,2026-01-13,31.5935,31.6527,31.6034,,
901922,FUND002,2026-01-13,141.1208,140.5128,141.126,,
901923,FUND003,2026-01-13,208.3842,206.7057,208.4246,,
901924,FUND004,2026-01-13,80.1653,80.4274,80.167,,
901925,FUND005,2026-01-13,208.8102,209.268,208.8356,,
901926,FUND006,2026-01-13,235.2312,235.0835,235.1699,,
901927,FUND007,2026-01-13,180.5837,180.0207,180.3715,,
901928,FUND008,2026-01-13,54.3835,54.3222,54.395,,
901929,FUND009,2026-01-13,203.2258,201.7061,203.2875,,
901930,FUND010,2026-01-13,116.6481,116.6848,116.6597,,
901931,FUND011,2026-01-13,158.1792,158.1703,158.1815,,
901932,FUND012,2026-01-13,162.8954,161.7874,162.8932,,
901933,FUND013,2026-01-13,169.6038,169.7871,169.5543,,
901934,FUND014,2026-01-13,126.2789,126.1682,126.2648,,
901935,FUND015,2026-01-13,149.7001,149.0774,149.7129,,
901936,FUND016,2026-01-13,25.7076,25.6429,25.7098,,
901937,FUND017,2026-01-13,23.3647,23.5437,23.3665,,
901938,FUND018,2026-01-13,239.6066,241.1939,239.6273,,
901939,FUND019,2026-01-13,150.0514,150.0687,149.9987,,
901940,FUND020,2026-01-13,133.135,133.771,133.1845,,
901941,FUND001,2026-01-14,31.6219,31.5935,31.638,,
901942,FUND002,2026-01-14,141.5999,141.1208,141.7009,,
901943,FUND003,2026-01-14,208.3299,208.3842,208.301,,
901944,FUND004,2026-01-14,80.232,80.1653,80.1927,,
901945,FUND005,2026-01-14,209.7126,208.8102,209.6827,,
901946,FUND006,2026-01-14,237.1993,235.2312,237.1972,,
901947,FUND007,2026-01-14,180.3211,180.5837,180.3672,,
901948,FUND008,2026-01-14,54.7418,54.3835,54.7111,,
901949,FUND009,2026-01-14,202.7342,203.2258,202.8743,,
901950,FUND010,2026-01-14,116.773,116.6481,116.7344,,
901951,FUND011,2026-01-14,157.4583,158.1792,157.5328,,
901952,FUND012,2026-01-14,163.6025,162.8954,163.5852,,
901953,FUND013,2026-01-14,168.8001,169.6038,168.7674,,
901954,FUND014,2026-01-14,126.2973,126.2789,126.2794,,
901955,FUND015,2026-01-14,149.7437,149.7001,149.858,,
901956,FUND016,2026-01-14,25.6135,25.7076,25.6287,,
901957,FUND017,2026-01-14,23.3526,23.3647,23.3637,,
901958,FUND018,2026-01-14,237.4395,239.6066,237.6219,,
901959,FUND019,2026-01-14,148.9694,150.0514,149.0401,,
901960,FUND020,2026-01-14,132.913,133.135,132.8223,,
901961,FUND001,2026-01-15,31.5421,31.6219,31.5623,,
901962,FUND002,2026-01-15,142.5968,141.5999,142.5819,,
901963,FUND003,2026-01-15,208.6401,208.3299,208.6283,,
901964,FUND004,2026-01-15,79.9081,80.232,79.8784,,
901965,FUND005,2026-01-15,209.4921,209.7126,209.6675,,
901966,FUND006,2026-01-15,237.5881,237.1993,237.572,,
901967,FUND007,2026-01-15,181.9476,180.3211,181.8547,,
901968,FUND008,2026-01-15,54.9265,54.7418,54.9456,,
901969,FUND009,2026-01-15,201.8861,202.7342,202.0386,,
901970,FUND010,2026-01-15,116.0643,116.773,116.0967,,
901971,FUND011,2026-01-15,157.553,157.4583,157.56,,
901972,FUND012,2026-01-15,162.2446,163.6025,162.2661,,
901973,FUND013,2026-01-15,169.3998,168.8001,169.3877,,
901974,FUND014,2026-01-15,127.0422,126.2973,127.1239,,
901975,FUND015,2026-01-15,150.2984,149.7437,150.2918,,
901976,FUND016,2026-01-15,25.583,25.6135,25.5675,,
901977,FUND017,2026-01-15,23.466,23.3526,23.4668,,
901978,FUND018,2026-01-15,238.0926,237.4395,238.0674,,
901979,FUND019,2026-01-15,149.0724,148.9694,148.9986,,
901980,FUND020,2026-01-15,132.7646,132.913,132.8075,,
901981,FUND001,2026-01-16,31.6539,31.5421,31.6733,,
901982,FUND002,2026-01-16,142.7878,142.5968,142.7761,,
901983,FUND003,2026-01-16,208.9001,208.6401,208.5916,,
901984,FUND004,2026-01-16,79.929,79.9081,79.8792,,
901985,FUND005,2026-01-16,209.5496,209.4921,209.7231,,
901986,FUND006,2026-01-16,237.1949,237.5881,237.4892,,
901987,FUND007,2026-01-16,181.9973,181.9476,182.2172,,
901988,FUND008,2026-01-16,54.8905,54.9265,54.8296,,
901989,FUND009,2026-01-16,201.9158,201.8861,201.9172,,
901990,FUND010,2026-01-16,115.2507,116.0643,115.3014,,
901991,FUND011,2026-01-16,158.1653,157.553,158.1924,,
901992,FUND012,2026-01-16,163.8462,162.2446,163.8787,,
901993,FUND013,2026-01-16,169.4464,169.3998,169.2973,,
901994,FUND014,2026-01-16,128.1048,127.0422,128.0673,,
901995,FUND015,2026-01-16,150.3357,150.2984,150.4296,,
901996,FUND016,2026-01-16,25.6271,25.583,25.6417,,
901997,FUND017,2026-01-16,23.2664,23.466,23.2556,,
901998,FUND018,2026-01-16,238.6796,238.0926,238.6191,,
901999,FUND019,2026-01-16,150.3448,149.0724,150.3332,,
902000,FUND020,2026-01-16,132.5161,132.7646,132.437,,
902001,FUND001,2026-01-19,31.6723,31.6539,31.6692,,
902002,FUND002,2026-01-19,143.4335,142.7878,143.435,,
902003,FUND003,2026-01-19,209.0354,208.9001,208.925,,
902004,FUND004,2026-01-19,79.2725,79.929,79.3483,,
902005,FUND005,2026-01-19,208.8985,209.5496,208.9674,,
902006,FUND006,2026-01-19,237.1473,237.1949,237.1561,,
902007,FUND007,2026-01-19,182.1146,181.9973,180.855,2026-01-19,2026-01-21
902008,FUND008,2026-01-19,54.6069,54.8905,54.5934,,
902009,FUND009,2026-01-19,200.38,201.9158,200.348,,
902010,FUND010,2026-01-19,115.3591,115.2507,115.4082,,
902011,FUND011,2026-01-19,158.276,158.1653,158.342,,
902012,FUND012,2026-01-19,164.392,163.8462,164.3775,,
902013,FUND013,2026-01-19,168.536,169.4464,168.5001,,
902014,FUND014,2026-01-19,128.3085,128.1048,128.4177,,
902015,FUND015,2026-01-19,149.8369,150.3357,149.8143,,
902016,FUND016,2026-01-19,25.4821,25.6271,25.4809,,
902017,FUND017,2026-01-19,23.2601,23.2664,23.2699,,
902018,FUND018,2026-01-19,238.4462,238.6796,238.5605,,
902019,FUND019,2026-01-19,151.2004,150.3448,151.2157,,
902020,FUND020,2026-01-19,132.8254,132.5161,132.8575,,
902021,FUND001,2026-01-20,31.6201,31.6723,31.655,,
902022,FUND002,2026-01-20,143.3005,143.4335,143.2099,,
902023,FUND003,2026-01-20,208.2844,209.0354,208.2497,,
902024,FUND004,2026-01-20,79.0447,79.2725,78.99,,
902025,FUND005,2026-01-20,209.5316,208.8985,209.4958,,
902026,FUND006,2026-01-20,238.0434,237.1473,238.1986,,
902027,FUND007,2026-01-20,181.5391,182.1146,181.5047,,
902028,FUND008,2026-01-20,54.5267,54.6069,54.5127,,
902029,FUND009,2026-01-20,200.1913,200.38,200.2998,,
902030,FUND010,2026-01-20,115.5496,115.3591,115.5618,,
902031,FUND011,2026-01-20,158.2335,158.276,158.1761,,
902032,FUND012,2026-01-20,163.8557,164.392,163.7986,,
902033,FUND013,2026-01-20,168.6134,168.536,168.5234,,
902034,FUND014,2026-01-20,128.0462,128.3085,128.0289,,
902035,FUND015,2026-01-20,150.1294,149.8369,150.1135,,
902036,FUND016,2026-01-20,25.4568,25.4821,25.4427,,
902037,FUND017,2026-01-20,23.1496,23.2601,23.1451,,
902038,FUND018,2026-01-20,239.0535,238.4462,238.9851,,
902039,FUND019,2026-01-20,151.6281,151.2004,151.7133,,
902040,FUND020,2026-01-20,132.6674,132.8254,132.5874,,
902041,FUND001,2026-01-21,31.4676,31.6201,31.4599,,
902042,FUND002,2026-01-21,144.6716,143.3005,144.4712,,
902043,FUND003,2026-01-21,208.3139,208.2844,208.4829,,
902044,FUND004,2026-01-21,78.7968,79.0447,78.7542,,
902045,FUND005,2026-01-21,209.5256,209.5316,209.5215,,
902046,FUND006,2026-01-21,238.0981,238.0434,238.1886,,
902047,FUND007,2026-01-21,181.8869,181.5391,181.8518,,
902048,FUND008,2026-01-21,54.788,54.5267,54.7719,,
902049,FUND009,2026-01-21,201.0522,200.1913,201.1767,,
902050,FUND010,2026-01-21,116.2568,115.5496,116.3143,,
902051,FUND011,2026-01-21,158.7244,158.2335,158.7237,,
902052,FUND012,2026-01-21,164.2497,163.8557,164.245,,
902053,FUND013,2026-01-21,168.1939,168.6134,168.2026,,
902054,FUND014,2026-01-21,127.8572,128.0462,127.7987,,
902055,FUND015,2026-01-21,149.3249,150.1294,149.2976,,
902056,FUND016,2026-01-21,25.3436,25.4568,25.3231,,
902057,FUND017,2026-01-21,23.1845,23.1496,23.1996,,
902058,FUND018,2026-01-21,239.7845,239.0535,239.814,,
902059,FUND019,2026-01-21,151.6918,151.6281,151.7325,,
902060,FUND020,2026-01-21,132.3996,132.6674,132.4164,,
902061,FUND001,2026-01-22,31.4634,31.4676,31.4629,,
902062,FUND002,2026-01-22,144.9998,144.6716,144.9808,,
902063,FUND003,2026-01-22,207.8934,208.3139,207.8381,,
902064,FUND004,2026-01-22,78.7091,78.7968,78.7429,,
902065,FUND005,2026-01-22,208.338,209.5256,208.2544,,
902066,FUND006,2026-01-22,239.2479,238.0981,238.9495,,
902067,FUND007,2026-01-22,181.0889,181.8869,182.7945,2026-01-22,2026-01-24
902068,FUND008,2026-01-22,54.8835,54.788,54.8447,,
902069,FUND009,2026-01-22,200.5823,201.0522,200.5831,,
902070,FUND010,2026-01-22,116.1121,116.2568,116.1709,,
902071,FUND011,2026-01-22,158.3332,158.7244,158.2234,,
902072,FUND012,2026-01-22,162.7329,164.2497,162.6451,,
902073,FUND013,2026-01-22,168.4285,168.1939,168.3987,,
902074,FUND014,2026-01-22,127.1517,127.8572,127.1213,,
902075,FUND015,2026-01-22,148.2431,149.3249,148.1354,,
902076,FUND016,2026-01-22,25.3599,25.3436,25.3625,,
902077,FUND017,2026-01-22,23.2344,23.1845,23.2302,,
902078,FUND018,2026-01-22,239.7323,239.7845,239.5553,,
902079,FUND019,2026-01-22,150.7637,151.6918,150.798,,
902080,FUND020,2026-01-22,132.441,132.3996,132.3454,,
902081,FUND001,2026-01-23,31.4799,31.4634,31.4488,,
902082,FUND002,2026-01-23,144.5902,144.9998,144.6692,,
902083,FUND003,2026-01-23,208.3693,207.8934,208.3272,,
902084,FUND004,2026-01-23,77.9546,78.7091,77.871,,
902085,FUND005,2026-01-23,208.5868,208.338,208.5225,,
902086,FUND006,2026-01-23,238.8916,239.2479,238.5991,,
902087,FUND007,2026-01-23,181.8168,181.0889,181.7571,,
902088,FUND008,2026-01-23,55.0235,54.8835,55.0638,,
902089,FUND009,2026-01-23,201.8179,200.5823,201.8504,,
902090,FUND010,2026-01-23,116.4423,116.1121,116.3174,,
902091,FUND011,2026-01-23,158.1463,158.3332,158.0541,,
902092,FUND012,2026-01-23,162.9886,162.7329,163.1215,,
902093,FUND013,2026-01-23,169.2313,168.4285,169.0505,,
902094,FUND014,2026-01-23,126.4476,127.1517,126.4195,,
902095,FUND015,2026-01-23,149.2696,148.2431,149.5087,,
902096,FUND016,2026-01-23,25.5007,25.3599,25.4929,,
902097,FUND017,2026-01-23,23.2801,23.2344,23.297,,
902098,FUND018,2026-01-23,238.4182,239.7323,238.5363,,
902099,FUND019,2026-01-23,150.178,150.7637,150.2144,,
902100,FUND020,2026-01-23,132.4928,132.441,132.4286,,
902101,FUND001,2026-01-26,31.3844,31.4799,31.371,,
902102,FUND002,2026-01-26,144.1496,144.5902,144.2636,,
902103,FUND003,2026-01-26,207.9187,208.3693,207.923,,
902104,FUND004,2026-01-26,77.9631,77.9546,77.9561,,
902105,FUND005,2026-01-26,208.844,208.5868,208.9584,,
902106,FUND006,2026-01-26,238.2788,238.8916,238.3896,,
902107,FUND007,2026-01-26,181.7883,181.8168,181.732,,
902108,FUND008,2026-01-26,54.8979,55.0235,54.8796,,
902109,FUND009,2026-01-26,201.4854,201.8179,201.3561,,
902110,FUND010,2026-01-26,117.1339,116.4423,117.154,,
902111,FUND011,2026-01-26,157.4209,158.1463,157.4378,,
902112,FUND012,2026-01-26,162.3367,162.9886,162.3076,,
902113,FUND013,2026-01-26,168.7297,169.2313,168.712,,
902114,FUND014,2026-01-26,126.0414,126.4476,126.0794,,
902115,FUND015,2026-01-26,148.7486,149.2696,148.8415,,
902116,FUND016,2026-01-26,25.2946,25.5007,25.3069,,
902117,FUND017,2026-01-26,23.2897,23.2801,23.3041,,
902118,FUND018,2026-01-26,237.6629,238.4182,237.6535,,
902119,FUND019,2026-01-26,149.6461,150.178,149.5623,,
902120,FUND020,2026-01-26,132.6709,132.4928,132.5839,,
902121,FUND001,2026-01-27,31.464,31.3844,31.4509,,
902122,FUND002,2026-01-27,144.3714,144.1496,144.2606,,
902123,FUND003,2026-01-27,207.1403,207.9187,207.3686,,
902124,FUND004,2026-01-27,78.0654,77.9631,77.9793,,
902125,FUND005,2026-01-27,208.4017,208.844,208.4368,,
902126,FUND006,2026-01-27,238.0937,238.2788,238.2439,,
902127,FUND007,2026-01-27,181.4088,181.7883,182.4667,2026-01-27,2026-01-28
902128,FUND008,2026-01-27,54.8372,54.8979,54.8376,,
902129,FUND009,2026-01-27,201.2457,201.4854,201.0507,,
902130,FUND010,2026-01-27,118.3373,117.1339,118.391,,
902131,FUND011,2026-01-27,157.6808,157.4209,157.7027,,
902132,FUND012,2026-01-27,161.9427,162.3367,161.9177,,
902133,FUND013,2026-01-27,168.9395,168.7297,168.8527,,
902134,FUND014,2026-01-27,126.3869,126.0414,126.3758,,
902135,FUND015,2026-01-27,148.8265,148.7486,148.9745,,
902136,FUND016,2026-01-27,25.5321,25.2946,25.5217,,
902137,FUND017,2026-01-27,23.2815,23.2897,23.2972,,
902138,FUND018,2026-01-27,237.5544,237.6629,237.6718,,
902139,FUND019,2026-01-27,149.6366,149.6461,149.6808,,
902140,FUND020,2026-01-27,131.5993,132.6709,131.6853,,
902141,FUND001,2026-01-28,31.4594,31.464,31.4518,,
902142,FUND002,2026-01-28,144.8218,144.3714,144.8032,,
902143,FUND003,2026-01-28,206.2373,207.1403,206.1437,,
902144,FUND004,2026-01-28,77.88,78.0654,77.9359,,
902145,FUND005,2026-01-28,210.2169,208.4017,210.2543,,
902146,FUND006,2026-01-28,237.5826,238.0937,237.5965,,
902147,FUND007,2026-01-28,181.3147,181.4088,181.3909,,
902148,FUND008,2026-01-28,54.5012,54.8372,54.533,,
902149,FUND009,2026-01-28,200.8129,201.2457,200.7911,,
902150,FUND010,2026-01-28,118.5749,118.3373,118.5416,,
902151,FUND011,2026-01-28,157.8363,157.6808,157.8083,,
902152,FUND012,2026-01-28,160.9549,161.9427,161.0565,,
902153,FUND013,2026-01-28,169.5229,168.9395,169.4948,,
902154,FUND014,2026-01-28,126.35,126.3869,126.4149,,
902155,FUND015,2026-01-28,149.6758,148.8265,149.7227,,
902156,FUND016,2026-01-28,25.7493,25.5321,25.7644,,
902157,FUND017,2026-01-28,23.3331,23.2815,23.3469,,
902158,FUND018,2026-01-28,238.4957,237.5544,238.51,,
902159,FUND019,2026-01-28,149.5244,149.6366,149.6249,,
902160,FUND020,2026-01-28,131.3016,131.5993,131.455,,
902161,FUND001,2026-01-29,31.5423,31.4594,31.5576,,
902162,FUND002,2026-01-29,144.8908,144.8218,144.9473,,
902163,FUND003,2026-01-29,204.3965,206.2373,204.3399,,
902164,FUND004,2026-01-29,77.91,77.88,77.9125,,
902165,FUND005,2026-01-29,211.2613,210.2169,209.7271,2026-01-29,2026-01-30
902166,FUND006,2026-01-29,236.2143,237.5826,236.0417,,
902167,FUND007,2026-01-29,182.0723,181.3147,181.9366,,
902168,FUND008,2026-01-29,54.2674,54.5012,54.2378,,
902169,FUND009,2026-01-29,200.5604,200.8129,200.6415,,
902170,FUND010,2026-01-29,119.0029,118.5749,119.0292,,
902171,FUND011,2026-01-29,157.9145,157.8363,157.8817,,
902172,FUND012,2026-01-29,160.6571,160.9549,160.5546,,
902173,FUND013,2026-01-29,169.7024,169.5229,169.7122,,
902174,FUND014,2026-01-29,126.089,126.35,126.0225,,
902175,FUND015,2026-01-29,149.1368,149.6758,149.1952,,
902176,FUND016,2026-01-29,25.86,25.7493,25.8585,,
902177,FUND017,2026-01-29,23.427,23.3331,23.3859,,
902178,FUND018,2026-01-29,237.7858,238.4957,237.6331,,
902179,FUND019,2026-01-29,149.6651,149.5244,149.6479,,
902180,FUND020,2026-01-29,130.7654,131.3016,130.713,,
902181,FUND001,2026-01-30,31.7456,31.5423,31.7539,,
902182,FUND002,2026-01-30,144.1198,144.8908,144.1182,,
902183,FUND003,2026-01-30,204.5653,204.3965,203.1718,2026-01-30,2026-01-31
902184,FUND004,2026-01-30,78.0395,77.91,78.0124,,
902185,FUND005,2026-01-30,210.3973,211.2613,210.5068,,
902186,FUND006,2026-01-30,235.4157,236.2143,235.4655,,
902187,FUND007,2026-01-30,181.2918,182.0723,181.2502,,
902188,FUND008,2026-01-30,53.9671,54.2674,53.9958,,
902189,FUND009,2026-01-30,201.3635,200.5604,201.4038,,
902190,FUND010,2026-01-30,119.4735,119.0029,119.5162,,
902191,FUND011,2026-01-30,158.7001,157.9145,158.7185,,
902192,FUND012,2026-01-30,161.0533,160.6571,161.1323,,
902193,FUND013,2026-01-30,168.999,169.7024,168.7505,,
902194,FUND014,2026-01-30,126.4453,126.089,126.2679,,
902195,FUND015,2026-01-30,148.9391,149.1368,148.9573,,
902196,FUND016,2026-01-30,26.0911,25.86,26.109,,
902197,FUND017,2026-01-30,23.4121,23.427,23.454,,
902198,FUND018,2026-01-30,239.8924,237.7858,239.829,,
902199,FUND019,2026-01-30,149.816,149.6651,149.9367,,
902200,FUND020,2026-01-30,131.5012,130.7654,131.5398,,
902201,FUND001,2026-02-02,31.7952,31.7456,31.7878,,
902202,FUND002,2026-02-02,144.2993,144.1198,144.2107,,
902203,FUND003,2026-02-02,203.0361,204.5653,203.0438,,
902204,FUND004,2026-02-02,78.5106,78.0395,78.5574,,
902205,FUND005,2026-02-02,209.7124,210.3973,209.6084,,
902206,FUND006,2026-02-02,233.8746,235.4157,233.891,,
902207,FUND007,2026-02-02,180.9627,181.2918,180.9114,,
902208,FUND008,2026-02-02,53.9915,53.9671,53.9491,,
902209,FUND009,2026-02-02,201.5965,201.3635,201.5232,,
902210,FUND010,2026-02-02,119.8588,119.4735,119.8661,,
902211,FUND011,2026-02-02,159.3157,158.7001,159.2132,,
902212,FUND012,2026-02-02,161.3878,161.0533,161.2476,,
902213,FUND013,2026-02-02,168.6768,168.999,168.5765,,
902214,FUND014,2026-02-02,126.2722,126.4453,126.341,,
902215,FUND015,2026-02-02,148.4054,148.9391,148.4164,,
902216,FUND016,2026-02-02,26.1711,26.0911,26.172,,
902217,FUND017,2026-02-02,23.5518,23.4121,23.5307,,
902218,FUND018,2026-02-02,238.8523,239.8924,238.9215,,
902219,FUND019,2026-02-02,149.4943,149.816,149.6148,,
902220,FUND020,2026-02-02,130.5715,131.5012,130.5431,,
902221,FUND001,2026-02-03,31.7754,31.7952,31.7918,,
902222,FUND002,2026-02-03,144.0409,144.2993,144.2811,,
902223,FUND003,2026-02-03,202.2322,203.0361,202.2031,,
902224,FUND004,2026-02-03,79.1063,78.5106,79.1084,,
902225,FUND005,2026-02-03,210.4183,209.7124,210.4005,,
902226,FUND006,2026-02-03,233.3137,233.8746,233.2354,,
902227,FUND007,2026-02-03,181.464,180.9627,181.589,,
902228,FUND008,2026-02-03,54.1832,53.9915,54.168,,
902229,FUND009,2026-02-03,201.0611,201.5965,200.9095,,
902230,FUND010,2026-02-03,119.8208,119.8588,119.7937,,
902231,FUND011,2026-02-03,159.6703,159.3157,159.5903,,
902232,FUND012,2026-02-03,160.634,161.3878,160.6852,,
902233,FUND013,2026-02-03,168.6259,168.6768,168.5883,,
902234,FUND014,2026-02-03,126.9153,126.2722,127.0354,,
902235,FUND015,2026-02-03,148.5716,148.4054,148.5394,,
902236,FUND016,2026-02-03,26.2361,26.1711,26.2441,,
902237,FUND017,2026-02-03,23.5027,23.5518,23.5042,,
902238,FUND018,2026-02-03,237.7201,238.8523,237.7712,,
902239,FUND019,2026-02-03,149.7713,149.4943,149.7526,,
902240,FUND020,2026-02-03,131.2176,130.5715,131.3094,,
902241,FUND001,2026-02-04,31.6541,31.7754,31.6352,,
902242,FUND002,2026-02-04,143.7103,144.0409,143.7234,,
902243,FUND003,2026-02-04,203.5062,202.2322,203.5413,,
902244,FUND004,2026-02-04,78.6347,79.1063,78.6498,,
902245,FUND005,2026-02-04,210.8756,210.4183,210.8707,,
902246,FUND006,2026-02-04,233.2447,233.3137,233.1106,,
902247,FUND007,2026-02-04,180.2293,181.464,180.2599,,
902248,FUND008,2026-02-04,54.3635,54.1832,54.9583,2026-02-04,2026-02-05
902249,FUND009,2026-02-04,200.5072,201.0611,200.6922,,
902250,FUND010,2026-02-04,119.773,119.8208,119.678,,
902251,FUND011,2026-02-04,159.5356,159.6703,159.5054,,
902252,FUND012,2026-02-04,159.213,160.634,159.2073,,
902253,FUND013,2026-02-04,168.6132,168.6259,168.3965,,
902254,FUND014,2026-02-04,126.9221,126.9153,126.8774,,
902255,FUND015,2026-02-04,148.97,148.5716,149.012,,
902256,FUND016,2026-02-04,26.275,26.2361,26.2607,,
902257,FUND017,2026-02-04,23.6678,23.5027,23.6695,,
902258,FUND018,2026-02-04,236.8458,237.7201,236.7413,,
902259,FUND019,2026-02-04,149.3636,149.7713,149.1792,,
902260,FUND020,2026-02-04,131.0588,131.2176,131.1663,,
902261,FUND001,2026-02-05,31.656,31.6541,31.6904,,
902262,FUND002,2026-02-05,143.5789,143.7103,143.7361,,
902263,FUND003,2026-02-05,204.25,203.5062,204.1906,,
902264,FUND004,2026-02-05,78.9851,78.6347,79.0124,,
902265,FUND005,2026-02-05,209.5295,210.8756,209.4252,,
902266,FUND006,2026-02-05,232.4931,233.2447,232.4975,,
902267,FUND007,2026-02-05,179.6648,180.2293,179.6549,,
902268,FUND008,2026-02-05,54.6696,54.3635,54.643,,
902269,FUND009,2026-02-05,199.7042,200.5072,199.5734,,
902270,FUND010,2026-02-05,119.6101,119.773,119.727,,
902271,FUND011,2026-02-05,158.4671,159.5356,158.5905,,
902272,FUND012,2026-02-05,160.0486,159.213,160.0722,,
902273,FUND013,2026-02-05,167.6647,168.6132,167.6217,,
902274,FUND014,2026-02-05,126.4792,126.9221,126.5079,,
902275,FUND015,2026-02-05,149.0881,148.97,148.8943,,
902276,FUND016,2026-02-05,26.2852,26.275,26.2972,,
902277,FUND017,2026-02-05,23.7138,23.6678,23.7016,,
902278,FUND018,2026-02-05,237.8633,236.8458,237.6854,,
902279,FUND019,2026-02-05,149.2611,149.3636,149.2849,,
902280,FUND020,2026-02-05,130.6186,131.0588,130.4958,,
902281,FUND001,2026-02-06,31.7461,31.656,31.7832,,
902282,FUND002,2026-02-06,142.835,143.5789,142.8895,,
902283,FUND003,2026-02-06,204.6174,204.25,204.476,,
902284,FUND004,2026-02-06,78.4338,78.9851,78.4073,,
902285,FUND005,2026-02-06,209.5106,209.5295,209.4154,,
902286,FUND006,2026-02-06,231.9004,232.4931,231.9713,,
902287,FUND007,2026-02-06,179.8927,179.6648,179.9693,,
902288,FUND008,2026-02-06,54.5133,54.6696,54.4788,,
902289,FUND009,2026-02-06,199.1044,199.7042,199.1005,,
902290,FUND010,2026-02-06,118.9252,119.6101,118.8453,,
902291,FUND011,2026-02-06,159.5731,158.4671,159.7473,,
902292,FUND012,2026-02-06,160.2331,160.0486,160.2985,,
902293,FUND013,2026-02-06,168.2211,167.6647,168.0152,,
902294,FUND014,2026-02-06,126.5588,126.4792,126.4296,,
902295,FUND015,2026-02-06,148.8959,149.0881,148.9319,,
902296,FUND016,2026-02-06,26.2973,26.2852,26.3146,,
902297,FUND017,2026-02-06,23.7277,23.7138,23.7261,,
902298,FUND018,2026-02-06,237.7457,237.8633,237.9053,,
902299,FUND019,2026-02-06,149.1226,149.2611,149.1711,,
902300,FUND020,2026-02-06,130.2417,130.6186,130.3068,,
902301,FUND001,2026-02-09,31.802,31.7461,31.7754,,
902302,FUND002,2026-02-09,142.6879,142.835,142.8201,,
902303,FUND003,2026-02-09,206.2868,204.6174,206.0903,,
902304,FUND004,2026-02-09,78.2413,78.4338,78.2046,,
902305,FUND005,2026-02-09,209.3253,209.5106,209.2418,,
902306,FUND006,2026-02-09,231.5254,231.9004,231.6487,,
902307,FUND007,2026-02-09,179.8645,179.8927,179.7544,,
902308,FUND008,2026-02-09,54.1167,54.5133,54.0527,,
902309,FUND009,2026-02-09,200.2997,199.1044,200.2441,,
902310,FUND010,2026-02-09,119.0388,118.9252,119.0672,,
902311,FUND011,2026-02-09,158.9161,159.5731,158.8426,,
902312,FUND012,2026-02-09,159.0396,160.2331,159.0715,,
902313,FUND013,2026-02-09,167.6014,168.2211,167.4866,,
902314,FUND014,2026-02-09,126.7409,126.5588,126.8906,,
902315,FUND015,2026-02-09,148.8702,148.8959,148.7991,,
902316,FUND016,2026-02-09,26.3153,26.2973,26.309,,
902317,FUND017,2026-02-09,23.6676,23.7277,23.6759,,
902318,FUND018,2026-02-09,236.5084,237.7457,236.368,,
902319,FUND019,2026-02-09,150.0981,149.1226,150.0474,,
902320,FUND020,2026-02-09,129.9295,130.2417,129.9078,,
902321,FUND001,2026-02-10,31.8648,31.802,31.8692,,
902322,FUND002,2026-02-10,142.7252,142.6879,142.6451,,
902323,FUND003,2026-02-10,206.7485,206.2868,206.861,,
902324,FUND004,2026-02-10,78.3164,78.2413,78.3407,,
902325,FUND005,2026-02-10,209.1467,209.3253,209.3284,,
902326,FUND006,2026-02-10,232.1529,231.5254,232.3162,,
902327,FUND007,2026-02-10,179.155,179.8645,179.0669,,
902328,FUND008,2026-02-10,54.0834,54.1167,54.0377,,
902329,FUND009,2026-02-10,199.3949,200.2997,199.4088,,
902330,FUND010,2026-02-10,119.5511,119.0388,119.5024,,
902331,FUND011,2026-02-10,159.8897,158.9161,159.8183,,
902332,FUND012,2026-02-10,159.7942,159.0396,159.757,,
902333,FUND013,2026-02-10,167.4371,167.6014,167.3769,,
902334,FUND014,2026-02-10,126.8814,126.7409,126.9627,,
902335,FUND015,2026-02-10,148.9875,148.8702,148.9622,,
902336,FUND016,2026-02-10,26.1488,26.3153,26.1252,,
902337,FUND017,2026-02-10,23.7049,23.6676,23.7323,,
902338,FUND018,2026-02-10,236.8302,236.5084,236.8742,,
902339,FUND019,2026-02-10,149.7419,150.0981,149.7024,,
902340,FUND020,2026-02-10,129.2438,129.9295,129.4457,,
902341,FUND001,2026-02-11,32.2477,31.8648,32.2383,,
902342,FUND002,2026-02-11,142.2452,142.7252,142.3816,,
902343,FUND003,2026-02-11,206.8795,206.7485,206.9092,,
902344,FUND004,2026-02-11,78.147,78.3164,78.1305,,
902345,FUND005,2026-02-11,209.5042,209.1467,209.2946,,
902346,FUND006,2026-02-11,232.7065,232.1529,232.6697,,
902347,FUND007,2026-02-11,178.8922,179.155,179.0016,,
902348,FUND008,2026-02-11,54.2763,54.0834,54.2966,,
902349,FUND009,2026-02-11,198.8287,199.3949,198.7039,,
902350,FUND010,2026-02-11,119.6089,119.5511,119.7014,,
902351,FUND011,2026-02-11,160.4513,159.8897,160.3274,,
902352,FUND012,2026-02-11,160.9678,159.7942,161.0311,,
902353,FUND013,2026-02-11,167.4513,167.4371,167.5945,,
902354,FUND014,2026-02-11,126.3221,126.8814,126.2907,,
902355,FUND015,2026-02-11,148.9452,148.9875,148.9968,,
902356,FUND016,2026-02-11,25.972,26.1488,25.9554,,
902357,FUND017,2026-02-11,23.6467,23.7049,23.6342,,
902358,FUND018,2026-02-11,237.8566,236.8302,237.6305,,
902359,FUND019,2026-02-11,150.2499,149.7419,150.2229,,
902360,FUND020,2026-02-11,129.6359,129.2438,129.498,,
902361,FUND001,2026-02-12,32.5469,32.2477,32.5447,,
902362,FUND002,2026-02-12,141.9971,142.2452,141.8597,,
902363,FUND003,2026-02-12,207.4774,206.8795,207.5721,,
902364,FUND004,2026-02-12,77.7724,78.147,77.7172,,
902365,FUND005,2026-02-12,209.2565,209.5042,209.1884,,
902366,FUND006,2026-02-12,232.0444,232.7065,232.0874,,
902367,FUND007,2026-02-12,179.6517,178.8922,179.7393,,
902368,FUND008,2026-02-12,54.2325,54.2763,54.2732,,
902369,FUND009,2026-02-12,199.0921,198.8287,198.9811,,
902370,FUND010,2026-02-12,118.6566,119.6089,118.6815,,
902371,FUND011,2026-02-12,161.1334,160.4513,161.0994,,
902372,FUND012,2026-02-12,160.8247,160.9678,160.7213,,
902373,FUND013,2026-02-12,167.9864,167.4513,167.9079,,
902374,FUND014,2026-02-12,127.2089,126.3221,127.2557,,
902375,FUND015,2026-02-12,149.3324,148.9452,149.3413,,
902376,FUND016,2026-02-12,25.989,25.972,26.0103,,
902377,FUND017,2026-02-12,23.6781,23.6467,23.6789,,
902378,FUND018,2026-02-12,237.1249,237.8566,237.1142,,
902379,FUND019,2026-02-12,150.9303,150.2499,150.9608,,
902380,FUND020,2026-02-12,129.9654,129.6359,130.0838,,
902381,FUND001,2026-02-13,32.6991,32.5469,32.6767,,
902382,FUND002,2026-02-13,143.1377,141.9971,143.0696,,
902383,FUND003,2026-02-13,208.3622,207.4774,208.2981,,
902384,FUND004,2026-02-13,77.3143,77.7724,77.3313,,
902385,FUND005,2026-02-13,210.1762,209.2565,210.3024,,
902386,FUND006,2026-02-13,231.4814,232.0444,231.4734,,
902387,FUND007,2026-02-13,180.2485,179.6517,180.3753,,
902388,FUND008,2026-02-13,54.4031,54.2325,54.3946,,
902389,FUND009,2026-02-13,199.0521,199.0921,199.1279,,
902390,FUND010,2026-02-13,118.9786,118.6566,118.8672,,
902391,FUND011,2026-02-13,160.5014,161.1334,160.6673,,
902392,FUND012,2026-02-13,161.1306,160.8247,160.9287,,
902393,FUND013,2026-02-13,168.5008,167.9864,168.5583,,
902394,FUND014,2026-02-13,127.0227,127.2089,127.1385,,
902395,FUND015,2026-02-13,150.0375,149.3324,149.7964,,
902396,FUND016,2026-02-13,26.0233,25.989,26.0431,,
902397,FUND017,2026-02-13,23.6666,23.6781,23.6917,,
902398,FUND018,2026-02-13,237.6678,237.1249,237.4966,,
902399,FUND019,2026-02-13,151.2629,150.9303,151.2815,,
902400,FUND020,2026-02-13,129.9731,129.9654,130.0803,,
902401,FUND001,2026-02-16,32.5912,32.6991,32.5984,,
902402,FUND002,2026-02-16,143.6625,143.1377,143.6263,,
902403,FUND003,2026-02-16,208.3146,208.3622,208.5434,,
902404,FUND004,2026-02-16,77.1739,77.3143,77.1551,,
902405,FUND005,2026-02-16,210.9798,210.1762,211.1859,,
902406,FUND006,2026-02-16,232.2211,231.4814,232.2628,,
902407,FUND007,2026-02-16,179.1505,180.2485,179.2134,,
902408,FUND008,2026-02-16,54.6203,54.4031,54.5904,,
902409,FUND009,2026-02-16,198.2947,199.0521,198.3355,,
902410,FUND010,2026-02-16,118.3544,118.9786,118.232,,
902411,FUND011,2026-02-16,159.7871,160.5014,159.7652,,
902412,FUND012,2026-02-16,160.1534,161.1306,160.1024,,
902413,FUND013,2026-02-16,169.0906,168.5008,169.0858,,
902414,FUND014,2026-02-16,126.1996,127.0227,126.1742,,
902415,FUND015,2026-02-16,149.1819,150.0375,149.1637,,
902416,FUND016,2026-02-16,26.1385,26.0233,26.1546,,
902417,FUND017,2026-02-16,23.7148,23.6666,23.7202,,
902418,FUND018,2026-02-16,238.7314,237.6678,238.7234,,
902419,FUND019,2026-02-16,150.9417,151.2629,151.0303,,
902420,FUND020,2026-02-16,130.5089,129.9731,130.5292,,
902421,FUND001,2026-02-17,32.6159,32.5912,32.6031,,
902422,FUND002,2026-02-17,144.231,143.6625,144.0292,,
902423,FUND003,2026-02-17,208.0442,208.3146,207.7959,,
902424,FUND004,2026-02-17,77.1491,77.1739,77.1513,,
902425,FUND005,2026-02-17,210.8044,210.9798,210.0166,2026-02-17,2026-02-25
902426,FUND006,2026-02-17,232.5353,232.2211,232.3565,,
902427,FUND007,2026-02-17,179.2689,179.1505,179.4338,,
902428,FUND008,2026-02-17,54.6246,54.6203,54.6663,,
902429,FUND009,2026-02-17,199.8806,198.2947,199.879,,
902430,FUND010,2026-02-17,117.7942,118.3544,117.7957,,
902431,FUND011,2026-02-17,160.8098,159.7871,160.9096,,
902432,FUND012,2026-02-17,160.4865,160.1534,160.6312,,
902433,FUND013,2026-02-17,167.5368,169.0906,167.5801,,
902434,FUND014,2026-02-17,125.7021,126.1996,125.7888,,
902435,FUND015,2026-02-17,148.2387,149.1819,148.1956,,
902436,FUND016,2026-02-17,26.0634,26.1385,26.0585,,
902437,FUND017,2026-02-17,23.6375,23.7148,23.6328,,
902438,FUND018,2026-02-17,239.2372,238.7314,239.3315,,
902439,FUND019,2026-02-17,151.0576,150.9417,150.9186,,
902440,FUND020,2026-02-17,131.5769,130.5089,131.6521,,
902441,FUND001,2026-02-18,32.6502,32.6159,32.6421,,
902442,FUND002,2026-02-18,144.8691,144.231,144.9664,,
902443,FUND003,2026-02-18,207.918,208.0442,207.8533,,
902444,FUND004,2026-02-18,76.5041,77.1491,76.4876,,
902445,FUND005,2026-02-18,210.6429,210.8044,210.7858,,
902446,FUND006,2026-02-18,233.6262,232.5353,233.3383,,
902447,FUND007,2026-02-18,178.2523,179.2689,178.1353,,
902448,FUND008,2026-02-18,54.7383,54.6246,54.7271,,
902449,FUND009,2026-02-18,200.0944,199.8806,200.0947,,
902450,FUND010,2026-02-18,117.7317,117.7942,117.6497,,
902451,FUND011,2026-02-18,161.2518,160.8098,161.2888,,
902452,FUND012,2026-02-18,159.6944,160.4865,159.6565,,
902453,FUND013,2026-02-18,166.8391,167.5368,166.8478,,
902454,FUND014,2026-02-18,125.8654,125.7021,125.8612,,
902455,FUND015,2026-02-18,148.605,148.2387,148.4713,,
902456,FUND016,2026-02-18,26.1764,26.0634,26.165,,
902457,FUND017,2026-02-18,23.5999,23.6375,23.5917,,
902458,FUND018,2026-02-18,239.5461,239.2372,239.5388,,
902459,FUND019,2026-02-18,151.296,151.0576,151.2575,,
902460,FUND020,2026-02-18,132.6113,131.5769,132.6173,,
902461,FUND001,2026-02-19,32.9435,32.6502,32.9835,,
902462,FUND002,2026-02-19,144.5969,144.8691,144.5219,,
902463,FUND003,2026-02-19,208.1545,207.918,208.0859,,
902464,FUND004,2026-02-19,76.5778,76.5041,76.6152,,
902465,FUND005,2026-02-19,209.2048,210.6429,209.5007,,
902466,FUND006,2026-02-19,233.0437,233.6262,233.0663,,
902467,FUND007,2026-02-19,178.6401,178.2523,178.6521,,
902468,FUND008,2026-02-19,54.6476,54.7383,54.6152,,
902469,FUND009,2026-02-19,199.8532,200.0944,199.7512,,
902470,FUND010,2026-02-19,117.2641,117.7317,117.1721,,
902471,FUND011,2026-02-19,161.9768,161.2518,161.8685,,
902472,FUND012,2026-02-19,159.0557,159.6944,159.0877,,
902473,FUND013,2026-02-19,166.3778,166.8391,166.1798,,
902474,FUND014,2026-02-19,125.8696,125.8654,126.0731,,
902475,FUND015,2026-02-19,149.3492,148.605,149.3163,,
902476,FUND016,2026-02-19,26.1778,26.1764,26.5005,2026-02-19,2026-02-21
902477,FUND017,2026-02-19,23.6624,23.5999,23.6682,,
902478,FUND018,2026-02-19,239.2788,239.5461,239.348,,
902479,FUND019,2026-02-19,150.8485,151.296,150.9588,,
902480,FUND020,2026-02-19,132.7948,132.6113,132.7605,,
902481,FUND001,2026-02-20,32.8097,32.9435,32.8061,,
902482,FUND002,2026-02-20,144.7485,144.5969,144.8934,,
902483,FUND003,2026-02-20,207.7037,208.1545,207.725,,
902484,FUND004,2026-02-20,76.8238,76.5778,76.7727,,
902485,FUND005,2026-02-20,208.0804,209.2048,208.1056,,
902486,FUND006,2026-02-20,233.5664,233.0437,233.661,,
902487,FUND007,2026-02-20,179.0291,178.6401,179.0147,,
902488,FUND008,2026-02-20,54.6772,54.6476,54.6993,,
902489,FUND009,2026-02-20,200.3682,199.8532,200.3254,,
902490,FUND010,2026-02-20,117.7356,117.2641,117.7784,,
902491,FUND011,2026-02-20,161.8853,161.9768,161.8036,,
902492,FUND012,2026-02-20,159.4489,159.0557,159.2132,,
902493,FUND013,2026-02-20,166.3707,166.3778,166.2546,,
902494,FUND014,2026-02-20,125.7088,125.8696,125.7746,,
902495,FUND015,2026-02-20,150.4521,149.3492,150.6388,,
902496,FUND016,2026-02-20,26.1882,26.1778,26.17,,
902497,FUND017,2026-02-20,23.6227,23.6624,23.6337,,
902498,FUND018,2026-02-20,238.0536,239.2788,237.938,,
902499,FUND019,2026-02-20,151.0168,150.8485,150.9266,,
902500,FUND020,2026-02-20,132.9675,132.7948,133.0137,,
902501,FUND001,2026-02-23,32.9206,32.8097,32.9625,,
902502,FUND002,2026-02-23,144.3663,144.7485,144.272,,
902503,FUND003,2026-02-23,208.146,207.7037,208.1014,,
902504,FUND004,2026-02-23,76.9377,76.8238,76.9221,,
902505,FUND005,2026-02-23,209.0671,208.0804,209.0628,,
902506,FUND006,2026-02-23,233.6641,233.5664,233.8166,,
902507,FUND007,2026-02-23,179.0513,179.0291,178.878,,
902508,FUND008,2026-02-23,54.5498,54.6772,54.5011,,
902509,FUND009,2026-02-23,201.5812,200.3682,201.6765,,
902510,FUND010,2026-02-23,117.6628,117.7356,117.6442,,
902511,FUND011,2026-02-23,160.5475,161.8853,160.6758,,
902512,FUND012,2026-02-23,160.2991,159.4489,160.0871,,
902513,FUND013,2026-02-23,167.0473,166.3707,167.0038,,
902514,FUND014,2026-02-23,125.5588,125.7088,125.5896,,
902515,FUND015,2026-02-23,150.0847,150.4521,150.0952,,
902516,FUND016,2026-02-23,26.1974,26.1882,26.2019,,
902517,FUND017,2026-02-23,23.6977,23.6227,23.7025,,
902518,FUND018,2026-02-23,238.3857,238.0536,238.4003,,
902519,FUND019,2026-02-23,150.3627,151.0168,150.4534,,
902520,FUND020,2026-02-23,132.5867,132.9675,132.4571,,
902521,FUND001,2026-02-24,32.7491,32.9206,32.7711,,
902522,FUND002,2026-02-24,145.037,144.3663,144.9133,,
902523,FUND003,2026-02-24,208.824,208.146,208.8632,,
902524,FUND004,2026-02-24,76.7292,76.9377,76.7478,,
902525,FUND005,2026-02-24,208.4778,209.0671,208.3926,,
902526,FUND006,2026-02-24,231.8301,233.6641,231.8402,,
902527,FUND007,2026-02-24,179.4745,179.0513,179.3379,,
902528,FUND008,2026-02-24,54.6577,54.5498,55.3877,2026-02-24,2026-02-26
902529,FUND009,2026-02-24,201.2107,201.5812,201.5257,,
902530,FUND010,2026-02-24,117.5359,117.6628,117.6082,,
902531,FUND011,2026-02-24,160.9185,160.5475,160.901,,
902532,FUND012,2026-02-24,159.1758,160.2991,159.1292,,
902533,FUND013,2026-02-24,166.7581,167.0473,166.7269,,
902534,FUND014,2026-02-24,125.335,125.5588,125.4348,,
902535,FUND015,2026-02-24,149.407,150.0847,149.2893,,
902536,FUND016,2026-02-24,26.0603,26.1974,26.0518,,
902537,FUND017,2026-02-24,23.7505,23.6977,23.5185,2026-02-24,2026-03-01
902538,FUND018,2026-02-24,237.4727,238.3857,237.5763,,
902539,FUND019,2026-02-24,151.3489,150.3627,151.3447,,
902540,FUND020,2026-02-24,131.9151,132.5867,131.9436,,
902541,FUND001,2026-02-25,32.5051,32.7491,32.6736,2026-02-25,2026-02-26
902542,FUND002,2026-02-25,145.5361,145.037,145.5088,,
902543,FUND003,2026-02-25,207.3074,208.824,207.2768,,
902544,FUND004,2026-02-25,76.4408,76.7292,76.4223,,
902545,FUND005,2026-02-25,208.3583,208.4778,208.4319,,
902546,FUND006,2026-02-25,230.7967,231.8301,230.9646,,
902547,FUND007,2026-02-25,180.1328,179.4745,180.2275,,
902548,FUND008,2026-02-25,54.7433,54.6577,54.7055,,
902549,FUND009,2026-02-25,201.2222,201.2107,201.24,,
902550,FUND010,2026-02-25,117.5332,117.5359,117.5245,,
902551,FUND011,2026-02-25,160.074,160.9185,160.1274,,
902552,FUND012,2026-02-25,158.5072,159.1758,158.4484,,
902553,FUND013,2026-02-25,166.8278,166.7581,166.8133,,
902554,FUND014,2026-02-25,124.421,125.335,124.4007,,
902555,FUND015,2026-02-25,149.0888,149.407,149.1083,,
902556,FUND016,2026-02-25,25.9826,26.0603,25.9799,,
902557,FUND017,2026-02-25,23.7761,23.7505,23.7649,,
902558,FUND018,2026-02-25,237.3414,237.4727,237.2549,,
902559,FUND019,2026-02-25,152.3683,151.3489,152.3136,,
902560,FUND020,2026-02-25,132.4021,131.9151,132.3885,,
902561,FUND001,2026-02-26,32.3345,32.5051,32.308,,
902562,FUND002,2026-02-26,144.3897,145.5361,144.4358,,
902563,FUND003,2026-02-26,206.7371,207.3074,206.8866,,
902564,FUND004,2026-02-26,76.7379,76.4408,76.8183,,
902565,FUND005,2026-02-26,207.7241,208.3583,207.8644,,
902566,FUND006,2026-02-26,232.5904,230.7967,232.5907,,
902567,FUND007,2026-02-26,179.2237,180.1328,179.0725,,
902568,FUND008,2026-02-26,54.7506,54.7433,54.7541,,
902569,FUND009,2026-02-26,200.9827,201.2222,200.9856,,
902570,FUND010,2026-02-26,117.9516,117.5332,117.9704,,
902571,FUND011,2026-02-26,160.2915,160.074,160.1919,,
902572,FUND012,2026-02-26,159.9577,158.5072,160.158,,
902573,FUND013,2026-02-26,166.7446,166.8278,166.8088,,
902574,FUND014,2026-02-26,124.7597,124.421,124.8722,,
902575,FUND015,2026-02-26,148.4264,149.0888,148.4785,,
902576,FUND016,2026-02-26,25.9547,25.9826,25.9786,,
902577,FUND017,2026-02-26,23.8361,23.7761,23.8261,,
902578,FUND018,2026-02-26,237.9589,237.3414,237.9362,,
902579,FUND019,2026-02-26,151.8887,152.3683,151.9709,,
902580,FUND020,2026-02-26,133.2004,132.4021,133.1818,,
902581,FUND001,2026-02-27,32.2176,32.3345,32.1711,,
902582,FUND002,2026-02-27,144.1621,144.3897,143.9955,,
902583,FUND003,2026-02-27,207.4499,206.7371,207.3093,,
902584,FUND004,2026-02-27,76.324,76.7379,76.3488,,
902585,FUND005,2026-02-27,207.8293,207.7241,207.8504,,
902586,FUND006,2026-02-27,231.8477,232.5904,231.5437,,
902587,FUND007,2026-02-27,178.7281,179.2237,178.5571,,
902588,FUND008,2026-02-27,54.9091,54.7506,54.9449,,
902589,FUND009,2026-02-27,202.0032,200.9827,202.0596,,
902590,FUND010,2026-02-27,118.2222,117.9516,118.2811,,
902591,FUND011,2026-02-27,160.0526,160.2915,160.0999,,
902592,FUND012,2026-02-27,159.152,159.9577,159.2606,,
902593,FUND013,2026-02-27,167.1591,166.7446,167.1056,,
902594,FUND014,2026-02-27,124.3939,124.7597,124.3105,,
902595,FUND015,2026-02-27,149.0183,148.4264,149.0946,,
902596,FUND016,2026-02-27,25.8987,25.9547,25.8999,,
902597,FUND017,2026-02-27,23.9459,23.8361,23.9522,,
902598,FUND018,2026-02-27,238.7429,237.9589,238.8583,,
902599,FUND019,2026-02-27,152.2577,151.8887,152.2435,,
902600,FUND020,2026-02-27,132.7137,133.2004,132.6032,,
902601,FUND001,2026-03-02,32.414,32.2176,32.3905,,
902602,FUND002,2026-03-02,144.476,144.1621,144.4535,,
902603,FUND003,2026-03-02,206.8667,207.4499,206.8136,,
902604,FUND004,2026-03-02,76.1057,76.324,76.0856,,
902605,FUND005,2026-03-02,208.6368,207.8293,208.7911,,
902606,FUND006,2026-03-02,231.4186,231.8477,231.5968,,
902607,FUND007,2026-03-02,178.8687,178.7281,178.0515,2026-03-02,2026-03-03
902608,FUND008,2026-03-02,54.2588,54.9091,54.269,,
902609,FUND009,2026-03-02,202.6909,202.0032,202.8604,,
902610,FUND010,2026-03-02,118.2636,118.2222,118.2174,,
902611,FUND011,2026-03-02,160.0324,160.0526,160.1888,,
902612,FUND012,2026-03-02,158.0684,159.152,158.0949,,
902613,FUND013,2026-03-02,167.7274,167.1591,167.6522,,
902614,FUND014,2026-03-02,124.1508,124.3939,124.0381,,
902615,FUND015,2026-03-02,151.2281,149.0183,151.1443,,
902616,FUND016,2026-03-02,25.8648,25.8987,25.8701,,
902617,FUND017,2026-03-02,23.8851,23.9459,23.8867,,
902618,FUND018,2026-03-02,238.1348,238.7429,238.0756,,
902619,FUND019,2026-03-02,152.4772,152.2577,152.6053,,
902620,FUND020,2026-03-02,132.0922,132.7137,132.1657,,
902621,FUND001,2026-03-03,32.5807,32.414,32.6023,,
902622,FUND002,2026-03-03,144.0153,144.476,143.941,,
902623,FUND003,2026-03-03,207.0647,206.8667,206.9419,,
902624,FUND004,2026-03-03,76.3895,76.1057,76.448,,
902625,FUND005,2026-03-03,207.9795,208.6368,208.0923,,
902626,FUND006,2026-03-03,229.4997,231.4186,229.4932,,
902627,FUND007,2026-03-03,178.9502,178.8687,178.9011,,
902628,FUND008,2026-03-03,54.1853,54.2588,54.1814,,
902629,FUND009,2026-03-03,203.5029,202.6909,203.5107,,
902630,FUND010,2026-03-03,117.8933,118.2636,117.7853,,
902631,FUND011,2026-03-03,160.5195,160.0324,161.4978,2026-03-03,2026-03-05
902632,FUND012,2026-03-03,158.5867,158.0684,158.5962,,
902633,FUND013,2026-03-03,167.8869,167.7274,167.8091,,
902634,FUND014,2026-03-03,123.7862,124.1508,123.8402,,
902635,FUND015,2026-03-03,151.2397,151.2281,151.2295,,
902636,FUND016,2026-03-03,25.9672,25.8648,25.9672,,
902637,FUND017,2026-03-03,24.0255,23.8851,24.0659,,
902638,FUND018,2026-03-03,238.4099,238.1348,238.4665,,
902639,FUND019,2026-03-03,152.4894,152.4772,152.5353,,
902640,FUND020,2026-03-03,131.9639,132.0922,131.9711,,
902641,FUND001,2026-03-04,32.473,32.5807,32.4641,,
902642,FUND002,2026-03-04,144.1789,144.0153,144.1521,,
902643,FUND003,2026-03-04,208.1386,207.0647,207.9663,,
902644,FUND004,2026-03-04,75.8602,76.3895,75.8182,,
902645,FUND005,2026-03-04,209.6353,207.9795,209.7064,,
902646,FUND006,2026-03-04,231.7973,229.4997,231.8924,,
902647,FUND007,2026-03-04,178.4629,178.9502,178.5377,,
902648,FUND008,2026-03-04,53.9515,54.1853,53.9325,,
902649,FUND009,2026-03-04,202.4581,203.5029,202.4652,,
902650,FUND010,2026-03-04,117.7749,117.8933,117.8377,,
902651,FUND011,2026-03-04,161.4286,160.5195,161.309,,
902652,FUND012,2026-03-04,157.7288,158.5867,157.7033,,
902653,FUND013,2026-03-04,167.2933,167.8869,167.2178,,
902654,FUND014,2026-03-04,123.6805,123.7862,123.7069,,
902655,FUND015,2026-03-04,150.7652,151.2397,150.7987,,
902656,FUND016,2026-03-04,25.7422,25.9672,25.7339,,
902657,FUND017,2026-03-04,23.8768,24.0255,23.8766,,
902658,FUND018,2026-03-04,238.0148,238.4099,238.1838,,
902659,FUND019,2026-03-04,151.9078,152.4894,151.9592,,
902660,FUND020,2026-03-04,132.579,131.9639,132.6985,,
902661,FUND001,2026-03-05,32.2371,32.473,32.2404,,
902662,FUND002,2026-03-05,144.2385,144.1789,144.3268,,
902663,FUND003,2026-03-05,209.4823,208.1386,209.0317,,
902664,FUND004,2026-03-05,76.0692,75.8602,76.0787,,
902665,FUND005,2026-03-05,210.1866,209.6353,209.9727,,
902666,FUND006,2026-03-05,231.0663,231.7973,231.0914,,
902667,FUND007,2026-03-05,178.5746,178.4629,178.4552,,
902668,FUND008,2026-03-05,53.7993,53.9515,53.7741,,
902669,FUND009,2026-03-05,200.871,202.4581,200.759,,
902670,FUND010,2026-03-05,117.5827,117.7749,117.6198,,
902671,FUND011,2026-03-05,161.7014,161.4286,161.6331,,
902672,FUND012,2026-03-05,157.2273,157.7288,157.3312,,
902673,FUND013,2026-03-05,166.9562,167.2933,167.047,,
902674,FUND014,2026-03-05,124.1844,123.6805,124.3475,,
902675,FUND015,2026-03-05,151.0841,150.7652,151.0848,,
902676,FUND016,2026-03-05,25.645,25.7422,25.6419,,
902677,FUND017,2026-03-05,24.0703,23.8768,24.0658,,
902678,FUND018,2026-03-05,238.5734,238.0148,238.6964,,
902679,FUND019,2026-03-05,151.2095,151.9078,151.3538,,
902680,FUND020,2026-03-05,132.791,132.579,132.8749,,
902681,FUND001,2026-03-06,32.2623,32.2371,32.2525,,
902682,FUND002,2026-03-06,145.6251,144.2385,145.6923,,
902683,FUND003,2026-03-06,209.4855,209.4823,209.6453,,
902684,FUND004,2026-03-06,76.1357,76.0692,76.1784,,
902685,FUND005,2026-03-06,208.6831,210.1866,208.6105,,
902686,FUND006,2026-03-06,230.9022,231.0663,230.7137,,
902687,FUND007,2026-03-06,178.6304,178.5746,178.4918,,
902688,FUND008,2026-03-06,54.0831,53.7993,54.0897,,
902689,FUND009,2026-03-06,200.8439,200.871,200.6614,,
902690,FUND010,2026-03-06,116.9252,117.5827,116.8664,,
902691,FUND011,2026-03-06,161.3457,161.7014,161.2364,,
902692,FUND012,2026-03-06,156.4101,157.2273,156.4594,,
902693,FUND013,2026-03-06,167.907,166.9562,167.8107,,
902694,FUND014,2026-03-06,123.816,124.1844,123.7384,,
902695,FUND015,2026-03-06,151.5609,151.0841,151.5554,,
902696,FUND016,2026-03-06,25.6742,25.645,25.6815,,
902697,FUND017,2026-03-06,23.9112,24.0703,23.9001,,
902698,FUND018,2026-03-06,238.8783,238.5734,238.6012,,
902699,FUND019,2026-03-06,150.8877,151.2095,150.9454,,
902700,FUND020,2026-03-06,133.0277,132.791,132.9817,,
902701,FUND001,2026-03-09,32.2933,32.2623,32.2776,,
902702,FUND002,2026-03-09,145.9537,145.6251,145.9278,,
902703,FUND003,2026-03-09,211.1481,209.4855,211.2289,,
902704,FUND004,2026-03-09,77.0328,76.1357,76.9951,,
902705,FUND005,2026-03-09,209.1531,208.6831,209.1928,,
902706,FUND006,2026-03-09,231.3833,230.9022,231.299,,
902707,FUND007,2026-03-09,179.0258,178.6304,179.2226,,
902708,FUND008,2026-03-09,54.2245,54.0831,54.2297,,
902709,FUND009,2026-03-09,201.752,200.8439,201.7659,,
902710,FUND010,2026-03-09,116.6959,116.9252,116.7177,,
902711,FUND011,2026-03-09,162.0266,161.3457,162.0395,,
902712,FUND012,2026-03-09,154.8119,156.4101,154.8469,,
902713,FUND013,2026-03-09,168.1508,167.907,168.1713,,
902714,FUND014,2026-03-09,124.7302,123.816,124.7196,,
902715,FUND015,2026-03-09,151.0497,151.5609,151.0292,,
902716,FUND016,2026-03-09,25.591,25.6742,25.5742,,
902717,FUND017,2026-03-09,23.9987,23.9112,23.9909,,
902718,FUND018,2026-03-09,239.0631,238.8783,239.3683,,
902719,FUND019,2026-03-09,152.1929,150.8877,152.1655,,
902720,FUND020,2026-03-09,133.6672,133.0277,133.6694,,
902721,FUND001,2026-03-10,32.2483,32.2933,32.2451,,
902722,FUND002,2026-03-10,146.3088,145.9537,146.2645,,
902723,FUND003,2026-03-10,210.4004,211.1481,210.5352,,
902724,FUND004,2026-03-10,77.0934,77.0328,77.0108,,
902725,FUND005,2026-03-10,209.081,209.1531,209.36,,
902726,FUND006,2026-03-10,231.8085,231.3833,231.6911,,
902727,FUND007,2026-03-10,178.1223,179.0258,177.9791,,
902728,FUND008,2026-03-10,54.5717,54.2245,54.5674,,
902729,FUND009,2026-03-10,200.915,201.752,200.8347,,
902730,FUND010,2026-03-10,117.3924,116.6959,117.3327,,
902731,FUND011,2026-03-10,161.5827,162.0266,161.6457,,
902732,FUND012,2026-03-10,154.6011,154.8119,154.5657,,
902733,FUND013,2026-03-10,168.7814,168.1508,168.7464,,
902734,FUND014,2026-03-10,124.6344,124.7302,124.6969,,
902735,FUND015,2026-03-10,151.5783,151.0497,151.4272,,
902736,FUND016,2026-03-10,25.6538,25.591,25.6538,,
902737,FUND017,2026-03-10,23.9265,23.9987,23.9337,,
902738,FUND018,2026-03-10,239.4098,239.0631,239.5248,,
902739,FUND019,2026-03-10,151.2616,152.1929,151.3088,,
902740,FUND020,2026-03-10,133.5597,133.6672,133.6188,,
902741,FUND001,2026-03-11,32.3283,32.2483,32.3109,,
902742,FUND002,2026-03-11,146.0083,146.3088,145.9935,,
902743,FUND003,2026-03-11,210.0611,210.4004,209.8241,,
902744,FUND004,2026-03-11,77.6703,77.0934,77.6654,,
902745,FUND005,2026-03-11,209.3033,209.081,209.2688,,
902746,FUND006,2026-03-11,233.1875,231.8085,233.0852,,
902747,FUND007,2026-03-11,177.2405,178.1223,177.3007,,
902748,FUND008,2026-03-11,54.8001,54.5717,54.77,,
902749,FUND009,2026-03-11,201.4824,200.915,201.5361,,
902750,FUND010,2026-03-11,117.3978,117.3924,117.3063,,
902751,FUND011,2026-03-11,160.5213,161.5827,160.5443,,
902752,FUND012,2026-03-11,153.9019,154.6011,153.9761,,
902753,FUND013,2026-03-11,169.1026,168.7814,169.1932,,
902754,FUND014,2026-03-11,123.8887,124.6344,123.802,,
902755,FUND015,2026-03-11,151.8114,151.5783,151.717,,
902756,FUND016,2026-03-11,25.696,25.6538,25.7045,,
902757,FUND017,2026-03-11,24.0642,23.9265,24.0488,,
902758,FUND018,2026-03-11,239.8014,239.4098,240.0569,,
902759,FUND019,2026-03-11,152.1433,151.2616,151.3059,2026-03-11,2026-03-13
902760,FUND020,2026-03-11,133.3397,133.5597,133.3796,,
902761,FUND001,2026-03-12,32.365,32.3283,32.3948,,
902762,FUND002,2026-03-12,146.0845,146.0083,146.2294,,
902763,FUND003,2026-03-12,208.9424,210.0611,208.8941,,
902764,FUND004,2026-03-12,77.5783,77.6703,77.488,,
902765,FUND005,2026-03-12,209.9649,209.3033,209.7988,,
902766,FUND006,2026-03-12,234.2502,233.1875,234.1293,,
902767,FUND007,2026-03-12,176.044,177.2405,176.1317,,
902768,FUND008,2026-03-12,54.3056,54.8001,54.3071,,
902769,FUND009,2026-03-12,201.9415,201.4824,201.8491,,
902770,FUND010,2026-03-12,117.0175,117.3978,117.1014,,
902771,FUND011,2026-03-12,159.5637,160.5213,159.5668,,
902772,FUND012,2026-03-12,153.3804,153.9019,153.4007,,
902773,FUND013,2026-03-12,169.4429,169.1026,169.3147,,
902774,FUND014,2026-03-12,123.3211,123.8887,123.2738,,
902775,FUND015,2026-03-12,151.7195,151.8114,151.8673,,
902776,FUND016,2026-03-12,25.6981,25.696,25.6698,,
902777,FUND017,2026-03-12,23.9879,24.0642,24.0006,,
902778,FUND018,2026-03-12,240.3961,239.8014,240.6944,,
902779,FUND019,2026-03-12,151.5141,152.1433,151.6135,,
902780,FUND020,2026-03-12,133.6111,133.3397,133.5574,,
902781,FUND001,2026-03-13,32.3942,32.365,32.3958,,
902782,FUND002,2026-03-13,146.4215,146.0845,146.3594,,
902783,FUND003,2026-03-13,209.2696,208.9424,209.318,,
902784,FUND004,2026-03-13,77.6834,77.5783,77.704,,
902785,FUND005,2026-03-13,209.7418,209.9649,210.0858,,
902786,FUND006,2026-03-13,234.1524,234.2502,234.0787,,
902787,FUND007,2026-03-13,174.5648,176.044,174.4183,,
902788,FUND008,2026-03-13,54.2338,54.3056,54.2766,,
902789,FUND009,2026-03-13,201.4091,201.9415,201.5259,,
902790,FUND010,2026-03-13,116.5621,117.0175,116.6093,,
902791,FUND011,2026-03-13,159.3342,159.5637,159.377,,
902792,FUND012,2026-03-13,153.8062,153.3804,153.7642,,
902793,FUND013,2026-03-13,169.0091,169.4429,168.791,,
902794,FUND014,2026-03-13,123.9351,123.3211,123.9453,,
902795,FUND015,2026-03-13,151.9802,151.7195,151.9308,,
902796,FUND016,2026-03-13,25.7706,25.6981,25.752,,
902797,FUND017,2026-03-13,24.1687,23.9879,24.1324,,
902798,FUND018,2026-03-13,238.9869,240.3961,239.0185,,
902799,FUND019,2026-03-13,152.3422,151.5141,152.3472,,
902800,FUND020,2026-03-13,134.2804,133.6111,134.2887,,
902801,FUND001,2026-03-16,32.272,32.3942,32.2609,,
902802,FUND002,2026-03-16,145.6418,146.4215,145.6031,,
902803,FUND003,2026-03-16,210.1975,209.2696,211.099,2026-03-16,2026-03-18
902804,FUND004,2026-03-16,77.8184,77.6834,77.832,,
902805,FUND005,2026-03-16,210.6913,209.7418,210.7037,,
902806,FUND006,2026-03-16,234.5751,234.1524,234.7924,,
902807,FUND007,2026-03-16,174.3697,174.5648,174.5483,,
902808,FUND008,2026-03-16,54.1659,54.2338,54.1921,,
902809,FUND009,2026-03-16,202.0253,201.4091,201.9385,,
902810,FUND010,2026-03-16,116.18,116.5621,116.1886,,
902811,FUND011,2026-03-16,159.6441,159.3342,159.6993,,
902812,FUND012,2026-03-16,153.8424,153.8062,153.806,,
902813,FUND013,2026-03-16,169.5313,169.0091,169.6343,,
902814,FUND014,2026-03-16,124.8915,123.9351,124.8223,,
902815,FUND015,2026-03-16,151.8819,151.9802,151.9849,,
902816,FUND016,2026-03-16,25.5922,25.7706,25.5738,,
902817,FUND017,2026-03-16,24.0671,24.1687,24.076,,
902818,FUND018,2026-03-16,238.5854,238.9869,238.8161,,
902819,FUND019,2026-03-16,152.4601,152.3422,152.5077,,
902820,FUND020,2026-03-16,133.8211,134.2804,133.8286,,
902821,FUND001,2026-03-17,32.2362,32.272,32.2351,,
902822,FUND002,2026-03-17,144.8807,145.6418,145.0759,,
902823,FUND003,2026-03-17,210.4252,210.1975,208.9481,2026-03-17,2026-03-19
902824,FUND004,2026-03-17,77.8512,77.8184,77.9285,,
902825,FUND005,2026-03-17,211.0403,210.6913,211.0717,,
902826,FUND006,2026-03-17,233.986,234.5751,234.034,,
902827,FUND007,2026-03-17,173.9023,174.3697,173.972,,
902828,FUND008,2026-03-17,54.3048,54.1659,54.9056,2026-03-17,2026-03-18
902829,FUND009,2026-03-17,201.4478,202.0253,201.3625,,
902830,FUND010,2026-03-17,115.673,116.18,115.6276,,
902831,FUND011,2026-03-17,159.6365,159.6441,159.814,,
902832,FUND012,2026-03-17,153.6128,153.8424,153.621,,
902833,FUND013,2026-03-17,170.0618,169.5313,170.0885,,
902834,FUND014,2026-03-17,125.2058,124.8915,125.1998,,
902835,FUND015,2026-03-17,151.9706,151.8819,151.9625,,
902836,FUND016,2026-03-17,25.6105,25.5922,25.6193,,
902837,FUND017,2026-03-17,23.8604,24.0671,23.8453,,
902838,FUND018,2026-03-17,238.597,238.5854,238.4411,,
902839,FUND019,2026-03-17,152.9099,152.4601,152.9011,,
902840,FUND020,2026-03-17,133.6144,133.8211,133.5895,,
902841,FUND001,2026-03-18,32.2495,32.2362,32.2337,,
902842,FUND002,2026-03-18,145.6707,144.8807,145.6626,,
902843,FUND003,2026-03-18,211.442,210.4252,211.2593,,
902844,FUND004,2026-03-18,78.3162,77.8512,78.3228,,
902845,FUND005,2026-03-18,211.284,211.0403,211.2305,,
902846,FUND006,2026-03-18,236.1684,233.986,236.1461,,
902847,FUND007,2026-03-18,173.9239,173.9023,173.94,,
902848,FUND008,2026-03-18,54.1084,54.3048,54.142,,
902849,FUND009,2026-03-18,201.1299,201.4478,201.3276,,
902850,FUND010,2026-03-18,115.293,115.673,115.3945,,
902851,FUND011,2026-03-18,159.295,159.6365,159.9572,2026-03-18,2026-03-20
902852,FUND012,2026-03-18,153.3729,153.6128,153.3772,,
902853,FUND013,2026-03-18,170.451,170.0618,170.2838,,
902854,FUND014,2026-03-18,125.7703,125.2058,125.6554,,
902855,FUND015,2026-03-18,151.9568,151.9706,151.8923,,
902856,FUND016,2026-03-18,25.5826,25.6105,25.5723,,
902857,FUND017,2026-03-18,23.815,23.8604,23.7869,,
902858,FUND018,2026-03-18,238.0337,238.597,238.0377,,
902859,FUND019,2026-03-18,153.5818,152.9099,153.7083,,
902860,FUND020,2026-03-18,132.1981,133.6144,132.2419,,
902861,FUND001,2026-03-19,32.172,32.2495,32.1971,,
902862,FUND002,2026-03-19,146.8787,145.6707,146.8344,,
902863,FUND003,2026-03-19,212.5059,211.442,212.521,,
902864,FUND004,2026-03-19,78.1929,78.3162,78.2275,,
902865,FUND005,2026-03-19,211.6988,211.284,211.6114,,
902866,FUND006,2026-03-19,236.006,236.1684,235.7734,,
902867,FUND007,2026-03-19,173.5705,173.9239,173.6648,,
902868,FUND008,2026-03-19,54.2049,54.1084,54.1963,,
902869,FUND009,2026-03-19,202.1823,201.1299,202.0938,,
902870,FUND010,2026-03-19,115.4752,115.293,115.3426,,
902871,FUND011,2026-03-19,159.5434,159.295,159.5496,,
902872,FUND012,2026-03-19,153.2461,153.3729,153.276,,
902873,FUND013,2026-03-19,169.913,170.451,170.1213,,
902874,FUND014,2026-03-19,126.2199,125.7703,126.2295,,
902875,FUND015,2026-03-19,151.6517,151.9568,151.8584,,
902876,FUND016,2026-03-19,25.5716,25.5826,25.571,,
902877,FUND017,2026-03-19,23.8082,23.815,23.8205,,
902878,FUND018,2026-03-19,237.7534,238.0337,237.5679,,
902879,FUND019,2026-03-19,153.9943,153.5818,153.9918,,
902880,FUND020,2026-03-19,131.9389,132.1981,130.4625,2026-03-19,2026-03-21
902881,FUND001,2026-03-20,32.2617,32.172,32.4538,2026-03-20,2026-03-21
902882,FUND002,2026-03-20,147.1632,146.8787,147.2215,,
902883,FUND003,2026-03-20,214.3749,212.5059,214.2762,,
902884,FUND004,2026-03-20,78.2072,78.1929,78.261,,
902885,FUND005,2026-03-20,211.5228,211.6988,211.5782,,
902886,FUND006,2026-03-20,235.7912,236.006,235.8701,,
902887,FUND007,2026-03-20,173.4895,173.5705,173.6043,,
902888,FUND008,2026-03-20,54.1535,54.2049,54.1882,,
902889,FUND009,2026-03-20,201.3291,202.1823,201.2179,,
902890,FUND010,2026-03-20,116.3456,115.4752,116.3855,,
902891,FUND011,2026-03-20,159.3278,159.5434,159.1465,,
902892,FUND012,2026-03-20,153.2986,153.2461,153.3656,,
902893,FUND013,2026-03-20,170.4793,169.913,170.4606,,
902894,FUND014,2026-03-20,126.3783,126.2199,126.4013,,
902895,FUND015,2026-03-20,152.6636,151.6517,152.646,,
902896,FUND016,2026-03-20,25.5193,25.5716,25.4948,,
902897,FUND017,2026-03-20,23.907,23.8082,23.8803,,
902898,FUND018,2026-03-20,236.5997,237.7534,236.7062,,
902899,FUND019,2026-03-20,154.3369,153.9943,154.3919,,
902900,FUND020,2026-03-20,131.896,131.9389,132.0486,,
902901,FUND001,2026-03-23,32.2237,32.2617,32.2427,,
902902,FUND002,2026-03-23,147.7917,147.1632,147.7731,,
902903,FUND003,2026-03-23,214.6289,214.3749,214.6491,,
902904,FUND004,2026-03-23,77.9634,78.2072,77.8402,,
902905,FUND005,2026-03-23,209.9768,211.5228,210.0133,,
902906,FUND006,2026-03-23,236.5507,235.7912,236.572,,
902907,FUND007,2026-03-23,174.234,173.4895,174.3913,,
902908,FUND008,2026-03-23,54.2042,54.1535,54.1398,,
902909,FUND009,2026-03-23,200.82,201.3291,200.5696,,
902910,FUND010,2026-03-23,116.1392,116.3456,115.9904,,
902911,FUND011,2026-03-23,158.9477,159.3278,158.8567,,
902912,FUND012,2026-03-23,153.5412,153.2986,153.7641,,
902913,FUND013,2026-03-23,169.79,170.4793,169.8226,,
902914,FUND014,2026-03-23,126.1141,126.3783,126.2555,,
902915,FUND015,2026-03-23,153.4122,152.6636,153.4537,,
902916,FUND016,2026-03-23,25.4805,25.5193,25.4756,,
902917,FUND017,2026-03-23,23.9412,23.907,23.9523,,
902918,FUND018,2026-03-23,237.6629,236.5997,237.6255,,
902919,FUND019,2026-03-23,152.8577,154.3369,152.7798,,
902920,FUND020,2026-03-23,131.6573,131.896,131.7626,,
902921,FUND001,2026-03-24,32.2648,32.2237,32.2691,,
902922,FUND002,2026-03-24,147.3309,147.7917,147.2697,,
902923,FUND003,2026-03-24,215.5916,214.6289,215.8362,,
902924,FUND004,2026-03-24,78.2657,77.9634,78.394,,
902925,FUND005,2026-03-24,210.2375,209.9768,210.2923,,
902926,FUND006,2026-03-24,235.5417,236.5507,235.5362,,
902927,FUND007,2026-03-24,173.5985,174.234,173.5097,,
902928,FUND008,2026-03-24,54.2498,54.2042,54.2765,,
902929,FUND009,2026-03-24,202.5015,200.82,202.3378,,
902930,FUND010,2026-03-24,115.5509,116.1392,115.5413,,
902931,FUND011,2026-03-24,159.1311,158.9477,159.2401,,
902932,FUND012,2026-03-24,153.216,153.5412,153.3353,,
902933,FUND013,2026-03-24,169.3196,169.79,169.2998,,
902934,FUND014,2026-03-24,126.0665,126.1141,125.9875,,
902935,FUND015,2026-03-24,153.6271,153.4122,153.5919,,
902936,FUND016,2026-03-24,25.6648,25.4805,25.6647,,
902937,FUND017,2026-03-24,23.8088,23.9412,23.8264,,
902938,FUND018,2026-03-24,236.3325,237.6629,236.5828,,
902939,FUND019,2026-03-24,153.3724,152.8577,153.2755,,
902940,FUND020,2026-03-24,131.1536,131.6573,131.2036,,
902941,FUND001,2026-03-25,32.1765,32.2648,32.1674,,
902942,FUND002,2026-03-25,147.0607,147.3309,147.1079,,
902943,FUND003,2026-03-25,216.0539,215.5916,215.8095,,
902944,FUND004,2026-03-25,77.6908,78.2657,77.6435,,
902945,FUND005,2026-03-25,210.672,210.2375,210.5302,,
902946,FUND006,2026-03-25,235.3594,235.5417,235.4821,,
902947,FUND007,2026-03-25,174.0871,173.5985,173.911,,
902948,FUND008,2026-03-25,54.5658,54.2498,54.5566,,
902949,FUND009,2026-03-25,202.8396,202.5015,203.1212,,
902950,FUND010,2026-03-25,115.6785,115.5509,115.7031,,
902951,FUND011,2026-03-25,158.8467,159.1311,158.788,,
902952,FUND012,2026-03-25,153.5147,153.216,153.5658,,
902953,FUND013,2026-03-25,170.2039,169.3196,170.2314,,
902954,FUND014,2026-03-25,126.4932,126.0665,126.5837,,
902955,FUND015,2026-03-25,153.8202,153.6271,153.7495,,
902956,FUND016,2026-03-25,25.5719,25.6648,25.5853,,
902957,FUND017,2026-03-25,23.7955,23.8088,23.7689,,
902958,FUND018,2026-03-25,236.6809,236.3325,236.6064,,
902959,FUND019,2026-03-25,153.3537,153.3724,153.4325,,
902960,FUND020,2026-03-25,130.976,131.1536,130.8951,,
902961,FUND001,2026-03-26,32.2132,32.1765,32.2192,,
902962,FUND002,2026-03-26,147.8607,147.0607,147.7172,,
902963,FUND003,2026-03-26,215.6273,216.0539,215.4259,,
902964,FUND004,2026-03-26,77.4244,77.6908,77.4903,,
902965,FUND005,2026-03-26,209.7336,210.672,209.6626,,
902966,FUND006,2026-03-26,235.9609,235.3594,235.8746,,
902967,FUND007,2026-03-26,174.2914,174.0871,174.3403,,
902968,FUND008,2026-03-26,54.3873,54.5658,54.3549,,
902969,FUND009,2026-03-26,204.1467,202.8396,204.1311,,
902970,FUND010,2026-03-26,116.0068,115.6785,116.0101,,
902971,FUND011,2026-03-26,158.1783,158.8467,158.2551,,
902972,FUND012,2026-03-26,152.0367,153.5147,152.0936,,
902973,FUND013,2026-03-26,169.9764,170.2039,169.9872,,
902974,FUND014,2026-03-26,126.7625,126.4932,126.6871,,
902975,FUND015,2026-03-26,153.1408,153.8202,153.0901,,
902976,FUND016,2026-03-26,25.5409,25.5719,25.5501,,
902977,FUND017,2026-03-26,23.7818,23.7955,23.7811,,
902978,FUND018,2026-03-26,236.8112,236.6809,237.0704,,
902979,FUND019,2026-03-26,153.3152,153.3537,153.4666,,
902980,FUND020,2026-03-26,130.8676,130.976,130.7303,,
902981,FUND001,2026-03-27,32.1219,32.2132,32.1261,,
902982,FUND002,2026-03-27,148.4713,147.8607,148.4278,,
902983,FUND003,2026-03-27,216.4271,215.6273,216.4133,,
902984,FUND004,2026-03-27,77.4083,77.4244,77.3335,,
902985,FUND005,2026-03-27,209.4295,209.7336,209.1645,,
902986,FUND006,2026-03-27,236.0282,235.9609,236.1944,,
902987,FUND007,2026-03-27,175.3209,174.2914,173.6143,2026-03-27,2026-03-29
902988,FUND008,2026-03-27,54.2767,54.3873,54.3123,,
902989,FUND009,2026-03-27,204.8035,204.1467,204.7097,,
902990,FUND010,2026-03-27,116.1748,116.0068,116.0743,,
902991,FUND011,2026-03-27,157.3562,158.1783,157.3656,,
902992,FUND012,2026-03-27,151.8481,152.0367,151.8437,,
902993,FUND013,2026-03-27,170.3514,169.9764,170.5052,,
902994,FUND014,2026-03-27,127.3744,126.7625,127.3598,,
902995,FUND015,2026-03-27,153.8634,153.1408,153.8177,,
902996,FUND016,2026-03-27,25.3627,25.5409,25.3761,,
902997,FUND017,2026-03-27,23.8502,23.7818,23.832,,
902998,FUND018,2026-03-27,236.8943,236.8112,236.7984,,
902999,FUND019,2026-03-27,154.3144,153.3152,154.4609,,
903000,FUND020,2026-03-27,132.3881,130.8676,132.4547,,
903001,FUND001,2026-03-30,32.054,32.1219,32.0341,,
903002,FUND002,2026-03-30,147.5575,148.4713,147.49,,
903003,FUND003,2026-03-30,216.2719,216.4271,216.333,,
903004,FUND004,2026-03-30,77.227,77.4083,77.2118,,
903005,FUND005,2026-03-30,208.2681,209.4295,208.1717,,
903006,FUND006,2026-03-30,234.353,236.0282,234.3514,,
903007,FUND007,2026-03-30,175.3888,175.3209,175.5799,,
903008,FUND008,2026-03-30,54.3516,54.2767,54.3324,,
903009,FUND009,2026-03-30,205.2019,204.8035,205.3826,,
903010,FUND010,2026-03-30,115.2868,116.1748,115.2785,,
903011,FUND011,2026-03-30,157.7121,157.3562,157.8253,,
903012,FUND012,2026-03-30,151.9144,151.8481,151.7122,,
903013,FUND013,2026-03-30,170.3757,170.3514,170.3702,,
903014,FUND014,2026-03-30,127.0253,127.3744,127.0738,,
903015,FUND015,2026-03-30,153.2171,153.8634,153.2009,,
903016,FUND016,2026-03-30,25.2244,25.3627,25.2303,,
903017,FUND017,2026-03-30,23.8088,23.8502,23.8107,,
903018,FUND018,2026-03-30,236.4797,236.8943,236.4103,,
903019,FUND019,2026-03-30,154.253,154.3144,154.0671,,
903020,FUND020,2026-03-30,131.1074,132.3881,131.1299,,
903021,FUND001,2026-03-31,31.9769,32.054,31.9954,,
903022,FUND002,2026-03-31,147.2159,147.5575,147.1979,,
903023,FUND003,2026-03-31,216.0613,216.2719,216.2313,,
903024,FUND004,2026-03-31,77.2786,77.227,77.2678,,
903025,FUND005,2026-03-31,206.8678,208.2681,206.9915,,
903026,FUND006,2026-03-31,233.0207,234.353,233.0691,,
903027,FUND007,2026-03-31,174.8629,175.3888,174.8232,,
903028,FUND008,2026-03-31,54.3289,54.3516,54.3501,,
903029,FUND009,2026-03-31,205.1469,205.2019,205.1417,,
903030,FUND010,2026-03-31,115.2338,115.2868,114.5978,2026-03-31,2026-04-02
903031,FUND011,2026-03-31,159.0194,157.7121,158.8913,,
903032,FUND012,2026-03-31,151.1848,151.9144,151.2708,,
903033,FUND013,2026-03-31,170.3318,170.3757,170.2666,,
903034,FUND014,2026-03-31,126.7237,127.0253,126.6917,,
903035,FUND015,2026-03-31,153.0985,153.2171,153.063,,
903036,FUND016,2026-03-31,25.1582,25.2244,25.1716,,
903037,FUND017,2026-03-31,23.7154,23.8088,23.7,,
903038,FUND018,2026-03-31,236.7913,236.4797,236.7711,,
903039,FUND019,2026-03-31,154.2682,154.253,154.1037,,
903040,FUND020,2026-03-31,131.9571,131.1074,132.0118,,
903041,FUND001,2026-04-01,31.957,31.9769,31.9389,,
903042,FUND002,2026-04-01,147.2466,147.2159,147.2159,,
903043,FUND003,2026-04-01,216.3451,216.0613,216.2156,,
903044,FUND004,2026-04-01,77.7155,77.2786,77.8059,,
903045,FUND005,2026-04-01,208.4364,206.8678,208.374,,
903046,FUND006,2026-04-01,233.5393,233.0207,233.421,,
903047,FUND007,2026-04-01,175.7104,174.8629,175.5736,,
903048,FUND008,2026-04-01,54.2596,54.3289,54.2494,,
903049,FUND009,2026-04-01,206.1871,205.1469,206.1609,,
903050,FUND010,2026-04-01,115.2407,115.2338,115.1782,,
903051,FUND011,2026-04-01,159.5625,159.0194,159.5785,,
903052,FUND012,2026-04-01,151.8976,151.1848,151.8545,,
903053,FUND013,2026-04-01,171.3999,170.3318,171.3402,,
903054,FUND014,2026-04-01,125.8045,126.7237,125.7438,,
903055,FUND015,2026-04-01,151.9315,153.0985,151.8927,,
903056,FUND016,2026-04-01,25.2053,25.1582,25.1935,,
903057,FUND017,2026-04-01,23.6206,23.7154,23.6272,,
903058,FUND018,2026-04-01,235.9969,236.7913,236.0458,,
903059,FUND019,2026-04-01,154.1079,154.2682,154.1122,,
903060,FUND020,2026-04-01,131.5781,131.9571,131.656,,
903061,FUND001,2026-04-02,32.016,31.957,32.023,,
903062,FUND002,2026-04-02,147.3852,147.2466,147.2607,,
903063,FUND003,2026-04-02,216.6269,216.3451,216.5955,,
903064,FUND004,2026-04-02,77.7987,77.7155,77.74,,
903065,FUND005,2026-04-02,209.4349,208.4364,209.65,,
903066,FUND006,2026-04-02,232.676,233.5393,232.6221,,
903067,FUND007,2026-04-02,176.674,175.7104,176.5764,,
903068,FUND008,2026-04-02,54.1328,54.2596,54.0491,,
903069,FUND009,2026-04-02,205.3288,206.1871,204.2261,2026-04-02,2026-04-06
903070,FUND010,2026-04-02,115.3184,115.2407,115.3935,,
903071,FUND011,2026-04-02,159.8148,159.5625,159.8361,,
903072,FUND012,2026-04-02,152.3627,151.8976,152.4893,,
903073,FUND013,2026-04-02,171.8156,171.3999,171.9287,,
903074,FUND014,2026-04-02,126.6745,125.8045,126.5925,,
903075,FUND015,2026-04-02,152.182,151.9315,152.0914,,
903076,FUND016,2026-04-02,25.1499,25.2053,25.1365,,
903077,FUND017,2026-04-02,23.6218,23.6206,23.6254,,
903078,FUND018,2026-04-02,235.7101,235.9969,235.7413,,
903079,FUND019,2026-04-02,154.2467,154.1079,154.2337,,
903080,FUND020,2026-04-02,131.4336,131.5781,131.4529,,
903081,FUND001,2026-04-03,32.0001,32.016,31.9927,,
903082,FUND002,2026-04-03,148.2038,147.3852,148.3373,,
903083,FUND003,2026-04-03,217.1419,216.6269,217.0551,,
903084,FUND004,2026-04-03,77.6816,77.7987,77.2295,2026-04-03,2026-04-04
903085,FUND005,2026-04-03,208.7914,209.4349,208.8738,,
903086,FUND006,2026-04-03,233.4382,232.676,233.4637,,
903087,FUND007,2026-04-03,177.2062,176.674,177.1957,,
903088,FUND008,2026-04-03,54.2663,54.1328,54.231,,
903089,FUND009,2026-04-03,205.4824,205.3288,205.4825,,
903090,FUND010,2026-04-03,115.0903,115.3184,115.0415,,
903091,FUND011,2026-04-03,158.4965,159.8148,158.4491,,
903092,FUND012,2026-04-03,152.8813,152.3627,152.8741,,
903093,FUND013,2026-04-03,171.2507,171.8156,171.2703,,
903094,FUND014,2026-04-03,126.895,126.6745,126.8039,,
903095,FUND015,2026-04-03,152.7092,152.182,152.6858,,
903096,FUND016,2026-04-03,25.0151,25.1499,25.0225,,
903097,FUND017,2026-04-03,23.5749,23.6218,23.5741,,
903098,FUND018,2026-04-03,235.1019,235.7101,235.0397,,
903099,FUND019,2026-04-03,154.2587,154.2467,154.2124,,
903100,FUND020,2026-04-03,132.1223,131.4336,132.259,,
903101,FUND001,2026-04-06,32.2384,32.0001,32.2268,,
903102,FUND002,2026-04-06,148.7324,148.2038,148.7025,,
903103,FUND003,2026-04-06,216.3732,217.1419,216.1905,,
903104,FUND004,2026-04-06,77.55,77.6816,77.5368,,
903105,FUND005,2026-04-06,208.3338,208.7914,208.4801,,
903106,FUND006,2026-04-06,234.1385,233.4382,234.0282,,
903107,FUND007,2026-04-06,177.5993,177.2062,177.4107,,
903108,FUND008,2026-04-06,54.2765,54.2663,54.2348,,
903109,FUND009,2026-04-06,205.2918,205.4824,205.2702,,
903110,FUND010,2026-04-06,114.8162,115.0903,114.8177,,
903111,FUND011,2026-04-06,157.5455,158.4965,157.4073,,
903112,FUND012,2026-04-06,152.9326,152.8813,154.5442,2026-04-06,2026-04-08
903113,FUND013,2026-04-06,171.932,171.2507,171.969,,
903114,FUND014,2026-04-06,126.8374,126.895,126.895,,
903115,FUND015,2026-04-06,152.4341,152.7092,152.3925,,
903116,FUND016,2026-04-06,24.9776,25.0151,24.9884,,
903117,FUND017,2026-04-06,23.6552,23.5749,23.6533,,
903118,FUND018,2026-04-06,234.8117,235.1019,234.5987,,
903119,FUND019,2026-04-06,154.7588,154.2587,154.8157,,
903120,FUND020,2026-04-06,132.6148,132.1223,132.5413,,
903121,FUND001,2026-04-07,32.2244,32.2384,32.2253,,
903122,FUND002,2026-04-07,148.6634,148.7324,148.5704,,
903123,FUND003,2026-04-07,217.3969,216.3732,217.3252,,
903124,FUND004,2026-04-07,77.8974,77.55,77.8944,,
903125,FUND005,2026-04-07,209.797,208.3338,209.9897,,
903126,FUND006,2026-04-07,232.7233,234.1385,232.5001,,
903127,FUND007,2026-04-07,178.9458,177.5993,178.9274,,
903128,FUND008,2026-04-07,54.3693,54.2765,54.3774,,
903129,FUND009,2026-04-07,205.5493,205.2918,205.5229,,
903130,FUND010,2026-04-07,115.7802,114.8162,115.7576,,
903131,FUND011,2026-04-07,157.8599,157.5455,157.9468,,
903132,FUND012,2026-04-07,152.5393,152.9326,152.58,,
903133,FUND013,2026-04-07,172.0857,171.932,172.1412,,
903134,FUND014,2026-04-07,126.5194,126.8374,126.556,,
903135,FUND015,2026-04-07,152.1836,152.4341,152.002,,
903136,FUND016,2026-04-07,24.9861,24.9776,24.9811,,
903137,FUND017,2026-04-07,23.6953,23.6552,23.692,,
903138,FUND018,2026-04-07,235.2398,234.8117,235.2125,,
903139,FUND019,2026-04-07,155.1594,154.7588,154.8688,,
903140,FUND020,2026-04-07,131.8919,132.6148,131.9618,,
903141,FUND001,2026-04-08,32.3371,32.2244,32.2885,,
903142,FUND002,2026-04-08,148.7906,148.6634,148.7207,,
903143,FUND003,2026-04-08,217.2303,217.3969,217.2556,,
903144,FUND004,2026-04-08,77.733,77.8974,77.697,,
903145,FUND005,2026-04-08,207.7918,209.797,207.8824,,
903146,FUND006,2026-04-08,233.4639,232.7233,233.533,,
903147,FUND007,2026-04-08,179.6044,178.9458,179.565,,
903148,FUND008,2026-04-08,54.4293,54.3693,54.4594,,
903149,FUND009,2026-04-08,206.0152,205.5493,205.9382,,
903150,FUND010,2026-04-08,116.4232,115.7802,116.4509,,
903151,FUND011,2026-04-08,157.9566,157.8599,157.9626,,
903152,FUND012,2026-04-08,152.4712,152.5393,152.4721,,
903153,FUND013,2026-04-08,172.1883,172.0857,172.1563,,
903154,FUND014,2026-04-08,126.8502,126.5194,126.5379,,
903155,FUND015,2026-04-08,152.4982,152.1836,152.5752,,
903156,FUND016,2026-04-08,25.1553,24.9861,25.1643,,
903157,FUND017,2026-04-08,23.7808,23.6953,23.778,,
903158,FUND018,2026-04-08,233.2161,235.2398,233.0456,,
903159,FUND019,2026-04-08,156.1822,155.1594,156.1669,,
903160,FUND020,2026-04-08,131.9339,131.8919,132.0265,,
903161,FUND001,2026-04-09,32.3803,32.3371,32.3925,,
903162,FUND002,2026-04-09,147.8569,148.7906,147.8728,,
903163,FUND003,2026-04-09,218.3801,217.2303,218.2505,,
903164,FUND004,2026-04-09,77.57,77.733,77.5774,,
903165,FUND005,2026-04-09,207.3689,207.7918,207.3324,,
903166,FUND006,2026-04-09,232.4592,233.4639,232.3068,,
903167,FUND007,2026-04-09,180.383,179.6044,180.446,,
903168,FUND008,2026-04-09,54.5786,54.4293,54.5755,,
903169,FUND009,2026-04-09,205.7708,206.0152,205.6667,,
903170,FUND010,2026-04-09,115.7832,116.4232,115.8234,,
903171,FUND011,2026-04-09,159.0148,157.9566,159.0042,,
903172,FUND012,2026-04-09,152.6029,152.4712,152.5396,,
903173,FUND013,2026-04-09,171.9598,172.1883,171.8985,,
903174,FUND014,2026-04-09,127.3465,126.8502,127.3061,,
903175,FUND015,2026-04-09,152.0057,152.4982,152.0187,,
903176,FUND016,2026-04-09,25.1114,25.1553,25.1205,,
903177,FUND017,2026-04-09,23.6965,23.7808,23.6978,,
903178,FUND018,2026-04-09,232.581,233.2161,232.5436,,
903179,FUND019,2026-04-09,156.4462,156.1822,156.3794,,
903180,FUND020,2026-04-09,132.0366,131.9339,131.9377,,
903181,FUND001,2026-04-10,32.3576,32.3803,32.4036,,
903182,FUND002,2026-04-10,147.267,147.8569,147.2022,,
903183,FUND003,2026-04-10,218.19,218.3801,218.2116,,
903184,FUND004,2026-04-10,77.8438,77.57,77.837,,
903185,FUND005,2026-04-10,207.2732,207.3689,207.5226,,
903186,FUND006,2026-04-10,232.5003,232.4592,232.5874,,
903187,FUND007,2026-04-10,178.945,180.383,179.016,,
903188,FUND008,2026-04-10,54.941,54.5786,54.876,,
903189,FUND009,2026-04-10,207.4882,205.7708,207.4222,,
903190,FUND010,2026-04-10,115.78,115.7832,115.8301,,
903191,FUND011,2026-04-10,158.8422,159.0148,158.9138,,
903192,FUND012,2026-04-10,152.9756,152.6029,153.098,,
903193,FUND013,2026-04-10,171.9661,171.9598,171.8043,,
903194,FUND014,2026-04-10,127.5305,127.3465,127.5786,,
903195,FUND015,2026-04-10,150.8192,152.0057,150.9308,,
903196,FUND016,2026-04-10,25.0934,25.1114,25.105,,
903197,FUND017,2026-04-10,23.7535,23.6965,23.7683,,
903198,FUND018,2026-04-10,232.2448,232.581,232.235,,
903199,FUND019,2026-04-10,155.1826,156.4462,155.1549,,
903200,FUND020,2026-04-10,132.1456,132.0366,132.0629,,
903201,FUND001,2026-04-13,32.4649,32.3576,32.5012,,
903202,FUND002,2026-04-13,147.9489,147.267,147.8591,,
903203,FUND003,2026-04-13,217.855,218.19,217.7528,,
903204,FUND004,2026-04-13,77.9147,77.8438,77.8863,,
903205,FUND005,2026-04-13,207.5039,207.2732,207.2826,,
903206,FUND006,2026-04-13,230.6018,232.5003,230.5151,,
903207,FUND007,2026-04-13,178.8533,178.945,178.9624,,
903208,FUND008,2026-04-13,54.9798,54.941,54.9763,,
903209,FUND009,2026-04-13,207.0781,207.4882,207.1978,,
903210,FUND010,2026-04-13,115.4455,115.78,115.391,,
903211,FUND011,2026-04-13,157.6703,158.8422,157.7668,,
903212,FUND012,2026-04-13,152.872,152.9756,152.8074,,
903213,FUND013,2026-04-13,171.3344,171.9661,171.1673,,
903214,FUND014,2026-04-13,127.3218,127.5305,127.2602,,
903215,FUND015,2026-04-13,149.6219,150.8192,149.6359,,
903216,FUND016,2026-04-13,24.9855,25.0934,24.9827,,
903217,FUND017,2026-04-13,23.8477,23.7535,23.8368,,
903218,FUND018,2026-04-13,233.3267,232.2448,233.429,,
903219,FUND019,2026-04-13,155.9739,155.1826,155.9322,,
903220,FUND020,2026-04-13,133.1331,132.1456,133.1444,,
903221,FUND001,2026-04-14,32.6887,32.4649,32.6745,,
903222,FUND002,2026-04-14,147.8046,147.9489,147.8023,,
903223,FUND003,2026-04-14,217.3953,217.855,217.2822,,
903224,FUND004,2026-04-14,77.5401,77.9147,77.4314,,
903225,FUND005,2026-04-14,208.2359,207.5039,208.2719,,
903226,FUND006,2026-04-14,229.6063,230.6018,229.6047,,
903227,FUND007,2026-04-14,179.602,178.8533,179.3939,,
903228,FUND008,2026-04-14,55.0436,54.9798,55.0322,,
903229,FUND009,2026-04-14,206.5374,207.0781,206.6873,,
903230,FUND010,2026-04-14,115.7572,115.4455,115.7703,,
903231,FUND011,2026-04-14,158.45,157.6703,158.4363,,
903232,FUND012,2026-04-14,151.7501,152.872,151.6089,,
903233,FUND013,2026-04-14,171.8281,171.3344,171.7055,,
903234,FUND014,2026-04-14,127.2473,127.3218,127.1925,,
903235,FUND015,2026-04-14,149.4864,149.6219,149.4436,,
903236,FUND016,2026-04-14,24.8789,24.9855,24.8808,,
903237,FUND017,2026-04-14,23.8701,23.8477,23.8469,,
903238,FUND018,2026-04-14,232.6687,233.3267,232.5578,,
903239,FUND019,2026-04-14,154.78,155.9739,154.694,,
903240,FUND020,2026-04-14,133.6728,133.1331,133.7637,,
903241,FUND001,2026-04-15,32.7027,32.6887,32.682,,
903242,FUND002,2026-04-15,148.62,147.8046,148.6019,,
903243,FUND003,2026-04-15,216.992,217.3953,216.8491,,
903244,FUND004,2026-04-15,77.9856,77.5401,77.9534,,
903245,FUND005,2026-04-15,208.2996,208.2359,208.0939,,
903246,FUND006,2026-04-15,229.2872,229.6063,229.3177,,
903247,FUND007,2026-04-15,179.9256,179.602,179.9367,,
903248,FUND008,2026-04-15,54.9159,55.0436,54.9056,,
903249,FUND009,2026-04-15,205.5547,206.5374,205.5316,,
903250,FUND010,2026-04-15,116.0046,115.7572,115.9879,,
903251,FUND011,2026-04-15,158.7608,158.45,158.8049,,
903252,FUND012,2026-04-15,151.9769,151.7501,151.9919,,
903253,FUND013,2026-04-15,172.2444,171.8281,172.1997,,
903254,FUND014,2026-04-15,126.5164,127.2473,126.5894,,
903255,FUND015,2026-04-15,149.6347,149.4864,149.6737,,
903256,FUND016,2026-04-15,24.946,24.8789,24.9355,,
903257,FUND017,2026-04-15,23.9319,23.8701,23.9353,,
903258,FUND018,2026-04-15,232.6301,232.6687,232.6741,,
903259,FUND019,2026-04-15,155.3297,154.78,155.3334,,
903260,FUND020,2026-04-15,133.0805,133.6728,133.0603,,
903261,FUND001,2026-04-16,32.7347,32.7027,32.7505,,
903262,FUND002,2026-04-16,149.2087,148.62,149.1504,,
903263,FUND003,2026-04-16,217.2407,216.992,217.2041,,
903264,FUND004,2026-04-16,78.2019,77.9856,78.1728,,
903265,FUND005,2026-04-16,207.928,208.2996,207.839,,
903266,FUND006,2026-04-16,229.4908,229.2872,229.4503,,
903267,FUND007,2026-04-16,180.4904,179.9256,180.6669,,
903268,FUND008,2026-04-16,55.036,54.9159,54.9815,,
903269,FUND009,2026-04-16,204.4135,205.5547,204.3336,,
903270,FUND010,2026-04-16,115.7115,116.0046,115.7527,,
903271,FUND011,2026-04-16,157.2893,158.7608,157.231,,
903272,FUND012,2026-04-16,151.6553,151.9769,151.7615,,
903273,FUND013,2026-04-16,171.3709,172.2444,171.4087,,
903274,FUND014,2026-04-16,125.7067,126.5164,125.6534,,
903275,FUND015,2026-04-16,148.2765,149.6347,148.3347,,
903276,FUND016,2026-04-16,24.9206,24.946,24.9016,,
903277,FUND017,2026-04-16,24.0607,23.9319,24.0741,,
903278,FUND018,2026-04-16,230.3641,232.6301,230.4288,,
903279,FUND019,2026-04-16,156.1699,155.3297,156.1685,,
903280,FUND020,2026-04-16,133.9048,133.0805,134.0511,,
903281,FUND001,2026-04-17,32.4607,32.7347,32.461,,
903282,FUND002,2026-04-17,149.2582,149.2087,149.2214,,
903283,FUND003,2026-04-17,217.6833,217.2407,217.8234,,
903284,FUND004,2026-04-17,77.9632,78.2019,77.9455,,
903285,FUND005,2026-04-17,208.8915,207.928,209.0181,,
903286,FUND006,2026-04-17,228.8775,229.4908,228.7522,,
903287,FUND007,2026-04-17,180.1165,180.4904,179.9296,,
903288,FUND008,2026-04-17,55.1107,55.036,55.0774,,
903289,FUND009,2026-04-17,204.4202,204.4135,204.2868,,
903290,FUND010,2026-04-17,116.0203,115.7115,116.0982,,
903291,FUND011,2026-04-17,156.4127,157.2893,156.5568,,
903292,FUND012,2026-04-17,152.1178,151.6553,152.2705,,
903293,FUND013,2026-04-17,172.8116,171.3709,172.6642,,
903294,FUND014,2026-04-17,127.4306,125.7067,127.4033,,
903295,FUND015,2026-04-17,148.1192,148.2765,148.1054,,
903296,FUND016,2026-04-17,25.0284,24.9206,25.0222,,
903297,FUND017,2026-04-17,24.083,24.0607,24.0967,,
903298,FUND018,2026-04-17,228.5193,230.3641,228.4926,,
903299,FUND019,2026-04-17,156.5398,156.1699,156.5048,,
903300,FUND020,2026-04-17,133.7275,133.9048,133.7951,,
903301,FUND001,2026-04-20,32.48,32.4607,32.4739,,
903302,FUND002,2026-04-20,149.4322,149.2582,149.4917,,
903303,FUND003,2026-04-20,217.3704,217.6833,217.3928,,
903304,FUND004,2026-04-20,78.135,77.9632,78.1197,,
903305,FUND005,2026-04-20,208.1847,208.8915,208.3327,,
903306,FUND006,2026-04-20,227.7369,228.8775,227.791,,
903307,FUND007,2026-04-20,179.5529,180.1165,179.4435,,
903308,FUND008,2026-04-20,55.0515,55.1107,55.1264,,
903309,FUND009,2026-04-20,204.4792,204.4202,204.5876,,
903310,FUND010,2026-04-20,115.8093,116.0203,115.8435,,
903311,FUND011,2026-04-20,155.8676,156.4127,155.8765,,
903312,FUND012,2026-04-20,153.0569,152.1178,153.076,,
903313,FUND013,2026-04-20,172.4751,172.8116,172.5231,,
903314,FUND014,2026-04-20,127.4948,127.4306,127.4632,,
903315,FUND015,2026-04-20,148.0526,148.1192,148.0149,,
903316,FUND016,2026-04-20,25.1958,25.0284,25.2164,,
903317,FUND017,2026-04-20,24.088,24.083,24.078,,
903318,FUND018,2026-04-20,227.3005,228.5193,227.3025,,
903319,FUND019,2026-04-20,157.0045,156.5398,157.0176,,
903320,FUND020,2026-04-20,133.6527,133.7275,133.7564,,
903321,FUND001,2026-04-21,32.5155,32.48,32.5056,,
903322,FUND002,2026-04-21,150.1869,149.4322,150.1458,,
903323,FUND003,2026-04-21,217.4211,217.3704,217.3564,,
903324,FUND004,2026-04-21,78.268,78.135,78.2459,,
903325,FUND005,2026-04-21,208.1949,208.1847,208.2183,,
903326,FUND006,2026-04-21,228.0732,227.7369,228.2609,,
903327,FUND007,2026-04-21,178.8132,179.5529,178.7432,,
903328,FUND008,2026-04-21,55.3548,55.0515,55.4249,,
903329,FUND009,2026-04-21,204.2335,204.4792,204.3031,,
903330,FUND010,2026-04-21,116.7127,115.8093,116.7483,,
903331,FUND011,2026-04-21,155.8227,155.8676,155.8837,,
903332,FUND012,2026-04-21,152.8691,153.0569,152.7259,,
903333,FUND013,2026-04-21,171.6813,172.4751,171.7436,,
903334,FUND014,2026-04-21,127.001,127.4948,126.89,,
903335,FUND015,2026-04-21,147.779,148.0526,147.6782,,
903336,FUND016,2026-04-21,25.1959,25.1958,25.1832,,
903337,FUND017,2026-04-21,24.0613,24.088,24.0726,,
903338,FUND018,2026-04-21,227.6205,227.3005,227.4645,,
903339,FUND019,2026-04-21,157.3595,157.0045,157.2636,,
903340,FUND020,2026-04-21,134.297,133.6527,135.7204,2026-04-21,2026-04-23
903341,FUND001,2026-04-22,32.4217,32.5155,32.4223,,
903342,FUND002,2026-04-22,150.1226,150.1869,150.2473,,
903343,FUND003,2026-04-22,216.6464,217.4211,216.6626,,
903344,FUND004,2026-04-22,78.3585,78.268,78.4703,,
903345,FUND005,2026-04-22,208.9366,208.1949,208.8093,,
903346,FUND006,2026-04-22,228.3985,228.0732,228.4745,,
903347,FUND007,2026-04-22,177.128,178.8132,177.3337,,
903348,FUND008,2026-04-22,55.5495,55.3548,55.544,,
903349,FUND009,2026-04-22,204.4909,204.2335,204.2626,,
903350,FUND010,2026-04-22,116.5613,116.7127,116.7215,,
903351,FUND011,2026-04-22,155.768,155.8227,155.6815,,
903352,FUND012,2026-04-22,152.9909,152.8691,152.8111,,
903353,FUND013,2026-04-22,171.14,171.6813,171.0292,,
903354,FUND014,2026-04-22,126.5563,127.001,126.5253,,
903355,FUND015,2026-04-22,147.6126,147.779,147.5255,,
903356,FUND016,2026-04-22,25.1406,25.1959,25.1383,,
903357,FUND017,2026-04-22,24.15,24.0613,24.1481,,
903358,FUND018,2026-04-22,228.1433,227.6205,228.0035,,
903359,FUND019,2026-04-22,158.107,157.3595,158.1112,,
903360,FUND020,2026-04-22,134.7823,134.297,134.8766,,
903361,FUND001,2026-04-23,32.5674,32.4217,32.5381,,
903362,FUND002,2026-04-23,150.0548,150.1226,150.0859,,
903363,FUND003,2026-04-23,217.4514,216.6464,217.4828,,
903364,FUND004,2026-04-23,78.2481,78.3585,78.2571,,
903365,FUND005,2026-04-23,209.0925,208.9366,208.9823,,
903366,FUND006,2026-04-23,226.8506,228.3985,226.9003,,
903367,FUND007,2026-04-23,177.124,177.128,177.0723,,
903368,FUND008,2026-04-23,55.6832,55.5495,55.6404,,
903369,FUND009,2026-04-23,203.9476,204.4909,203.905,,
903370,FUND010,2026-04-23,117.5337,116.5613,117.6455,,
903371,FUND011,2026-04-23,155.5573,155.768,155.4611,,
903372,FUND012,2026-04-23,152.5331,152.9909,152.5496,,
903373,FUND013,2026-04-23,171.5801,171.14,171.4783,,
903374,FUND014,2026-04-23,126.2114,126.5563,126.2526,,
903375,FUND015,2026-04-23,147.6987,147.6126,147.7443,,
903376,FUND016,2026-04-23,25.161,25.1406,25.1803,,
903377,FUND017,2026-04-23,23.9966,24.15,24.0176,,
903378,FUND018,2026-04-23,229.6175,228.1433,229.5501,,
903379,FUND019,2026-04-23,157.9183,158.107,157.9168,,
903380,FUND020,2026-04-23,133.9385,134.7823,133.9831,,
903381,FUND001,2026-04-24,32.5685,32.5674,32.5606,,
903382,FUND002,2026-04-24,149.4523,150.0548,149.415,,
903383,FUND003,2026-04-24,217.1126,217.4514,217.2165,,
903384,FUND004,2026-04-24,78.67,78.2481,78.8223,,
903385,FUND005,2026-04-24,210.0926,209.0925,210.1305,,
903386,FUND006,2026-04-24,224.8359,226.8506,224.5235,,
903387,FUND007,2026-04-24,178.1944,177.124,178.2642,,
903388,FUND008,2026-04-24,55.9248,55.6832,55.9515,,
903389,FUND009,2026-04-24,202.3746,203.9476,202.6376,,
903390,FUND010,2026-04-24,118.0462,117.5337,117.9093,,
903391,FUND011,2026-04-24,155.4025,155.5573,155.4475,,
903392,FUND012,2026-04-24,151.4947,152.5331,151.4814,,
903393,FUND013,2026-04-24,171.011,171.5801,170.7574,,
903394,FUND014,2026-04-24,126.5761,126.2114,126.6949,,
903395,FUND015,2026-04-24,148.3767,147.6987,148.3468,,
903396,FUND016,2026-04-24,25.0672,25.161,25.0749,,
903397,FUND017,2026-04-24,24.0337,23.9966,24.0344,,
903398,FUND018,2026-04-24,229.4555,229.6175,229.1786,,
903399,FUND019,2026-04-24,158.8996,157.9183,158.7663,,
903400,FUND020,2026-04-24,134.9771,133.9385,134.883,,
903401,FUND001,2026-04-27,32.3548,32.5685,32.3324,,
903402,FUND002,2026-04-27,150.1157,149.4523,149.9409,,
903403,FUND003,2026-04-27,217.9229,217.1126,217.8824,,
903404,FUND004,2026-04-27,78.562,78.67,78.5161,,
903405,FUND005,2026-04-27,209.8375,210.0926,209.8945,,
903406,FUND006,2026-04-27,225.4945,224.8359,225.4896,,
903407,FUND007,2026-04-27,178.8005,178.1944,178.8613,,
903408,FUND008,2026-04-27,56.0778,55.9248,56.0802,,
903409,FUND009,2026-04-27,201.7836,202.3746,201.7683,,
903410,FUND010,2026-04-27,117.5607,118.0462,117.5404,,
903411,FUND011,2026-04-27,155.4654,155.4025,155.4273,,
903412,FUND012,2026-04-27,152.1346,151.4947,152.1133,,
903413,FUND013,2026-04-27,171.3977,171.011,171.4439,,
903414,FUND014,2026-04-27,126.6976,126.5761,126.5694,,
903415,FUND015,2026-04-27,149.5107,148.3767,149.4472,,
903416,FUND016,2026-04-27,25.1262,25.0672,25.1149,,
903417,FUND017,2026-04-27,24.0321,24.0337,24.0366,,
903418,FUND018,2026-04-27,227.8381,229.4555,227.5546,,
903419,FUND019,2026-04-27,158.3973,158.8996,158.3812,,
903420,FUND020,2026-04-27,134.9928,134.9771,135.0242,,
903421,FUND001,2026-04-28,32.3095,32.3548,32.2788,,
903422,FUND002,2026-04-28,150.6107,150.1157,150.6591,,
903423,FUND003,2026-04-28,218.8393,217.9229,218.6526,,
903424,FUND004,2026-04-28,78.4033,78.562,78.4174,,
903425,FUND005,2026-04-28,210.4975,209.8375,210.4658,,
903426,FUND006,2026-04-28,224.366,225.4945,224.2981,,
903427,FUND007,2026-04-28,178.1945,178.8005,178.3255,,
903428,FUND008,2026-04-28,56.06,56.0778,55.544,2026-04-28,2026-04-30
903429,FUND009,2026-04-28,202.4211,201.7836,202.385,,
903430,FUND010,2026-04-28,118.945,117.5607,119.0129,,
903431,FUND011,2026-04-28,155.4051,155.4654,155.5122,,
903432,FUND012,2026-04-28,152.6655,152.1346,152.7485,,
903433,FUND013,2026-04-28,171.2814,171.3977,171.2436,,
903434,FUND014,2026-04-28,126.3994,126.6976,126.3851,,
903435,FUND015,2026-04-28,150.1068,149.5107,150.1287,,
903436,FUND016,2026-04-28,25.0144,25.1262,25.0093,,
903437,FUND017,2026-04-28,23.9981,24.0321,23.9818,,
903438,FUND018,2026-04-28,228.486,227.8381,228.3728,,
903439,FUND019,2026-04-28,157.7543,158.3973,157.6612,,
903440,FUND020,2026-04-28,134.9471,134.9928,135.0599,,
903441,FUND001,2026-04-29,32.4018,32.3095,32.4092,,
903442,FUND002,2026-04-29,151.406,150.6107,151.2803,,
903443,FUND003,2026-04-29,218.3289,218.8393,218.0865,,
903444,FUND004,2026-04-29,78.0335,78.4033,78.0296,,
903445,FUND005,2026-04-29,211.0956,210.4975,210.9768,,
903446,FUND006,2026-04-29,224.6941,224.366,224.7824,,
903447,FUND007,2026-04-29,178.4746,178.1945,178.3702,,
903448,FUND008,2026-04-29,55.9747,56.06,55.8621,,
903449,FUND009,2026-04-29,202.1545,202.4211,202.1097,,
903450,FUND010,2026-04-29,119.0364,118.945,119.0781,,
903451,FUND011,2026-04-29,155.9546,155.4051,155.8807,,
903452,FUND012,2026-04-29,152.7113,152.6655,152.6174,,
903453,FUND013,2026-04-29,171.0996,171.2814,171.2091,,
903454,FUND014,2026-04-29,126.95,126.3994,126.9548,,
903455,FUND015,2026-04-29,149.9042,150.1068,150.0576,,
903456,FUND016,2026-04-29,24.9347,25.0144,24.9524,,
903457,FUND017,2026-04-29,24.0244,23.9981,24.0255,,
903458,FUND018,2026-04-29,228.3463,228.486,228.2304,,
903459,FUND019,2026-04-29,157.6288,157.7543,157.7092,,
903460,FUND020,2026-04-29,135.0739,134.9471,135.0571,,
903461,FUND001,2026-04-30,32.292,32.4018,32.298,,
903462,FUND002,2026-04-30,151.3852,151.406,151.2972,,
903463,FUND003,2026-04-30,217.0486,218.3289,217.1878,,
903464,FUND004,2026-04-30,77.7924,78.0335,77.7152,,
903465,FUND005,2026-04-30,211.266,211.0956,211.2068,,
903466,FUND006,2026-04-30,224.67,224.6941,224.6532,,
903467,FUND007,2026-04-30,178.5453,178.4746,178.4737,,
903468,FUND008,2026-04-30,55.7257,55.9747,55.6949,,
903469,FUND009,2026-04-30,200.2374,202.1545,200.1206,,
903470,FUND010,2026-04-30,119.8882,119.0364,119.9335,,
903471,FUND011,2026-04-30,156.4616,155.9546,156.3506,,
903472,FUND012,2026-04-30,152.036,152.7113,152.0968,,
903473,FUND013,2026-04-30,169.8398,171.0996,169.6821,,
903474,FUND014,2026-04-30,127.092,126.95,127.041,,
903475,FUND015,2026-04-30,149.2239,149.9042,149.2553,,
903476,FUND016,2026-04-30,24.7707,24.9347,25.0077,2026-04-30,2026-05-02
903477,FUND017,2026-04-30,24.0213,24.0244,24.0369,,
903478,FUND018,2026-04-30,227.9325,228.3463,228.0801,,
903479,FUND019,2026-04-30,157.9931,157.6288,158.1013,,
903480,FUND020,2026-04-30,135.4704,135.0739,135.5689,,
903481,FUND001,2026-05-01,32.1099,32.292,32.0937,,
903482,FUND002,2026-05-01,151.6115,151.3852,151.7096,,
903483,FUND003,2026-05-01,217.8818,217.0486,217.969,,
903484,FUND004,2026-05-01,77.7067,77.7924,77.7296,,
903485,FUND005,2026-05-01,211.5354,211.266,211.4639,,
903486,FUND006,2026-05-01,224.7113,224.67,224.6555,,
903487,FUND007,2026-05-01,178.6489,178.5453,178.6166,,
903488,FUND008,2026-05-01,55.8228,55.7257,55.8342,,
903489,FUND009,2026-05-01,200.8384,200.2374,200.8993,,
903490,FUND010,2026-05-01,119.6362,119.8882,119.6047,,
903491,FUND011,2026-05-01,156.0931,156.4616,156.0663,,
903492,FUND012,2026-05-01,151.7843,152.036,151.7253,,
903493,FUND013,2026-05-01,170.2817,169.8398,170.3989,,
903494,FUND014,2026-05-01,126.1966,127.092,126.0603,,
903495,FUND015,2026-05-01,148.9977,149.2239,149.175,,
903496,FUND016,2026-05-01,24.5811,24.7707,24.6044,,
903497,FUND017,2026-05-01,24.107,24.0213,24.1249,,
903498,FUND018,2026-05-01,228.4655,227.9325,228.6617,,
903499,FUND019,2026-05-01,157.5863,157.9931,157.5727,,
903500,FUND020,2026-05-01,136.0762,135.4704,136.1165,,
903501,FUND001,2026-05-04,32.1305,32.1099,32.1261,,
903502,FUND002,2026-05-04,151.8342,151.6115,151.9415,,
903503,FUND003,2026-05-04,218.435,217.8818,218.5981,,
903504,FUND004,2026-05-04,77.1966,77.7067,77.282,,
903505,FUND005,2026-05-04,211.2732,211.5354,211.3953,,
903506,FUND006,2026-05-04,223.4099,224.7113,223.3487,,
903507,FUND007,2026-05-04,178.1691,178.6489,178.2225,,
903508,FUND008,2026-05-04,55.4128,55.8228,55.4406,,
903509,FUND009,2026-05-04,202.3154,200.8384,202.2194,,
903510,FUND010,2026-05-04,119.8265,119.6362,119.7512,,
903511,FUND011,2026-05-04,156.3398,156.0931,156.3908,,
903512,FUND012,2026-05-04,150.8487,151.7843,150.9768,,
903513,FUND013,2026-05-04,170.3398,170.2817,170.2903,,
903514,FUND014,2026-05-04,125.7621,126.1966,125.6351,,
903515,FUND015,2026-05-04,148.4528,148.9977,148.5347,,
903516,FUND016,2026-05-04,24.3922,24.5811,24.4074,,
903517,FUND017,2026-05-04,23.9632,24.107,23.9549,,
903518,FUND018,2026-05-04,229.7809,228.4655,229.8642,,
903519,FUND019,2026-05-04,156.5435,157.5863,156.7527,,
903520,FUND020,2026-05-04,135.7019,136.0762,135.5712,,
903521,FUND001,2026-05-05,31.9933,32.1305,31.9771,,
903522,FUND002,2026-05-05,152.2687,151.8342,152.5295,,
903523,FUND003,2026-05-05,218.2933,218.435,218.3857,,
903524,FUND004,2026-05-05,77.2032,77.1966,77.1908,,
903525,FUND005,2026-05-05,210.8936,211.2732,210.6884,,
903526,FUND006,2026-05-05,223.6576,223.4099,223.5401,,
903527,FUND007,2026-05-05,178.3678,178.1691,178.4014,,
903528,FUND008,2026-05-05,55.8109,55.4128,55.8206,,
903529,FUND009,2026-05-05,202.5453,202.3154,202.5976,,
903530,FUND010,2026-05-05,118.7036,119.8265,118.8002,,
903531,FUND011,2026-05-05,156.7803,156.3398,156.6222,,
903532,FUND012,2026-05-05,151.0831,150.8487,151.0021,,
903533,FUND013,2026-05-05,169.5059,170.3398,169.5572,,
903534,FUND014,2026-05-05,125.486,125.7621,125.3344,,
903535,FUND015,2026-05-05,147.5236,148.4528,147.3326,,
903536,FUND016,2026-05-05,24.3248,24.3922,24.3269,,
903537,FUND017,2026-05-05,23.9873,23.9632,23.9846,,
903538,FUND018,2026-05-05,229.5852,229.7809,229.6402,,
903539,FUND019,2026-05-05,157.4757,156.5435,157.4325,,
903540,FUND020,2026-05-05,136.231,135.7019,136.1819,,
903541,FUND001,2026-05-06,31.9286,31.9933,31.9725,,
903542,FUND002,2026-05-06,151.7324,152.2687,151.7568,,
903543,FUND003,2026-05-06,217.602,218.2933,217.5506,,
903544,FUND004,2026-05-06,77.6598,77.2032,77.6781,,
903545,FUND005,2026-05-06,212.2247,210.8936,212.4448,,
903546,FUND006,2026-05-06,226.0127,223.6576,226.1385,,
903547,FUND007,2026-05-06,178.8593,178.3678,178.8689,,
903548,FUND008,2026-05-06,55.785,55.8109,55.8545,,
903549,FUND009,2026-05-06,202.7619,202.5453,202.8041,,
903550,FUND010,2026-05-06,119.146,118.7036,119.0344,,
903551,FUND011,2026-05-06,158.108,156.7803,158.221,,
903552,FUND012,2026-05-06,150.5285,151.0831,150.7281,,
903553,FUND013,2026-05-06,170.4021,169.5059,170.3013,,
903554,FUND014,2026-05-06,124.704,125.486,124.5621,,
903555,FUND015,2026-05-06,147.3234,147.5236,147.3802,,
903556,FUND016,2026-05-06,24.3144,24.3248,24.3439,,
903557,FUND017,2026-05-06,24.0856,23.9873,24.1249,,
903558,FUND018,2026-05-06,229.8391,229.5852,229.9123,,
903559,FUND019,2026-05-06,158.3539,157.4757,158.2462,,
903560,FUND020,2026-05-06,136.4157,136.231,136.4636,,
903561,FUND001,2026-05-07,31.9536,31.9286,31.9452,,
903562,FUND002,2026-05-07,151.9606,151.7324,152.0037,,
903563,FUND003,2026-05-07,217.7251,217.602,217.7759,,
903564,FUND004,2026-05-07,77.8923,77.6598,77.8867,,
903565,FUND005,2026-05-07,212.2267,212.2247,212.0087,,
903566,FUND006,2026-05-07,227.2628,226.0127,227.1893,,
903567,FUND007,2026-05-07,178.4529,178.8593,178.3928,,
903568,FUND008,2026-05-07,55.804,55.785,55.7355,,
903569,FUND009,2026-05-07,202.2593,202.7619,202.4241,,
903570,FUND010,2026-05-07,118.2791,119.146,118.3698,,
903571,FUND011,2026-05-07,158.4322,158.108,158.5085,,
903572,FUND012,2026-05-07,149.5089,150.5285,149.5729,,
903573,FUND013,2026-05-07,169.9589,170.4021,169.9978,,
903574,FUND014,2026-05-07,124.4666,124.704,124.5619,,
903575,FUND015,2026-05-07,147.038,147.3234,146.9902,,
903576,FUND016,2026-05-07,24.3588,24.3144,24.3406,,
903577,FUND017,2026-05-07,24.0238,24.0856,23.9869,,
903578,FUND018,2026-05-07,231.7915,229.8391,231.7883,,
903579,FUND019,2026-05-07,158.5676,158.3539,158.4673,,
903580,FUND020,2026-05-07,135.6811,136.4157,135.731,,
903581,FUND001,2026-05-08,31.8546,31.9536,31.8312,,
903582,FUND002,2026-05-08,152.5194,151.9606,152.5089,,
903583,FUND003,2026-05-08,218.4369,217.7251,218.3162,,
903584,FUND004,2026-05-08,77.1076,77.8923,77.0433,,
903585,FUND005,2026-05-08,212.7937,212.2267,212.88,,
903586,FUND006,2026-05-08,226.5382,227.2628,226.4857,,
903587,FUND007,2026-05-08,177.6605,178.4529,177.4965,,
903588,FUND008,2026-05-08,55.721,55.804,55.7047,,
903589,FUND009,2026-05-08,202.4484,202.2593,202.4394,,
903590,FUND010,2026-05-08,118.534,118.2791,118.4684,,
903591,FUND011,2026-05-08,158.8114,158.4322,158.9123,,
903592,FUND012,2026-05-08,148.7761,149.5089,148.8561,,
903593,FUND013,2026-05-08,169.9663,169.9589,169.8289,,
903594,FUND014,2026-05-08,124.3605,124.4666,124.4459,,
903595,FUND015,2026-05-08,147.1789,147.038,147.1922,,
903596,FUND016,2026-05-08,24.4866,24.3588,24.5031,,
903597,FUND017,2026-05-08,24.1432,24.0238,24.1443,,
903598,FUND018,2026-05-08,231.0851,231.7915,231.2484,,
903599,FUND019,2026-05-08,157.3801,158.5676,157.4547,,
903600,FUND020,2026-05-08,136.268,135.6811,136.2098,,
903601,FUND001,2026-05-11,31.9309,31.8546,31.8962,,
903602,FUND002,2026-05-11,152.9095,152.5194,152.9259,,
903603,FUND003,2026-05-11,218.4334,218.4369,218.6041,,
903604,FUND004,2026-05-11,77.3949,77.1076,77.382,,
903605,FUND005,2026-05-11,213.6699,212.7937,213.8134,,
903606,FUND006,2026-05-11,225.3427,226.5382,225.1866,,
903607,FUND007,2026-05-11,177.5839,177.6605,177.5636,,
903608,FUND008,2026-05-11,55.9054,55.721,55.92,,
903609,FUND009,2026-05-11,201.9413,202.4484,201.7186,,
903610,FUND010,2026-05-11,118.741,118.534,118.8476,,
903611,FUND011,2026-05-11,158.7802,158.8114,158.7482,,
903612,FUND012,2026-05-11,148.041,148.7761,148.1472,,
903613,FUND013,2026-05-11,171.1725,169.9663,171.1429,,
903614,FUND014,2026-05-11,124.7828,124.3605,124.91,,
903615,FUND015,2026-05-11,148.2034,147.1789,148.2414,,
903616,FUND016,2026-05-11,24.4125,24.4866,24.3937,,
903617,FUND017,2026-05-11,24.2127,24.1432,24.1947,,
903618,FUND018,2026-05-11,233.1155,231.0851,233.1379,,
903619,FUND019,2026-05-11,157.6992,157.3801,157.6511,,
903620,FUND020,2026-05-11,135.501,136.268,135.4021,,
903621,FUND001,2026-05-12,31.8606,31.9309,31.8735,,
903622,FUND002,2026-05-12,153.7263,152.9095,153.5147,,
903623,FUND003,2026-05-12,219.4242,218.4334,219.5758,,
903624,FUND004,2026-05-12,77.0467,77.3949,77.0513,,
903625,FUND005,2026-05-12,212.8509,213.6699,212.7444,,
903626,FUND006,2026-05-12,223.5992,225.3427,223.4498,,
903627,FUND007,2026-05-12,177.5635,177.5839,177.4482,,
903628,FUND008,2026-05-12,55.5089,55.9054,55.4685,,
903629,FUND009,2026-05-12,201.9739,201.9413,202.1547,,
903630,FUND010,2026-05-12,118.6532,118.741,118.6042,,
903631,FUND011,2026-05-12,158.4961,158.7802,158.4884,,
903632,FUND012,2026-05-12,148.0172,148.041,148.068,,
903633,FUND013,2026-05-12,170.8072,171.1725,170.6919,,
903634,FUND014,2026-05-12,124.0387,124.7828,124.0637,,
903635,FUND015,2026-05-12,147.7671,148.2034,147.7146,,
903636,FUND016,2026-05-12,24.5016,24.4125,24.4996,,
903637,FUND017,2026-05-12,24.3306,24.2127,24.3255,,
903638,FUND018,2026-05-12,232.2929,233.1155,232.1433,,
903639,FUND019,2026-05-12,157.9791,157.6992,157.8868,,
903640,FUND020,2026-05-12,135.5859,135.501,135.5416,,
903641,FUND001,2026-05-13,31.9514,31.8606,31.941,,
903642,FUND002,2026-05-13,153.3385,153.7263,153.465,,
903643,FUND003,2026-05-13,219.8999,219.4242,219.8473,,
903644,FUND004,2026-05-13,77.4344,77.0467,77.4592,,
903645,FUND005,2026-05-13,213.3492,212.8509,213.4021,,
903646,FUND006,2026-05-13,223.4979,223.5992,223.4187,,
903647,FUND007,2026-05-13,176.2409,177.5635,176.0622,,
903648,FUND008,2026-05-13,55.3523,55.5089,55.3843,,
903649,FUND009,2026-05-13,201.2573,201.9739,201.1193,,
903650,FUND010,2026-05-13,119.3457,118.6532,119.2721,,
903651,FUND011,2026-05-13,158.2137,158.4961,158.1622,,
903652,FUND012,2026-05-13,147.598,148.0172,147.5586,,
903653,FUND013,2026-05-13,169.8141,170.8072,169.8576,,
903654,FUND014,2026-05-13,124.7285,124.0387,124.8439,,
903655,FUND015,2026-05-13,146.8731,147.7671,146.9222,,
903656,FUND016,2026-05-13,24.4312,24.5016,24.4055,,
903657,FUND017,2026-05-13,24.2123,24.3306,24.2194,,
903658,FUND018,2026-05-13,233.8774,232.2929,233.7534,,
903659,FUND019,2026-05-13,157.5166,157.9791,157.4666,,
903660,FUND020,2026-05-13,135.7838,135.5859,135.8317,,
903661,FUND001,2026-05-14,32.0535,31.9514,32.0588,,
903662,FUND002,2026-05-14,153.3192,153.3385,153.3701,,
903663,FUND003,2026-05-14,219.5894,219.8999,219.5418,,
903664,FUND004,2026-05-14,77.3332,77.4344,77.3107,,
903665,FUND005,2026-05-14,212.9924,213.3492,212.9112,,
903666,FUND006,2026-05-14,223.2992,223.4979,223.349,,
903667,FUND007,2026-05-14,175.0608,176.2409,175.0475,,
903668,FUND008,2026-05-14,54.9887,55.3523,54.9403,,
903669,FUND009,2026-05-14,201.5861,201.2573,201.4962,,
903670,FUND010,2026-05-14,119.2172,119.3457,119.1688,,
903671,FUND011,2026-05-14,157.6185,158.2137,157.5904,,
903672,FUND012,2026-05-14,147.159,147.598,147.1785,,
903673,FUND013,2026-05-14,169.6221,169.8141,169.6893,,
903674,FUND014,2026-05-14,124.7976,124.7285,124.8123,,
903675,FUND015,2026-05-14,146.5371,146.8731,146.5164,,
903676,FUND016,2026-05-14,24.3749,24.4312,24.3667,,
903677,FUND017,2026-05-14,24.1558,24.2123,24.1411,,
903678,FUND018,2026-05-14,233.8984,233.8774,234.2866,,
903679,FUND019,2026-05-14,157.8707,157.5166,157.8282,,
903680,FUND020,2026-05-14,135.1244,135.7838,135.0673,,
903681,FUND001,2026-05-15,31.8069,32.0535,31.7952,,
903682,FUND002,2026-05-15,154.115,153.3192,154.2728,,
903683,FUND003,2026-05-15,219.2718,219.5894,219.1405,,
903684,FUND004,2026-05-15,77.5956,77.3332,77.6875,,
903685,FUND005,2026-05-15,212.233,212.9924,212.3106,,
903686,FUND006,2026-05-15,223.6742,223.2992,223.7115,,
903687,FUND007,2026-05-15,174.978,175.0608,174.8836,,
903688,FUND008,2026-05-15,55.0158,54.9887,55.0354,,
903689,FUND009,2026-05-15,202.0081,201.5861,201.9146,,
903690,FUND010,2026-05-15,118.9818,119.2172,119.0883,,
903691,FUND011,2026-05-15,156.1749,157.6185,156.3747,,
903692,FUND012,2026-05-15,146.534,147.159,146.5117,,
903693,FUND013,2026-05-15,169.8149,169.6221,169.6175,,
903694,FUND014,2026-05-15,124.8708,124.7976,124.8534,,
903695,FUND015,2026-05-15,147.4687,146.5371,147.5565,,
903696,FUND016,2026-05-15,24.3712,24.3749,24.3615,,
903697,FUND017,2026-05-15,24.2293,24.1558,24.2045,,
903698,FUND018,2026-05-15,233.7853,233.8984,233.7012,,
903699,FUND019,2026-05-15,156.5098,157.8707,156.416,,
903700,FUND020,2026-05-15,134.923,135.1244,134.9124,,
903701,FUND001,2026-05-18,31.9125,31.8069,31.9446,,
903702,FUND002,2026-05-18,152.6786,154.115,151.9505,2026-05-18,2026-05-20
903703,FUND003,2026-05-18,219.2133,219.2718,219.1848,,
903704,FUND004,2026-05-18,77.6965,77.5956,77.6781,,
903705,FUND005,2026-05-18,212.1037,212.233,212.2797,,
903706,FUND006,2026-05-18,225.6806,223.6742,225.8616,,
903707,FUND007,2026-05-18,174.6619,174.978,174.6997,,
903708,FUND008,2026-05-18,55.3686,55.0158,55.3846,,
903709,FUND009,2026-05-18,201.1615,202.0081,201.2322,,
903710,FUND010,2026-05-18,118.7292,118.9818,118.8704,,
903711,FUND011,2026-05-18,156.8197,156.1749,156.8487,,
903712,FUND012,2026-05-18,147.6077,146.534,147.6512,,
903713,FUND013,2026-05-18,169.79,169.8149,169.6401,,
903714,FUND014,2026-05-18,125.8857,124.8708,125.9094,,
903715,FUND015,2026-05-18,147.191,147.4687,147.319,,
903716,FUND016,2026-05-18,24.268,24.3712,24.2517,,
903717,FUND017,2026-05-18,24.1259,24.2293,24.0988,,
903718,FUND018,2026-05-18,233.671,233.7853,233.5929,,
903719,FUND019,2026-05-18,156.5464,156.5098,156.5495,,
903720,FUND020,2026-05-18,135.1143,134.923,135.0476,,
903721,FUND001,2026-05-19,31.9274,31.9125,31.9216,,
903722,FUND002,2026-05-19,153.1438,152.6786,153.0839,,
903723,FUND003,2026-05-19,218.6981,219.2133,218.7137,,
903724,FUND004,2026-05-19,77.5625,77.6965,77.5787,,
903725,FUND005,2026-05-19,211.3362,212.1037,211.3856,,
903726,FUND006,2026-05-19,224.7495,225.6806,224.6045,,
903727,FUND007,2026-05-19,174.3703,174.6619,174.5208,,
903728,FUND008,2026-05-19,55.2497,55.3686,55.2772,,
903729,FUND009,2026-05-19,202.9775,201.1615,202.9948,,
903730,FUND010,2026-05-19,118.517,118.7292,118.4815,,
903731,FUND011,2026-05-19,157.1742,156.8197,157.1341,,
903732,FUND012,2026-05-19,146.8148,147.6077,146.8522,,
903733,FUND013,2026-05-19,168.2875,169.79,168.2948,,
903734,FUND014,2026-05-19,126.6115,125.8857,126.6677,,
903735,FUND015,2026-05-19,148.1263,147.191,148.1976,,
903736,FUND016,2026-05-19,24.4424,24.268,24.4308,,
903737,FUND017,2026-05-19,24.1215,24.1259,24.0994,,
903738,FUND018,2026-05-19,235.2822,233.671,235.4542,,
903739,FUND019,2026-05-19,157.5663,156.5464,157.5407,,
903740,FUND020,2026-05-19,134.8261,135.1143,134.856,,
903741,FUND001,2026-05-20,31.7967,31.9274,31.8202,,
903742,FUND002,2026-05-20,153.2478,153.1438,153.2362,,
903743,FUND003,2026-05-20,219.0962,218.6981,219.0036,,
903744,FUND004,2026-05-20,77.1561,77.5625,77.0938,,
903745,FUND005,2026-05-20,211.3263,211.3362,211.3194,,
903746,FUND006,2026-05-20,225.1764,224.7495,222.7218,2026-05-20,2026-05-22
903747,FUND007,2026-05-20,173.2716,174.3703,173.2864,,
903748,FUND008,2026-05-20,55.006,55.2497,55.0418,,
903749,FUND009,2026-05-20,204.111,202.9775,204.1966,,
903750,FUND010,2026-05-20,119.2371,118.517,119.6423,2026-05-20,2026-05-22
903751,FUND011,2026-05-20,158.0877,157.1742,158.2326,,
903752,FUND012,2026-05-20,146.9346,146.8148,147.0703,,
903753,FUND013,2026-05-20,167.7121,168.2875,167.6062,,
903754,FUND014,2026-05-20,126.5755,126.6115,126.4535,,
903755,FUND015,2026-05-20,148.5585,148.1263,148.5813,,
903756,FUND016,2026-05-20,24.5087,24.4424,24.5181,,
903757,FUND017,2026-05-20,24.1067,24.1215,24.1254,,
903758,FUND018,2026-05-20,235.0519,235.2822,235.0191,,
903759,FUND019,2026-05-20,157.2939,157.5663,157.2333,,
903760,FUND020,2026-05-20,136.1187,134.8261,136.1204,,
903761,FUND001,2026-05-21,31.7335,31.7967,31.7443,,
903762,FUND002,2026-05-21,153.8033,153.2478,153.7203,,
903763,FUND003,2026-05-21,217.8311,219.0962,218.0356,,
903764,FUND004,2026-05-21,76.9497,77.1561,76.9367,,
903765,FUND005,2026-05-21,211.7973,211.3263,211.7623,,
903766,FUND006,2026-05-21,223.4791,225.1764,223.4857,,
903767,FUND007,2026-05-21,173.3073,173.2716,173.3652,,
903768,FUND008,2026-05-21,55.1382,55.006,55.1585,,
903769,FUND009,2026-05-21,204.6765,204.111,204.7865,,
903770,FUND010,2026-05-21,118.6187,119.2371,118.6676,,
903771,FUND011,2026-05-21,157.569,158.0877,157.5548,,
903772,FUND012,2026-05-21,146.858,146.9346,146.8707,,
903773,FUND013,2026-05-21,167.2232,167.7121,167.1981,,
903774,FUND014,2026-05-21,126.6528,126.5755,126.7713,,
903775,FUND015,2026-05-21,148.5142,148.5585,148.5583,,
903776,FUND016,2026-05-21,24.6689,24.5087,24.6644,,
903777,FUND017,2026-05-21,24.0955,24.1067,24.0992,,
903778,FUND018,2026-05-21,236.4115,235.0519,236.3024,,
903779,FUND019,2026-05-21,157.2668,157.2939,157.408,,
903780,FUND020,2026-05-21,135.473,136.1187,135.3652,,
903781,FUND001,2026-05-22,31.7849,31.7335,31.4946,2026-05-22,2026-05-23
903782,FUND002,2026-05-22,152.6133,153.8033,152.4824,,
903783,FUND003,2026-05-22,218.0996,217.8311,217.8886,,
903784,FUND004,2026-05-22,76.7074,76.9497,76.6168,,
903785,FUND005,2026-05-22,212.4009,211.7973,212.3404,,
903786,FUND006,2026-05-22,222.4532,223.4791,222.5788,,
903787,FUND007,2026-05-22,172.6994,173.3073,172.6964,,
903788,FUND008,2026-05-22,55.1313,55.1382,55.1278,,
903789,FUND009,2026-05-22,204.4871,204.6765,204.541,,
903790,FUND010,2026-05-22,117.8153,118.6187,117.792,,
903791,FUND011,2026-05-22,157.4162,157.569,157.4183,,
903792,FUND012,2026-05-22,147.8482,146.858,147.7605,,
903793,FUND013,2026-05-22,167.3311,167.2232,168.3158,2026-05-22,2026-05-23
903794,FUND014,2026-05-22,126.8143,126.6528,126.7978,,
903795,FUND015,2026-05-22,148.5794,148.5142,148.6432,,
903796,FUND016,2026-05-22,24.6697,24.6689,24.6567,,
903797,FUND017,2026-05-22,24.0222,24.0955,24.0315,,
903798,FUND018,2026-05-22,236.6405,236.4115,236.4032,,
903799,FUND019,2026-05-22,157.2092,157.2668,157.2518,,
903800,FUND020,2026-05-22,134.9579,135.473,135.6589,2026-05-22,2026-05-31
903801,FUND001,2026-05-25,31.8833,31.7849,31.8766,,
903802,FUND002,2026-05-25,152.0228,152.6133,152.109,,
903803,FUND003,2026-05-25,218.1849,218.0996,218.032,,
903804,FUND004,2026-05-25,76.2611,76.7074,76.2817,,
903805,FUND005,2026-05-25,213.4432,212.4009,213.3304,,
903806,FUND006,2026-05-25,221.6834,222.4532,221.4395,,
903807,FUND007,2026-05-25,172.2766,172.6994,172.3388,,
903808,FUND008,2026-05-25,55.5388,55.1313,55.4817,,
903809,FUND009,2026-05-25,203.9199,204.4871,203.8079,,
903810,FUND010,2026-05-25,116.9577,117.8153,117.0888,,
903811,FUND011,2026-05-25,158.0731,157.4162,158.02,,
903812,FUND012,2026-05-25,147.9803,147.8482,148.0643,,
903813,FUND013,2026-05-25,167.5225,167.3311,167.6386,,
903814,FUND014,2026-05-25,126.8745,126.8143,126.8577,,
903815,FUND015,2026-05-25,148.5546,148.5794,148.5477,,
903816,FUND016,2026-05-25,24.636,24.6697,24.6205,,
903817,FUND017,2026-05-25,24.0324,24.0222,24.0408,,
903818,FUND018,2026-05-25,236.3611,236.6405,236.3085,,
903819,FUND019,2026-05-25,156.3076,157.2092,156.2817,,
903820,FUND020,2026-05-25,134.5678,134.9579,134.6584,,
903821,FUND001,2026-05-26,32.0952,31.8833,32.1199,,
903822,FUND002,2026-05-26,151.9337,152.0228,152.1019,,
903823,FUND003,2026-05-26,218.4407,218.1849,218.2968,,
903824,FUND004,2026-05-26,75.6815,76.2611,75.7112,,
903825,FUND005,2026-05-26,213.7892,213.4432,213.9621,,
903826,FUND006,2026-05-26,223.2297,221.6834,223.1356,,
903827,FUND007,2026-05-26,171.9767,172.2766,172.0767,,
903828,FUND008,2026-05-26,55.9413,55.5388,55.9582,,
903829,FUND009,2026-05-26,204.7094,203.9199,204.6915,,
903830,FUND010,2026-05-26,116.2919,116.9577,116.2626,,
903831,FUND011,2026-05-26,157.2428,158.0731,157.4286,,
903832,FUND012,2026-05-26,147.1089,147.9803,147.0687,,
903833,FUND013,2026-05-26,167.8152,167.5225,167.7388,,
903834,FUND014,2026-05-26,127.5565,126.8745,127.5922,,
903835,FUND015,2026-05-26,148.2362,148.5546,148.2389,,
903836,FUND016,2026-05-26,24.5506,24.636,24.5237,,
903837,FUND017,2026-05-26,24.2253,24.0324,24.2312,,
903838,FUND018,2026-05-26,236.5282,236.3611,236.6369,,
903839,FUND019,2026-05-26,156.2294,156.3076,156.1739,,
903840,FUND020,2026-05-26,134.0322,134.5678,134.006,,
903841,FUND001,2026-05-27,31.9889,32.0952,32.0094,,
903842,FUND002,2026-05-27,152.6719,151.9337,151.0602,2026-05-27,2026-05-29
903843,FUND003,2026-05-27,218.4123,218.4407,218.3397,,
903844,FUND004,2026-05-27,76.0239,75.6815,76.0222,,
903845,FUND005,2026-05-27,213.4307,213.7892,213.3201,,
903846,FUND006,2026-05-27,222.4594,223.2297,222.4778,,
903847,FUND007,2026-05-27,171.5748,171.9767,171.5434,,
903848,FUND008,2026-05-27,55.6737,55.9413,55.7037,,
903849,FUND009,2026-05-27,204.2296,204.7094,204.2539,,
903850,FUND010,2026-05-27,116.4772,116.2919,116.4871,,
903851,FUND011,2026-05-27,156.9243,157.2428,156.92,,
903852,FUND012,2026-05-27,147.2743,147.1089,147.3611,,
903853,FUND013,2026-05-27,167.7597,167.8152,167.8245,,
903854,FUND014,2026-05-27,127.5697,127.5565,127.5976,,
903855,FUND015,2026-05-27,148.347,148.2362,148.3772,,
903856,FUND016,2026-05-27,24.6026,24.5506,24.6074,,
903857,FUND017,2026-05-27,24.1289,24.2253,24.1357,,
903858,FUND018,2026-05-27,235.4471,236.5282,235.4863,,
903859,FUND019,2026-05-27,156.5983,156.2294,156.6183,,
903860,FUND020,2026-05-27,133.8855,134.0322,133.8197,,
903861,FUND001,2026-05-28,32.0655,31.9889,32.0162,,
903862,FUND002,2026-05-28,152.307,152.6719,152.245,,
903863,FUND003,2026-05-28,217.3252,218.4123,217.2525,,
903864,FUND004,2026-05-28,76.162,76.0239,76.1663,,
903865,FUND005,2026-05-28,214.7085,213.4307,214.5704,,
903866,FUND006,2026-05-28,221.7419,222.4594,221.8811,,
903867,FUND007,2026-05-28,171.3603,171.5748,171.4555,,
903868,FUND008,2026-05-28,55.5535,55.6737,55.527,,
903869,FUND009,2026-05-28,205.9428,204.2296,206.0582,,
903870,FUND010,2026-05-28,116.9356,116.4772,116.9945,,
903871,FUND011,2026-05-28,156.6166,156.9243,156.5449,,
903872,FUND012,2026-05-28,147.5373,147.2743,147.5561,,
903873,FUND013,2026-05-28,166.9026,167.7597,166.8161,,
903874,FUND014,2026-05-28,127.3727,127.5697,127.3118,,
903875,FUND015,2026-05-28,147.9408,148.347,148.0122,,
903876,FUND016,2026-05-28,24.4732,24.6026,24.4635,,
903877,FUND017,2026-05-28,24.0739,24.1289,24.0733,,
903878,FUND018,2026-05-28,236.8127,235.4471,236.9221,,
903879,FUND019,2026-05-28,156.3054,156.5983,156.275,,
903880,FUND020,2026-05-28,134.0075,133.8855,133.8922,,
903881,FUND001,2026-05-29,32.2867,32.0655,32.3051,,
903882,FUND002,2026-05-29,151.9414,152.307,151.9149,,
903883,FUND003,2026-05-29,216.9407,217.3252,216.9334,,
903884,FUND004,2026-05-29,75.7681,76.162,75.7825,,
903885,FUND005,2026-05-29,214.3512,214.7085,214.382,,
903886,FUND006,2026-05-29,220.9162,221.7419,220.9394,,
903887,FUND007,2026-05-29,170.8335,171.3603,170.8178,,
903888,FUND008,2026-05-29,55.5413,55.5535,54.8868,2026-05-29,2026-06-04
903889,FUND009,2026-05-29,205.6122,205.9428,205.5783,,
903890,FUND010,2026-05-29,116.6571,116.9356,116.708,,
903891,FUND011,2026-05-29,157.0892,156.6166,158.6604,2026-05-29,2026-05-30
903892,FUND012,2026-05-29,148.5487,147.5373,148.5602,,
903893,FUND013,2026-05-29,167.1042,166.9026,167.0431,,
903894,FUND014,2026-05-29,126.8539,127.3727,126.8413,,
903895,FUND015,2026-05-29,147.2385,147.9408,147.309,,
903896,FUND016,2026-05-29,24.5623,24.4732,24.7673,2026-05-29,2026-05-31
903897,FUND017,2026-05-29,24.0884,24.0739,24.0814,,
903898,FUND018,2026-05-29,236.3119,236.8127,236.3904,,
903899,FUND019,2026-05-29,156.0675,156.3054,156.1441,,
903900,FUND020,2026-05-29,133.584,134.0075,133.6622,,
903901,FUND001,2026-06-01,32.4953,32.2867,32.5103,,
903902,FUND002,2026-06-01,151.8593,151.9414,151.982,,
903903,FUND003,2026-06-01,218.2513,216.9407,218.14,,
903904,FUND004,2026-06-01,75.8508,75.7681,75.8131,,
903905,FUND005,2026-06-01,214.5332,214.3512,214.5939,,
903906,FUND006,2026-06-01,220.24,220.9162,220.2273,,
903907,FUND007,2026-06-01,170.7647,170.8335,170.8624,,
903908,FUND008,2026-06-01,55.5839,55.5413,55.5898,,
903909,FUND009,2026-06-01,206.268,205.6122,206.3024,,
903910,FUND010,2026-06-01,117.2908,116.6571,117.3889,,
903911,FUND011,2026-06-01,157.1026,157.0892,157.1536,,
903912,FUND012,2026-06-01,147.6684,148.5487,147.7135,,
903913,FUND013,2026-06-01,166.2457,167.1042,166.1356,,
903914,FUND014,2026-06-01,127.3861,126.8539,127.3329,,
903915,FUND015,2026-06-01,147.708,147.2385,147.7815,,
903916,FUND016,2026-06-01,24.5207,24.5623,24.5267,,
903917,FUND017,2026-06-01,24.1091,24.0884,24.096,,
903918,FUND018,2026-06-01,235.8376,236.3119,236.1265,,
903919,FUND019,2026-06-01,156.5122,156.0675,156.6332,,
903920,FUND020,2026-06-01,133.8167,133.584,133.8636,,
903921,FUND001,2026-06-02,32.2599,32.4953,32.242,,
903922,FUND002,2026-06-02,152.1786,151.8593,152.3318,,
903923,FUND003,2026-06-02,217.6166,218.2513,217.7419,,
903924,FUND004,2026-06-02,75.2219,75.8508,75.2181,,
903925,FUND005,2026-06-02,215.7863,214.5332,215.7836,,
903926,FUND006,2026-06-02,219.1465,220.24,219.4927,,
903927,FUND007,2026-06-02,171.2031,170.7647,171.305,,
903928,FUND008,2026-06-02,55.6364,55.5839,55.6172,,
903929,FUND009,2026-06-02,206.0503,206.268,205.9726,,
903930,FUND010,2026-06-02,117.3059,117.2908,117.3709,,
903931,FUND011,2026-06-02,156.628,157.1026,156.6372,,
903932,FUND012,2026-06-02,146.6621,147.6684,146.6523,,
903933,FUND013,2026-06-02,166.7382,166.2457,166.7227,,
903934,FUND014,2026-06-02,127.5645,127.3861,127.5719,,
903935,FUND015,2026-06-02,148.5098,147.708,148.5564,,
903936,FUND016,2026-06-02,24.5038,24.5207,24.5172,,
903937,FUND017,2026-06-02,24.2065,24.1091,24.2085,,
903938,FUND018,2026-06-02,235.6372,235.8376,235.5456,,
903939,FUND019,2026-06-02,155.8826,156.5122,155.8489,,
903940,FUND020,2026-06-02,133.9043,133.8167,133.8739,,
903941,FUND001,2026-06-03,32.2287,32.2599,32.2444,,
903942,FUND002,2026-06-03,152.8975,152.1786,153.0887,,
903943,FUND003,2026-06-03,217.7682,217.6166,217.7853,,
903944,FUND004,2026-06-03,74.9191,75.2219,74.9331,,
903945,FUND005,2026-06-03,215.1409,215.7863,215.1901,,
903946,FUND006,2026-06-03,218.8093,219.1465,218.7392,,
903947,FUND007,2026-06-03,170.9427,171.2031,170.8671,,
903948,FUND008,2026-06-03,55.5421,55.6364,55.5665,,
903949,FUND009,2026-06-03,206.5936,206.0503,206.7132,,
903950,FUND010,2026-06-03,117.1247,117.3059,117.1154,,
903951,FUND011,2026-06-03,157.9091,156.628,157.859,,
903952,FUND012,2026-06-03,146.4065,146.6621,146.4167,,
903953,FUND013,2026-06-03,167.0839,166.7382,167.1643,,
903954,FUND014,2026-06-03,128.4939,127.5645,128.3731,,
903955,FUND015,2026-06-03,148.6158,148.5098,148.7403,,
903956,FUND016,2026-06-03,24.6131,24.5038,24.6098,,
903957,FUND017,2026-06-03,24.2888,24.2065,24.2759,,
903958,FUND018,2026-06-03,236.8578,235.6372,237.0916,,
903959,FUND019,2026-06-03,155.2605,155.8826,155.1288,,
903960,FUND020,2026-06-03,134.6406,133.9043,134.6,,
903961,FUND001,2026-06-04,32.1393,32.2287,32.1505,,
903962,FUND002,2026-06-04,153.5388,152.8975,153.605,,
903963,FUND003,2026-06-04,218.0648,217.7682,218.1847,,
903964,FUND004,2026-06-04,74.8785,74.9191,74.8829,,
903965,FUND005,2026-06-04,214.6978,215.1409,214.7166,,
903966,FUND006,2026-06-04,219.8872,218.8093,219.7073,,
903967,FUND007,2026-06-04,171.6197,170.9427,171.7552,,
903968,FUND008,2026-06-04,55.5962,55.5421,55.582,,
903969,FUND009,2026-06-04,206.6032,206.5936,206.7078,,
903970,FUND010,2026-06-04,116.9473,117.1247,116.9366,,
903971,FUND011,2026-06-04,157.1026,157.9091,157.1611,,
903972,FUND012,2026-06-04,146.9978,146.4065,146.9867,,
903973,FUND013,2026-06-04,168.4473,167.0839,168.362,,
903974,FUND014,2026-06-04,129.5059,128.4939,129.4706,,
903975,FUND015,2026-06-04,148.6013,148.6158,148.4794,,
903976,FUND016,2026-06-04,24.631,24.6131,24.5258,2026-06-04,2026-06-05
903977,FUND017,2026-06-04,24.41,24.2888,24.3889,,
903978,FUND018,2026-06-04,235.6423,236.8578,235.6094,,
903979,FUND019,2026-06-04,155.6822,155.2605,155.6218,,
903980,FUND020,2026-06-04,134.1069,134.6406,134.0016,,
903981,FUND001,2026-06-05,31.8268,32.1393,31.8307,,
903982,FUND002,2026-06-05,154.0607,153.5388,154.0908,,
903983,FUND003,2026-06-05,218.7552,218.0648,218.944,,
903984,FUND004,2026-06-05,74.7454,74.8785,74.7797,,
903985,FUND005,2026-06-05,214.3917,214.6978,214.3317,,
903986,FUND006,2026-06-05,219.4176,219.8872,219.4265,,
903987,FUND007,2026-06-05,171.7445,171.6197,171.9019,,
903988,FUND008,2026-06-05,55.3701,55.5962,55.3283,,
903989,FUND009,2026-06-05,207.1581,206.6032,206.9193,,
903990,FUND010,2026-06-05,117.5216,116.9473,117.6058,,
903991,FUND011,2026-06-05,157.9546,157.1026,157.9236,,
903992,FUND012,2026-06-05,146.8529,146.9978,146.6403,,
903993,FUND013,2026-06-05,169.3913,168.4473,169.4235,,
903994,FUND014,2026-06-05,128.7974,129.5059,128.6232,,
903995,FUND015,2026-06-05,149.1929,148.6013,149.0233,,
903996,FUND016,2026-06-05,24.6217,24.631,24.6446,,
903997,FUND017,2026-06-05,24.3635,24.41,24.3733,,
903998,FUND018,2026-06-05,236.1085,235.6423,236.2508,,
903999,FUND019,2026-06-05,155.5569,155.6822,155.5899,,
904000,FUND020,2026-06-05,134.7801,134.1069,134.8939,,
904001,FUND001,2026-06-08,31.6252,31.8268,31.6209,,
904002,FUND002,2026-06-08,154.4332,154.0607,154.465,,
904003,FUND003,2026-06-08,218.5511,218.7552,218.5362,,
904004,FUND004,2026-06-08,74.8034,74.7454,74.8506,,
904005,FUND005,2026-06-08,213.7024,214.3917,213.754,,
904006,FUND006,2026-06-08,217.9038,219.4176,217.9357,,
904007,FUND007,2026-06-08,172.5814,171.7445,172.5459,,
904008,FUND008,2026-06-08,55.4236,55.3701,55.4688,,
904009,FUND009,2026-06-08,207.0513,207.1581,207.2285,,
904010,FUND010,2026-06-08,117.5457,117.5216,117.5506,,
904011,FUND011,2026-06-08,156.8072,157.9546,156.6963,,
904012,FUND012,2026-06-08,146.697,146.8529,146.7236,,
904013,FUND013,2026-06-08,168.4856,169.3913,168.6345,,
904014,FUND014,2026-06-08,128.258,128.7974,128.1098,,
904015,FUND015,2026-06-08,149.2551,149.1929,149.2418,,
904016,FUND016,2026-06-08,24.7228,24.6217,24.7208,,
904017,FUND017,2026-06-08,24.4098,24.3635,24.3923,,
904018,FUND018,2026-06-08,236.0004,236.1085,235.7615,,
904019,FUND019,2026-06-08,155.8091,155.5569,155.7774,,
904020,FUND020,2026-06-08,135.7281,134.7801,135.6142,,
904021,FUND001,2026-06-09,31.5021,31.6252,31.4993,,
904022,FUND002,2026-06-09,153.4375,154.4332,153.3746,,
904023,FUND003,2026-06-09,219.3838,218.5511,219.4943,,
904024,FUND004,2026-06-09,75.0257,74.8034,75.0029,,
904025,FUND005,2026-06-09,214.7828,213.7024,215.0853,,
904026,FUND006,2026-06-09,218.3288,217.9038,218.2034,,
904027,FUND007,2026-06-09,173.4149,172.5814,173.2326,,
904028,FUND008,2026-06-09,55.0858,55.4236,55.1007,,
904029,FUND009,2026-06-09,207.2566,207.0513,207.3953,,
904030,FUND010,2026-06-09,117.2609,117.5457,117.2371,,
904031,FUND011,2026-06-09,157.4719,156.8072,157.5963,,
904032,FUND012,2026-06-09,147.0237,146.697,146.9446,,
904033,FUND013,2026-06-09,168.5514,168.4856,168.6602,,
904034,FUND014,2026-06-09,127.6241,128.258,127.6505,,
904035,FUND015,2026-06-09,149.0271,149.2551,149.0355,,
904036,FUND016,2026-06-09,24.7194,24.7228,24.7319,,
904037,FUND017,2026-06-09,24.3474,24.4098,24.3585,,
904038,FUND018,2026-06-09,235.4818,236.0004,235.5106,,
904039,FUND019,2026-06-09,155.6797,155.8091,155.7332,,
904040,FUND020,2026-06-09,135.7401,135.7281,135.8131,,
904041,FUND001,2026-06-10,31.5035,31.5021,31.9527,2026-06-10,2026-06-11
904042,FUND002,2026-06-10,153.6647,153.4375,153.4282,,
904043,FUND003,2026-06-10,219.1767,219.3838,219.1453,,
904044,FUND004,2026-06-10,75.0188,75.0257,75.0073,,
904045,FUND005,2026-06-10,216.7062,214.7828,216.6406,,
904046,FUND006,2026-06-10,217.3298,218.3288,217.2167,,
904047,FUND007,2026-06-10,173.0961,173.4149,173.1446,,
904048,FUND008,2026-06-10,55.1559,55.0858,55.1722,,
904049,FUND009,2026-06-10,207.3124,207.2566,207.5855,,
904050,FUND010,2026-06-10,117.3966,117.2609,118.1706,2026-06-10,2026-06-12
904051,FUND011,2026-06-10,157.9145,157.4719,157.8181,,
904052,FUND012,2026-06-10,147.1569,147.0237,147.1637,,
904053,FUND013,2026-06-10,168.7408,168.5514,168.6553,,
904054,FUND014,2026-06-10,127.2347,127.6241,127.2349,,
904055,FUND015,2026-06-10,148.6563,149.0271,148.6636,,
904056,FUND016,2026-06-10,24.6031,24.7194,24.5827,,
904057,FUND017,2026-06-10,24.2872,24.3474,24.2788,,
904058,FUND018,2026-06-10,235.2451,235.4818,235.2468,,
904059,FUND019,2026-06-10,155.5613,155.6797,155.6507,,
904060,FUND020,2026-06-10,135.759,135.7401,135.7086,,
904061,FUND001,2026-06-11,31.5342,31.5035,31.547,,
904062,FUND002,2026-06-11,152.6192,153.6647,152.4969,,
904063,FUND003,2026-06-11,218.3462,219.1767,218.4292,,
904064,FUND004,2026-06-11,75.1936,75.0188,75.1693,,
904065,FUND005,2026-06-11,216.4959,216.7062,216.5021,,
904066,FUND006,2026-06-11,216.2918,217.3298,216.5877,,
904067,FUND007,2026-06-11,174.0408,173.0961,173.9879,,
904068,FUND008,2026-06-11,54.8632,55.1559,54.8382,,
904069,FUND009,2026-06-11,206.0556,207.3124,206.0142,,
904070,FUND010,2026-06-11,118.3678,117.3966,118.3453,,
904071,FUND011,2026-06-11,158.4566,157.9145,158.4226,,
904072,FUND012,2026-06-11,146.6102,147.1569,146.6289,,
904073,FUND013,2026-06-11,169.0548,168.7408,168.9152,,
904074,FUND014,2026-06-11,127.2868,127.2347,127.2057,,
904075,FUND015,2026-06-11,149.7177,148.6563,149.7729,,
904076,FUND016,2026-06-11,24.547,24.6031,24.5633,,
904077,FUND017,2026-06-11,24.2842,24.2872,24.2804,,
904078,FUND018,2026-06-11,234.5977,235.2451,234.588,,
904079,FUND019,2026-06-11,155.5141,155.5613,153.3176,2026-06-11,2026-06-12
904080,FUND020,2026-06-11,134.8667,135.759,134.9075,,
904081,FUND001,2026-06-12,31.577,31.5342,31.5544,,
904082,FUND002,2026-06-12,153.2451,152.6192,153.1167,,
904083,FUND003,2026-06-12,218.8858,218.3462,218.92,,
904084,FUND004,2026-06-12,75.0526,75.1936,74.2056,2026-06-12,2026-06-14
904085,FUND005,2026-06-12,217.0744,216.4959,217.2311,,
904086,FUND006,2026-06-12,214.9411,216.2918,214.9385,,
904087,FUND007,2026-06-12,173.6321,174.0408,173.6249,,
904088,FUND008,2026-06-12,55.0044,54.8632,55.0369,,
904089,FUND009,2026-06-12,207.4209,206.0556,207.4684,,
904090,FUND010,2026-06-12,118.2216,118.3678,118.1597,,
904091,FUND011,2026-06-12,157.85,158.4566,157.9146,,
904092,FUND012,2026-06-12,147.5636,146.6102,147.6258,,
904093,FUND013,2026-06-12,169.1339,169.0548,169.1459,,
904094,FUND014,2026-06-12,127.0362,127.2868,126.9928,,
904095,FUND015,2026-06-12,149.3481,149.7177,149.3012,,
904096,FUND016,2026-06-12,24.453,24.547,24.4442,,
904097,FUND017,2026-06-12,24.4508,24.2842,24.4307,,
904098,FUND018,2026-06-12,234.5152,234.5977,234.66,,
904099,FUND019,2026-06-12,155.429,155.5141,155.4714,,
904100,FUND020,2026-06-12,135.2575,134.8667,135.2849,,
904101,FUND001,2026-06-15,31.4136,31.577,31.408,,
904102,FUND002,2026-06-15,153.2647,153.2451,153.205,,
904103,FUND003,2026-06-15,219.314,218.8858,219.2714,,
904104,FUND004,2026-06-15,74.7862,75.0526,74.792,,
904105,FUND005,2026-06-15,217.208,217.0744,217.2935,,
904106,FUND006,2026-06-15,215.2723,214.9411,215.4898,,
904107,FUND007,2026-06-15,173.6037,173.6321,173.5277,,
904108,FUND008,2026-06-15,55.0696,55.0044,55.0603,,
904109,FUND009,2026-06-15,206.4966,207.4209,206.3538,,
904110,FUND010,2026-06-15,117.9672,118.2216,117.9009,,
904111,FUND011,2026-06-15,157.383,157.85,157.4208,,
904112,FUND012,2026-06-15,147.9199,147.5636,147.908,,
904113,FUND013,2026-06-15,169.5278,169.1339,169.6042,,
904114,FUND014,2026-06-15,127.132,127.0362,127.1732,,
904115,FUND015,2026-06-15,149.4863,149.3481,149.6664,,
904116,FUND016,2026-06-15,24.4777,24.453,24.4872,,
904117,FUND017,2026-06-15,24.5369,24.4508,24.5244,,
904118,FUND018,2026-06-15,236.6758,234.5152,236.7614,,
904119,FUND019,2026-06-15,155.3718,155.429,155.389,,
904120,FUND020,2026-06-15,135.3886,135.2575,135.5487,,
904121,FUND001,2026-06-16,31.3497,31.4136,31.3042,,
904122,FUND002,2026-06-16,152.9479,153.2647,152.8113,,
904123,FUND003,2026-06-16,220.8954,219.314,220.749,,
904124,FUND004,2026-06-16,74.9403,74.7862,74.9492,,
904125,FUND005,2026-06-16,218.1685,217.208,218.1277,,
904126,FUND006,2026-06-16,216.6542,215.2723,216.7001,,
904127,FUND007,2026-06-16,172.7994,173.6037,175.0427,2026-06-16,2026-06-18
904128,FUND008,2026-06-16,55.3238,55.0696,55.308,,
904129,FUND009,2026-06-16,206.7119,206.4966,206.5323,,
904130,FUND010,2026-06-16,117.9717,117.9672,117.8884,,
904131,FUND011,2026-06-16,157.3014,157.383,157.2396,,
904132,FUND012,2026-06-16,146.7081,147.9199,146.5756,,
904133,FUND013,2026-06-16,169.629,169.5278,171.2174,2026-06-16,2026-06-17
904134,FUND014,2026-06-16,126.6814,127.132,126.6828,,
904135,FUND015,2026-06-16,149.8149,149.4863,149.9001,,
904136,FUND016,2026-06-16,24.322,24.4777,24.3529,,
904137,FUND017,2026-06-16,24.5824,24.5369,24.567,,
904138,FUND018,2026-06-16,236.3987,236.6758,236.3941,,
904139,FUND019,2026-06-16,155.6867,155.3718,155.6876,,
904140,FUND020,2026-06-16,135.6872,135.3886,135.7779,,
904141,FUND001,2026-06-17,31.397,31.3497,31.4105,,
904142,FUND002,2026-06-17,153.4659,152.9479,153.7249,,
904143,FUND003,2026-06-17,220.0911,220.8954,220.0637,,
904144,FUND004,2026-06-17,75.0745,74.9403,75.1009,,
904145,FUND005,2026-06-17,218.9855,218.1685,218.9987,,
904146,FUND006,2026-06-17,215.7282,216.6542,215.71,,
904147,FUND007,2026-06-17,172.4295,172.7994,172.634,,
904148,FUND008,2026-06-17,55.4637,55.3238,55.4152,,
904149,FUND009,2026-06-17,206.1887,206.7119,206.2013,,
904150,FUND010,2026-06-17,118.4445,117.9717,119.3481,2026-06-17,2026-06-19
904151,FUND011,2026-06-17,157.0819,157.3014,156.9476,,
904152,FUND012,2026-06-17,147.3736,146.7081,147.5213,,
904153,FUND013,2026-06-17,169.2678,169.629,169.3609,,
904154,FUND014,2026-06-17,127.0403,126.6814,127.0461,,
904155,FUND015,2026-06-17,149.9957,149.8149,149.8994,,
904156,FUND016,2026-06-17,24.2727,24.322,24.2706,,
904157,FUND017,2026-06-17,24.555,24.5824,24.5492,,
904158,FUND018,2026-06-17,236.5165,236.3987,236.4438,,
904159,FUND019,2026-06-17,156.4802,155.6867,156.3927,,
904160,FUND020,2026-06-17,136.0405,135.6872,136.0078,,
904161,FUND001,2026-06-18,31.3814,31.397,31.3776,,
904162,FUND002,2026-06-18,153.6146,153.4659,153.6213,,
904163,FUND003,2026-06-18,220.0932,220.0911,219.9224,,
904164,FUND004,2026-06-18,74.701,75.0745,74.6789,,
904165,FUND005,2026-06-18,217.6334,218.9855,217.7568,,
904166,FUND006,2026-06-18,215.1696,215.7282,215.2569,,
904167,FUND007,2026-06-18,172.5655,172.4295,172.7403,,
904168,FUND008,2026-06-18,55.7584,55.4637,55.7273,,
904169,FUND009,2026-06-18,207.3729,206.1887,207.4727,,
904170,FUND010,2026-06-18,119.1118,118.4445,119.1631,,
904171,FUND011,2026-06-18,156.917,157.0819,156.7453,,
904172,FUND012,2026-06-18,147.2374,147.3736,147.2762,,
904173,FUND013,2026-06-18,169.4253,169.2678,169.3581,,
904174,FUND014,2026-06-18,127.2306,127.0403,127.3201,,
904175,FUND015,2026-06-18,150.4718,149.9957,150.437,,
904176,FUND016,2026-06-18,24.3662,24.2727,24.3529,,
904177,FUND017,2026-06-18,24.3108,24.555,24.5965,2026-06-18,2026-06-20
904178,FUND018,2026-06-18,235.8562,236.5165,235.8369,,
904179,FUND019,2026-06-18,156.5377,156.4802,156.5431,,
904180,FUND020,2026-06-18,137.0002,136.0405,136.9279,,
904181,FUND001,2026-06-19,31.2079,31.3814,30.9763,2026-06-19,2026-06-20
904182,FUND002,2026-06-19,152.6546,153.6146,152.6977,,
904183,FUND003,2026-06-19,220.7249,220.0932,220.6695,,
904184,FUND004,2026-06-19,74.8684,74.701,74.8418,,
904185,FUND005,2026-06-19,218.8525,217.6334,218.9311,,
904186,FUND006,2026-06-19,214.556,215.1696,214.6321,,
904187,FUND007,2026-06-19,172.4602,172.5655,172.3485,,
904188,FUND008,2026-06-19,55.2022,55.7584,55.2153,,
904189,FUND009,2026-06-19,206.3417,207.3729,206.3963,,
904190,FUND010,2026-06-19,119.3298,119.1118,119.2903,,
904191,FUND011,2026-06-19,156.7148,156.917,156.6696,,
904192,FUND012,2026-06-19,147.0703,147.2374,147.0073,,
904193,FUND013,2026-06-19,170.179,169.4253,170.2019,,
904194,FUND014,2026-06-19,126.6654,127.2306,126.7564,,
904195,FUND015,2026-06-19,151.2403,150.4718,151.167,,
904196,FUND016,2026-06-19,24.1999,24.3662,24.2036,,
904197,FUND017,2026-06-19,24.2962,24.3108,24.2738,,
904198,FUND018,2026-06-19,235.4879,235.8562,235.2461,,
904199,FUND019,2026-06-19,155.8109,156.5377,155.7701,,
904200,FUND020,2026-06-19,137.2991,137.0002,137.3844,,
904201,FUND001,2026-06-22,31.2737,31.2079,31.2929,,
904202,FUND002,2026-06-22,151.6421,152.6546,151.7211,,
904203,FUND003,2026-06-22,223.0919,220.7249,223.2558,,
904204,FUND004,2026-06-22,74.6073,74.8684,74.6656,,
904205,FUND005,2026-06-22,220.7778,218.8525,220.7098,,
904206,FUND006,2026-06-22,214.8461,214.556,214.8065,,
904207,FUND007,2026-06-22,172.5579,172.4602,172.5047,,
904208,FUND008,2026-06-22,54.898,55.2022,54.8582,,
904209,FUND009,2026-06-22,206.4886,206.3417,206.8801,,
904210,FUND010,2026-06-22,119.3753,119.3298,119.3998,,
904211,FUND011,2026-06-22,156.9287,156.7148,156.926,,
904212,FUND012,2026-06-22,146.5465,147.0703,146.5115,,
904213,FUND013,2026-06-22,170.4934,170.179,170.4939,,
904214,FUND014,2026-06-22,126.7294,126.6654,126.6894,,
904215,FUND015,2026-06-22,151.0435,151.2403,151.0798,,
904216,FUND016,2026-06-22,24.2777,24.1999,24.2707,,
904217,FUND017,2026-06-22,24.425,24.2962,24.4518,,
904218,FUND018,2026-06-22,234.4493,235.4879,234.4126,,
904219,FUND019,2026-06-22,155.574,155.8109,155.7186,,
904220,FUND020,2026-06-22,137.3184,137.2991,137.4311,,
904221,FUND001,2026-06-23,31.316,31.2737,31.446,2026-06-23,2026-06-24
904222,FUND002,2026-06-23,151.0555,151.6421,150.8888,,
904223,FUND003,2026-06-23,221.5442,223.0919,221.8458,,
904224,FUND004,2026-06-23,75.171,74.6073,75.198,,
904225,FUND005,2026-06-23,220.9934,220.7778,220.9191,,
904226,FUND006,2026-06-23,214.4685,214.8461,214.3068,,
904227,FUND007,2026-06-23,173.2974,172.5579,173.2977,,
904228,FUND008,2026-06-23,54.8666,54.898,54.8842,,
904229,FUND009,2026-06-23,205.9972,206.4886,205.9849,,
904230,FUND010,2026-06-23,118.9525,119.3753,119.0278,,
904231,FUND011,2026-06-23,156.2205,156.9287,156.1007,,
904232,FUND012,2026-06-23,145.1854,146.5465,145.0694,,
904233,FUND013,2026-06-23,171.257,170.4934,171.1475,,
904234,FUND014,2026-06-23,126.9859,126.7294,126.9787,,
904235,FUND015,2026-06-23,151.1604,151.0435,151.3218,,
904236,FUND016,2026-06-23,24.2874,24.2777,24.3052,,
904237,FUND017,2026-06-23,24.4686,24.425,24.4542,,
904238,FUND018,2026-06-23,233.2932,234.4493,233.2628,,
904239,FUND019,2026-06-23,155.9999,155.574,155.9515,,
904240,FUND020,2026-06-23,138.6979,137.3184,138.8162,,
904241,FUND001,2026-06-24,31.2181,31.316,31.1998,,
904242,FUND002,2026-06-24,151.0081,151.0555,150.9552,,
904243,FUND003,2026-06-24,220.8589,221.5442,220.654,,
904244,FUND004,2026-06-24,75.2185,75.171,75.3085,,
904245,FUND005,2026-06-24,221.2395,220.9934,221.1339,,
904246,FUND006,2026-06-24,215.4976,214.4685,215.4936,,
904247,FUND007,2026-06-24,173.7495,173.2974,173.6879,,
904248,FUND008,2026-06-24,55.1253,54.8666,55.1415,,
904249,FUND009,2026-06-24,204.8011,205.9972,204.7452,,
904250,FUND010,2026-06-24,118.7655,118.9525,118.7837,,
904251,FUND011,2026-06-24,156.8744,156.2205,156.9327,,
904252,FUND012,2026-06-24,145.4178,145.1854,145.3475,,
904253,FUND013,2026-06-24,171.0917,171.257,171.1671,,
904254,FUND014,2026-06-24,127.7619,126.9859,127.675,,
904255,FUND015,2026-06-24,151.275,151.1604,151.2155,,
904256,FUND016,2026-06-24,24.2528,24.2874,24.2504,,
904257,FUND017,2026-06-24,24.5098,24.4686,24.5015,,
904258,FUND018,2026-06-24,233.6899,233.2932,233.4946,,
904259,FUND019,2026-06-24,155.9326,155.9999,155.949,,
904260,FUND020,2026-06-24,139.5826,138.6979,139.5407,,
904261,FUND001,2026-06-25,31.3086,31.2181,31.3136,,
904262,FUND002,2026-06-25,150.3434,151.0081,150.3214,,
904263,FUND003,2026-06-25,221.9142,220.8589,222.0422,,
904264,FUND004,2026-06-25,74.5667,75.2185,74.5818,,
904265,FUND005,2026-06-25,219.9783,221.2395,220.0658,,
904266,FUND006,2026-06-25,215.6599,215.4976,215.8448,,
904267,FUND007,2026-06-25,173.7811,173.7495,173.7577,,
904268,FUND008,2026-06-25,55.1355,55.1253,55.1731,,
904269,FUND009,2026-06-25,204.8497,204.8011,205.0077,,
904270,FUND010,2026-06-25,118.72,118.7655,118.6064,,
904271,FUND011,2026-06-25,156.5477,156.8744,156.6936,,
904272,FUND012,2026-06-25,146.1359,145.4178,145.933,,
904273,FUND013,2026-06-25,170.9483,171.0917,171.0618,,
904274,FUND014,2026-06-25,127.6576,127.7619,127.5725,,
904275,FUND015,2026-06-25,150.9285,151.275,150.7942,,
904276,FUND016,2026-06-25,24.3184,24.2528,24.3105,,
904277,FUND017,2026-06-25,24.4545,24.5098,24.4741,,
904278,FUND018,2026-06-25,233.5445,233.6899,233.478,,
904279,FUND019,2026-06-25,156.8525,155.9326,156.9888,,
904280,FUND020,2026-06-25,138.72,139.5826,138.6863,,
904281,FUND001,2026-06-26,31.4185,31.3086,31.425,,
904282,FUND002,2026-06-26,151.3725,150.3434,151.442,,
904283,FUND003,2026-06-26,221.7889,221.9142,221.8003,,
904284,FUND004,2026-06-26,74.2569,74.5667,74.2542,,
904285,FUND005,2026-06-26,220.0109,219.9783,219.897,,
904286,FUND006,2026-06-26,215.6495,215.6599,215.6894,,
904287,FUND007,2026-06-26,173.8607,173.7811,173.8025,,
904288,FUND008,2026-06-26,55.2668,55.1355,55.2458,,
904289,FUND009,2026-06-26,205.2231,204.8497,204.9466,,
904290,FUND010,2026-06-26,117.9793,118.72,118.0108,,
904291,FUND011,2026-06-26,156.871,156.5477,156.9121,,
904292,FUND012,2026-06-26,145.9883,146.1359,145.9581,,
904293,FUND013,2026-06-26,170.5028,170.9483,170.4825,,
904294,FUND014,2026-06-26,128.3344,127.6576,128.3884,,
904295,FUND015,2026-06-26,150.8415,150.9285,150.7872,,
904296,FUND016,2026-06-26,24.4036,24.3184,24.3694,,
904297,FUND017,2026-06-26,24.5886,24.4545,24.5721,,
904298,FUND018,2026-06-26,232.2411,233.5445,232.3099,,
904299,FUND019,2026-06-26,157.467,156.8525,157.5023,,
904300,FUND020,2026-06-26,138.4539,138.72,138.6154,,
904301,FUND001,2026-06-29,31.2805,31.4185,31.2813,,
904302,FUND002,2026-06-29,152.2352,151.3725,152.2612,,
904303,FUND003,2026-06-29,220.6034,221.7889,220.7562,,
904304,FUND004,2026-06-29,74.1413,74.2569,74.1465,,
904305,FUND005,2026-06-29,220.5829,220.0109,220.7696,,
904306,FUND006,2026-06-29,214.6541,215.6495,214.6708,,
904307,FUND007,2026-06-29,174.1579,173.8607,174.1499,,
904308,FUND008,2026-06-29,55.0377,55.2668,55.0116,,
904309,FUND009,2026-06-29,205.9191,205.2231,205.8862,,
904310,FUND010,2026-06-29,117.8648,117.9793,117.8467,,
904311,FUND011,2026-06-29,156.1259,156.871,156.1773,,
904312,FUND012,2026-06-29,145.2148,145.9883,145.341,,
904313,FUND013,2026-06-29,170.2583,170.5028,170.3097,,
904314,FUND014,2026-06-29,128.786,128.3344,128.8168,,
904315,FUND015,2026-06-29,150.8313,150.8415,150.9837,,
904316,FUND016,2026-06-29,24.2632,24.4036,24.2348,,
904317,FUND017,2026-06-29,24.5466,24.5886,24.6963,2026-06-29,2026-07-01
904318,FUND018,2026-06-29,231.6431,232.2411,231.7798,,
904319,FUND019,2026-06-29,159.057,157.467,158.9893,,
904320,FUND020,2026-06-29,138.7471,138.4539,138.6932,,
904321,FUND001,2026-06-30,31.0911,31.2805,31.0548,,
904322,FUND002,2026-06-30,152.0527,152.2352,152.1209,,
904323,FUND003,2026-06-30,220.7897,220.6034,220.77,,
904324,FUND004,2026-06-30,74.3654,74.1413,74.3108,,
904325,FUND005,2026-06-30,220.453,220.5829,220.6327,,
904326,FUND006,2026-06-30,213.1999,214.6541,213.2872,,
904327,FUND007,2026-06-30,174.6543,174.1579,174.6853,,
904328,FUND008,2026-06-30,55.2208,55.0377,55.2137,,
904329,FUND009,2026-06-30,206.4169,205.9191,206.2476,,
904330,FUND010,2026-06-30,118.1238,117.8648,118.1988,,
904331,FUND011,2026-06-30,155.3445,156.1259,155.3639,,
904332,FUND012,2026-06-30,146.0567,145.2148,146.0028,,
904333,FUND013,2026-06-30,170.7191,170.2583,170.7464,,
904334,FUND014,2026-06-30,130.1815,128.786,130.3616,,
904335,FUND015,2026-06-30,151.1191,150.8313,150.9898,,
904336,FUND016,2026-06-30,24.2752,24.2632,24.2811,,
904337,FUND017,2026-06-30,24.4801,24.5466,24.4799,,
904338,FUND018,2026-06-30,230.8219,231.6431,230.6373,,
904339,FUND019,2026-06-30,157.7014,159.057,157.576,,
904340,FUND020,2026-06-30,139.3372,138.7471,139.4303,,
904341,FUND001,2026-07-01,31.1693,31.0911,31.1552,,
904342,FUND002,2026-07-01,152.179,152.0527,152.4217,,
904343,FUND003,2026-07-01,220.2822,220.7897,220.3271,,
904344,FUND004,2026-07-01,74.6235,74.3654,74.5929,,
904345,FUND005,2026-07-01,218.8344,220.453,218.8019,,
904346,FUND006,2026-07-01,213.6537,213.1999,213.5408,,
904347,FUND007,2026-07-01,174.6053,174.6543,174.6662,,
904348,FUND008,2026-07-01,55.1529,55.2208,55.1378,,
904349,FUND009,2026-07-01,206.6034,206.4169,206.8223,,
904350,FUND010,2026-07-01,117.8142,118.1238,117.7315,,
904351,FUND011,2026-07-01,155.9945,155.3445,155.9365,,
904352,FUND012,2026-07-01,146.1931,146.0567,146.296,,
904353,FUND013,2026-07-01,171.2019,170.7191,171.3254,,
904354,FUND014,2026-07-01,129.7011,130.1815,129.8256,,
904355,FUND015,2026-07-01,151.2115,151.1191,151.1397,,
904356,FUND016,2026-07-01,24.0334,24.2752,24.0224,,
904357,FUND017,2026-07-01,24.3859,24.4801,24.3808,,
904358,FUND018,2026-07-01,231.2802,230.8219,231.204,,
904359,FUND019,2026-07-01,158.1323,157.7014,158.3453,,
904360,FUND020,2026-07-01,139.8864,139.3372,140.0554,,
904361,FUND001,2026-07-02,31.2575,31.1693,31.2518,,
904362,FUND002,2026-07-02,152.421,152.179,152.4214,,
904363,FUND003,2026-07-02,220.1387,220.2822,220.1025,,
904364,FUND004,2026-07-02,74.673,74.6235,74.623,,
904365,FUND005,2026-07-02,220.1261,218.8344,220.1143,,
904366,FUND006,2026-07-02,214.6626,213.6537,214.632,,
904367,FUND007,2026-07-02,174.678,174.6053,174.6643,,
904368,FUND008,2026-07-02,55.1211,55.1529,55.1402,,
904369,FUND009,2026-07-02,206.8809,206.6034,206.8478,,
904370,FUND010,2026-07-02,118.1633,117.8142,118.0641,,
904371,FUND011,2026-07-02,156.1233,155.9945,156.1673,,
904372,FUND012,2026-07-02,145.6322,146.1931,145.5962,,
904373,FUND013,2026-07-02,171.6871,171.2019,171.6966,,
904374,FUND014,2026-07-02,129.9481,129.7011,129.9439,,
904375,FUND015,2026-07-02,151.5053,151.2115,151.5327,,
904376,FUND016,2026-07-02,24.1062,24.0334,24.0989,,
904377,FUND017,2026-07-02,24.1856,24.3859,24.2221,,
904378,FUND018,2026-07-02,232.1617,231.2802,232.0847,,
904379,FUND019,2026-07-02,157.9672,158.1323,157.8553,,
904380,FUND020,2026-07-02,139.3616,139.8864,139.3327,,
904381,FUND001,2026-07-03,31.4108,31.2575,31.4167,,
904382,FUND002,2026-07-03,152.4691,152.421,152.4614,,
904383,FUND003,2026-07-03,221.3936,220.1387,221.5393,,
904384,FUND004,2026-07-03,74.765,74.673,74.7751,,
904385,FUND005,2026-07-03,219.2637,220.1261,219.1473,,
904386,FUND006,2026-07-03,213.0466,214.6626,212.8898,,
904387,FUND007,2026-07-03,174.9134,174.678,173.931,2026-07-03,2026-07-04
904388,FUND008,2026-07-03,54.9816,55.1211,54.9967,,
904389,FUND009,2026-07-03,207.056,206.8809,206.9436,,
904390,FUND010,2026-07-03,118.0185,118.1633,117.9805,,
904391,FUND011,2026-07-03,156.4618,156.1233,156.4477,,
904392,FUND012,2026-07-03,146.3385,145.6322,146.3713,,
904393,FUND013,2026-07-03,172.4644,171.6871,172.5312,,
904394,FUND014,2026-07-03,130.546,129.9481,130.6438,,
904395,FUND015,2026-07-03,152.1022,151.5053,152.7105,2026-07-03,2026-07-04
904396,FUND016,2026-07-03,24.0516,24.1062,24.0482,,
904397,FUND017,2026-07-03,23.9393,24.1856,23.9244,,
904398,FUND018,2026-07-03,232.1265,232.1617,231.8336,,
904399,FUND019,2026-07-03,157.6301,157.9672,157.6783,,
904400,FUND020,2026-07-03,138.6809,139.3616,138.7275,,
904401,FUND001,2026-07-06,31.5096,31.4108,31.5033,,
904402,FUND002,2026-07-06,152.9386,152.4691,153.0274,,
904403,FUND003,2026-07-06,222.5586,221.3936,222.3828,,
904404,FUND004,2026-07-06,74.6945,74.765,74.6715,,
904405,FUND005,2026-07-06,220.5214,219.2637,220.6605,,
904406,FUND006,2026-07-06,212.3626,213.0466,212.4356,,
904407,FUND007,2026-07-06,174.3214,174.9134,174.3007,,
904408,FUND008,2026-07-06,55.3557,54.9816,55.3353,,
904409,FUND009,2026-07-06,206.4807,207.056,206.1845,,
904410,FUND010,2026-07-06,118.3126,118.0185,118.3326,,
904411,FUND011,2026-07-06,156.8137,156.4618,156.7402,,
904412,FUND012,2026-07-06,146.4924,146.3385,146.7023,,
904413,FUND013,2026-07-06,171.8313,172.4644,171.8826,,
904414,FUND014,2026-07-06,129.7745,130.546,129.7233,,
904415,FUND015,2026-07-06,152.7105,152.1022,152.6632,,
904416,FUND016,2026-07-06,24.1685,24.0516,24.1354,,
904417,FUND017,2026-07-06,23.8984,23.9393,23.9079,,
904418,FUND018,2026-07-06,232.6186,232.1265,232.5381,,
904419,FUND019,2026-07-06,157.3822,157.6301,157.6913,,
904420,FUND020,2026-07-06,138.4795,138.6809,138.5616,,
904421,FUND001,2026-07-07,31.408,31.5096,31.3891,,
904422,FUND002,2026-07-07,154.0851,152.9386,153.3506,2026-07-07,2026-07-08
904423,FUND003,2026-07-07,222.745,222.5586,222.6971,,
904424,FUND004,2026-07-07,74.6966,74.6945,74.7771,,
904425,FUND005,2026-07-07,219.2891,220.5214,219.2748,,
904426,FUND006,2026-07-07,212.4606,212.3626,212.3992,,
904427,FUND007,2026-07-07,173.9839,174.3214,173.9717,,
904428,FUND008,2026-07-07,55.7371,55.3557,55.7162,,
904429,FUND009,2026-07-07,207.9706,206.4807,207.9235,,
904430,FUND010,2026-07-07,118.3183,118.3126,118.3587,,
904431,FUND011,2026-07-07,157.1144,156.8137,157.0404,,
904432,FUND012,2026-07-07,145.7371,146.4924,145.8999,,
904433,FUND013,2026-07-07,171.8107,171.8313,171.7631,,
904434,FUND014,2026-07-07,129.783,129.7745,129.8571,,
904435,FUND015,2026-07-07,152.4557,152.7105,152.3375,,
904436,FUND016,2026-07-07,24.1796,24.1685,24.1915,,
904437,FUND017,2026-07-07,23.8995,23.8984,23.6665,2026-07-07,2026-07-09
904438,FUND018,2026-07-07,232.7305,232.6186,232.4278,,
904439,FUND019,2026-07-07,156.9343,157.3822,156.914,,
904440,FUND020,2026-07-07,137.581,138.4795,137.6537,,
904441,FUND001,2026-07-08,31.0592,31.408,31.0611,,
904442,FUND002,2026-07-08,153.3576,154.0851,153.4141,,
904443,FUND003,2026-07-08,224.4217,222.745,224.3695,,
904444,FUND004,2026-07-08,74.4541,74.6966,74.4114,,
904445,FUND005,2026-07-08,219.3483,219.2891,219.4231,,
904446,FUND006,2026-07-08,212.7223,212.4606,212.6881,,
904447,FUND007,2026-07-08,173.7666,173.9839,173.6402,,
904448,FUND008,2026-07-08,55.5178,55.7371,55.512,,
904449,FUND009,2026-07-08,208.2765,207.9706,208.442,,
904450,FUND010,2026-07-08,118.5298,118.3183,118.4888,,
904451,FUND011,2026-07-08,156.8825,157.1144,156.8105,,
904452,FUND012,2026-07-08,144.9291,145.7371,145.028,,
904453,FUND013,2026-07-08,171.1436,171.8107,171.1888,,
904454,FUND014,2026-07-08,129.697,129.783,129.6507,,
904455,FUND015,2026-07-08,151.7058,152.4557,151.5943,,
904456,FUND016,2026-07-08,24.2823,24.1796,24.28,,
904457,FUND017,2026-07-08,24.0312,23.8995,24.0355,,
904458,FUND018,2026-07-08,233.4676,232.7305,233.3593,,
904459,FUND019,2026-07-08,157.1041,156.9343,157.1227,,
904460,FUND020,2026-07-08,137.5817,137.581,137.54,,
904461,FUND001,2026-07-09,31.2762,31.0592,31.2978,,
904462,FUND002,2026-07-09,151.7027,153.3576,151.6585,,
904463,FUND003,2026-07-09,223.4088,224.4217,223.4823,,
904464,FUND004,2026-07-09,74.405,74.4541,74.4097,,
904465,FUND005,2026-07-09,219.662,219.3483,220.0301,,
904466,FUND006,2026-07-09,214.0712,212.7223,214.1701,,
904467,FUND007,2026-07-09,175.0539,173.7666,174.9063,,
904468,FUND008,2026-07-09,55.0006,55.5178,55.0266,,
904469,FUND009,2026-07-09,207.7479,208.2765,207.784,,
904470,FUND010,2026-07-09,118.6857,118.5298,118.8202,,
904471,FUND011,2026-07-09,156.1436,156.8825,156.1039,,
904472,FUND012,2026-07-09,144.2771,144.9291,144.401,,
904473,FUND013,2026-07-09,170.9567,171.1436,170.9272,,
904474,FUND014,2026-07-09,129.7433,129.697,129.6408,,
904475,FUND015,2026-07-09,152.8884,151.7058,152.9133,,
904476,FUND016,2026-07-09,24.1897,24.2823,24.1719,,
904477,FUND017,2026-07-09,23.9318,24.0312,23.9357,,
904478,FUND018,2026-07-09,234.3294,233.4676,234.1718,,
904479,FUND019,2026-07-09,155.9274,157.1041,155.7574,,
904480,FUND020,2026-07-09,137.4665,137.5817,137.4205,,
904481,FUND001,2026-07-10,31.3949,31.2762,31.3716,,
904482,FUND002,2026-07-10,152.2878,151.7027,152.2841,,
904483,FUND003,2026-07-10,223.3916,223.4088,223.2531,,
904484,FUND004,2026-07-10,74.1031,74.405,73.969,,
904485,FUND005,2026-07-10,219.3111,219.662,219.2637,,
904486,FUND006,2026-07-10,214.3218,214.0712,214.0657,,
904487,FUND007,2026-07-10,174.8107,175.0539,174.9507,,
904488,FUND008,2026-07-10,55.1037,55.0006,55.1213,,
904489,FUND009,2026-07-10,206.3224,207.7479,206.04,,
904490,FUND010,2026-07-10,118.0264,118.6857,118.2516,,
904491,FUND011,2026-07-10,157.5418,156.1436,157.3133,,
904492,FUND012,2026-07-10,144.0876,144.2771,144.1255,,
904493,FUND013,2026-07-10,170.5004,170.9567,170.623,,
904494,FUND014,2026-07-10,129.5966,129.7433,129.491,,
904495,FUND015,2026-07-10,153.1406,152.8884,153.1528,,
904496,FUND016,2026-07-10,24.2163,24.1897,24.2252,,
904497,FUND017,2026-07-10,23.6307,23.9318,23.647,,
904498,FUND018,2026-07-10,232.2753,234.3294,232.4574,,
904499,FUND019,2026-07-10,156.5332,155.9274,156.538,,
904500,FUND020,2026-07-10,138.0359,137.4665,138.1229,,
904501,FUND001,2026-07-13,31.5539,31.3949,31.5614,,
904502,FUND002,2026-07-13,152.7157,152.2878,152.6574,,
904503,FUND003,2026-07-13,222.6418,223.3916,222.3706,,
904504,FUND004,2026-07-13,73.9839,74.1031,73.9385,,
904505,FUND005,2026-07-13,220.4965,219.3111,220.5165,,
904506,FUND006,2026-07-13,214.2669,214.3218,214.18,,
904507,FUND007,2026-07-13,174.3041,174.8107,174.3336,,
904508,FUND008,2026-07-13,55.1159,55.1037,55.1747,,
904509,FUND009,2026-07-13,205.7391,206.3224,205.7641,,
904510,FUND010,2026-07-13,117.5962,118.0264,117.6359,,
904511,FUND011,2026-07-13,157.9144,157.5418,157.918,,
904512,FUND012,2026-07-13,144.5014,144.0876,144.6001,,
904513,FUND013,2026-07-13,171.1651,170.5004,171.1069,,
904514,FUND014,2026-07-13,129.4768,129.5966,129.7326,,
904515,FUND015,2026-07-13,153.2365,153.1406,152.5174,2026-07-13,2026-07-15
904516,FUND016,2026-07-13,24.3195,24.2163,24.298,,
904517,FUND017,2026-07-13,23.7512,23.6307,23.7435,,
904518,FUND018,2026-07-13,232.214,232.2753,232.0404,,
904519,FUND019,2026-07-13,156.3467,156.5332,156.0685,,
904520,FUND020,2026-07-13,138.287,138.0359,138.439,,
904521,FUND001,2026-07-14,31.6259,31.5539,31.6211,,
904522,FUND002,2026-07-14,153.1024,152.7157,153.2168,,
904523,FUND003,2026-07-14,221.5831,222.6418,221.6478,,
904524,FUND004,2026-07-14,74.3187,73.9839,74.4015,,
904525,FUND005,2026-07-14,220.5623,220.4965,220.4388,,
904526,FUND006,2026-07-14,214.9468,214.2669,215.0533,,
904527,FUND007,2026-07-14,173.4691,174.3041,173.5607,,
904528,FUND008,2026-07-14,55.491,55.1159,55.4741,,
904529,FUND009,2026-07-14,204.5222,205.7391,204.4573,,
904530,FUND010,2026-07-14,117.2315,117.5962,117.2838,,
904531,FUND011,2026-07-14,157.7605,157.9144,157.7001,,
904532,FUND012,2026-07-14,144.1222,144.5014,145.2463,2026-07-14,2026-07-15
904533,FUND013,2026-07-14,171.337,171.1651,171.4138,,
904534,FUND014,2026-07-14,129.8823,129.4768,129.8893,,
904535,FUND015,2026-07-14,153.127,153.2365,153.1612,,
904536,FUND016,2026-07-14,24.4249,24.3195,24.4456,,
904537,FUND017,2026-07-14,23.7124,23.7512,23.7119,,
904538,FUND018,2026-07-14,231.9815,232.214,231.8631,,
904539,FUND019,2026-07-14,157.438,156.3467,157.3198,,
904540,FUND020,2026-07-14,137.0097,138.287,136.9577,,
904541,FUND001,2026-07-15,31.478,31.6259,31.4901,,
904542,FUND002,2026-07-15,153.1951,153.1024,153.236,,
904543,FUND003,2026-07-15,223.9458,221.5831,223.9048,,
904544,FUND004,2026-07-15,74.2199,74.3187,74.2418,,
904545,FUND005,2026-07-15,220.2667,220.5623,220.4434,,
904546,FUND006,2026-07-15,215.5232,214.9468,215.5838,,
904547,FUND007,2026-07-15,173.2397,173.4691,173.3459,,
904548,FUND008,2026-07-15,55.6466,55.491,55.665,,
904549,FUND009,2026-07-15,204.0336,204.5222,204.0982,,
904550,FUND010,2026-07-15,116.7245,117.2315,116.7343,,
904551,FUND011,2026-07-15,158.2707,157.7605,158.2687,,
904552,FUND012,2026-07-15,144.0106,144.1222,144.034,,
904553,FUND013,2026-07-15,172.1546,171.337,172.2031,,
904554,FUND014,2026-07-15,129.8561,129.8823,129.9404,,
904555,FUND015,2026-07-15,152.8855,153.127,152.9534,,
904556,FUND016,2026-07-15,24.2772,24.4249,24.2484,,
904557,FUND017,2026-07-15,23.6298,23.7124,23.6224,,
904558,FUND018,2026-07-15,230.9734,231.9815,231.1951,,
904559,FUND019,2026-07-15,156.9641,157.438,156.9537,,
904560,FUND020,2026-07-15,137.6414,137.0097,137.6316,,
904561,FUND001,2026-07-16,31.5204,31.478,31.5224,,
904562,FUND002,2026-07-16,152.3364,153.1951,152.2199,,
904563,FUND003,2026-07-16,224.2066,223.9458,224.211,,
904564,FUND004,2026-07-16,74.2476,74.2199,74.3308,,
904565,FUND005,2026-07-16,219.9289,220.2667,219.7915,,
904566,FUND006,2026-07-16,215.6381,215.5232,215.7875,,
904567,FUND007,2026-07-16,173.4089,173.2397,173.4409,,
904568,FUND008,2026-07-16,56.0192,55.6466,56.0291,,
904569,FUND009,2026-07-16,203.0012,204.0336,203.0593,,
904570,FUND010,2026-07-16,116.2815,116.7245,116.3415,,
904571,FUND011,2026-07-16,157.7347,158.2707,157.6634,,
904572,FUND012,2026-07-16,143.5282,144.0106,143.3726,,
904573,FUND013,2026-07-16,171.4754,172.1546,171.372,,
904574,FUND014,2026-07-16,129.4845,129.8561,129.4885,,
904575,FUND015,2026-07-16,153.3384,152.8855,153.4771,,
904576,FUND016,2026-07-16,24.1527,24.2772,24.1645,,
904577,FUND017,2026-07-16,23.5381,23.6298,23.5423,,
904578,FUND018,2026-07-16,232.0395,230.9734,232.3373,,
904579,FUND019,2026-07-16,157.1831,156.9641,157.3786,,
904580,FUND020,2026-07-16,138.0532,137.6414,138.0773,,
904581,FUND001,2026-07-17,31.7025,31.5204,31.7081,,
904582,FUND002,2026-07-17,151.3468,152.3364,151.4149,,
904583,FUND003,2026-07-17,223.8418,224.2066,223.6607,,
904584,FUND004,2026-07-17,73.6957,74.2476,73.7387,,
904585,FUND005,2026-07-17,219.0751,219.9289,219.1316,,
904586,FUND006,2026-07-17,215.7819,215.6381,215.7826,,
904587,FUND007,2026-07-17,173.711,173.4089,173.8454,,
904588,FUND008,2026-07-17,56.1413,56.0192,56.1507,,
904589,FUND009,2026-07-17,201.7403,203.0012,201.2975,,
904590,FUND010,2026-07-17,115.5752,116.2815,115.4449,,
904591,FUND011,2026-07-17,157.8449,157.7347,157.8745,,
904592,FUND012,2026-07-17,142.4829,143.5282,142.4282,,
904593,FUND013,2026-07-17,172.353,171.4754,172.439,,
904594,FUND014,2026-07-17,129.4348,129.4845,129.4343,,
904595,FUND015,2026-07-17,152.5504,153.3384,152.5673,,
904596,FUND016,2026-07-17,24.2379,24.1527,24.261,,
904597,FUND017,2026-07-17,23.4336,23.5381,23.4513,,
904598,FUND018,2026-07-17,231.9041,232.0395,231.8539,,
904599,FUND019,2026-07-17,157.0178,157.1831,156.9757,,
904600,FUND020,2026-07-17,138.493,138.0532,138.3976,,
904601,FUND001,2026-07-20,31.884,31.7025,31.8813,,
904602,FUND002,2026-07-20,151.3391,151.3468,151.2933,,
904603,FUND003,2026-07-20,223.676,223.8418,223.5804,,
904604,FUND004,2026-07-20,73.3373,73.6957,73.362,,
904605,FUND005,2026-07-20,218.7129,219.0751,218.6595,,
904606,FUND006,2026-07-20,215.091,215.7819,215.0909,,
904607,FUND007,2026-07-20,173.6592,173.711,173.6651,,
904608,FUND008,2026-07-20,55.8886,56.1413,55.9223,,
904609,FUND009,2026-07-20,200.9148,201.7403,200.8979,,
904610,FUND010,2026-07-20,114.5227,115.5752,114.4616,,
904611,FUND011,2026-07-20,158.4415,157.8449,158.3114,,
904612,FUND012,2026-07-20,142.3091,142.4829,142.2185,,
904613,FUND013,2026-07-20,171.7012,172.353,171.6985,,
904614,FUND014,2026-07-20,129.1623,129.4348,130.1797,2026-07-20,2026-07-21
904615,FUND015,2026-07-20,152.3767,152.5504,152.2867,,
904616,FUND016,2026-07-20,24.2973,24.2379,24.2923,,
904617,FUND017,2026-07-20,23.3736,23.4336,23.3956,,
904618,FUND018,2026-07-20,232.2505,231.9041,232.2902,,
904619,FUND019,2026-07-20,156.7006,157.0178,156.7621,,
904620,FUND020,2026-07-20,138.1373,138.493,138.1,,
904621,FUND001,2026-07-21,31.7246,31.884,31.7288,,
904622,FUND002,2026-07-21,151.0942,151.3391,151.0045,,
904623,FUND003,2026-07-21,224.6281,223.676,224.737,,
904624,FUND004,2026-07-21,73.7006,73.3373,73.7372,,
904625,FUND005,2026-07-21,216.9995,218.7129,217.2374,,
904626,FUND006,2026-07-21,214.2583,215.091,214.0536,,
904627,FUND007,2026-07-21,174.1985,173.6592,174.185,,
904628,FUND008,2026-07-21,55.5087,55.8886,55.4977,,
904629,FUND009,2026-07-21,201.0177,200.9148,201.0753,,
904630,FUND010,2026-07-21,115.3181,114.5227,115.2953,,
904631,FUND011,2026-07-21,157.906,158.4415,157.9334,,
904632,FUND012,2026-07-21,141.575,142.3091,141.5904,,
904633,FUND013,2026-07-21,171.8868,171.7012,171.9141,,
904634,FUND014,2026-07-21,128.3228,129.1623,128.4559,,
904635,FUND015,2026-07-21,152.0265,152.3767,151.984,,
904636,FUND016,2026-07-21,24.3449,24.2973,24.3897,,
904637,FUND017,2026-07-21,23.3691,23.3736,23.3921,,
904638,FUND018,2026-07-21,233.1489,232.2505,233.1213,,
904639,FUND019,2026-07-21,155.9768,156.7006,155.8873,,
904640,FUND020,2026-07-21,138.2079,138.1373,138.4233,,
904641,FUND001,2026-07-22,32.0707,31.7246,32.0851,,
904642,FUND002,2026-07-22,150.5896,151.0942,150.6351,,
904643,FUND003,2026-07-22,224.2282,224.6281,224.1853,,
904644,FUND004,2026-07-22,73.812,73.7006,73.8673,,
904645,FUND005,2026-07-22,217.909,216.9995,217.8382,,
904646,FUND006,2026-07-22,214.1646,214.2583,214.0663,,
904647,FUND007,2026-07-22,174.0881,174.1985,173.9608,,
904648,FUND008,2026-07-22,55.5983,55.5087,55.5755,,
904649,FUND009,2026-07-22,201.0505,201.0177,201.0184,,
904650,FUND010,2026-07-22,115.6462,115.3181,115.5867,,
904651,FUND011,2026-07-22,158.1905,157.906,157.984,,
904652,FUND012,2026-07-22,142.9558,141.575,142.9125,,
904653,FUND013,2026-07-22,172.4854,171.8868,172.4406,,
904654,FUND014,2026-07-22,128.9463,128.3228,129.0387,,
904655,FUND015,2026-07-22,152.813,152.0265,152.7824,,
904656,FUND016,2026-07-22,24.2533,24.3449,24.2485,,
904657,FUND017,2026-07-22,23.2132,23.3691,23.2136,,
904658,FUND018,2026-07-22,232.693,233.1489,232.5751,,
904659,FUND019,2026-07-22,156.3256,155.9768,156.0313,,
904660,FUND020,2026-07-22,138.1062,138.2079,138.0613,,
904661,FUND001,2026-07-23,32.0905,32.0707,32.0836,,
904662,FUND002,2026-07-23,149.9732,150.5896,150.0839,,
904663,FUND003,2026-07-23,226.0607,224.2282,226.0895,,
904664,FUND004,2026-07-23,73.6606,73.812,73.5963,,
904665,FUND005,2026-07-23,217.8213,217.909,217.844,,
904666,FUND006,2026-07-23,215.3739,214.1646,215.1627,,
904667,FUND007,2026-07-23,173.7489,174.0881,173.87,,
904668,FUND008,2026-07-23,55.3379,55.5983,55.3101,,
904669,FUND009,2026-07-23,200.0798,201.0505,200.1733,,
904670,FUND010,2026-07-23,115.8542,115.6462,115.8077,,
904671,FUND011,2026-07-23,158.2242,158.1905,158.3359,,
904672,FUND012,2026-07-23,142.7025,142.9558,142.6203,,
904673,FUND013,2026-07-23,171.9485,172.4854,171.9963,,
904674,FUND014,2026-07-23,130.0572,128.9463,129.9375,,
904675,FUND015,2026-07-23,153.1421,152.813,153.246,,
904676,FUND016,2026-07-23,24.3368,24.2533,24.3188,,
904677,FUND017,2026-07-23,23.1444,23.2132,23.1527,,
904678,FUND018,2026-07-23,233.0505,232.693,232.9177,,
904679,FUND019,2026-07-23,156.7924,156.3256,156.9112,,
904680,FUND020,2026-07-23,138.4327,138.1062,138.2915,,
904681,FUND001,2026-07-24,31.9846,32.0905,32.024,,
904682,FUND002,2026-07-24,149.4217,149.9732,148.7074,2026-07-24,2026-07-26
904683,FUND003,2026-07-24,227.3364,226.0607,227.2709,,
904684,FUND004,2026-07-24,73.6466,73.6606,73.6043,,
904685,FUND005,2026-07-24,217.1009,217.8213,217.1239,,
904686,FUND006,2026-07-24,216.274,215.3739,216.5618,,
904687,FUND007,2026-07-24,173.2952,173.7489,173.3219,,
904688,FUND008,2026-07-24,55.006,55.3379,55.0121,,
904689,FUND009,2026-07-24,198.5405,200.0798,198.6542,,
904690,FUND010,2026-07-24,116.0558,115.8542,116.0969,,
904691,FUND011,2026-07-24,158.725,158.2242,158.7829,,
904692,FUND012,2026-07-24,142.6667,142.7025,142.6149,,
904693,FUND013,2026-07-24,171.1471,171.9485,171.0683,,
904694,FUND014,2026-07-24,129.7549,130.0572,129.6735,,
904695,FUND015,2026-07-24,153.1471,153.1421,153.2194,,
904696,FUND016,2026-07-24,24.3822,24.3368,24.3873,,
904697,FUND017,2026-07-24,23.0527,23.1444,23.0436,,
904698,FUND018,2026-07-24,232.7011,233.0505,232.919,,
904699,FUND019,2026-07-24,157.2235,156.7924,157.2091,,
904700,FUND020,2026-07-24,139.1772,138.4327,139.2191,,
904701,FUND001,2026-07-27,32.1535,31.9846,32.1601,,
904702,FUND002,2026-07-27,150.3861,149.4217,150.4144,,
904703,FUND003,2026-07-27,226.9444,227.3364,226.7758,,
904704,FUND004,2026-07-27,73.7745,73.6466,73.7895,,
904705,FUND005,2026-07-27,217.5197,217.1009,217.5894,,
904706,FUND006,2026-07-27,215.1949,216.274,215.3463,,
904707,FUND007,2026-07-27,174.0285,173.2952,174.0005,,
904708,FUND008,2026-07-27,55.1535,55.006,55.1592,,
904709,FUND009,2026-07-27,197.0013,198.5405,197.1068,,
904710,FUND010,2026-07-27,116.2983,116.0558,116.329,,
904711,FUND011,2026-07-27,159.0923,158.725,158.9756,,
904712,FUND012,2026-07-27,142.6805,142.6667,142.8602,,
904713,FUND013,2026-07-27,171.6604,171.1471,171.5976,,
904714,FUND014,2026-07-27,129.5332,129.7549,129.5804,,
904715,FUND015,2026-07-27,152.7064,153.1471,152.6846,,
904716,FUND016,2026-07-27,24.2924,24.3822,24.2809,,
904717,FUND017,2026-07-27,23.0554,23.0527,23.0421,,
904718,FUND018,2026-07-27,232.4519,232.7011,232.29,,
904719,FUND019,2026-07-27,157.3442,157.2235,157.243,,
904720,FUND020,2026-07-27,139.1069,139.1772,139.197,,
904721,FUND001,2026-07-28,32.1656,32.1535,32.1651,,
904722,FUND002,2026-07-28,149.6574,150.3861,149.6385,,
904723,FUND003,2026-07-28,227.0839,226.9444,227.2824,,
904724,FUND004,2026-07-28,74.538,73.7745,74.5021,,
904725,FUND005,2026-07-28,218.7309,217.5197,218.4891,,
904726,FUND006,2026-07-28,215.4456,215.1949,215.4878,,
904727,FUND007,2026-07-28,174.0086,174.0285,173.9433,,
904728,FUND008,2026-07-28,55.183,55.1535,55.1735,,
904729,FUND009,2026-07-28,196.5887,197.0013,196.4106,,
904730,FUND010,2026-07-28,116.2175,116.2983,116.1935,,
904731,FUND011,2026-07-28,158.1176,159.0923,158.0767,,
904732,FUND012,2026-07-28,142.2262,142.6805,142.2442,,
904733,FUND013,2026-07-28,172.0271,171.6604,172.13,,
904734,FUND014,2026-07-28,129.721,129.5332,129.7577,,
904735,FUND015,2026-07-28,153.1131,152.7064,151.0554,2026-07-28,2026-08-03
904736,FUND016,2026-07-28,24.3535,24.2924,24.3528,,
904737,FUND017,2026-07-28,23.0607,23.0554,23.0605,,
904738,FUND018,2026-07-28,230.9301,232.4519,230.9863,,
904739,FUND019,2026-07-28,158.2264,157.3442,158.3515,,
904740,FUND020,2026-07-28,138.9271,139.1069,138.9905,,
904741,FUND001,2026-07-29,32.2619,32.1656,32.2544,,
904742,FUND002,2026-07-29,148.9041,149.6574,148.9098,,
904743,FUND003,2026-07-29,226.6419,227.0839,226.4441,,
904744,FUND004,2026-07-29,74.411,74.538,74.3936,,
904745,FUND005,2026-07-29,219.2257,218.7309,219.0724,,
904746,FUND006,2026-07-29,215.3155,215.4456,215.4233,,
904747,FUND007,2026-07-29,174.6095,174.0086,174.59,,
904748,FUND008,2026-07-29,54.9761,55.183,54.9784,,
904749,FUND009,2026-07-29,195.815,196.5887,195.5576,,
904750,FUND010,2026-07-29,116.17,116.2175,116.2007,,
904751,FUND011,2026-07-29,157.3663,158.1176,157.4003,,
904752,FUND012,2026-07-29,142.3265,142.2262,142.2839,,
904753,FUND013,2026-07-29,173.2844,172.0271,173.1181,,
904754,FUND014,2026-07-29,130.36,129.721,130.383,,
904755,FUND015,2026-07-29,152.6072,153.1131,152.7672,,
904756,FUND016,2026-07-29,24.4373,24.3535,24.4517,,
904757,FUND017,2026-07-29,23.0664,23.0607,23.0763,,
904758,FUND018,2026-07-29,231.997,230.9301,231.8681,,
904759,FUND019,2026-07-29,157.8759,158.2264,157.7351,,
904760,FUND020,2026-07-29,139.3028,138.9271,139.3004,,
904761,FUND001,2026-07-30,32.2737,32.2619,32.2971,,
904762,FUND002,2026-07-30,149.5051,148.9041,149.3885,,
904763,FUND003,2026-07-30,227.3114,226.6419,227.1926,,
904764,FUND004,2026-07-30,74.4111,74.411,74.3935,,
904765,FUND005,2026-07-30,218.8934,219.2257,217.6684,2026-07-30,2026-07-31
904766,FUND006,2026-07-30,215.1311,215.3155,215.337,,
904767,FUND007,2026-07-30,174.9592,174.6095,175.0638,,
904768,FUND008,2026-07-30,55.2834,54.9761,55.316,,
904769,FUND009,2026-07-30,194.8181,195.815,194.9011,,
904770,FUND010,2026-07-30,115.6012,116.17,115.5606,,
904771,FUND011,2026-07-30,157.4588,157.3663,157.6408,,
904772,FUND012,2026-07-30,142.1266,142.3265,142.0986,,
904773,FUND013,2026-07-30,174.5857,173.2844,174.7388,,
904774,FUND014,2026-07-30,130.6516,130.36,130.8076,,
904775,FUND015,2026-07-30,153.599,152.6072,153.6891,,
904776,FUND016,2026-07-30,24.3415,24.4373,24.3319,,
904777,FUND017,2026-07-30,22.9898,23.0664,22.9982,,
904778,FUND018,2026-07-30,233.8981,231.997,233.9029,,
904779,FUND019,2026-07-30,157.6863,157.8759,157.8652,,
904780,FUND020,2026-07-30,139.2369,139.3028,139.034,,
904781,FUND001,2026-07-31,32.4395,32.2737,32.4196,,
904782,FUND002,2026-07-31,148.8112,149.5051,148.8455,,
904783,FUND003,2026-07-31,228.6835,227.3114,228.6447,,
904784,FUND004,2026-07-31,74.5016,74.4111,74.4272,,
904785,FUND005,2026-07-31,219.5123,218.8934,219.6804,,
904786,FUND006,2026-07-31,215.2727,215.1311,215.3537,,
904787,FUND007,2026-07-31,175.5964,174.9592,175.5509,,
904788,FUND008,2026-07-31,55.1594,55.2834,55.1397,,
904789,FUND009,2026-07-31,195.5375,194.8181,195.5645,,
904790,FUND010,2026-07-31,116.365,115.6012,116.4482,,
904791,FUND011,2026-07-31,157.3483,157.4588,157.3048,,
904792,FUND012,2026-07-31,142.4934,142.1266,142.5465,,
904793,FUND013,2026-07-31,173.2456,174.5857,173.3066,,
904794,FUND014,2026-07-31,130.7327,130.6516,130.7236,,
904795,FUND015,2026-07-31,153.3719,153.599,153.6216,,
904796,FUND016,2026-07-31,24.3025,24.3415,24.3061,,
904797,FUND017,2026-07-31,22.9966,22.9898,22.9847,,
904798,FUND018,2026-07-31,234.3393,233.8981,234.3526,,
904799,FUND019,2026-07-31,158.0101,157.6863,158.0188,,
904800,FUND020,2026-07-31,139.3352,139.2369,139.347,,
904801,FUND001,2026-08-03,32.395,32.4395,32.4369,,
904802,FUND002,2026-08-03,148.6816,148.8112,148.5949,,
904803,FUND003,2026-08-03,227.0215,228.6835,226.8706,,
904804,FUND004,2026-08-03,74.684,74.5016,74.7167,,
904805,FUND005,2026-08-03,220.5627,219.5123,220.4296,,
904806,FUND006,2026-08-03,216.2717,215.2727,216.1632,,
904807,FUND007,2026-08-03,175.8312,175.5964,175.7122,,
904808,FUND008,2026-08-03,55.2373,55.1594,55.252,,
904809,FUND009,2026-08-03,195.2714,195.5375,195.2697,,
904810,FUND010,2026-08-03,117.2956,116.365,117.4972,,
904811,FUND011,2026-08-03,157.6569,157.3483,157.701,,
904812,FUND012,2026-08-03,143.3208,142.4934,143.2807,,
904813,FUND013,2026-08-03,172.8952,173.2456,172.9308,,
904814,FUND014,2026-08-03,131.5809,130.7327,131.5645,,
904815,FUND015,2026-08-03,152.4494,153.3719,152.4971,,
904816,FUND016,2026-08-03,24.4429,24.3025,24.4335,,
904817,FUND017,2026-08-03,23.0336,22.9966,23.0137,,
904818,FUND018,2026-08-03,233.1379,234.3393,235.4472,2026-08-03,2026-08-10
904819,FUND019,2026-08-03,157.622,158.0101,157.6198,,
904820,FUND020,2026-08-03,139.4203,139.3352,139.3912,,
904821,FUND001,2026-08-04,32.2438,32.395,32.2409,,
904822,FUND002,2026-08-04,147.9337,148.6816,147.8729,,
904823,FUND003,2026-08-04,225.9794,227.0215,225.8425,,
904824,FUND004,2026-08-04,74.6266,74.684,74.5766,,
904825,FUND005,2026-08-04,220.9159,220.5627,220.8652,,
904826,FUND006,2026-08-04,217.7456,216.2717,217.5587,,
904827,FUND007,2026-08-04,175.5712,175.8312,175.4252,,
904828,FUND008,2026-08-04,55.3857,55.2373,55.3663,,
904829,FUND009,2026-08-04,195.6591,195.2714,195.7367,,
904830,FUND010,2026-08-04,117.9685,117.2956,117.9502,,
904831,FUND011,2026-08-04,156.4426,157.6569,156.4014,,
904832,FUND012,2026-08-04,142.7764,143.3208,142.6966,,
904833,FUND013,2026-08-04,172.2473,172.8952,172.0901,,
904834,FUND014,2026-08-04,131.8196,131.5809,131.8813,,
904835,FUND015,2026-08-04,152.3265,152.4494,152.1684,,
904836,FUND016,2026-08-04,24.482,24.4429,24.4903,,
904837,FUND017,2026-08-04,23.1553,23.0336,23.1664,,
904838,FUND018,2026-08-04,232.9846,233.1379,233.3177,,
904839,FUND019,2026-08-04,157.7678,157.622,157.7237,,
904840,FUND020,2026-08-04,139.6762,139.4203,141.7411,2026-08-04,2026-08-06
904841,FUND001,2026-08-05,32.2628,32.2438,32.2742,,
904842,FUND002,2026-08-05,148.69,147.9337,148.9185,,
904843,FUND003,2026-08-05,225.3476,225.9794,225.2084,,
904844,FUND004,2026-08-05,74.8399,74.6266,74.8335,,
904845,FUND005,2026-08-05,221.1992,220.9159,221.2778,,
904846,FUND006,2026-08-05,218.1408,217.7456,218.1012,,
904847,FUND007,2026-08-05,174.6444,175.5712,174.6893,,
904848,FUND008,2026-08-05,55.1784,55.3857,55.2044,,
904849,FUND009,2026-08-05,195.5284,195.6591,195.5134,,
904850,FUND010,2026-08-05,118.2119,117.9685,118.1542,,
904851,FUND011,2026-08-05,156.7795,156.4426,156.7265,,
904852,FUND012,2026-08-05,142.996,142.7764,143.0902,,
904853,FUND013,2026-08-05,171.9196,172.2473,171.8769,,
904854,FUND014,2026-08-05,131.0715,131.8196,131.0103,,
904855,FUND015,2026-08-05,152.1105,152.3265,152.1477,,
904856,FUND016,2026-08-05,24.4902,24.482,24.4664,,
904857,FUND017,2026-08-05,23.1023,23.1553,23.089,,
904858,FUND018,2026-08-05,233.0604,232.9846,233.098,,
904859,FUND019,2026-08-05,158.0079,157.7678,157.9573,,
904860,FUND020,2026-08-05,139.914,139.6762,139.8859,,
904861,FUND001,2026-08-06,32.4382,32.2628,32.4428,,
904862,FUND002,2026-08-06,149.4458,148.69,149.4941,,
904863,FUND003,2026-08-06,225.7009,225.3476,225.7769,,
904864,FUND004,2026-08-06,74.6916,74.8399,74.6534,,
904865,FUND005,2026-08-06,221.2433,221.1992,221.1872,,
904866,FUND006,2026-08-06,217.6986,218.1408,217.6144,,
904867,FUND007,2026-08-06,174.0605,174.6444,173.0173,2026-08-06,2026-08-07
904868,FUND008,2026-08-06,55.2494,55.1784,55.2751,,
904869,FUND009,2026-08-06,194.809,195.5284,194.7907,,
904870,FUND010,2026-08-06,118.2281,118.2119,118.3081,,
904871,FUND011,2026-08-06,155.029,156.7795,155.0237,,
904872,FUND012,2026-08-06,143.8088,142.996,143.7817,,
904873,FUND013,2026-08-06,172.0164,171.9196,171.8615,,
904874,FUND014,2026-08-06,131.6573,131.0715,131.6654,,
904875,FUND015,2026-08-06,151.4717,152.1105,151.3677,,
904876,FUND016,2026-08-06,24.4435,24.4902,24.4489,,
904877,FUND017,2026-08-06,23.2367,23.1023,23.2397,,
904878,FUND018,2026-08-06,234.2216,233.0604,234.0737,,
904879,FUND019,2026-08-06,159.0684,158.0079,158.994,,
904880,FUND020,2026-08-06,140.5824,139.914,140.6942,,
904881,FUND001,2026-08-07,32.4853,32.4382,32.4465,,
904882,FUND002,2026-08-07,149.1399,149.4458,149.1135,,
904883,FUND003,2026-08-07,226.8436,225.7009,226.7282,,
904884,FUND004,2026-08-07,75.025,74.6916,74.9926,,
904885,FUND005,2026-08-07,222.1983,221.2433,222.3408,,
904886,FUND006,2026-08-07,217.0698,217.6986,217.1334,,
904887,FUND007,2026-08-07,174.1015,174.0605,174.1401,,
904888,FUND008,2026-08-07,55.3538,55.2494,55.2907,,
904889,FUND009,2026-08-07,195.7639,194.809,195.9789,,
904890,FUND010,2026-08-07,119.2509,118.2281,119.2253,,
904891,FUND011,2026-08-07,154.4102,155.029,154.3035,,
904892,FUND012,2026-08-07,143.6265,143.8088,143.5538,,
904893,FUND013,2026-08-07,171.9228,172.0164,171.9292,,
904894,FUND014,2026-08-07,130.9505,131.6573,131.0046,,
904895,FUND015,2026-08-07,151.3118,151.4717,151.2559,,
904896,FUND016,2026-08-07,24.4508,24.4435,24.4629,,
904897,FUND017,2026-08-07,23.1899,23.2367,23.1725,,
904898,FUND018,2026-08-07,233.6679,234.2216,233.9338,,
904899,FUND019,2026-08-07,158.7602,159.0684,158.8979,,
904900,FUND020,2026-08-07,141.6436,140.5824,141.5983,,
904901,FUND001,2026-08-10,32.4443,32.4853,32.4563,,
904902,FUND002,2026-08-10,148.7547,149.1399,148.8384,,
904903,FUND003,2026-08-10,226.4034,226.8436,226.3977,,
904904,FUND004,2026-08-10,75.1099,75.025,75.1618,,
904905,FUND005,2026-08-10,222.8108,222.1983,222.845,,
904906,FUND006,2026-08-10,216.172,217.0698,216.0399,,
904907,FUND007,2026-08-10,173.3154,174.1015,173.2113,,
904908,FUND008,2026-08-10,55.0837,55.3538,55.1135,,
904909,FUND009,2026-08-10,195.4271,195.7639,195.4351,,
904910,FUND010,2026-08-10,119.4378,119.2509,119.5029,,
904911,FUND011,2026-08-10,154.1989,154.4102,154.208,,
904912,FUND012,2026-08-10,143.7712,143.6265,143.7628,,
904913,FUND013,2026-08-10,171.943,171.9228,172.0201,,
904914,FUND014,2026-08-10,130.5461,130.9505,130.5924,,
904915,FUND015,2026-08-10,151.4289,151.3118,151.4893,,
904916,FUND016,2026-08-10,24.4287,24.4508,24.4193,,
904917,FUND017,2026-08-10,23.4314,23.1899,23.457,,
904918,FUND018,2026-08-10,234.1026,233.6679,234.0074,,
904919,FUND019,2026-08-10,159.9387,158.7602,159.8382,,
904920,FUND020,2026-08-10,141.3924,141.6436,141.3874,,
904921,FUND001,2026-08-11,32.3207,32.4443,32.3219,,
904922,FUND002,2026-08-11,149.0434,148.7547,149.0359,,
904923,FUND003,2026-08-11,227.4958,226.4034,227.4501,,
904924,FUND004,2026-08-11,75.0441,75.1099,75.0178,,
904925,FUND005,2026-08-11,221.7457,222.8108,221.604,,
904926,FUND006,2026-08-11,215.8072,216.172,215.7046,,
904927,FUND007,2026-08-11,173.1682,173.3154,175.4925,2026-08-11,2026-08-16
904928,FUND008,2026-08-11,55.0523,55.0837,55.0502,,
904929,FUND009,2026-08-11,196.1221,195.4271,195.9525,,
904930,FUND010,2026-08-11,120.3485,119.4378,120.399,,
904931,FUND011,2026-08-11,153.5115,154.1989,153.5751,,
904932,FUND012,2026-08-11,143.1712,143.7712,143.2265,,
904933,FUND013,2026-08-11,172.0147,171.943,171.8858,,
904934,FUND014,2026-08-11,130.2525,130.5461,130.2885,,
904935,FUND015,2026-08-11,151.7765,151.4289,151.7746,,
904936,FUND016,2026-08-11,24.4283,24.4287,24.45,,
904937,FUND017,2026-08-11,23.377,23.4314,23.3846,,
904938,FUND018,2026-08-11,234.107,234.1026,233.9723,,
904939,FUND019,2026-08-11,159.9169,159.9387,161.8219,2026-08-11,2026-08-16
904940,FUND020,2026-08-11,141.4585,141.3924,141.4365,,
904941,FUND001,2026-08-12,32.4201,32.3207,32.4179,,
904942,FUND002,2026-08-12,148.8456,149.0434,148.7729,,
904943,FUND003,2026-08-12,227.5538,227.4958,227.6543,,
904944,FUND004,2026-08-12,75.6684,75.0441,75.6339,,
904945,FUND005,2026-08-12,221.2479,221.7457,221.2505,,
904946,FUND006,2026-08-12,216.2184,215.8072,216.1221,,
904947,FUND007,2026-08-12,172.6938,173.1682,172.5521,,
904948,FUND008,2026-08-12,55.1434,55.0523,55.1718,,
904949,FUND009,2026-08-12,198.0032,196.1221,197.7627,,
904950,FUND010,2026-08-12,120.3174,120.3485,120.2807,,
904951,FUND011,2026-08-12,153.2914,153.5115,153.2262,,
904952,FUND012,2026-08-12,143.6266,143.1712,143.5486,,
904953,FUND013,2026-08-12,171.6751,172.0147,171.561,,
904954,FUND014,2026-08-12,130.5318,130.2525,130.5073,,
904955,FUND015,2026-08-12,151.6072,151.7765,151.5941,,
904956,FUND016,2026-08-12,24.4168,24.4283,24.4018,,
904957,FUND017,2026-08-12,23.4343,23.377,23.4174,,
904958,FUND018,2026-08-12,234.0339,234.107,234.1102,,
904959,FUND019,2026-08-12,160.4032,159.9169,160.2829,,
904960,FUND020,2026-08-12,142.33,141.4585,142.279,,
904961,FUND001,2026-08-13,32.5316,32.4201,32.5435,,
904962,FUND002,2026-08-13,149.7163,148.8456,149.6672,,
904963,FUND003,2026-08-13,227.4014,227.5538,227.5646,,
904964,FUND004,2026-08-13,75.849,75.6684,75.7807,,
904965,FUND005,2026-08-13,220.9189,221.2479,221.1196,,
904966,FUND006,2026-08-13,216.5676,216.2184,216.3401,,
904967,FUND007,2026-08-13,172.7203,172.6938,172.9079,,
904968,FUND008,2026-08-13,55.4793,55.1434,55.4904,,
904969,FUND009,2026-08-13,197.9322,198.0032,198.0296,,
904970,FUND010,2026-08-13,121.182,120.3174,121.2245,,
904971,FUND011,2026-08-13,152.7515,153.2914,152.7975,,
904972,FUND012,2026-08-13,144.5532,143.6266,144.6539,,
904973,FUND013,2026-08-13,171.0427,171.6751,171.2185,,
904974,FUND014,2026-08-13,131.9138,130.5318,131.7337,,
904975,FUND015,2026-08-13,151.7013,151.6072,151.7364,,
904976,FUND016,2026-08-13,24.3493,24.4168,24.3282,,
904977,FUND017,2026-08-13,23.3539,23.4343,23.3579,,
904978,FUND018,2026-08-13,233.7175,234.0339,233.7493,,
904979,FUND019,2026-08-13,160.1442,160.4032,160.0907,,
904980,FUND020,2026-08-13,142.6831,142.33,142.6696,,
904981,FUND001,2026-08-14,32.5172,32.5316,32.5292,,
904982,FUND002,2026-08-14,148.9624,149.7163,148.9719,,
904983,FUND003,2026-08-14,227.4261,227.4014,227.3758,,
904984,FUND004,2026-08-14,76.0084,75.849,75.9312,,
904985,FUND005,2026-08-14,219.4092,220.9189,219.3308,,
904986,FUND006,2026-08-14,217.6224,216.5676,217.6281,,
904987,FUND007,2026-08-14,173.3481,172.7203,173.2586,,
904988,FUND008,2026-08-14,55.3398,55.4793,55.3812,,
904989,FUND009,2026-08-14,198.4328,197.9322,198.446,,
904990,FUND010,2026-08-14,121.4459,121.182,121.4564,,
904991,FUND011,2026-08-14,153.0385,152.7515,152.8976,,
904992,FUND012,2026-08-14,143.9792,144.5532,143.957,,
904993,FUND013,2026-08-14,171.4108,171.0427,171.3722,,
904994,FUND014,2026-08-14,131.5378,131.9138,131.5035,,
904995,FUND015,2026-08-14,152.6906,151.7013,152.9134,,
904996,FUND016,2026-08-14,24.282,24.3493,24.2467,,
904997,FUND017,2026-08-14,23.2057,23.3539,23.2149,,
904998,FUND018,2026-08-14,234.0586,233.7175,234.1758,,
904999,FUND019,2026-08-14,158.7403,160.1442,158.7353,,
905000,FUND020,2026-08-14,142.29,142.6831,142.4567,,
905001,FUND001,2026-08-17,32.5893,32.5172,32.564,,
905002,FUND002,2026-08-17,148.397,148.9624,148.3922,,
905003,FUND003,2026-08-17,225.8138,227.4261,225.9102,,
905004,FUND004,2026-08-17,75.7474,76.0084,75.7979,,
905005,FUND005,2026-08-17,219.2769,219.4092,219.0838,,
905006,FUND006,2026-08-17,218.2564,217.6224,218.1976,,
905007,FUND007,2026-08-17,172.963,173.3481,173.0772,,
905008,FUND008,2026-08-17,55.0405,55.3398,55.0346,,
905009,FUND009,2026-08-17,197.4014,198.4328,197.3745,,
905010,FUND010,2026-08-17,121.0649,121.4459,121.1115,,
905011,FUND011,2026-08-17,152.1218,153.0385,152.1531,,
905012,FUND012,2026-08-17,144.278,143.9792,144.3165,,
905013,FUND013,2026-08-17,171.4917,171.4108,171.4666,,
905014,FUND014,2026-08-17,132.0817,131.5378,132.1483,,
905015,FUND015,2026-08-17,152.1397,152.6906,152.0249,,
905016,FUND016,2026-08-17,24.1627,24.282,24.1455,,
905017,FUND017,2026-08-17,23.2685,23.2057,23.2617,,
905018,FUND018,2026-08-17,234.3399,234.0586,234.5342,,
905019,FUND019,2026-08-17,157.879,158.7403,157.7941,,
905020,FUND020,2026-08-17,142.8032,142.29,142.6018,,
905021,FUND001,2026-08-18,32.7751,32.5893,32.8001,,
905022,FUND002,2026-08-18,148.6323,148.397,148.5785,,
905023,FUND003,2026-08-18,225.2858,225.8138,225.4905,,
905024,FUND004,2026-08-18,76.1337,75.7474,76.1141,,
905025,FUND005,2026-08-18,218.77,219.2769,218.7316,,
905026,FUND006,2026-08-18,218.227,218.2564,218.1704,,
905027,FUND007,2026-08-18,173.658,172.963,173.796,,
905028,FUND008,2026-08-18,55.3414,55.0405,55.3477,,
905029,FUND009,2026-08-18,196.7982,197.4014,196.9496,,
905030,FUND010,2026-08-18,121.1457,121.0649,121.0811,,
905031,FUND011,2026-08-18,152.1665,152.1218,152.0857,,
905032,FUND012,2026-08-18,144.508,144.278,144.4474,,
905033,FUND013,2026-08-18,172.4274,171.4917,172.2292,,
905034,FUND014,2026-08-18,132.7293,132.0817,132.8099,,
905035,FUND015,2026-08-18,151.8092,152.1397,151.7072,,
905036,FUND016,2026-08-18,24.1019,24.1627,24.1295,,
905037,FUND017,2026-08-18,23.2958,23.2685,23.2988,,
905038,FUND018,2026-08-18,234.2239,234.3399,234.3941,,
905039,FUND019,2026-08-18,157.7442,157.879,155.76,2026-08-18,2026-08-25
905040,FUND020,2026-08-18,144.2173,142.8032,144.2204,,
905041,FUND001,2026-08-19,32.6475,32.7751,32.6252,,
905042,FUND002,2026-08-19,148.2246,148.6323,148.0368,,
905043,FUND003,2026-08-19,225.4606,225.2858,225.789,,
905044,FUND004,2026-08-19,76.3123,76.1337,76.2622,,
905045,FUND005,2026-08-19,218.0666,218.77,217.96,,
905046,FUND006,2026-08-19,218.3976,218.227,218.3968,,
905047,FUND007,2026-08-19,173.6543,173.658,173.5915,,
905048,FUND008,2026-08-19,55.5615,55.3414,55.5045,,
905049,FUND009,2026-08-19,197.7056,196.7982,197.6191,,
905050,FUND010,2026-08-19,121.1514,121.1457,121.172,,
905051,FUND011,2026-08-19,151.6625,152.1665,151.6416,,
905052,FUND012,2026-08-19,145.2167,144.508,145.1623,,
905053,FUND013,2026-08-19,172.8007,172.4274,172.9947,,
905054,FUND014,2026-08-19,133.5478,132.7293,133.6418,,
905055,FUND015,2026-08-19,151.1387,151.8092,151.2219,,
905056,FUND016,2026-08-19,24.1415,24.1019,24.1096,,
905057,FUND017,2026-08-19,23.2869,23.2958,23.2966,,
905058,FUND018,2026-08-19,233.6898,234.2239,233.8444,,
905059,FUND019,2026-08-19,158.2359,157.7442,158.316,,
905060,FUND020,2026-08-19,144.9877,144.2173,144.9685,,
905061,FUND001,2026-08-20,32.5678,32.6475,32.5557,,
905062,FUND002,2026-08-20,148.7832,148.2246,148.8178,,
905063,FUND003,2026-08-20,225.2907,225.4606,225.3011,,
905064,FUND004,2026-08-20,76.1726,76.3123,76.1236,,
905065,FUND005,2026-08-20,219.4037,218.0666,219.5586,,
905066,FUND006,2026-08-20,218.099,218.3976,218.0787,,
905067,FUND007,2026-08-20,173.4249,173.6543,173.4245,,
905068,FUND008,2026-08-20,55.4939,55.5615,55.4649,,
905069,FUND009,2026-08-20,197.5203,197.7056,197.5867,,
905070,FUND010,2026-08-20,120.8496,121.1514,120.8626,,
905071,FUND011,2026-08-20,152.1568,151.6625,152.1776,,
905072,FUND012,2026-08-20,145.174,145.2167,145.1616,,
905073,FUND013,2026-08-20,172.4909,172.8007,172.5716,,
905074,FUND014,2026-08-20,133.1868,133.5478,133.1894,,
905075,FUND015,2026-08-20,149.7709,151.1387,149.7417,,
905076,FUND016,2026-08-20,24.1486,24.1415,24.1608,,
905077,FUND017,2026-08-20,23.1541,23.2869,23.1478,,
905078,FUND018,2026-08-20,234.7753,233.6898,234.7527,,
905079,FUND019,2026-08-20,158.4008,158.2359,158.521,,
905080,FUND020,2026-08-20,145.478,144.9877,145.3542,,
905081,FUND001,2026-08-21,32.6441,32.5678,32.5987,,
905082,FUND002,2026-08-21,149.2214,148.7832,149.1671,,
905083,FUND003,2026-08-21,224.599,225.2907,224.3132,,
905084,FUND004,2026-08-21,76.123,76.1726,76.1221,,
905085,FUND005,2026-08-21,220.015,219.4037,219.8505,,
905086,FUND006,2026-08-21,218.1309,218.099,218.3056,,
905087,FUND007,2026-08-21,171.9111,173.4249,171.8528,,
905088,FUND008,2026-08-21,55.7111,55.4939,56.0759,2026-08-21,2026-08-23
905089,FUND009,2026-08-21,199.0127,197.5203,199.0786,,
905090,FUND010,2026-08-21,120.4566,120.8496,120.3989,,
905091,FUND011,2026-08-21,151.7593,152.1568,151.9404,,
905092,FUND012,2026-08-21,145.1163,145.174,145.1358,,
905093,FUND013,2026-08-21,172.6556,172.4909,172.5964,,
905094,FUND014,2026-08-21,132.8857,133.1868,132.8348,,
905095,FUND015,2026-08-21,149.3042,149.7709,149.2727,,
905096,FUND016,2026-08-21,24.3768,24.1486,24.3983,,
905097,FUND017,2026-08-21,23.0763,23.1541,23.0756,,
905098,FUND018,2026-08-21,235.2327,234.7753,235.1811,,
905099,FUND019,2026-08-21,157.4973,158.4008,157.5017,,
905100,FUND020,2026-08-21,145.0634,145.478,145.1135,,
905101,FUND001,2026-08-24,32.6141,32.6441,32.656,,
905102,FUND002,2026-08-24,148.2051,149.2214,148.2144,,
905103,FUND003,2026-08-24,223.8643,224.599,223.7763,,
905104,FUND004,2026-08-24,75.7537,76.123,75.7209,,
905105,FUND005,2026-08-24,219.6519,220.015,218.3428,2026-08-24,2026-08-25
905106,FUND006,2026-08-24,217.4888,218.1309,217.485,,
905107,FUND007,2026-08-24,170.9459,171.9111,170.925,,
905108,FUND008,2026-08-24,55.8809,55.7111,55.8741,,
905109,FUND009,2026-08-24,199.5625,199.0127,199.6133,,
905110,FUND010,2026-08-24,120.2162,120.4566,120.1279,,
905111,FUND011,2026-08-24,151.1252,151.7593,151.1745,,
905112,FUND012,2026-08-24,146.1805,145.1163,146.3195,,
905113,FUND013,2026-08-24,173.5356,172.6556,173.7529,,
905114,FUND014,2026-08-24,133.5694,132.8857,133.5901,,
905115,FUND015,2026-08-24,149.8359,149.3042,149.8713,,
905116,FUND016,2026-08-24,24.2099,24.3768,24.2203,,
905117,FUND017,2026-08-24,22.9782,23.0763,22.9726,,
905118,FUND018,2026-08-24,235.1364,235.2327,235.0144,,
905119,FUND019,2026-08-24,157.8325,157.4973,157.901,,
905120,FUND020,2026-08-24,145.8673,145.0634,145.7776,,
905121,FUND001,2026-08-25,32.466,32.6141,32.4505,,
905122,FUND002,2026-08-25,148.0904,148.2051,148.0473,,
905123,FUND003,2026-08-25,222.7646,223.8643,222.6516,,
905124,FUND004,2026-08-25,75.7657,75.7537,75.8135,,
905125,FUND005,2026-08-25,219.5156,219.6519,219.6818,,
905126,FUND006,2026-08-25,218.1741,217.4888,218.2668,,
905127,FUND007,2026-08-25,171.6196,170.9459,171.5885,,
905128,FUND008,2026-08-25,55.917,55.8809,55.9418,,
905129,FUND009,2026-08-25,199.3773,199.5625,199.2876,,
905130,FUND010,2026-08-25,119.5722,120.2162,119.5852,,
905131,FUND011,2026-08-25,151.845,151.1252,151.8048,,
905132,FUND012,2026-08-25,145.7276,146.1805,145.7097,,
905133,FUND013,2026-08-25,173.7373,173.5356,173.7875,,
905134,FUND014,2026-08-25,133.0911,133.5694,133.1248,,
905135,FUND015,2026-08-25,150.3166,149.8359,150.3912,,
905136,FUND016,2026-08-25,24.2066,24.2099,23.9713,2026-08-25,2026-08-26
905137,FUND017,2026-08-25,23.0869,22.9782,23.0908,,
905138,FUND018,2026-08-25,235.2153,235.1364,235.251,,
905139,FUND019,2026-08-25,157.2193,157.8325,157.2089,,
905140,FUND020,2026-08-25,145.1297,145.8673,145.053,,
905141,FUND001,2026-08-26,32.728,32.466,32.7242,,
905142,FUND002,2026-08-26,148.55,148.0904,148.5406,,
905143,FUND003,2026-08-26,222.0809,222.7646,222.1402,,
905144,FUND004,2026-08-26,75.4962,75.7657,75.5417,,
905145,FUND005,2026-08-26,220.5759,219.5156,220.6493,,
905146,FUND006,2026-08-26,218.8725,218.1741,218.9803,,
905147,FUND007,2026-08-26,171.7277,171.6196,171.7673,,
905148,FUND008,2026-08-26,56.0038,55.917,56.0892,,
905149,FUND009,2026-08-26,198.536,199.3773,198.3819,,
905150,FUND010,2026-08-26,119.2265,119.5722,119.28,,
905151,FUND011,2026-08-26,152.0466,151.845,152.0331,,
905152,FUND012,2026-08-26,146.3403,145.7276,146.9954,2026-08-26,2026-08-27
905153,FUND013,2026-08-26,173.7953,173.7373,173.522,,
905154,FUND014,2026-08-26,133.1898,133.0911,133.2011,,
905155,FUND015,2026-08-26,150.3619,150.3166,150.4525,,
905156,FUND016,2026-08-26,24.2127,24.2066,24.1977,,
905157,FUND017,2026-08-26,22.9282,23.0869,22.9522,,
905158,FUND018,2026-08-26,235.3761,235.2153,235.2059,,
905159,FUND019,2026-08-26,157.1568,157.2193,157.1504,,
905160,FUND020,2026-08-26,144.41,145.1297,144.3461,,
905161,FUND001,2026-08-27,32.7169,32.728,32.7238,,
905162,FUND002,2026-08-27,149.3488,148.55,149.4185,,
905163,FUND003,2026-08-27,222.2399,222.0809,222.2805,,
905164,FUND004,2026-08-27,75.5208,75.4962,75.4991,,
905165,FUND005,2026-08-27,220.0415,220.5759,220.1475,,
905166,FUND006,2026-08-27,218.9491,218.8725,218.8055,,
905167,FUND007,2026-08-27,170.7319,171.7277,170.954,,
905168,FUND008,2026-08-27,55.7345,56.0038,55.7801,,
905169,FUND009,2026-08-27,198.0447,198.536,197.9704,,
905170,FUND010,2026-08-27,118.3591,119.2265,118.3264,,
905171,FUND011,2026-08-27,151.9925,152.0466,151.9254,,
905172,FUND012,2026-08-27,145.6155,146.3403,145.6116,,
905173,FUND013,2026-08-27,174.0795,173.7953,173.9804,,
905174,FUND014,2026-08-27,131.6766,133.1898,131.6739,,
905175,FUND015,2026-08-27,150.8843,150.3619,150.8773,,
905176,FUND016,2026-08-27,24.0132,24.2127,24.0104,,
905177,FUND017,2026-08-27,22.9467,22.9282,22.9487,,
905178,FUND018,2026-08-27,234.252,235.3761,234.2529,,
905179,FUND019,2026-08-27,156.7393,157.1568,156.8828,,
905180,FUND020,2026-08-27,144.2801,144.41,144.3227,,
905181,FUND001,2026-08-28,32.4932,32.7169,32.4882,,
905182,FUND002,2026-08-28,148.8026,149.3488,148.7833,,
905183,FUND003,2026-08-28,220.9921,222.2399,221.2627,,
905184,FUND004,2026-08-28,75.5404,75.5208,75.5353,,
905185,FUND005,2026-08-28,219.709,220.0415,219.8155,,
905186,FUND006,2026-08-28,219.5715,218.9491,219.3224,,
905187,FUND007,2026-08-28,170.8463,170.7319,170.8046,,
905188,FUND008,2026-08-28,55.674,55.7345,55.683,,
905189,FUND009,2026-08-28,196.7071,198.0447,196.6908,,
905190,FUND010,2026-08-28,117.8754,118.3591,117.9248,,
905191,FUND011,2026-08-28,151.3407,151.9925,151.3317,,
905192,FUND012,2026-08-28,145.4329,145.6155,145.3421,,
905193,FUND013,2026-08-28,175.2522,174.0795,175.2753,,
905194,FUND014,2026-08-28,131.1671,131.6766,131.2348,,
905195,FUND015,2026-08-28,151.4367,150.8843,151.5377,,
905196,FUND016,2026-08-28,24.0478,24.0132,24.0665,,
905197,FUND017,2026-08-28,22.9989,22.9467,22.9977,,
905198,FUND018,2026-08-28,234.3861,234.252,234.5896,,
905199,FUND019,2026-08-28,156.896,156.7393,156.8569,,
905200,FUND020,2026-08-28,143.5907,144.2801,143.401,,
905201,FUND001,2026-08-31,32.3963,32.4932,32.3928,,
905202,FUND002,2026-08-31,149.3966,148.8026,149.4405,,
905203,FUND003,2026-08-31,221.6621,220.9921,221.8324,,
905204,FUND004,2026-08-31,75.6388,75.5404,75.6402,,
905205,FUND005,2026-08-31,218.3343,219.709,218.3318,,
905206,FUND006,2026-08-31,220.5254,219.5715,220.338,,
905207,FUND007,2026-08-31,171.5401,170.8463,171.5657,,
905208,FUND008,2026-08-31,56.1719,55.674,56.2033,,
905209,FUND009,2026-08-31,197.1786,196.7071,197.2594,,
905210,FUND010,2026-08-31,118.242,117.8754,118.2578,,
905211,FUND011,2026-08-31,151.929,151.3407,151.8614,,
905212,FUND012,2026-08-31,145.6895,145.4329,145.7122,,
905213,FUND013,2026-08-31,174.2581,175.2522,174.321,,
905214,FUND014,2026-08-31,131.1341,131.1671,131.1848,,
905215,FUND015,2026-08-31,152.1813,151.4367,152.1263,,
905216,FUND016,2026-08-31,24.0963,24.0478,24.1149,,
905217,FUND017,2026-08-31,22.7617,22.9989,22.7688,,
905218,FUND018,2026-08-31,235.1019,234.3861,235.2237,,
905219,FUND019,2026-08-31,157.0097,156.896,156.8122,,
905220,FUND020,2026-08-31,142.1833,143.5907,142.0907,,
